file_path,label,subject_name,timestamp,image_name,annotation_name,label_index,split
/Users/charleneleung/Documents/dkfz/data/Cat_Pig/Cat_atlas_deox/Cat_0007_kidney_deox/data/P079_OP043_2021_02_11_Experiment1/2021_02_11_23_21_12/_hypergui_1/spectrum_fromCSV1_(500.0-995.0)_masked_data_0_derivative.csv,deox,P079,2021_02_11_23_21_12,P079#2021_02_11_23_21_12#CSV1,csv_spectrum,0,test
/Users/charleneleung/Documents/dkfz/data/Cat_Pig/Cat_atlas_deox/Cat_0007_kidney_deox/data/P079_OP043_2021_02_11_Experiment1/2021_02_11_23_21_12/_hypergui_1/spectrum_fromCSV5_(500.0-995.0)_masked_data_0_derivative.csv,deox,P079,2021_02_11_23_21_12,P079#2021_02_11_23_21_12#CSV5,csv_spectrum,0,test
/Users/charleneleung/Documents/dkfz/data/Cat_Pig/Cat_atlas_deox/Cat_0007_kidney_deox/data/P079_OP043_2021_02_11_Experiment1/2021_02_11_23_21_42/_hypergui_1/spectrum_fromCSV1_(500.0-995.0)_masked_data_0_derivative.csv,deox,P079,2021_02_11_23_21_42,P079#2021_02_11_23_21_42#CSV1,csv_spectrum,0,test
/Users/charleneleung/Documents/dkfz/data/Cat_Pig/Cat_atlas_deox/Cat_0007_kidney_deox/data/P079_OP043_2021_02_11_Experiment1/2021_02_11_23_21_42/_hypergui_1/spectrum_fromCSV5_(500.0-995.0)_masked_data_0_derivative.csv,deox,P079,2021_02_11_23_21_42,P079#2021_02_11_23_21_42#CSV5,csv_spectrum,0,test
/Users/charleneleung/Documents/dkfz/data/Cat_Pig/Cat_atlas_deox/Cat_0007_kidney_deox/data/P080_OP044_2021_02_14_Experiment1/2021_02_14_14_35_38/_hypergui_1/spectrum_fromCSV1_(500.0-995.0)_masked_data_0_derivative.csv,deox,P080,2021_02_14_14_35_38,P080#2021_02_14_14_35_38#CSV1,csv_spectrum,0,train
/Users/charleneleung/Documents/dkfz/data/Cat_Pig/Cat_atlas_deox/Cat_0007_kidney_deox/data/P080_OP044_2021_02_14_Experiment1/2021_02_14_14_35_38/_hypergui_1/spectrum_fromCSV5_(500.0-995.0)_masked_data_0_derivative.csv,deox,P080,2021_02_14_14_35_38,P080#2021_02_14_14_35_38#CSV5,csv_spectrum,0,train
/Users/charleneleung/Documents/dkfz/data/Cat_Pig/Cat_atlas_deox/Cat_0007_kidney_deox/data/P080_OP044_2021_02_14_Experiment1/2021_02_14_14_35_54/_hypergui_1/spectrum_fromCSV1_(500.0-995.0)_masked_data_0_derivative.csv,deox,P080,2021_02_14_14_35_54,P080#2021_02_14_14_35_54#CSV1,csv_spectrum,0,train
/Users/charleneleung/Documents/dkfz/data/Cat_Pig/Cat_atlas_deox/Cat_0007_kidney_deox/data/P080_OP044_2021_02_14_Experiment1/2021_02_14_14_35_54/_hypergui_1/spectrum_fromCSV5_(500.0-995.0)_masked_data_0_derivative.csv,deox,P080,2021_02_14_14_35_54,P080#2021_02_14_14_35_54#CSV5,csv_spectrum,0,train
/Users/charleneleung/Documents/dkfz/data/Cat_Pig/Cat_atlas_deox/Cat_0007_kidney_deox/data/P080_OP044_2021_02_14_Experiment1/2021_02_14_14_36_10/_hypergui_1/spectrum_fromCSV1_(500.0-995.0)_masked_data_0_derivative.csv,deox,P080,2021_02_14_14_36_10,P080#2021_02_14_14_36_10#CSV1,csv_spectrum,0,train
/Users/charleneleung/Documents/dkfz/data/Cat_Pig/Cat_atlas_deox/Cat_0007_kidney_deox/data/P080_OP044_2021_02_14_Experiment1/2021_02_14_14_36_10/_hypergui_1/spectrum_fromCSV5_(500.0-995.0)_masked_data_0_derivative.csv,deox,P080,2021_02_14_14_36_10,P080#2021_02_14_14_36_10#CSV5,csv_spectrum,0,train
/Users/charleneleung/Documents/dkfz/data/Cat_Pig/Cat_atlas_deox/Cat_0007_kidney_deox/data/P080_OP044_2021_02_14_Experiment1/2021_02_14_14_58_13/_hypergui_1/spectrum_fromCSV1_(500.0-995.0)_masked_data_0_derivative.csv,deox,P080,2021_02_14_14_58_13,P080#2021_02_14_14_58_13#CSV1,csv_spectrum,0,train
/Users/charleneleung/Documents/dkfz/data/Cat_Pig/Cat_atlas_deox/Cat_0007_kidney_deox/data/P080_OP044_2021_02_14_Experiment1/2021_02_14_14_58_13/_hypergui_1/spectrum_fromCSV5_(500.0-995.0)_masked_data_0_derivative.csv,deox,P080,2021_02_14_14_58_13,P080#2021_02_14_14_58_13#CSV5,csv_spectrum,0,train
/Users/charleneleung/Documents/dkfz/data/Cat_Pig/Cat_atlas_deox/Cat_0007_kidney_deox/data/P080_OP044_2021_02_14_Experiment1/2021_02_14_14_58_43/_hypergui_1/spectrum_fromCSV1_(500.0-995.0)_masked_data_0_derivative.csv,deox,P080,2021_02_14_14_58_43,P080#2021_02_14_14_58_43#CSV1,csv_spectrum,0,train
/Users/charleneleung/Documents/dkfz/data/Cat_Pig/Cat_atlas_deox/Cat_0007_kidney_deox/data/P080_OP044_2021_02_14_Experiment1/2021_02_14_14_58_43/_hypergui_1/spectrum_fromCSV5_(500.0-995.0)_masked_data_0_derivative.csv,deox,P080,2021_02_14_14_58_43,P080#2021_02_14_14_58_43#CSV5,csv_spectrum,0,train
/Users/charleneleung/Documents/dkfz/data/Cat_Pig/Cat_atlas_deox/Cat_0007_kidney_deox/data/P080_OP044_2021_02_14_Experiment1/2021_02_14_14_59_14/_hypergui_1/spectrum_fromCSV1_(500.0-995.0)_masked_data_0_derivative.csv,deox,P080,2021_02_14_14_59_14,P080#2021_02_14_14_59_14#CSV1,csv_spectrum,0,train
/Users/charleneleung/Documents/dkfz/data/Cat_Pig/Cat_atlas_deox/Cat_0007_kidney_deox/data/P080_OP044_2021_02_14_Experiment1/2021_02_14_14_59_14/_hypergui_1/spectrum_fromCSV5_(500.0-995.0)_masked_data_0_derivative.csv,deox,P080,2021_02_14_14_59_14,P080#2021_02_14_14_59_14#CSV5,csv_spectrum,0,train
/Users/charleneleung/Documents/dkfz/data/Cat_Pig/Cat_atlas_deox/Cat_0007_kidney_deox/data/P080_OP044_2021_02_14_Experiment1/2021_02_14_14_59_44/_hypergui_1/spectrum_fromCSV1_(500.0-995.0)_masked_data_0_derivative.csv,deox,P080,2021_02_14_14_59_44,P080#2021_02_14_14_59_44#CSV1,csv_spectrum,0,train
/Users/charleneleung/Documents/dkfz/data/Cat_Pig/Cat_atlas_deox/Cat_0007_kidney_deox/data/P080_OP044_2021_02_14_Experiment1/2021_02_14_14_59_44/_hypergui_1/spectrum_fromCSV5_(500.0-995.0)_masked_data_0_derivative.csv,deox,P080,2021_02_14_14_59_44,P080#2021_02_14_14_59_44#CSV5,csv_spectrum,0,train
/Users/charleneleung/Documents/dkfz/data/Cat_Pig/Cat_atlas_deox/Cat_0007_kidney_deox/data/P080_OP044_2021_02_14_Experiment1/2021_02_14_16_19_16/_hypergui_1/spectrum_fromCSV1_(500.0-995.0)_masked_data_0_derivative.csv,deox,P080,2021_02_14_16_19_16,P080#2021_02_14_16_19_16#CSV1,csv_spectrum,0,train
/Users/charleneleung/Documents/dkfz/data/Cat_Pig/Cat_atlas_deox/Cat_0007_kidney_deox/data/P080_OP044_2021_02_14_Experiment1/2021_02_14_16_19_16/_hypergui_1/spectrum_fromCSV5_(500.0-995.0)_masked_data_0_derivative.csv,deox,P080,2021_02_14_16_19_16,P080#2021_02_14_16_19_16#CSV5,csv_spectrum,0,train
/Users/charleneleung/Documents/dkfz/data/Cat_Pig/Cat_atlas_deox/Cat_0007_kidney_deox/data/P080_OP044_2021_02_14_Experiment1/2021_02_14_16_19_46/_hypergui_1/spectrum_fromCSV1_(500.0-995.0)_masked_data_0_derivative.csv,deox,P080,2021_02_14_16_19_46,P080#2021_02_14_16_19_46#CSV1,csv_spectrum,0,train
/Users/charleneleung/Documents/dkfz/data/Cat_Pig/Cat_atlas_deox/Cat_0007_kidney_deox/data/P080_OP044_2021_02_14_Experiment1/2021_02_14_16_19_46/_hypergui_1/spectrum_fromCSV5_(500.0-995.0)_masked_data_0_derivative.csv,deox,P080,2021_02_14_16_19_46,P080#2021_02_14_16_19_46#CSV5,csv_spectrum,0,train
/Users/charleneleung/Documents/dkfz/data/Cat_Pig/Cat_atlas_deox/Cat_0007_kidney_deox/data/P080_OP044_2021_02_14_Experiment1/2021_02_14_16_20_16/_hypergui_1/spectrum_fromCSV1_(500.0-995.0)_masked_data_0_derivative.csv,deox,P080,2021_02_14_16_20_16,P080#2021_02_14_16_20_16#CSV1,csv_spectrum,0,train
/Users/charleneleung/Documents/dkfz/data/Cat_Pig/Cat_atlas_deox/Cat_0007_kidney_deox/data/P080_OP044_2021_02_14_Experiment1/2021_02_14_16_20_16/_hypergui_1/spectrum_fromCSV5_(500.0-995.0)_masked_data_0_derivative.csv,deox,P080,2021_02_14_16_20_16,P080#2021_02_14_16_20_16#CSV5,csv_spectrum,0,train
/Users/charleneleung/Documents/dkfz/data/Cat_Pig/Cat_atlas_deox/Cat_0007_kidney_deox/data/P080_OP044_2021_02_14_Experiment1/2021_02_14_16_32_08/_hypergui_1/spectrum_fromCSV1_(500.0-995.0)_masked_data_0_derivative.csv,deox,P080,2021_02_14_16_32_08,P080#2021_02_14_16_32_08#CSV1,csv_spectrum,0,train
/Users/charleneleung/Documents/dkfz/data/Cat_Pig/Cat_atlas_deox/Cat_0007_kidney_deox/data/P080_OP044_2021_02_14_Experiment1/2021_02_14_16_32_08/_hypergui_1/spectrum_fromCSV5_(500.0-995.0)_masked_data_0_derivative.csv,deox,P080,2021_02_14_16_32_08,P080#2021_02_14_16_32_08#CSV5,csv_spectrum,0,train
/Users/charleneleung/Documents/dkfz/data/Cat_Pig/Cat_atlas_deox/Cat_0007_kidney_deox/data/P080_OP044_2021_02_14_Experiment1/2021_02_14_16_32_39/_hypergui_1/spectrum_fromCSV1_(500.0-995.0)_masked_data_0_derivative.csv,deox,P080,2021_02_14_16_32_39,P080#2021_02_14_16_32_39#CSV1,csv_spectrum,0,train
/Users/charleneleung/Documents/dkfz/data/Cat_Pig/Cat_atlas_deox/Cat_0007_kidney_deox/data/P080_OP044_2021_02_14_Experiment1/2021_02_14_16_32_39/_hypergui_1/spectrum_fromCSV5_(500.0-995.0)_masked_data_0_derivative.csv,deox,P080,2021_02_14_16_32_39,P080#2021_02_14_16_32_39#CSV5,csv_spectrum,0,train
/Users/charleneleung/Documents/dkfz/data/Cat_Pig/Cat_atlas_deox/Cat_0007_kidney_deox/data/P080_OP044_2021_02_14_Experiment1/2021_02_14_16_33_09/_hypergui_1/spectrum_fromCSV1_(500.0-995.0)_masked_data_0_derivative.csv,deox,P080,2021_02_14_16_33_09,P080#2021_02_14_16_33_09#CSV1,csv_spectrum,0,train
/Users/charleneleung/Documents/dkfz/data/Cat_Pig/Cat_atlas_deox/Cat_0007_kidney_deox/data/P080_OP044_2021_02_14_Experiment1/2021_02_14_16_33_09/_hypergui_1/spectrum_fromCSV5_(500.0-995.0)_masked_data_0_derivative.csv,deox,P080,2021_02_14_16_33_09,P080#2021_02_14_16_33_09#CSV5,csv_spectrum,0,train
/Users/charleneleung/Documents/dkfz/data/Cat_Pig/Cat_atlas_deox/Cat_0007_kidney_deox/data/P080_OP044_2021_02_14_Experiment1/2021_02_14_17_20_10/_hypergui_1/spectrum_fromCSV1_(500.0-995.0)_masked_data_0_derivative.csv,deox,P080,2021_02_14_17_20_10,P080#2021_02_14_17_20_10#CSV1,csv_spectrum,0,train
/Users/charleneleung/Documents/dkfz/data/Cat_Pig/Cat_atlas_deox/Cat_0007_kidney_deox/data/P080_OP044_2021_02_14_Experiment1/2021_02_14_17_20_10/_hypergui_1/spectrum_fromCSV5_(500.0-995.0)_masked_data_0_derivative.csv,deox,P080,2021_02_14_17_20_10,P080#2021_02_14_17_20_10#CSV5,csv_spectrum,0,train
/Users/charleneleung/Documents/dkfz/data/Cat_Pig/Cat_atlas_deox/Cat_0007_kidney_deox/data/P080_OP044_2021_02_14_Experiment1/2021_02_14_17_20_33/_hypergui_1/spectrum_fromCSV1_(500.0-995.0)_masked_data_0_derivative.csv,deox,P080,2021_02_14_17_20_33,P080#2021_02_14_17_20_33#CSV1,csv_spectrum,0,train
/Users/charleneleung/Documents/dkfz/data/Cat_Pig/Cat_atlas_deox/Cat_0007_kidney_deox/data/P080_OP044_2021_02_14_Experiment1/2021_02_14_17_20_33/_hypergui_1/spectrum_fromCSV5_(500.0-995.0)_masked_data_0_derivative.csv,deox,P080,2021_02_14_17_20_33,P080#2021_02_14_17_20_33#CSV5,csv_spectrum,0,train
/Users/charleneleung/Documents/dkfz/data/Cat_Pig/Cat_atlas_deox/Cat_0007_kidney_deox/data/P080_OP044_2021_02_14_Experiment1/2021_02_14_17_21_00/_hypergui_1/spectrum_fromCSV1_(500.0-995.0)_masked_data_0_derivative.csv,deox,P080,2021_02_14_17_21_00,P080#2021_02_14_17_21_00#CSV1,csv_spectrum,0,train
/Users/charleneleung/Documents/dkfz/data/Cat_Pig/Cat_atlas_deox/Cat_0007_kidney_deox/data/P080_OP044_2021_02_14_Experiment1/2021_02_14_17_21_00/_hypergui_1/spectrum_fromCSV5_(500.0-995.0)_masked_data_0_derivative.csv,deox,P080,2021_02_14_17_21_00,P080#2021_02_14_17_21_00#CSV5,csv_spectrum,0,train
/Users/charleneleung/Documents/dkfz/data/Cat_Pig/Cat_atlas_deox/Cat_0007_kidney_deox/data/P081_OP045_2021_02_23_Experiment1/2021_02_23_16_35_12/_hypergui_1/spectrum_fromCSV5_(500.0-995.0)_masked_data_0_derivative.csv,deox,P081,2021_02_23_16_35_12,P081#2021_02_23_16_35_12#CSV5,csv_spectrum,0,train
/Users/charleneleung/Documents/dkfz/data/Cat_Pig/Cat_atlas_deox/Cat_0007_kidney_deox/data/P081_OP045_2021_02_23_Experiment1/2021_02_23_16_35_42/_hypergui_1/spectrum_fromCSV1_(500.0-995.0)_masked_data_0_derivative.csv,deox,P081,2021_02_23_16_35_42,P081#2021_02_23_16_35_42#CSV1,csv_spectrum,0,train
/Users/charleneleung/Documents/dkfz/data/Cat_Pig/Cat_atlas_deox/Cat_0007_kidney_deox/data/P081_OP045_2021_02_23_Experiment1/2021_02_23_16_36_12/_hypergui_1/spectrum_fromCSV1_(500.0-995.0)_masked_data_0_derivative.csv,deox,P081,2021_02_23_16_36_12,P081#2021_02_23_16_36_12#CSV1,csv_spectrum,0,train
/Users/charleneleung/Documents/dkfz/data/Cat_Pig/Cat_atlas_deox/Cat_0007_kidney_deox/data/P081_OP045_2021_02_23_Experiment1/2021_02_23_16_36_12/_hypergui_1/spectrum_fromCSV5_(500.0-995.0)_masked_data_0_derivative.csv,deox,P081,2021_02_23_16_36_12,P081#2021_02_23_16_36_12#CSV5,csv_spectrum,0,train
/Users/charleneleung/Documents/dkfz/data/Cat_Pig/Cat_atlas_deox/Cat_0007_kidney_deox/data/P081_OP045_2021_02_23_Experiment1/2021_02_23_16_55_37/_hypergui_1/spectrum_fromCSV1_(500.0-995.0)_masked_data_0_derivative.csv,deox,P081,2021_02_23_16_55_37,P081#2021_02_23_16_55_37#CSV1,csv_spectrum,0,train
/Users/charleneleung/Documents/dkfz/data/Cat_Pig/Cat_atlas_deox/Cat_0007_kidney_deox/data/P081_OP045_2021_02_23_Experiment1/2021_02_23_16_55_37/_hypergui_1/spectrum_fromCSV5_(500.0-995.0)_masked_data_0_derivative.csv,deox,P081,2021_02_23_16_55_37,P081#2021_02_23_16_55_37#CSV5,csv_spectrum,0,train
/Users/charleneleung/Documents/dkfz/data/Cat_Pig/Cat_atlas_deox/Cat_0007_kidney_deox/data/P081_OP045_2021_02_23_Experiment1/2021_02_23_16_56_07/_hypergui_1/spectrum_fromCSV1_(500.0-995.0)_masked_data_0_derivative.csv,deox,P081,2021_02_23_16_56_07,P081#2021_02_23_16_56_07#CSV1,csv_spectrum,0,train
/Users/charleneleung/Documents/dkfz/data/Cat_Pig/Cat_atlas_deox/Cat_0007_kidney_deox/data/P081_OP045_2021_02_23_Experiment1/2021_02_23_16_56_07/_hypergui_1/spectrum_fromCSV5_(500.0-995.0)_masked_data_0_derivative.csv,deox,P081,2021_02_23_16_56_07,P081#2021_02_23_16_56_07#CSV5,csv_spectrum,0,train
/Users/charleneleung/Documents/dkfz/data/Cat_Pig/Cat_atlas_deox/Cat_0007_kidney_deox/data/P081_OP045_2021_02_23_Experiment1/2021_02_23_16_56_37/_hypergui_1/spectrum_fromCSV1_(500.0-995.0)_masked_data_0_derivative.csv,deox,P081,2021_02_23_16_56_37,P081#2021_02_23_16_56_37#CSV1,csv_spectrum,0,train
/Users/charleneleung/Documents/dkfz/data/Cat_Pig/Cat_atlas_deox/Cat_0007_kidney_deox/data/P081_OP045_2021_02_23_Experiment1/2021_02_23_16_56_37/_hypergui_1/spectrum_fromCSV5_(500.0-995.0)_masked_data_0_derivative.csv,deox,P081,2021_02_23_16_56_37,P081#2021_02_23_16_56_37#CSV5,csv_spectrum,0,train
/Users/charleneleung/Documents/dkfz/data/Cat_Pig/Cat_atlas_deox/Cat_0007_kidney_deox/data/P081_OP045_2021_02_23_Experiment1/2021_02_23_16_57_07/_hypergui_1/spectrum_fromCSV1_(500.0-995.0)_masked_data_0_derivative.csv,deox,P081,2021_02_23_16_57_07,P081#2021_02_23_16_57_07#CSV1,csv_spectrum,0,train
/Users/charleneleung/Documents/dkfz/data/Cat_Pig/Cat_atlas_deox/Cat_0007_kidney_deox/data/P081_OP045_2021_02_23_Experiment1/2021_02_23_16_57_07/_hypergui_1/spectrum_fromCSV5_(500.0-995.0)_masked_data_0_derivative.csv,deox,P081,2021_02_23_16_57_07,P081#2021_02_23_16_57_07#CSV5,csv_spectrum,0,train
/Users/charleneleung/Documents/dkfz/data/Cat_Pig/Cat_atlas_deox/Cat_0007_kidney_deox/data/P081_OP045_2021_02_23_Experiment1/2021_02_23_17_20_38/_hypergui_1/spectrum_fromCSV1_(500.0-995.0)_masked_data_0_derivative.csv,deox,P081,2021_02_23_17_20_38,P081#2021_02_23_17_20_38#CSV1,csv_spectrum,0,train
/Users/charleneleung/Documents/dkfz/data/Cat_Pig/Cat_atlas_deox/Cat_0007_kidney_deox/data/P081_OP045_2021_02_23_Experiment1/2021_02_23_17_20_38/_hypergui_1/spectrum_fromCSV5_(500.0-995.0)_masked_data_0_derivative.csv,deox,P081,2021_02_23_17_20_38,P081#2021_02_23_17_20_38#CSV5,csv_spectrum,0,train
/Users/charleneleung/Documents/dkfz/data/Cat_Pig/Cat_atlas_deox/Cat_0007_kidney_deox/data/P081_OP045_2021_02_23_Experiment1/2021_02_23_17_21_08/_hypergui_1/spectrum_fromCSV1_(500.0-995.0)_masked_data_0_derivative.csv,deox,P081,2021_02_23_17_21_08,P081#2021_02_23_17_21_08#CSV1,csv_spectrum,0,train
/Users/charleneleung/Documents/dkfz/data/Cat_Pig/Cat_atlas_deox/Cat_0007_kidney_deox/data/P081_OP045_2021_02_23_Experiment1/2021_02_23_17_21_08/_hypergui_1/spectrum_fromCSV5_(500.0-995.0)_masked_data_0_derivative.csv,deox,P081,2021_02_23_17_21_08,P081#2021_02_23_17_21_08#CSV5,csv_spectrum,0,train
/Users/charleneleung/Documents/dkfz/data/Cat_Pig/Cat_atlas_deox/Cat_0007_kidney_deox/data/P081_OP045_2021_02_23_Experiment1/2021_02_23_17_21_38/_hypergui_1/spectrum_fromCSV1_(500.0-995.0)_masked_data_0_derivative.csv,deox,P081,2021_02_23_17_21_38,P081#2021_02_23_17_21_38#CSV1,csv_spectrum,0,train
/Users/charleneleung/Documents/dkfz/data/Cat_Pig/Cat_atlas_deox/Cat_0007_kidney_deox/data/P081_OP045_2021_02_23_Experiment1/2021_02_23_17_21_38/_hypergui_1/spectrum_fromCSV5_(500.0-995.0)_masked_data_0_derivative.csv,deox,P081,2021_02_23_17_21_38,P081#2021_02_23_17_21_38#CSV5,csv_spectrum,0,train
/Users/charleneleung/Documents/dkfz/data/Cat_Pig/Cat_atlas_deox/Cat_0007_kidney_deox/data/P081_OP045_2021_02_23_Experiment1/2021_02_23_19_41_19/_hypergui_1/spectrum_fromCSV1_(500.0-995.0)_masked_data_0_derivative.csv,deox,P081,2021_02_23_19_41_19,P081#2021_02_23_19_41_19#CSV1,csv_spectrum,0,train
/Users/charleneleung/Documents/dkfz/data/Cat_Pig/Cat_atlas_deox/Cat_0007_kidney_deox/data/P081_OP045_2021_02_23_Experiment1/2021_02_23_19_41_19/_hypergui_1/spectrum_fromCSV5_(500.0-995.0)_masked_data_0_derivative.csv,deox,P081,2021_02_23_19_41_19,P081#2021_02_23_19_41_19#CSV5,csv_spectrum,0,train
/Users/charleneleung/Documents/dkfz/data/Cat_Pig/Cat_atlas_deox/Cat_0007_kidney_deox/data/P081_OP045_2021_02_23_Experiment1/2021_02_23_19_41_50/_hypergui_1/spectrum_fromCSV1_(500.0-995.0)_masked_data_0_derivative.csv,deox,P081,2021_02_23_19_41_50,P081#2021_02_23_19_41_50#CSV1,csv_spectrum,0,train
/Users/charleneleung/Documents/dkfz/data/Cat_Pig/Cat_atlas_deox/Cat_0007_kidney_deox/data/P081_OP045_2021_02_23_Experiment1/2021_02_23_19_41_50/_hypergui_1/spectrum_fromCSV5_(500.0-995.0)_masked_data_0_derivative.csv,deox,P081,2021_02_23_19_41_50,P081#2021_02_23_19_41_50#CSV5,csv_spectrum,0,train
/Users/charleneleung/Documents/dkfz/data/Cat_Pig/Cat_atlas_deox/Cat_0007_kidney_deox/data/P081_OP045_2021_02_23_Experiment1/2021_02_23_19_42_20/_hypergui_1/spectrum_fromCSV1_(500.0-995.0)_masked_data_0_derivative.csv,deox,P081,2021_02_23_19_42_20,P081#2021_02_23_19_42_20#CSV1,csv_spectrum,0,train
/Users/charleneleung/Documents/dkfz/data/Cat_Pig/Cat_atlas_deox/Cat_0007_kidney_deox/data/P081_OP045_2021_02_23_Experiment1/2021_02_23_19_42_20/_hypergui_1/spectrum_fromCSV5_(500.0-995.0)_masked_data_0_derivative.csv,deox,P081,2021_02_23_19_42_20,P081#2021_02_23_19_42_20#CSV5,csv_spectrum,0,train
/Users/charleneleung/Documents/dkfz/data/Cat_Pig/Cat_atlas_deox/Cat_0007_kidney_deox/data/P082_OP046_2021_02_25_Experiment1/2021_02_25_15_27_26/_hypergui_1/spectrum_fromCSV1_(500.0-995.0)_masked_data_0_derivative.csv,deox,P082,2021_02_25_15_27_26,P082#2021_02_25_15_27_26#CSV1,csv_spectrum,0,train
/Users/charleneleung/Documents/dkfz/data/Cat_Pig/Cat_atlas_deox/Cat_0007_kidney_deox/data/P082_OP046_2021_02_25_Experiment1/2021_02_25_15_27_26/_hypergui_1/spectrum_fromCSV5_(500.0-995.0)_masked_data_0_derivative.csv,deox,P082,2021_02_25_15_27_26,P082#2021_02_25_15_27_26#CSV5,csv_spectrum,0,train
/Users/charleneleung/Documents/dkfz/data/Cat_Pig/Cat_atlas_deox/Cat_0007_kidney_deox/data/P082_OP046_2021_02_25_Experiment1/2021_02_25_15_27_56/_hypergui_1/spectrum_fromCSV1_(500.0-995.0)_masked_data_0_derivative.csv,deox,P082,2021_02_25_15_27_56,P082#2021_02_25_15_27_56#CSV1,csv_spectrum,0,train
/Users/charleneleung/Documents/dkfz/data/Cat_Pig/Cat_atlas_deox/Cat_0007_kidney_deox/data/P082_OP046_2021_02_25_Experiment1/2021_02_25_15_27_56/_hypergui_1/spectrum_fromCSV5_(500.0-995.0)_masked_data_0_derivative.csv,deox,P082,2021_02_25_15_27_56,P082#2021_02_25_15_27_56#CSV5,csv_spectrum,0,train
/Users/charleneleung/Documents/dkfz/data/Cat_Pig/Cat_atlas_deox/Cat_0007_kidney_deox/data/P082_OP046_2021_02_25_Experiment1/2021_02_25_15_28_26/_hypergui_1/spectrum_fromCSV1_(500.0-995.0)_masked_data_0_derivative.csv,deox,P082,2021_02_25_15_28_26,P082#2021_02_25_15_28_26#CSV1,csv_spectrum,0,train
/Users/charleneleung/Documents/dkfz/data/Cat_Pig/Cat_atlas_deox/Cat_0007_kidney_deox/data/P082_OP046_2021_02_25_Experiment1/2021_02_25_15_28_26/_hypergui_1/spectrum_fromCSV5_(500.0-995.0)_masked_data_0_derivative.csv,deox,P082,2021_02_25_15_28_26,P082#2021_02_25_15_28_26#CSV5,csv_spectrum,0,train
/Users/charleneleung/Documents/dkfz/data/Cat_Pig/Cat_atlas_deox/Cat_0007_kidney_deox/data/P082_OP046_2021_02_25_Experiment1/2021_02_25_15_28_56/_hypergui_1/spectrum_fromCSV1_(500.0-995.0)_masked_data_0_derivative.csv,deox,P082,2021_02_25_15_28_56,P082#2021_02_25_15_28_56#CSV1,csv_spectrum,0,train
/Users/charleneleung/Documents/dkfz/data/Cat_Pig/Cat_atlas_deox/Cat_0007_kidney_deox/data/P082_OP046_2021_02_25_Experiment1/2021_02_25_15_28_56/_hypergui_1/spectrum_fromCSV5_(500.0-995.0)_masked_data_0_derivative.csv,deox,P082,2021_02_25_15_28_56,P082#2021_02_25_15_28_56#CSV5,csv_spectrum,0,train
/Users/charleneleung/Documents/dkfz/data/Cat_Pig/Cat_atlas_deox/Cat_0007_kidney_deox/data/P082_OP046_2021_02_25_Experiment1/2021_02_25_15_51_12/_hypergui_1/spectrum_fromCSV1_(500.0-995.0)_masked_data_0_derivative.csv,deox,P082,2021_02_25_15_51_12,P082#2021_02_25_15_51_12#CSV1,csv_spectrum,0,train
/Users/charleneleung/Documents/dkfz/data/Cat_Pig/Cat_atlas_deox/Cat_0007_kidney_deox/data/P082_OP046_2021_02_25_Experiment1/2021_02_25_15_51_12/_hypergui_1/spectrum_fromCSV5_(500.0-995.0)_masked_data_0_derivative.csv,deox,P082,2021_02_25_15_51_12,P082#2021_02_25_15_51_12#CSV5,csv_spectrum,0,train
/Users/charleneleung/Documents/dkfz/data/Cat_Pig/Cat_atlas_deox/Cat_0007_kidney_deox/data/P082_OP046_2021_02_25_Experiment1/2021_02_25_15_51_42/_hypergui_1/spectrum_fromCSV1_(500.0-995.0)_masked_data_0_derivative.csv,deox,P082,2021_02_25_15_51_42,P082#2021_02_25_15_51_42#CSV1,csv_spectrum,0,train
/Users/charleneleung/Documents/dkfz/data/Cat_Pig/Cat_atlas_deox/Cat_0007_kidney_deox/data/P082_OP046_2021_02_25_Experiment1/2021_02_25_18_20_02/_hypergui_1/spectrum_fromCSV5_(500.0-995.0)_masked_data_0_derivative.csv,deox,P082,2021_02_25_18_20_02,P082#2021_02_25_18_20_02#CSV5,csv_spectrum,0,train
/Users/charleneleung/Documents/dkfz/data/Cat_Pig/Cat_atlas_deox/Cat_0007_kidney_deox/data/P082_OP046_2021_02_25_Experiment1/2021_02_25_18_20_32/_hypergui_1/spectrum_fromCSV1_(500.0-995.0)_masked_data_0_derivative.csv,deox,P082,2021_02_25_18_20_32,P082#2021_02_25_18_20_32#CSV1,csv_spectrum,0,train
/Users/charleneleung/Documents/dkfz/data/Cat_Pig/Cat_atlas_deox/Cat_0007_kidney_deox/data/P082_OP046_2021_02_25_Experiment1/2021_02_25_18_20_32/_hypergui_1/spectrum_fromCSV5_(500.0-995.0)_masked_data_0_derivative.csv,deox,P082,2021_02_25_18_20_32,P082#2021_02_25_18_20_32#CSV5,csv_spectrum,0,train
/Users/charleneleung/Documents/dkfz/data/Cat_Pig/Cat_atlas_deox/Cat_0007_kidney_deox/data/P082_OP046_2021_02_25_Experiment1/2021_02_25_18_21_02/_hypergui_1/spectrum_fromCSV5_(500.0-995.0)_masked_data_0_derivative.csv,deox,P082,2021_02_25_18_21_02,P082#2021_02_25_18_21_02#CSV5,csv_spectrum,0,train
/Users/charleneleung/Documents/dkfz/data/Cat_Pig/Cat_atlas_deox/Cat_0007_kidney_deox/data/P082_OP046_2021_02_25_Experiment1/2021_02_25_18_30_55/_hypergui_1/spectrum_fromCSV1_(500.0-995.0)_masked_data_0_derivative.csv,deox,P082,2021_02_25_18_30_55,P082#2021_02_25_18_30_55#CSV1,csv_spectrum,0,train
/Users/charleneleung/Documents/dkfz/data/Cat_Pig/Cat_atlas_deox/Cat_0007_kidney_deox/data/P082_OP046_2021_02_25_Experiment1/2021_02_25_18_30_55/_hypergui_1/spectrum_fromCSV5_(500.0-995.0)_masked_data_0_derivative.csv,deox,P082,2021_02_25_18_30_55,P082#2021_02_25_18_30_55#CSV5,csv_spectrum,0,train
/Users/charleneleung/Documents/dkfz/data/Cat_Pig/Cat_atlas_deox/Cat_0007_kidney_deox/data/P082_OP046_2021_02_25_Experiment1/2021_02_25_18_31_25/_hypergui_1/spectrum_fromCSV1_(500.0-995.0)_masked_data_0_derivative.csv,deox,P082,2021_02_25_18_31_25,P082#2021_02_25_18_31_25#CSV1,csv_spectrum,0,train
/Users/charleneleung/Documents/dkfz/data/Cat_Pig/Cat_atlas_deox/Cat_0007_kidney_deox/data/P082_OP046_2021_02_25_Experiment1/2021_02_25_18_31_25/_hypergui_1/spectrum_fromCSV5_(500.0-995.0)_masked_data_0_derivative.csv,deox,P082,2021_02_25_18_31_25,P082#2021_02_25_18_31_25#CSV5,csv_spectrum,0,train
/Users/charleneleung/Documents/dkfz/data/Cat_Pig/Cat_atlas_deox/Cat_0007_kidney_deox/data/P083_OP047_2021_03_05_Experiment1/2021_03_05_16_49_53/_hypergui_1/spectrum_fromCSV1_(500.0-995.0)_masked_data_0_derivative.csv,deox,P083,2021_03_05_16_49_53,P083#2021_03_05_16_49_53#CSV1,csv_spectrum,0,test
/Users/charleneleung/Documents/dkfz/data/Cat_Pig/Cat_atlas_deox/Cat_0007_kidney_deox/data/P083_OP047_2021_03_05_Experiment1/2021_03_05_16_49_53/_hypergui_1/spectrum_fromCSV5_(500.0-995.0)_masked_data_0_derivative.csv,deox,P083,2021_03_05_16_49_53,P083#2021_03_05_16_49_53#CSV5,csv_spectrum,0,test
/Users/charleneleung/Documents/dkfz/data/Cat_Pig/Cat_atlas_deox/Cat_0007_kidney_deox/data/P083_OP047_2021_03_05_Experiment1/2021_03_05_16_50_23/_hypergui_1/spectrum_fromCSV1_(500.0-995.0)_masked_data_0_derivative.csv,deox,P083,2021_03_05_16_50_23,P083#2021_03_05_16_50_23#CSV1,csv_spectrum,0,test
/Users/charleneleung/Documents/dkfz/data/Cat_Pig/Cat_atlas_deox/Cat_0007_kidney_deox/data/P083_OP047_2021_03_05_Experiment1/2021_03_05_16_50_23/_hypergui_1/spectrum_fromCSV5_(500.0-995.0)_masked_data_0_derivative.csv,deox,P083,2021_03_05_16_50_23,P083#2021_03_05_16_50_23#CSV5,csv_spectrum,0,test
/Users/charleneleung/Documents/dkfz/data/Cat_Pig/Cat_atlas_deox/Cat_0007_kidney_deox/data/P083_OP047_2021_03_05_Experiment1/2021_03_05_17_08_27/_hypergui_1/spectrum_fromCSV1_(500.0-995.0)_masked_data_0_derivative.csv,deox,P083,2021_03_05_17_08_27,P083#2021_03_05_17_08_27#CSV1,csv_spectrum,0,test
/Users/charleneleung/Documents/dkfz/data/Cat_Pig/Cat_atlas_deox/Cat_0007_kidney_deox/data/P083_OP047_2021_03_05_Experiment1/2021_03_05_17_08_27/_hypergui_1/spectrum_fromCSV5_(500.0-995.0)_masked_data_0_derivative.csv,deox,P083,2021_03_05_17_08_27,P083#2021_03_05_17_08_27#CSV5,csv_spectrum,0,test
/Users/charleneleung/Documents/dkfz/data/Cat_Pig/Cat_atlas_deox/Cat_0007_kidney_deox/data/P083_OP047_2021_03_05_Experiment1/2021_03_05_17_08_57/_hypergui_1/spectrum_fromCSV1_(500.0-995.0)_masked_data_0_derivative.csv,deox,P083,2021_03_05_17_08_57,P083#2021_03_05_17_08_57#CSV1,csv_spectrum,0,test
/Users/charleneleung/Documents/dkfz/data/Cat_Pig/Cat_atlas_deox/Cat_0007_kidney_deox/data/P083_OP047_2021_03_05_Experiment1/2021_03_05_17_08_57/_hypergui_1/spectrum_fromCSV5_(500.0-995.0)_masked_data_0_derivative.csv,deox,P083,2021_03_05_17_08_57,P083#2021_03_05_17_08_57#CSV5,csv_spectrum,0,test
/Users/charleneleung/Documents/dkfz/data/Cat_Pig/Cat_atlas_deox/Cat_0007_kidney_deox/data/P083_OP047_2021_03_05_Experiment1/2021_03_05_17_09_27/_hypergui_1/spectrum_fromCSV1_(500.0-995.0)_masked_data_0_derivative.csv,deox,P083,2021_03_05_17_09_27,P083#2021_03_05_17_09_27#CSV1,csv_spectrum,0,test
/Users/charleneleung/Documents/dkfz/data/Cat_Pig/Cat_atlas_deox/Cat_0007_kidney_deox/data/P083_OP047_2021_03_05_Experiment1/2021_03_05_17_09_27/_hypergui_1/spectrum_fromCSV5_(500.0-995.0)_masked_data_0_derivative.csv,deox,P083,2021_03_05_17_09_27,P083#2021_03_05_17_09_27#CSV5,csv_spectrum,0,test
/Users/charleneleung/Documents/dkfz/data/Cat_Pig/Cat_atlas_deox/Cat_0007_kidney_deox/data/P083_OP047_2021_03_05_Experiment1/2021_03_05_17_09_43/_hypergui_1/spectrum_fromCSV1_(500.0-995.0)_masked_data_0_derivative.csv,deox,P083,2021_03_05_17_09_43,P083#2021_03_05_17_09_43#CSV1,csv_spectrum,0,test
/Users/charleneleung/Documents/dkfz/data/Cat_Pig/Cat_atlas_deox/Cat_0007_kidney_deox/data/P083_OP047_2021_03_05_Experiment1/2021_03_05_17_09_43/_hypergui_1/spectrum_fromCSV5_(500.0-995.0)_masked_data_0_derivative.csv,deox,P083,2021_03_05_17_09_43,P083#2021_03_05_17_09_43#CSV5,csv_spectrum,0,test
/Users/charleneleung/Documents/dkfz/data/Cat_Pig/Cat_atlas_deox/Cat_0007_kidney_deox/data/P083_OP047_2021_03_05_Experiment1/2021_03_05_18_23_21/_hypergui_1/spectrum_fromCSV1_(500.0-995.0)_masked_data_0_derivative.csv,deox,P083,2021_03_05_18_23_21,P083#2021_03_05_18_23_21#CSV1,csv_spectrum,0,test
/Users/charleneleung/Documents/dkfz/data/Cat_Pig/Cat_atlas_deox/Cat_0007_kidney_deox/data/P083_OP047_2021_03_05_Experiment1/2021_03_05_18_23_21/_hypergui_1/spectrum_fromCSV5_(500.0-995.0)_masked_data_0_derivative.csv,deox,P083,2021_03_05_18_23_21,P083#2021_03_05_18_23_21#CSV5,csv_spectrum,0,test
/Users/charleneleung/Documents/dkfz/data/Cat_Pig/Cat_atlas_deox/Cat_0007_kidney_deox/data/P083_OP047_2021_03_05_Experiment1/2021_03_05_18_38_42/_hypergui_1/spectrum_fromCSV1_(500.0-995.0)_masked_data_0_derivative.csv,deox,P083,2021_03_05_18_38_42,P083#2021_03_05_18_38_42#CSV1,csv_spectrum,0,test
/Users/charleneleung/Documents/dkfz/data/Cat_Pig/Cat_atlas_deox/Cat_0007_kidney_deox/data/P083_OP047_2021_03_05_Experiment1/2021_03_05_18_38_42/_hypergui_1/spectrum_fromCSV5_(500.0-995.0)_masked_data_0_derivative.csv,deox,P083,2021_03_05_18_38_42,P083#2021_03_05_18_38_42#CSV5,csv_spectrum,0,test
/Users/charleneleung/Documents/dkfz/data/Cat_Pig/Cat_atlas_deox/Cat_0007_kidney_deox/data/P084_OP048_2021_03_21_Experiment1/2021_03_21_13_08_36/_hypergui_1/spectrum_fromCSV1_(500.0-995.0)_masked_data_0_derivative.csv,deox,P084,2021_03_21_13_08_36,P084#2021_03_21_13_08_36#CSV1,csv_spectrum,0,train
/Users/charleneleung/Documents/dkfz/data/Cat_Pig/Cat_atlas_deox/Cat_0007_kidney_deox/data/P084_OP048_2021_03_21_Experiment1/2021_03_21_13_08_36/_hypergui_1/spectrum_fromCSV5_(500.0-995.0)_masked_data_0_derivative.csv,deox,P084,2021_03_21_13_08_36,P084#2021_03_21_13_08_36#CSV5,csv_spectrum,0,train
/Users/charleneleung/Documents/dkfz/data/Cat_Pig/Cat_atlas_deox/Cat_0007_kidney_deox/data/P084_OP048_2021_03_21_Experiment1/2021_03_21_13_09_06/_hypergui_1/spectrum_fromCSV1_(500.0-995.0)_masked_data_0_derivative.csv,deox,P084,2021_03_21_13_09_06,P084#2021_03_21_13_09_06#CSV1,csv_spectrum,0,train
/Users/charleneleung/Documents/dkfz/data/Cat_Pig/Cat_atlas_deox/Cat_0007_kidney_deox/data/P084_OP048_2021_03_21_Experiment1/2021_03_21_13_09_06/_hypergui_1/spectrum_fromCSV5_(500.0-995.0)_masked_data_0_derivative.csv,deox,P084,2021_03_21_13_09_06,P084#2021_03_21_13_09_06#CSV5,csv_spectrum,0,train
/Users/charleneleung/Documents/dkfz/data/Cat_Pig/Cat_atlas_deox/Cat_0007_kidney_deox/data/P084_OP048_2021_03_21_Experiment1/2021_03_21_13_09_36/_hypergui_1/spectrum_fromCSV1_(500.0-995.0)_masked_data_0_derivative.csv,deox,P084,2021_03_21_13_09_36,P084#2021_03_21_13_09_36#CSV1,csv_spectrum,0,train
/Users/charleneleung/Documents/dkfz/data/Cat_Pig/Cat_atlas_deox/Cat_0007_kidney_deox/data/P084_OP048_2021_03_21_Experiment1/2021_03_21_13_09_36/_hypergui_1/spectrum_fromCSV5_(500.0-995.0)_masked_data_0_derivative.csv,deox,P084,2021_03_21_13_09_36,P084#2021_03_21_13_09_36#CSV5,csv_spectrum,0,train
/Users/charleneleung/Documents/dkfz/data/Cat_Pig/Cat_atlas_deox/Cat_0007_kidney_deox/data/P084_OP048_2021_03_21_Experiment1/2021_03_21_13_23_53/_hypergui_1/spectrum_fromCSV1_(500.0-995.0)_masked_data_0_derivative.csv,deox,P084,2021_03_21_13_23_53,P084#2021_03_21_13_23_53#CSV1,csv_spectrum,0,train
/Users/charleneleung/Documents/dkfz/data/Cat_Pig/Cat_atlas_deox/Cat_0007_kidney_deox/data/P084_OP048_2021_03_21_Experiment1/2021_03_21_13_23_53/_hypergui_1/spectrum_fromCSV5_(500.0-995.0)_masked_data_0_derivative.csv,deox,P084,2021_03_21_13_23_53,P084#2021_03_21_13_23_53#CSV5,csv_spectrum,0,train
/Users/charleneleung/Documents/dkfz/data/Cat_Pig/Cat_atlas_deox/Cat_0007_kidney_deox/data/P084_OP048_2021_03_21_Experiment1/2021_03_21_13_24_23/_hypergui_1/spectrum_fromCSV1_(500.0-995.0)_masked_data_0_derivative.csv,deox,P084,2021_03_21_13_24_23,P084#2021_03_21_13_24_23#CSV1,csv_spectrum,0,train
/Users/charleneleung/Documents/dkfz/data/Cat_Pig/Cat_atlas_deox/Cat_0007_kidney_deox/data/P084_OP048_2021_03_21_Experiment1/2021_03_21_13_24_23/_hypergui_1/spectrum_fromCSV5_(500.0-995.0)_masked_data_0_derivative.csv,deox,P084,2021_03_21_13_24_23,P084#2021_03_21_13_24_23#CSV5,csv_spectrum,0,train
/Users/charleneleung/Documents/dkfz/data/Cat_Pig/Cat_atlas_deox/Cat_0007_kidney_deox/data/P084_OP048_2021_03_21_Experiment1/2021_03_21_14_22_35/_hypergui_1/spectrum_fromCSV1_(500.0-995.0)_masked_data_0_derivative.csv,deox,P084,2021_03_21_14_22_35,P084#2021_03_21_14_22_35#CSV1,csv_spectrum,0,train
/Users/charleneleung/Documents/dkfz/data/Cat_Pig/Cat_atlas_deox/Cat_0007_kidney_deox/data/P084_OP048_2021_03_21_Experiment1/2021_03_21_14_22_35/_hypergui_1/spectrum_fromCSV5_(500.0-995.0)_masked_data_0_derivative.csv,deox,P084,2021_03_21_14_22_35,P084#2021_03_21_14_22_35#CSV5,csv_spectrum,0,train
/Users/charleneleung/Documents/dkfz/data/Cat_Pig/Cat_atlas_deox/Cat_0007_kidney_deox/data/P084_OP048_2021_03_21_Experiment1/2021_03_21_14_38_50/_hypergui_1/spectrum_fromCSV1_(500.0-995.0)_masked_data_0_derivative.csv,deox,P084,2021_03_21_14_38_50,P084#2021_03_21_14_38_50#CSV1,csv_spectrum,0,train
/Users/charleneleung/Documents/dkfz/data/Cat_Pig/Cat_atlas_deox/Cat_0007_kidney_deox/data/P084_OP048_2021_03_21_Experiment1/2021_03_21_14_38_50/_hypergui_1/spectrum_fromCSV5_(500.0-995.0)_masked_data_0_derivative.csv,deox,P084,2021_03_21_14_38_50,P084#2021_03_21_14_38_50#CSV5,csv_spectrum,0,train
/Users/charleneleung/Documents/dkfz/data/Cat_Pig/Cat_atlas_deox/Cat_0007_kidney_deox/data/P084_OP048_2021_03_21_Experiment1/2021_03_21_14_39_20/_hypergui_1/spectrum_fromCSV1_(500.0-995.0)_masked_data_0_derivative.csv,deox,P084,2021_03_21_14_39_20,P084#2021_03_21_14_39_20#CSV1,csv_spectrum,0,train
/Users/charleneleung/Documents/dkfz/data/Cat_Pig/Cat_atlas_deox/Cat_0007_kidney_deox/data/P084_OP048_2021_03_21_Experiment1/2021_03_21_14_39_20/_hypergui_1/spectrum_fromCSV5_(500.0-995.0)_masked_data_0_derivative.csv,deox,P084,2021_03_21_14_39_20,P084#2021_03_21_14_39_20#CSV5,csv_spectrum,0,train
/Users/charleneleung/Documents/dkfz/data/Cat_Pig/Cat_atlas_deox/Cat_0007_kidney_deox/data/P085_OP049_2021_04_10_Experiment1/2021_04_10_16_42_53/_hypergui_1/spectrum_fromCSV1_(500.0-995.0)_masked_data_0_derivative.csv,deox,P085,2021_04_10_16_42_53,P085#2021_04_10_16_42_53#CSV1,csv_spectrum,0,test
/Users/charleneleung/Documents/dkfz/data/Cat_Pig/Cat_atlas_deox/Cat_0007_kidney_deox/data/P085_OP049_2021_04_10_Experiment1/2021_04_10_16_42_53/_hypergui_1/spectrum_fromCSV5_(500.0-995.0)_masked_data_0_derivative.csv,deox,P085,2021_04_10_16_42_53,P085#2021_04_10_16_42_53#CSV5,csv_spectrum,0,test
/Users/charleneleung/Documents/dkfz/data/Cat_Pig/Cat_atlas_deox/Cat_0007_kidney_deox/data/P085_OP049_2021_04_10_Experiment1/2021_04_10_16_43_23/_hypergui_1/spectrum_fromCSV1_(500.0-995.0)_masked_data_0_derivative.csv,deox,P085,2021_04_10_16_43_23,P085#2021_04_10_16_43_23#CSV1,csv_spectrum,0,test
/Users/charleneleung/Documents/dkfz/data/Cat_Pig/Cat_atlas_deox/Cat_0007_kidney_deox/data/P085_OP049_2021_04_10_Experiment1/2021_04_10_16_43_23/_hypergui_1/spectrum_fromCSV5_(500.0-995.0)_masked_data_0_derivative.csv,deox,P085,2021_04_10_16_43_23,P085#2021_04_10_16_43_23#CSV5,csv_spectrum,0,test
/Users/charleneleung/Documents/dkfz/data/Cat_Pig/Cat_atlas_deox/Cat_0007_kidney_deox/data/P085_OP049_2021_04_10_Experiment1/2021_04_10_16_56_12/_hypergui_1/spectrum_fromCSV1_(500.0-995.0)_masked_data_0_derivative.csv,deox,P085,2021_04_10_16_56_12,P085#2021_04_10_16_56_12#CSV1,csv_spectrum,0,test
/Users/charleneleung/Documents/dkfz/data/Cat_Pig/Cat_atlas_deox/Cat_0007_kidney_deox/data/P085_OP049_2021_04_10_Experiment1/2021_04_10_16_56_12/_hypergui_1/spectrum_fromCSV5_(500.0-995.0)_masked_data_0_derivative.csv,deox,P085,2021_04_10_16_56_12,P085#2021_04_10_16_56_12#CSV5,csv_spectrum,0,test
/Users/charleneleung/Documents/dkfz/data/Cat_Pig/Cat_atlas_deox/Cat_0007_kidney_deox/data/P085_OP049_2021_04_10_Experiment1/2021_04_10_16_56_42/_hypergui_1/spectrum_fromCSV1_(500.0-995.0)_masked_data_0_derivative.csv,deox,P085,2021_04_10_16_56_42,P085#2021_04_10_16_56_42#CSV1,csv_spectrum,0,test
/Users/charleneleung/Documents/dkfz/data/Cat_Pig/Cat_atlas_deox/Cat_0007_kidney_deox/data/P085_OP049_2021_04_10_Experiment1/2021_04_10_16_56_42/_hypergui_1/spectrum_fromCSV5_(500.0-995.0)_masked_data_0_derivative.csv,deox,P085,2021_04_10_16_56_42,P085#2021_04_10_16_56_42#CSV5,csv_spectrum,0,test
/Users/charleneleung/Documents/dkfz/data/Cat_Pig/Cat_atlas_deox/Cat_0007_kidney_deox/data/P085_OP049_2021_04_10_Experiment1/2021_04_10_16_57_12/_hypergui_1/spectrum_fromCSV1_(500.0-995.0)_masked_data_0_derivative.csv,deox,P085,2021_04_10_16_57_12,P085#2021_04_10_16_57_12#CSV1,csv_spectrum,0,test
/Users/charleneleung/Documents/dkfz/data/Cat_Pig/Cat_atlas_deox/Cat_0007_kidney_deox/data/P085_OP049_2021_04_10_Experiment1/2021_04_10_16_57_12/_hypergui_1/spectrum_fromCSV5_(500.0-995.0)_masked_data_0_derivative.csv,deox,P085,2021_04_10_16_57_12,P085#2021_04_10_16_57_12#CSV5,csv_spectrum,0,test
/Users/charleneleung/Documents/dkfz/data/Cat_Pig/Cat_atlas_deox/Cat_0007_kidney_deox/data/P085_OP049_2021_04_10_Experiment1/2021_04_10_17_58_04/_hypergui_1/spectrum_fromCSV1_(500.0-995.0)_masked_data_0_derivative.csv,deox,P085,2021_04_10_17_58_04,P085#2021_04_10_17_58_04#CSV1,csv_spectrum,0,test
/Users/charleneleung/Documents/dkfz/data/Cat_Pig/Cat_atlas_deox/Cat_0007_kidney_deox/data/P085_OP049_2021_04_10_Experiment1/2021_04_10_17_58_04/_hypergui_1/spectrum_fromCSV5_(500.0-995.0)_masked_data_0_derivative.csv,deox,P085,2021_04_10_17_58_04,P085#2021_04_10_17_58_04#CSV5,csv_spectrum,0,test
/Users/charleneleung/Documents/dkfz/data/Cat_Pig/Cat_atlas_deox/Cat_0007_kidney_deox/data/P085_OP049_2021_04_10_Experiment1/2021_04_10_17_58_34/_hypergui_1/spectrum_fromCSV1_(500.0-995.0)_masked_data_0_derivative.csv,deox,P085,2021_04_10_17_58_34,P085#2021_04_10_17_58_34#CSV1,csv_spectrum,0,test
/Users/charleneleung/Documents/dkfz/data/Cat_Pig/Cat_atlas_deox/Cat_0007_kidney_deox/data/P085_OP049_2021_04_10_Experiment1/2021_04_10_17_58_34/_hypergui_1/spectrum_fromCSV5_(500.0-995.0)_masked_data_0_derivative.csv,deox,P085,2021_04_10_17_58_34,P085#2021_04_10_17_58_34#CSV5,csv_spectrum,0,test
/Users/charleneleung/Documents/dkfz/data/Cat_Pig/Cat_atlas_deox/Cat_0007_kidney_deox/data/P085_OP049_2021_04_10_Experiment1/2021_04_10_18_09_08/_hypergui_1/spectrum_fromCSV1_(500.0-995.0)_masked_data_0_derivative.csv,deox,P085,2021_04_10_18_09_08,P085#2021_04_10_18_09_08#CSV1,csv_spectrum,0,test
/Users/charleneleung/Documents/dkfz/data/Cat_Pig/Cat_atlas_deox/Cat_0007_kidney_deox/data/P085_OP049_2021_04_10_Experiment1/2021_04_10_18_09_08/_hypergui_1/spectrum_fromCSV5_(500.0-995.0)_masked_data_0_derivative.csv,deox,P085,2021_04_10_18_09_08,P085#2021_04_10_18_09_08#CSV5,csv_spectrum,0,test
/Users/charleneleung/Documents/dkfz/data/Cat_Pig/Cat_atlas_deox/Cat_0007_kidney_deox/data/P085_OP049_2021_04_10_Experiment1/2021_04_10_18_09_38/_hypergui_1/spectrum_fromCSV1_(500.0-995.0)_masked_data_0_derivative.csv,deox,P085,2021_04_10_18_09_38,P085#2021_04_10_18_09_38#CSV1,csv_spectrum,0,test
/Users/charleneleung/Documents/dkfz/data/Cat_Pig/Cat_atlas_deox/Cat_0007_kidney_deox/data/P085_OP049_2021_04_10_Experiment1/2021_04_10_18_09_38/_hypergui_1/spectrum_fromCSV5_(500.0-995.0)_masked_data_0_derivative.csv,deox,P085,2021_04_10_18_09_38,P085#2021_04_10_18_09_38#CSV5,csv_spectrum,0,test
/Users/charleneleung/Documents/dkfz/data/Cat_Pig/Cat_atlas_deox/Cat_0007_kidney_deox/data/P086_OP050_2021_04_15_Experiment1/2021_04_15_13_39_06/_hypergui_1/spectrum_fromCSV1_(500.0-995.0)_masked_data_0_derivative.csv,deox,P086,2021_04_15_13_39_06,P086#2021_04_15_13_39_06#CSV1,csv_spectrum,0,train
/Users/charleneleung/Documents/dkfz/data/Cat_Pig/Cat_atlas_deox/Cat_0007_kidney_deox/data/P086_OP050_2021_04_15_Experiment1/2021_04_15_13_39_06/_hypergui_1/spectrum_fromCSV5_(500.0-995.0)_masked_data_0_derivative.csv,deox,P086,2021_04_15_13_39_06,P086#2021_04_15_13_39_06#CSV5,csv_spectrum,0,train
/Users/charleneleung/Documents/dkfz/data/Cat_Pig/Cat_atlas_deox/Cat_0007_kidney_deox/data/P086_OP050_2021_04_15_Experiment1/2021_04_15_13_39_25/_hypergui_1/spectrum_fromCSV1_(500.0-995.0)_masked_data_0_derivative.csv,deox,P086,2021_04_15_13_39_25,P086#2021_04_15_13_39_25#CSV1,csv_spectrum,0,train
/Users/charleneleung/Documents/dkfz/data/Cat_Pig/Cat_atlas_deox/Cat_0007_kidney_deox/data/P086_OP050_2021_04_15_Experiment1/2021_04_15_13_39_25/_hypergui_1/spectrum_fromCSV5_(500.0-995.0)_masked_data_0_derivative.csv,deox,P086,2021_04_15_13_39_25,P086#2021_04_15_13_39_25#CSV5,csv_spectrum,0,train
/Users/charleneleung/Documents/dkfz/data/Cat_Pig/Cat_atlas_deox/Cat_0007_kidney_deox/data/P086_OP050_2021_04_15_Experiment1/2021_04_15_13_39_41/_hypergui_1/spectrum_fromCSV1_(500.0-995.0)_masked_data_0_derivative.csv,deox,P086,2021_04_15_13_39_41,P086#2021_04_15_13_39_41#CSV1,csv_spectrum,0,train
/Users/charleneleung/Documents/dkfz/data/Cat_Pig/Cat_atlas_deox/Cat_0007_kidney_deox/data/P086_OP050_2021_04_15_Experiment1/2021_04_15_13_39_41/_hypergui_1/spectrum_fromCSV5_(500.0-995.0)_masked_data_0_derivative.csv,deox,P086,2021_04_15_13_39_41,P086#2021_04_15_13_39_41#CSV5,csv_spectrum,0,train
/Users/charleneleung/Documents/dkfz/data/Cat_Pig/Cat_atlas_deox/Cat_0007_kidney_deox/data/P086_OP050_2021_04_15_Experiment1/2021_04_15_13_40_04/_hypergui_1/spectrum_fromCSV1_(500.0-995.0)_masked_data_0_derivative.csv,deox,P086,2021_04_15_13_40_04,P086#2021_04_15_13_40_04#CSV1,csv_spectrum,0,train
/Users/charleneleung/Documents/dkfz/data/Cat_Pig/Cat_atlas_deox/Cat_0007_kidney_deox/data/P086_OP050_2021_04_15_Experiment1/2021_04_15_13_40_04/_hypergui_1/spectrum_fromCSV5_(500.0-995.0)_masked_data_0_derivative.csv,deox,P086,2021_04_15_13_40_04,P086#2021_04_15_13_40_04#CSV5,csv_spectrum,0,train
/Users/charleneleung/Documents/dkfz/data/Cat_Pig/Cat_atlas_deox/Cat_0007_kidney_deox/data/P086_OP050_2021_04_15_Experiment1/2021_04_15_13_40_20/_hypergui_1/spectrum_fromCSV1_(500.0-995.0)_masked_data_0_derivative.csv,deox,P086,2021_04_15_13_40_20,P086#2021_04_15_13_40_20#CSV1,csv_spectrum,0,train
/Users/charleneleung/Documents/dkfz/data/Cat_Pig/Cat_atlas_deox/Cat_0007_kidney_deox/data/P086_OP050_2021_04_15_Experiment1/2021_04_15_13_40_20/_hypergui_1/spectrum_fromCSV5_(500.0-995.0)_masked_data_0_derivative.csv,deox,P086,2021_04_15_13_40_20,P086#2021_04_15_13_40_20#CSV5,csv_spectrum,0,train
/Users/charleneleung/Documents/dkfz/data/Cat_Pig/Cat_atlas_deox/Cat_0007_kidney_deox/data/P086_OP050_2021_04_15_Experiment1/2021_04_15_13_40_37/_hypergui_1/spectrum_fromCSV1_(500.0-995.0)_masked_data_0_derivative.csv,deox,P086,2021_04_15_13_40_37,P086#2021_04_15_13_40_37#CSV1,csv_spectrum,0,train
/Users/charleneleung/Documents/dkfz/data/Cat_Pig/Cat_atlas_deox/Cat_0007_kidney_deox/data/P086_OP050_2021_04_15_Experiment1/2021_04_15_13_40_37/_hypergui_1/spectrum_fromCSV5_(500.0-995.0)_masked_data_0_derivative.csv,deox,P086,2021_04_15_13_40_37,P086#2021_04_15_13_40_37#CSV5,csv_spectrum,0,train
/Users/charleneleung/Documents/dkfz/data/Cat_Pig/Cat_atlas_deox/Cat_0007_kidney_deox/data/P086_OP050_2021_04_15_Experiment1/2021_04_15_13_41_00/_hypergui_1/spectrum_fromCSV1_(500.0-995.0)_masked_data_0_derivative.csv,deox,P086,2021_04_15_13_41_00,P086#2021_04_15_13_41_00#CSV1,csv_spectrum,0,train
/Users/charleneleung/Documents/dkfz/data/Cat_Pig/Cat_atlas_deox/Cat_0007_kidney_deox/data/P086_OP050_2021_04_15_Experiment1/2021_04_15_13_41_00/_hypergui_1/spectrum_fromCSV5_(500.0-995.0)_masked_data_0_derivative.csv,deox,P086,2021_04_15_13_41_00,P086#2021_04_15_13_41_00#CSV5,csv_spectrum,0,train
/Users/charleneleung/Documents/dkfz/data/Cat_Pig/Cat_atlas_deox/Cat_0007_kidney_deox/data/P086_OP050_2021_04_15_Experiment1/2021_04_15_13_41_16/_hypergui_1/spectrum_fromCSV1_(500.0-995.0)_masked_data_0_derivative.csv,deox,P086,2021_04_15_13_41_16,P086#2021_04_15_13_41_16#CSV1,csv_spectrum,0,train
/Users/charleneleung/Documents/dkfz/data/Cat_Pig/Cat_atlas_deox/Cat_0007_kidney_deox/data/P086_OP050_2021_04_15_Experiment1/2021_04_15_13_41_16/_hypergui_1/spectrum_fromCSV5_(500.0-995.0)_masked_data_0_derivative.csv,deox,P086,2021_04_15_13_41_16,P086#2021_04_15_13_41_16#CSV5,csv_spectrum,0,train
/Users/charleneleung/Documents/dkfz/data/Cat_Pig/Cat_atlas_deox/Cat_0007_kidney_deox/data/P086_OP050_2021_04_15_Experiment1/2021_04_15_13_41_32/_hypergui_1/spectrum_fromCSV1_(500.0-995.0)_masked_data_0_derivative.csv,deox,P086,2021_04_15_13_41_32,P086#2021_04_15_13_41_32#CSV1,csv_spectrum,0,train
/Users/charleneleung/Documents/dkfz/data/Cat_Pig/Cat_atlas_deox/Cat_0007_kidney_deox/data/P086_OP050_2021_04_15_Experiment1/2021_04_15_13_41_32/_hypergui_1/spectrum_fromCSV5_(500.0-995.0)_masked_data_0_derivative.csv,deox,P086,2021_04_15_13_41_32,P086#2021_04_15_13_41_32#CSV5,csv_spectrum,0,train
/Users/charleneleung/Documents/dkfz/data/Cat_Pig/Cat_atlas_deox/Cat_0007_kidney_deox/data/P086_OP050_2021_04_15_Experiment1/2021_04_15_13_42_05/_hypergui_1/spectrum_fromCSV1_(500.0-995.0)_masked_data_0_derivative.csv,deox,P086,2021_04_15_13_42_05,P086#2021_04_15_13_42_05#CSV1,csv_spectrum,0,train
/Users/charleneleung/Documents/dkfz/data/Cat_Pig/Cat_atlas_deox/Cat_0007_kidney_deox/data/P086_OP050_2021_04_15_Experiment1/2021_04_15_13_42_05/_hypergui_1/spectrum_fromCSV5_(500.0-995.0)_masked_data_0_derivative.csv,deox,P086,2021_04_15_13_42_05,P086#2021_04_15_13_42_05#CSV5,csv_spectrum,0,train
/Users/charleneleung/Documents/dkfz/data/Cat_Pig/Cat_atlas_deox/Cat_0007_kidney_deox/data/P086_OP050_2021_04_15_Experiment1/2021_04_15_13_42_22/_hypergui_1/spectrum_fromCSV1_(500.0-995.0)_masked_data_0_derivative.csv,deox,P086,2021_04_15_13_42_22,P086#2021_04_15_13_42_22#CSV1,csv_spectrum,0,train
/Users/charleneleung/Documents/dkfz/data/Cat_Pig/Cat_atlas_deox/Cat_0007_kidney_deox/data/P086_OP050_2021_04_15_Experiment1/2021_04_15_13_42_22/_hypergui_1/spectrum_fromCSV5_(500.0-995.0)_masked_data_0_derivative.csv,deox,P086,2021_04_15_13_42_22,P086#2021_04_15_13_42_22#CSV5,csv_spectrum,0,train
/Users/charleneleung/Documents/dkfz/data/Cat_Pig/Cat_atlas_deox/Cat_0007_kidney_deox/data/P086_OP050_2021_04_15_Experiment1/2021_04_15_13_42_38/_hypergui_1/spectrum_fromCSV1_(500.0-995.0)_masked_data_0_derivative.csv,deox,P086,2021_04_15_13_42_38,P086#2021_04_15_13_42_38#CSV1,csv_spectrum,0,train
/Users/charleneleung/Documents/dkfz/data/Cat_Pig/Cat_atlas_deox/Cat_0007_kidney_deox/data/P086_OP050_2021_04_15_Experiment1/2021_04_15_13_42_38/_hypergui_1/spectrum_fromCSV5_(500.0-995.0)_masked_data_0_derivative.csv,deox,P086,2021_04_15_13_42_38,P086#2021_04_15_13_42_38#CSV5,csv_spectrum,0,train
/Users/charleneleung/Documents/dkfz/data/Cat_Pig/Cat_atlas_deox/Cat_0007_kidney_deox/data/P086_OP050_2021_04_15_Experiment1/2021_04_15_13_43_14/_hypergui_1/spectrum_fromCSV1_(500.0-995.0)_masked_data_0_derivative.csv,deox,P086,2021_04_15_13_43_14,P086#2021_04_15_13_43_14#CSV1,csv_spectrum,0,train
/Users/charleneleung/Documents/dkfz/data/Cat_Pig/Cat_atlas_deox/Cat_0007_kidney_deox/data/P086_OP050_2021_04_15_Experiment1/2021_04_15_13_43_14/_hypergui_1/spectrum_fromCSV5_(500.0-995.0)_masked_data_0_derivative.csv,deox,P086,2021_04_15_13_43_14,P086#2021_04_15_13_43_14#CSV5,csv_spectrum,0,train
/Users/charleneleung/Documents/dkfz/data/Cat_Pig/Cat_atlas_deox/Cat_0007_kidney_deox/data/P086_OP050_2021_04_15_Experiment1/2021_04_15_13_43_36/_hypergui_1/spectrum_fromCSV1_(500.0-995.0)_masked_data_0_derivative.csv,deox,P086,2021_04_15_13_43_36,P086#2021_04_15_13_43_36#CSV1,csv_spectrum,0,train
/Users/charleneleung/Documents/dkfz/data/Cat_Pig/Cat_atlas_deox/Cat_0007_kidney_deox/data/P086_OP050_2021_04_15_Experiment1/2021_04_15_13_43_36/_hypergui_1/spectrum_fromCSV5_(500.0-995.0)_masked_data_0_derivative.csv,deox,P086,2021_04_15_13_43_36,P086#2021_04_15_13_43_36#CSV5,csv_spectrum,0,train
/Users/charleneleung/Documents/dkfz/data/Cat_Pig/Cat_atlas_deox/Cat_0007_kidney_deox/data/P086_OP050_2021_04_15_Experiment1/2021_04_15_13_43_52/_hypergui_1/spectrum_fromCSV1_(500.0-995.0)_masked_data_0_derivative.csv,deox,P086,2021_04_15_13_43_52,P086#2021_04_15_13_43_52#CSV1,csv_spectrum,0,train
/Users/charleneleung/Documents/dkfz/data/Cat_Pig/Cat_atlas_deox/Cat_0007_kidney_deox/data/P086_OP050_2021_04_15_Experiment1/2021_04_15_13_43_52/_hypergui_1/spectrum_fromCSV5_(500.0-995.0)_masked_data_0_derivative.csv,deox,P086,2021_04_15_13_43_52,P086#2021_04_15_13_43_52#CSV5,csv_spectrum,0,train
/Users/charleneleung/Documents/dkfz/data/Cat_Pig/Cat_atlas_deox/Cat_0007_kidney_deox/data/P086_OP050_2021_04_15_Experiment1/2021_04_15_13_44_25/_hypergui_1/spectrum_fromCSV1_(500.0-995.0)_masked_data_0_derivative.csv,deox,P086,2021_04_15_13_44_25,P086#2021_04_15_13_44_25#CSV1,csv_spectrum,0,train
/Users/charleneleung/Documents/dkfz/data/Cat_Pig/Cat_atlas_deox/Cat_0007_kidney_deox/data/P086_OP050_2021_04_15_Experiment1/2021_04_15_13_44_25/_hypergui_1/spectrum_fromCSV5_(500.0-995.0)_masked_data_0_derivative.csv,deox,P086,2021_04_15_13_44_25,P086#2021_04_15_13_44_25#CSV5,csv_spectrum,0,train
/Users/charleneleung/Documents/dkfz/data/Cat_Pig/Cat_atlas_deox/Cat_0007_kidney_deox/data/P086_OP050_2021_04_15_Experiment1/2021_04_15_13_44_43/_hypergui_1/spectrum_fromCSV1_(500.0-995.0)_masked_data_0_derivative.csv,deox,P086,2021_04_15_13_44_43,P086#2021_04_15_13_44_43#CSV1,csv_spectrum,0,train
/Users/charleneleung/Documents/dkfz/data/Cat_Pig/Cat_atlas_deox/Cat_0007_kidney_deox/data/P086_OP050_2021_04_15_Experiment1/2021_04_15_13_44_43/_hypergui_1/spectrum_fromCSV5_(500.0-995.0)_masked_data_0_derivative.csv,deox,P086,2021_04_15_13_44_43,P086#2021_04_15_13_44_43#CSV5,csv_spectrum,0,train
/Users/charleneleung/Documents/dkfz/data/Cat_Pig/Cat_atlas_deox/Cat_0007_kidney_deox/data/P086_OP050_2021_04_15_Experiment1/2021_04_15_13_45_00/_hypergui_1/spectrum_fromCSV1_(500.0-995.0)_masked_data_0_derivative.csv,deox,P086,2021_04_15_13_45_00,P086#2021_04_15_13_45_00#CSV1,csv_spectrum,0,train
/Users/charleneleung/Documents/dkfz/data/Cat_Pig/Cat_atlas_deox/Cat_0007_kidney_deox/data/P086_OP050_2021_04_15_Experiment1/2021_04_15_13_45_00/_hypergui_1/spectrum_fromCSV5_(500.0-995.0)_masked_data_0_derivative.csv,deox,P086,2021_04_15_13_45_00,P086#2021_04_15_13_45_00#CSV5,csv_spectrum,0,train
/Users/charleneleung/Documents/dkfz/data/Cat_Pig/Cat_atlas_deox/Cat_0007_kidney_deox/data/P086_OP050_2021_04_15_Experiment1/2021_04_15_13_55_13/_hypergui_1/spectrum_fromCSV1_(500.0-995.0)_masked_data_0_derivative.csv,deox,P086,2021_04_15_13_55_13,P086#2021_04_15_13_55_13#CSV1,csv_spectrum,0,train
/Users/charleneleung/Documents/dkfz/data/Cat_Pig/Cat_atlas_deox/Cat_0007_kidney_deox/data/P086_OP050_2021_04_15_Experiment1/2021_04_15_13_55_13/_hypergui_1/spectrum_fromCSV5_(500.0-995.0)_masked_data_0_derivative.csv,deox,P086,2021_04_15_13_55_13,P086#2021_04_15_13_55_13#CSV5,csv_spectrum,0,train
/Users/charleneleung/Documents/dkfz/data/Cat_Pig/Cat_atlas_deox/Cat_0007_kidney_deox/data/P086_OP050_2021_04_15_Experiment1/2021_04_15_13_55_29/_hypergui_1/spectrum_fromCSV1_(500.0-995.0)_masked_data_0_derivative.csv,deox,P086,2021_04_15_13_55_29,P086#2021_04_15_13_55_29#CSV1,csv_spectrum,0,train
/Users/charleneleung/Documents/dkfz/data/Cat_Pig/Cat_atlas_deox/Cat_0007_kidney_deox/data/P086_OP050_2021_04_15_Experiment1/2021_04_15_13_55_29/_hypergui_1/spectrum_fromCSV5_(500.0-995.0)_masked_data_0_derivative.csv,deox,P086,2021_04_15_13_55_29,P086#2021_04_15_13_55_29#CSV5,csv_spectrum,0,train
/Users/charleneleung/Documents/dkfz/data/Cat_Pig/Cat_atlas_deox/Cat_0007_kidney_deox/data/P086_OP050_2021_04_15_Experiment1/2021_04_15_13_55_46/_hypergui_1/spectrum_fromCSV1_(500.0-995.0)_masked_data_0_derivative.csv,deox,P086,2021_04_15_13_55_46,P086#2021_04_15_13_55_46#CSV1,csv_spectrum,0,train
/Users/charleneleung/Documents/dkfz/data/Cat_Pig/Cat_atlas_deox/Cat_0007_kidney_deox/data/P086_OP050_2021_04_15_Experiment1/2021_04_15_13_55_46/_hypergui_1/spectrum_fromCSV5_(500.0-995.0)_masked_data_0_derivative.csv,deox,P086,2021_04_15_13_55_46,P086#2021_04_15_13_55_46#CSV5,csv_spectrum,0,train
/Users/charleneleung/Documents/dkfz/data/Cat_Pig/Cat_atlas_deox/Cat_0007_kidney_deox/data/P086_OP050_2021_04_15_Experiment1/2021_04_15_13_56_24/_hypergui_1/spectrum_fromCSV1_(500.0-995.0)_masked_data_0_derivative.csv,deox,P086,2021_04_15_13_56_24,P086#2021_04_15_13_56_24#CSV1,csv_spectrum,0,train
/Users/charleneleung/Documents/dkfz/data/Cat_Pig/Cat_atlas_deox/Cat_0007_kidney_deox/data/P086_OP050_2021_04_15_Experiment1/2021_04_15_13_56_24/_hypergui_1/spectrum_fromCSV5_(500.0-995.0)_masked_data_0_derivative.csv,deox,P086,2021_04_15_13_56_24,P086#2021_04_15_13_56_24#CSV5,csv_spectrum,0,train
/Users/charleneleung/Documents/dkfz/data/Cat_Pig/Cat_atlas_deox/Cat_0007_kidney_deox/data/P086_OP050_2021_04_15_Experiment1/2021_04_15_13_56_41/_hypergui_1/spectrum_fromCSV1_(500.0-995.0)_masked_data_0_derivative.csv,deox,P086,2021_04_15_13_56_41,P086#2021_04_15_13_56_41#CSV1,csv_spectrum,0,train
/Users/charleneleung/Documents/dkfz/data/Cat_Pig/Cat_atlas_deox/Cat_0007_kidney_deox/data/P086_OP050_2021_04_15_Experiment1/2021_04_15_13_56_41/_hypergui_1/spectrum_fromCSV5_(500.0-995.0)_masked_data_0_derivative.csv,deox,P086,2021_04_15_13_56_41,P086#2021_04_15_13_56_41#CSV5,csv_spectrum,0,train
/Users/charleneleung/Documents/dkfz/data/Cat_Pig/Cat_atlas_deox/Cat_0007_kidney_deox/data/P086_OP050_2021_04_15_Experiment1/2021_04_15_13_56_57/_hypergui_1/spectrum_fromCSV1_(500.0-995.0)_masked_data_0_derivative.csv,deox,P086,2021_04_15_13_56_57,P086#2021_04_15_13_56_57#CSV1,csv_spectrum,0,train
/Users/charleneleung/Documents/dkfz/data/Cat_Pig/Cat_atlas_deox/Cat_0007_kidney_deox/data/P086_OP050_2021_04_15_Experiment1/2021_04_15_13_56_57/_hypergui_1/spectrum_fromCSV5_(500.0-995.0)_masked_data_0_derivative.csv,deox,P086,2021_04_15_13_56_57,P086#2021_04_15_13_56_57#CSV5,csv_spectrum,0,train
/Users/charleneleung/Documents/dkfz/data/Cat_Pig/Cat_atlas_deox/Cat_0007_kidney_deox/data/P086_OP050_2021_04_15_Experiment1/2021_04_15_13_57_28/_hypergui_1/spectrum_fromCSV1_(500.0-995.0)_masked_data_0_derivative.csv,deox,P086,2021_04_15_13_57_28,P086#2021_04_15_13_57_28#CSV1,csv_spectrum,0,train
/Users/charleneleung/Documents/dkfz/data/Cat_Pig/Cat_atlas_deox/Cat_0007_kidney_deox/data/P086_OP050_2021_04_15_Experiment1/2021_04_15_13_57_28/_hypergui_1/spectrum_fromCSV5_(500.0-995.0)_masked_data_0_derivative.csv,deox,P086,2021_04_15_13_57_28,P086#2021_04_15_13_57_28#CSV5,csv_spectrum,0,train
/Users/charleneleung/Documents/dkfz/data/Cat_Pig/Cat_atlas_deox/Cat_0007_kidney_deox/data/P086_OP050_2021_04_15_Experiment1/2021_04_15_13_57_45/_hypergui_1/spectrum_fromCSV1_(500.0-995.0)_masked_data_0_derivative.csv,deox,P086,2021_04_15_13_57_45,P086#2021_04_15_13_57_45#CSV1,csv_spectrum,0,train
/Users/charleneleung/Documents/dkfz/data/Cat_Pig/Cat_atlas_deox/Cat_0007_kidney_deox/data/P086_OP050_2021_04_15_Experiment1/2021_04_15_13_57_45/_hypergui_1/spectrum_fromCSV5_(500.0-995.0)_masked_data_0_derivative.csv,deox,P086,2021_04_15_13_57_45,P086#2021_04_15_13_57_45#CSV5,csv_spectrum,0,train
/Users/charleneleung/Documents/dkfz/data/Cat_Pig/Cat_atlas_deox/Cat_0007_kidney_deox/data/P086_OP050_2021_04_15_Experiment1/2021_04_15_13_58_01/_hypergui_1/spectrum_fromCSV1_(500.0-995.0)_masked_data_0_derivative.csv,deox,P086,2021_04_15_13_58_01,P086#2021_04_15_13_58_01#CSV1,csv_spectrum,0,train
/Users/charleneleung/Documents/dkfz/data/Cat_Pig/Cat_atlas_deox/Cat_0007_kidney_deox/data/P086_OP050_2021_04_15_Experiment1/2021_04_15_13_58_01/_hypergui_1/spectrum_fromCSV5_(500.0-995.0)_masked_data_0_derivative.csv,deox,P086,2021_04_15_13_58_01,P086#2021_04_15_13_58_01#CSV5,csv_spectrum,0,train
/Users/charleneleung/Documents/dkfz/data/Cat_Pig/Cat_atlas_deox/Cat_0007_kidney_deox/data/P086_OP050_2021_04_15_Experiment1/2021_04_15_13_59_41/_hypergui_1/spectrum_fromCSV1_(500.0-995.0)_masked_data_0_derivative.csv,deox,P086,2021_04_15_13_59_41,P086#2021_04_15_13_59_41#CSV1,csv_spectrum,0,train
/Users/charleneleung/Documents/dkfz/data/Cat_Pig/Cat_atlas_deox/Cat_0007_kidney_deox/data/P086_OP050_2021_04_15_Experiment1/2021_04_15_13_59_41/_hypergui_1/spectrum_fromCSV5_(500.0-995.0)_masked_data_0_derivative.csv,deox,P086,2021_04_15_13_59_41,P086#2021_04_15_13_59_41#CSV5,csv_spectrum,0,train
/Users/charleneleung/Documents/dkfz/data/Cat_Pig/Cat_atlas_deox/Cat_0007_kidney_deox/data/P086_OP050_2021_04_15_Experiment1/2021_04_15_13_59_57/_hypergui_1/spectrum_fromCSV1_(500.0-995.0)_masked_data_0_derivative.csv,deox,P086,2021_04_15_13_59_57,P086#2021_04_15_13_59_57#CSV1,csv_spectrum,0,train
/Users/charleneleung/Documents/dkfz/data/Cat_Pig/Cat_atlas_deox/Cat_0007_kidney_deox/data/P086_OP050_2021_04_15_Experiment1/2021_04_15_13_59_57/_hypergui_1/spectrum_fromCSV5_(500.0-995.0)_masked_data_0_derivative.csv,deox,P086,2021_04_15_13_59_57,P086#2021_04_15_13_59_57#CSV5,csv_spectrum,0,train
/Users/charleneleung/Documents/dkfz/data/Cat_Pig/Cat_atlas_deox/Cat_0007_kidney_deox/data/P086_OP050_2021_04_15_Experiment1/2021_04_15_14_00_13/_hypergui_1/spectrum_fromCSV1_(500.0-995.0)_masked_data_0_derivative.csv,deox,P086,2021_04_15_14_00_13,P086#2021_04_15_14_00_13#CSV1,csv_spectrum,0,train
/Users/charleneleung/Documents/dkfz/data/Cat_Pig/Cat_atlas_deox/Cat_0007_kidney_deox/data/P086_OP050_2021_04_15_Experiment1/2021_04_15_14_00_13/_hypergui_1/spectrum_fromCSV5_(500.0-995.0)_masked_data_0_derivative.csv,deox,P086,2021_04_15_14_00_13,P086#2021_04_15_14_00_13#CSV5,csv_spectrum,0,train
/Users/charleneleung/Documents/dkfz/data/Cat_Pig/Cat_atlas_deox/Cat_0007_kidney_deox/data/P088_OP052_2021_04_19_Experiment1/2021_04_19_16_23_39/_hypergui_1/spectrum_fromCSV1_(500.0-995.0)_masked_data_0_derivative.csv,deox,P088,2021_04_19_16_23_39,P088#2021_04_19_16_23_39#CSV1,csv_spectrum,0,train
/Users/charleneleung/Documents/dkfz/data/Cat_Pig/Cat_atlas_deox/Cat_0007_kidney_deox/data/P088_OP052_2021_04_19_Experiment1/2021_04_19_16_23_39/_hypergui_1/spectrum_fromCSV5_(500.0-995.0)_masked_data_0_derivative.csv,deox,P088,2021_04_19_16_23_39,P088#2021_04_19_16_23_39#CSV5,csv_spectrum,0,train
/Users/charleneleung/Documents/dkfz/data/Cat_Pig/Cat_atlas_deox/Cat_0007_kidney_deox/data/P088_OP052_2021_04_19_Experiment1/2021_04_19_16_23_57/_hypergui_1/spectrum_fromCSV1_(500.0-995.0)_masked_data_0_derivative.csv,deox,P088,2021_04_19_16_23_57,P088#2021_04_19_16_23_57#CSV1,csv_spectrum,0,train
/Users/charleneleung/Documents/dkfz/data/Cat_Pig/Cat_atlas_deox/Cat_0007_kidney_deox/data/P088_OP052_2021_04_19_Experiment1/2021_04_19_16_23_57/_hypergui_1/spectrum_fromCSV5_(500.0-995.0)_masked_data_0_derivative.csv,deox,P088,2021_04_19_16_23_57,P088#2021_04_19_16_23_57#CSV5,csv_spectrum,0,train
/Users/charleneleung/Documents/dkfz/data/Cat_Pig/Cat_atlas_deox/Cat_0007_kidney_deox/data/P088_OP052_2021_04_19_Experiment1/2021_04_19_16_24_17/_hypergui_1/spectrum_fromCSV1_(500.0-995.0)_masked_data_0_derivative.csv,deox,P088,2021_04_19_16_24_17,P088#2021_04_19_16_24_17#CSV1,csv_spectrum,0,train
/Users/charleneleung/Documents/dkfz/data/Cat_Pig/Cat_atlas_deox/Cat_0007_kidney_deox/data/P088_OP052_2021_04_19_Experiment1/2021_04_19_16_24_17/_hypergui_1/spectrum_fromCSV5_(500.0-995.0)_masked_data_0_derivative.csv,deox,P088,2021_04_19_16_24_17,P088#2021_04_19_16_24_17#CSV5,csv_spectrum,0,train
/Users/charleneleung/Documents/dkfz/data/Cat_Pig/Cat_atlas_deox/Cat_0007_kidney_deox/data/P090_OP054_2021_04_22_Experiment1/2021_04_22_13_04_28/_hypergui_1/spectrum_fromCSV1_(500.0-995.0)_masked_data_0_derivative.csv,deox,P090,2021_04_22_13_04_28,P090#2021_04_22_13_04_28#CSV1,csv_spectrum,0,val
/Users/charleneleung/Documents/dkfz/data/Cat_Pig/Cat_atlas_deox/Cat_0007_kidney_deox/data/P090_OP054_2021_04_22_Experiment1/2021_04_22_13_04_28/_hypergui_1/spectrum_fromCSV5_(500.0-995.0)_masked_data_0_derivative.csv,deox,P090,2021_04_22_13_04_28,P090#2021_04_22_13_04_28#CSV5,csv_spectrum,0,val
/Users/charleneleung/Documents/dkfz/data/Cat_Pig/Cat_atlas_deox/Cat_0007_kidney_deox/data/P090_OP054_2021_04_22_Experiment1/2021_04_22_13_04_44/_hypergui_1/spectrum_fromCSV1_(500.0-995.0)_masked_data_0_derivative.csv,deox,P090,2021_04_22_13_04_44,P090#2021_04_22_13_04_44#CSV1,csv_spectrum,0,val
/Users/charleneleung/Documents/dkfz/data/Cat_Pig/Cat_atlas_deox/Cat_0007_kidney_deox/data/P090_OP054_2021_04_22_Experiment1/2021_04_22_13_04_44/_hypergui_1/spectrum_fromCSV5_(500.0-995.0)_masked_data_0_derivative.csv,deox,P090,2021_04_22_13_04_44,P090#2021_04_22_13_04_44#CSV5,csv_spectrum,0,val
/Users/charleneleung/Documents/dkfz/data/Cat_Pig/Cat_atlas_deox/Cat_0007_kidney_deox/data/P090_OP054_2021_04_22_Experiment1/2021_04_22_13_05_01/_hypergui_1/spectrum_fromCSV1_(500.0-995.0)_masked_data_0_derivative.csv,deox,P090,2021_04_22_13_05_01,P090#2021_04_22_13_05_01#CSV1,csv_spectrum,0,val
/Users/charleneleung/Documents/dkfz/data/Cat_Pig/Cat_atlas_deox/Cat_0007_kidney_deox/data/P090_OP054_2021_04_22_Experiment1/2021_04_22_13_05_01/_hypergui_1/spectrum_fromCSV5_(500.0-995.0)_masked_data_0_derivative.csv,deox,P090,2021_04_22_13_05_01,P090#2021_04_22_13_05_01#CSV5,csv_spectrum,0,val
/Users/charleneleung/Documents/dkfz/data/Cat_Pig/Cat_atlas_deox/Cat_0007_kidney_deox/data/P090_OP054_2021_04_22_Experiment1/2021_04_22_13_05_51/_hypergui_1/spectrum_fromCSV1_(500.0-995.0)_masked_data_0_derivative.csv,deox,P090,2021_04_22_13_05_51,P090#2021_04_22_13_05_51#CSV1,csv_spectrum,0,val
/Users/charleneleung/Documents/dkfz/data/Cat_Pig/Cat_atlas_deox/Cat_0007_kidney_deox/data/P090_OP054_2021_04_22_Experiment1/2021_04_22_13_05_51/_hypergui_1/spectrum_fromCSV5_(500.0-995.0)_masked_data_0_derivative.csv,deox,P090,2021_04_22_13_05_51,P090#2021_04_22_13_05_51#CSV5,csv_spectrum,0,val
/Users/charleneleung/Documents/dkfz/data/Cat_Pig/Cat_atlas_deox/Cat_0007_kidney_deox/data/P090_OP054_2021_04_22_Experiment1/2021_04_22_13_06_08/_hypergui_1/spectrum_fromCSV1_(500.0-995.0)_masked_data_0_derivative.csv,deox,P090,2021_04_22_13_06_08,P090#2021_04_22_13_06_08#CSV1,csv_spectrum,0,val
/Users/charleneleung/Documents/dkfz/data/Cat_Pig/Cat_atlas_deox/Cat_0007_kidney_deox/data/P090_OP054_2021_04_22_Experiment1/2021_04_22_13_06_08/_hypergui_1/spectrum_fromCSV5_(500.0-995.0)_masked_data_0_derivative.csv,deox,P090,2021_04_22_13_06_08,P090#2021_04_22_13_06_08#CSV5,csv_spectrum,0,val
/Users/charleneleung/Documents/dkfz/data/Cat_Pig/Cat_atlas_deox/Cat_0007_kidney_deox/data/P090_OP054_2021_04_22_Experiment1/2021_04_22_13_06_25/_hypergui_1/spectrum_fromCSV1_(500.0-995.0)_masked_data_0_derivative.csv,deox,P090,2021_04_22_13_06_25,P090#2021_04_22_13_06_25#CSV1,csv_spectrum,0,val
/Users/charleneleung/Documents/dkfz/data/Cat_Pig/Cat_atlas_deox/Cat_0007_kidney_deox/data/P090_OP054_2021_04_22_Experiment1/2021_04_22_13_06_25/_hypergui_1/spectrum_fromCSV5_(500.0-995.0)_masked_data_0_derivative.csv,deox,P090,2021_04_22_13_06_25,P090#2021_04_22_13_06_25#CSV5,csv_spectrum,0,val
/Users/charleneleung/Documents/dkfz/data/Cat_Pig/Cat_atlas_deox/Cat_0007_kidney_deox/data/P090_OP054_2021_04_22_Experiment1/2021_04_22_13_07_23/_hypergui_1/spectrum_fromCSV1_(500.0-995.0)_masked_data_0_derivative.csv,deox,P090,2021_04_22_13_07_23,P090#2021_04_22_13_07_23#CSV1,csv_spectrum,0,val
/Users/charleneleung/Documents/dkfz/data/Cat_Pig/Cat_atlas_deox/Cat_0007_kidney_deox/data/P090_OP054_2021_04_22_Experiment1/2021_04_22_13_07_23/_hypergui_1/spectrum_fromCSV5_(500.0-995.0)_masked_data_0_derivative.csv,deox,P090,2021_04_22_13_07_23,P090#2021_04_22_13_07_23#CSV5,csv_spectrum,0,val
/Users/charleneleung/Documents/dkfz/data/Cat_Pig/Cat_atlas_deox/Cat_0007_kidney_deox/data/P090_OP054_2021_04_22_Experiment1/2021_04_22_13_07_40/_hypergui_1/spectrum_fromCSV1_(500.0-995.0)_masked_data_0_derivative.csv,deox,P090,2021_04_22_13_07_40,P090#2021_04_22_13_07_40#CSV1,csv_spectrum,0,val
/Users/charleneleung/Documents/dkfz/data/Cat_Pig/Cat_atlas_deox/Cat_0007_kidney_deox/data/P090_OP054_2021_04_22_Experiment1/2021_04_22_13_07_40/_hypergui_1/spectrum_fromCSV5_(500.0-995.0)_masked_data_0_derivative.csv,deox,P090,2021_04_22_13_07_40,P090#2021_04_22_13_07_40#CSV5,csv_spectrum,0,val
/Users/charleneleung/Documents/dkfz/data/Cat_Pig/Cat_atlas_deox/Cat_0007_kidney_deox/data/P090_OP054_2021_04_22_Experiment1/2021_04_22_13_08_00/_hypergui_1/spectrum_fromCSV1_(500.0-995.0)_masked_data_0_derivative.csv,deox,P090,2021_04_22_13_08_00,P090#2021_04_22_13_08_00#CSV1,csv_spectrum,0,val
/Users/charleneleung/Documents/dkfz/data/Cat_Pig/Cat_atlas_deox/Cat_0007_kidney_deox/data/P090_OP054_2021_04_22_Experiment1/2021_04_22_13_08_00/_hypergui_1/spectrum_fromCSV5_(500.0-995.0)_masked_data_0_derivative.csv,deox,P090,2021_04_22_13_08_00,P090#2021_04_22_13_08_00#CSV5,csv_spectrum,0,val
/Users/charleneleung/Documents/dkfz/data/Cat_Pig/Cat_atlas_deox/Cat_0007_kidney_deox/data/P091_OP055_2021_04_24_Experiment1/2021_04_24_16_22_55/_hypergui_1/spectrum_fromCSV1_(500.0-995.0)_masked_data_0_derivative.csv,deox,P091,2021_04_24_16_22_55,P091#2021_04_24_16_22_55#CSV1,csv_spectrum,0,train
/Users/charleneleung/Documents/dkfz/data/Cat_Pig/Cat_atlas_deox/Cat_0007_kidney_deox/data/P091_OP055_2021_04_24_Experiment1/2021_04_24_16_22_55/_hypergui_1/spectrum_fromCSV5_(500.0-995.0)_masked_data_0_derivative.csv,deox,P091,2021_04_24_16_22_55,P091#2021_04_24_16_22_55#CSV5,csv_spectrum,0,train
/Users/charleneleung/Documents/dkfz/data/Cat_Pig/Cat_atlas_deox/Cat_0007_kidney_deox/data/P091_OP055_2021_04_24_Experiment1/2021_04_24_16_23_25/_hypergui_1/spectrum_fromCSV1_(500.0-995.0)_masked_data_0_derivative.csv,deox,P091,2021_04_24_16_23_25,P091#2021_04_24_16_23_25#CSV1,csv_spectrum,0,train
/Users/charleneleung/Documents/dkfz/data/Cat_Pig/Cat_atlas_deox/Cat_0007_kidney_deox/data/P091_OP055_2021_04_24_Experiment1/2021_04_24_16_23_25/_hypergui_1/spectrum_fromCSV5_(500.0-995.0)_masked_data_0_derivative.csv,deox,P091,2021_04_24_16_23_25,P091#2021_04_24_16_23_25#CSV5,csv_spectrum,0,train
/Users/charleneleung/Documents/dkfz/data/Cat_Pig/Cat_atlas_deox/Cat_0007_kidney_deox/data/P095_OP059_2021_05_02_Experiment1/2021_05_02_13_57_40/_hypergui_1/spectrum_fromCSV1_(500.0-995.0)_masked_data_0_derivative.csv,deox,P095,2021_05_02_13_57_40,P095#2021_05_02_13_57_40#CSV1,csv_spectrum,0,train
/Users/charleneleung/Documents/dkfz/data/Cat_Pig/Cat_atlas_deox/Cat_0007_kidney_deox/data/P095_OP059_2021_05_02_Experiment1/2021_05_02_13_57_40/_hypergui_1/spectrum_fromCSV5_(500.0-995.0)_masked_data_0_derivative.csv,deox,P095,2021_05_02_13_57_40,P095#2021_05_02_13_57_40#CSV5,csv_spectrum,0,train
/Users/charleneleung/Documents/dkfz/data/Cat_Pig/Cat_atlas_deox/Cat_0007_kidney_deox/data/P095_OP059_2021_05_02_Experiment1/2021_05_02_13_58_10/_hypergui_1/spectrum_fromCSV1_(500.0-995.0)_masked_data_0_derivative.csv,deox,P095,2021_05_02_13_58_10,P095#2021_05_02_13_58_10#CSV1,csv_spectrum,0,train
/Users/charleneleung/Documents/dkfz/data/Cat_Pig/Cat_atlas_deox/Cat_0007_kidney_deox/data/P095_OP059_2021_05_02_Experiment1/2021_05_02_13_58_10/_hypergui_1/spectrum_fromCSV5_(500.0-995.0)_masked_data_0_derivative.csv,deox,P095,2021_05_02_13_58_10,P095#2021_05_02_13_58_10#CSV5,csv_spectrum,0,train
/Users/charleneleung/Documents/dkfz/data/Cat_Pig/Cat_atlas_deox/Cat_0007_kidney_deox/data/P095_OP059_2021_05_02_Experiment1/2021_05_02_14_10_01/_hypergui_1/spectrum_fromCSV1_(500.0-995.0)_masked_data_0_derivative.csv,deox,P095,2021_05_02_14_10_01,P095#2021_05_02_14_10_01#CSV1,csv_spectrum,0,train
/Users/charleneleung/Documents/dkfz/data/Cat_Pig/Cat_atlas_deox/Cat_0007_kidney_deox/data/P095_OP059_2021_05_02_Experiment1/2021_05_02_14_10_01/_hypergui_1/spectrum_fromCSV5_(500.0-995.0)_masked_data_0_derivative.csv,deox,P095,2021_05_02_14_10_01,P095#2021_05_02_14_10_01#CSV5,csv_spectrum,0,train
/Users/charleneleung/Documents/dkfz/data/Cat_Pig/Cat_atlas_deox/Cat_0007_kidney_deox/data/P095_OP059_2021_05_02_Experiment1/2021_05_02_14_10_31/_hypergui_1/spectrum_fromCSV1_(500.0-995.0)_masked_data_0_derivative.csv,deox,P095,2021_05_02_14_10_31,P095#2021_05_02_14_10_31#CSV1,csv_spectrum,0,train
/Users/charleneleung/Documents/dkfz/data/Cat_Pig/Cat_atlas_deox/Cat_0007_kidney_deox/data/P095_OP059_2021_05_02_Experiment1/2021_05_02_14_10_31/_hypergui_1/spectrum_fromCSV5_(500.0-995.0)_masked_data_0_derivative.csv,deox,P095,2021_05_02_14_10_31,P095#2021_05_02_14_10_31#CSV5,csv_spectrum,0,train
/Users/charleneleung/Documents/dkfz/data/Cat_Pig/Cat_atlas_deox/Cat_0007_kidney_deox/data/P095_OP059_2021_05_02_Experiment1/2021_05_02_15_54_59/_hypergui_1/spectrum_fromCSV1_(500.0-995.0)_masked_data_0_derivative.csv,deox,P095,2021_05_02_15_54_59,P095#2021_05_02_15_54_59#CSV1,csv_spectrum,0,train
/Users/charleneleung/Documents/dkfz/data/Cat_Pig/Cat_atlas_deox/Cat_0007_kidney_deox/data/P095_OP059_2021_05_02_Experiment1/2021_05_02_15_54_59/_hypergui_1/spectrum_fromCSV5_(500.0-995.0)_masked_data_0_derivative.csv,deox,P095,2021_05_02_15_54_59,P095#2021_05_02_15_54_59#CSV5,csv_spectrum,0,train
/Users/charleneleung/Documents/dkfz/data/Cat_Pig/Cat_atlas_deox/Cat_0007_kidney_deox/data/P095_OP059_2021_05_02_Experiment1/2021_05_02_15_55_29/_hypergui_1/spectrum_fromCSV1_(500.0-995.0)_masked_data_0_derivative.csv,deox,P095,2021_05_02_15_55_29,P095#2021_05_02_15_55_29#CSV1,csv_spectrum,0,train
/Users/charleneleung/Documents/dkfz/data/Cat_Pig/Cat_atlas_deox/Cat_0007_kidney_deox/data/P095_OP059_2021_05_02_Experiment1/2021_05_02_15_55_29/_hypergui_1/spectrum_fromCSV5_(500.0-995.0)_masked_data_0_derivative.csv,deox,P095,2021_05_02_15_55_29,P095#2021_05_02_15_55_29#CSV5,csv_spectrum,0,train
/Users/charleneleung/Documents/dkfz/data/Cat_Pig/Cat_atlas_deox/Cat_0007_kidney_deox/data/P095_OP059_2021_05_02_Experiment1/2021_05_02_16_08_01/_hypergui_1/spectrum_fromCSV1_(500.0-995.0)_masked_data_0_derivative.csv,deox,P095,2021_05_02_16_08_01,P095#2021_05_02_16_08_01#CSV1,csv_spectrum,0,train
/Users/charleneleung/Documents/dkfz/data/Cat_Pig/Cat_atlas_deox/Cat_0007_kidney_deox/data/P095_OP059_2021_05_02_Experiment1/2021_05_02_16_08_01/_hypergui_1/spectrum_fromCSV5_(500.0-995.0)_masked_data_0_derivative.csv,deox,P095,2021_05_02_16_08_01,P095#2021_05_02_16_08_01#CSV5,csv_spectrum,0,train
/Users/charleneleung/Documents/dkfz/data/Cat_Pig/Cat_atlas_deox/Cat_0007_kidney_deox/data/P095_OP059_2021_05_02_Experiment1/2021_05_02_16_08_31/_hypergui_1/spectrum_fromCSV1_(500.0-995.0)_masked_data_0_derivative.csv,deox,P095,2021_05_02_16_08_31,P095#2021_05_02_16_08_31#CSV1,csv_spectrum,0,train
/Users/charleneleung/Documents/dkfz/data/Cat_Pig/Cat_atlas_deox/Cat_0007_kidney_deox/data/P095_OP059_2021_05_02_Experiment1/2021_05_02_16_08_31/_hypergui_1/spectrum_fromCSV5_(500.0-995.0)_masked_data_0_derivative.csv,deox,P095,2021_05_02_16_08_31,P095#2021_05_02_16_08_31#CSV5,csv_spectrum,0,train
/Users/charleneleung/Documents/dkfz/data/Cat_Pig/Cat_atlas_deox/Cat_0007_kidney_deox/data/P096_OP060_2021_05_06_Experiment1/2021_05_06_10_14_59/_hypergui_1/spectrum_fromCSV1_(500.0-995.0)_masked_data_0_derivative.csv,deox,P096,2021_05_06_10_14_59,P096#2021_05_06_10_14_59#CSV1,csv_spectrum,0,train
/Users/charleneleung/Documents/dkfz/data/Cat_Pig/Cat_atlas_deox/Cat_0007_kidney_deox/data/P096_OP060_2021_05_06_Experiment1/2021_05_06_10_14_59/_hypergui_1/spectrum_fromCSV5_(500.0-995.0)_masked_data_0_derivative.csv,deox,P096,2021_05_06_10_14_59,P096#2021_05_06_10_14_59#CSV5,csv_spectrum,0,train
/Users/charleneleung/Documents/dkfz/data/Cat_Pig/Cat_atlas_deox/Cat_0007_kidney_deox/data/P096_OP060_2021_05_06_Experiment1/2021_05_06_10_25_07/_hypergui_1/spectrum_fromCSV1_(500.0-995.0)_masked_data_0_derivative.csv,deox,P096,2021_05_06_10_25_07,P096#2021_05_06_10_25_07#CSV1,csv_spectrum,0,train
/Users/charleneleung/Documents/dkfz/data/Cat_Pig/Cat_atlas_deox/Cat_0007_kidney_deox/data/P096_OP060_2021_05_06_Experiment1/2021_05_06_10_25_07/_hypergui_1/spectrum_fromCSV5_(500.0-995.0)_masked_data_0_derivative.csv,deox,P096,2021_05_06_10_25_07,P096#2021_05_06_10_25_07#CSV5,csv_spectrum,0,train
/Users/charleneleung/Documents/dkfz/data/Cat_Pig/Cat_atlas_deox/Cat_0007_kidney_deox/data/P096_OP060_2021_05_06_Experiment1/2021_05_06_10_25_37/_hypergui_1/spectrum_fromCSV1_(500.0-995.0)_masked_data_0_derivative.csv,deox,P096,2021_05_06_10_25_37,P096#2021_05_06_10_25_37#CSV1,csv_spectrum,0,train
/Users/charleneleung/Documents/dkfz/data/Cat_Pig/Cat_atlas_deox/Cat_0007_kidney_deox/data/P096_OP060_2021_05_06_Experiment1/2021_05_06_10_25_37/_hypergui_1/spectrum_fromCSV5_(500.0-995.0)_masked_data_0_derivative.csv,deox,P096,2021_05_06_10_25_37,P096#2021_05_06_10_25_37#CSV5,csv_spectrum,0,train
/Users/charleneleung/Documents/dkfz/data/Cat_Pig/Cat_atlas_deox/Cat_0007_kidney_deox/data/P096_OP060_2021_05_06_Experiment1/2021_05_06_11_31_53/_hypergui_1/spectrum_fromCSV1_(500.0-995.0)_masked_data_0_derivative.csv,deox,P096,2021_05_06_11_31_53,P096#2021_05_06_11_31_53#CSV1,csv_spectrum,0,train
/Users/charleneleung/Documents/dkfz/data/Cat_Pig/Cat_atlas_deox/Cat_0007_kidney_deox/data/P096_OP060_2021_05_06_Experiment1/2021_05_06_11_31_53/_hypergui_1/spectrum_fromCSV5_(500.0-995.0)_masked_data_0_derivative.csv,deox,P096,2021_05_06_11_31_53,P096#2021_05_06_11_31_53#CSV5,csv_spectrum,0,train
/Users/charleneleung/Documents/dkfz/data/Cat_Pig/Cat_atlas_deox/Cat_0007_kidney_deox/data/P096_OP060_2021_05_06_Experiment1/2021_05_06_11_32_23/_hypergui_1/spectrum_fromCSV1_(500.0-995.0)_masked_data_0_derivative.csv,deox,P096,2021_05_06_11_32_23,P096#2021_05_06_11_32_23#CSV1,csv_spectrum,0,train
/Users/charleneleung/Documents/dkfz/data/Cat_Pig/Cat_atlas_deox/Cat_0007_kidney_deox/data/P096_OP060_2021_05_06_Experiment1/2021_05_06_11_32_23/_hypergui_1/spectrum_fromCSV5_(500.0-995.0)_masked_data_0_derivative.csv,deox,P096,2021_05_06_11_32_23,P096#2021_05_06_11_32_23#CSV5,csv_spectrum,0,train
/Users/charleneleung/Documents/dkfz/data/Cat_Pig/Cat_atlas_deox/Cat_0007_kidney_deox/data/P096_OP060_2021_05_06_Experiment1/2021_05_06_11_43_25/_hypergui_1/spectrum_fromCSV1_(500.0-995.0)_masked_data_0_derivative.csv,deox,P096,2021_05_06_11_43_25,P096#2021_05_06_11_43_25#CSV1,csv_spectrum,0,train
/Users/charleneleung/Documents/dkfz/data/Cat_Pig/Cat_atlas_deox/Cat_0007_kidney_deox/data/P096_OP060_2021_05_06_Experiment1/2021_05_06_11_43_25/_hypergui_1/spectrum_fromCSV5_(500.0-995.0)_masked_data_0_derivative.csv,deox,P096,2021_05_06_11_43_25,P096#2021_05_06_11_43_25#CSV5,csv_spectrum,0,train
/Users/charleneleung/Documents/dkfz/data/Cat_Pig/Cat_atlas_deox/Cat_0007_kidney_deox/data/P096_OP060_2021_05_06_Experiment1/2021_05_06_11_43_55/_hypergui_1/spectrum_fromCSV1_(500.0-995.0)_masked_data_0_derivative.csv,deox,P096,2021_05_06_11_43_55,P096#2021_05_06_11_43_55#CSV1,csv_spectrum,0,train
/Users/charleneleung/Documents/dkfz/data/Cat_Pig/Cat_atlas_deox/Cat_0007_kidney_deox/data/P096_OP060_2021_05_06_Experiment1/2021_05_06_11_43_55/_hypergui_1/spectrum_fromCSV5_(500.0-995.0)_masked_data_0_derivative.csv,deox,P096,2021_05_06_11_43_55,P096#2021_05_06_11_43_55#CSV5,csv_spectrum,0,train
/Users/charleneleung/Documents/dkfz/data/Cat_Pig/Cat_atlas_deox/Cat_0007_kidney_deox/data/P097_OP061_2021_07_03_Experiment1/2021_07_03_10_10_26/_hypergui_1/spectrum_fromCSV1_(500.0-995.0)_masked_data_0_derivative.csv,deox,P097,2021_07_03_10_10_26,P097#2021_07_03_10_10_26#CSV1,csv_spectrum,0,train
/Users/charleneleung/Documents/dkfz/data/Cat_Pig/Cat_atlas_deox/Cat_0007_kidney_deox/data/P097_OP061_2021_07_03_Experiment1/2021_07_03_10_10_26/_hypergui_1/spectrum_fromCSV5_(500.0-995.0)_masked_data_0_derivative.csv,deox,P097,2021_07_03_10_10_26,P097#2021_07_03_10_10_26#CSV5,csv_spectrum,0,train
/Users/charleneleung/Documents/dkfz/data/Cat_Pig/Cat_atlas_deox/Cat_0007_kidney_deox/data/P097_OP061_2021_07_03_Experiment1/2021_07_03_10_10_56/_hypergui_1/spectrum_fromCSV1_(500.0-995.0)_masked_data_0_derivative.csv,deox,P097,2021_07_03_10_10_56,P097#2021_07_03_10_10_56#CSV1,csv_spectrum,0,train
/Users/charleneleung/Documents/dkfz/data/Cat_Pig/Cat_atlas_deox/Cat_0007_kidney_deox/data/P097_OP061_2021_07_03_Experiment1/2021_07_03_10_10_56/_hypergui_1/spectrum_fromCSV5_(500.0-995.0)_masked_data_0_derivative.csv,deox,P097,2021_07_03_10_10_56,P097#2021_07_03_10_10_56#CSV5,csv_spectrum,0,train
/Users/charleneleung/Documents/dkfz/data/Cat_Pig/Cat_atlas_deox/Cat_0007_kidney_deox/data/P097_OP061_2021_07_03_Experiment1/2021_07_03_10_24_20/_hypergui_1/spectrum_fromCSV1_(500.0-995.0)_masked_data_0_derivative.csv,deox,P097,2021_07_03_10_24_20,P097#2021_07_03_10_24_20#CSV1,csv_spectrum,0,train
/Users/charleneleung/Documents/dkfz/data/Cat_Pig/Cat_atlas_deox/Cat_0007_kidney_deox/data/P097_OP061_2021_07_03_Experiment1/2021_07_03_10_24_20/_hypergui_1/spectrum_fromCSV5_(500.0-995.0)_masked_data_0_derivative.csv,deox,P097,2021_07_03_10_24_20,P097#2021_07_03_10_24_20#CSV5,csv_spectrum,0,train
/Users/charleneleung/Documents/dkfz/data/Cat_Pig/Cat_atlas_deox/Cat_0007_kidney_deox/data/P097_OP061_2021_07_03_Experiment1/2021_07_03_10_24_50/_hypergui_1/spectrum_fromCSV1_(500.0-995.0)_masked_data_0_derivative.csv,deox,P097,2021_07_03_10_24_50,P097#2021_07_03_10_24_50#CSV1,csv_spectrum,0,train
/Users/charleneleung/Documents/dkfz/data/Cat_Pig/Cat_atlas_deox/Cat_0007_kidney_deox/data/P097_OP061_2021_07_03_Experiment1/2021_07_03_10_24_50/_hypergui_1/spectrum_fromCSV5_(500.0-995.0)_masked_data_0_derivative.csv,deox,P097,2021_07_03_10_24_50,P097#2021_07_03_10_24_50#CSV5,csv_spectrum,0,train
/Users/charleneleung/Documents/dkfz/data/Cat_Pig/Cat_atlas_deox/Cat_0007_kidney_deox/data/P097_OP061_2021_07_03_Experiment1/2021_07_03_12_17_53/_hypergui_1/spectrum_fromCSV1_(500.0-995.0)_masked_data_0_derivative.csv,deox,P097,2021_07_03_12_17_53,P097#2021_07_03_12_17_53#CSV1,csv_spectrum,0,train
/Users/charleneleung/Documents/dkfz/data/Cat_Pig/Cat_atlas_deox/Cat_0007_kidney_deox/data/P097_OP061_2021_07_03_Experiment1/2021_07_03_12_17_53/_hypergui_1/spectrum_fromCSV5_(500.0-995.0)_masked_data_0_derivative.csv,deox,P097,2021_07_03_12_17_53,P097#2021_07_03_12_17_53#CSV5,csv_spectrum,0,train
/Users/charleneleung/Documents/dkfz/data/Cat_Pig/Cat_atlas_deox/Cat_0007_kidney_deox/data/P097_OP061_2021_07_03_Experiment1/2021_07_03_12_18_23/_hypergui_1/spectrum_fromCSV1_(500.0-995.0)_masked_data_0_derivative.csv,deox,P097,2021_07_03_12_18_23,P097#2021_07_03_12_18_23#CSV1,csv_spectrum,0,train
/Users/charleneleung/Documents/dkfz/data/Cat_Pig/Cat_atlas_deox/Cat_0007_kidney_deox/data/P097_OP061_2021_07_03_Experiment1/2021_07_03_12_18_23/_hypergui_1/spectrum_fromCSV5_(500.0-995.0)_masked_data_0_derivative.csv,deox,P097,2021_07_03_12_18_23,P097#2021_07_03_12_18_23#CSV5,csv_spectrum,0,train
/Users/charleneleung/Documents/dkfz/data/Cat_Pig/Cat_atlas_deox/Cat_0007_kidney_deox/data/P097_OP061_2021_07_03_Experiment1/2021_07_03_12_33_15/_hypergui_1/spectrum_fromCSV1_(500.0-995.0)_masked_data_0_derivative.csv,deox,P097,2021_07_03_12_33_15,P097#2021_07_03_12_33_15#CSV1,csv_spectrum,0,train
/Users/charleneleung/Documents/dkfz/data/Cat_Pig/Cat_atlas_deox/Cat_0007_kidney_deox/data/P097_OP061_2021_07_03_Experiment1/2021_07_03_12_33_15/_hypergui_1/spectrum_fromCSV5_(500.0-995.0)_masked_data_0_derivative.csv,deox,P097,2021_07_03_12_33_15,P097#2021_07_03_12_33_15#CSV5,csv_spectrum,0,train
/Users/charleneleung/Documents/dkfz/data/Cat_Pig/Cat_atlas_deox/Cat_0007_kidney_deox/data/P097_OP061_2021_07_03_Experiment1/2021_07_03_12_33_45/_hypergui_1/spectrum_fromCSV1_(500.0-995.0)_masked_data_0_derivative.csv,deox,P097,2021_07_03_12_33_45,P097#2021_07_03_12_33_45#CSV1,csv_spectrum,0,train
/Users/charleneleung/Documents/dkfz/data/Cat_Pig/Cat_atlas_deox/Cat_0007_kidney_deox/data/P097_OP061_2021_07_03_Experiment1/2021_07_03_12_33_45/_hypergui_1/spectrum_fromCSV5_(500.0-995.0)_masked_data_0_derivative.csv,deox,P097,2021_07_03_12_33_45,P097#2021_07_03_12_33_45#CSV5,csv_spectrum,0,train
/Users/charleneleung/Documents/dkfz/data/Cat_Pig/Cat_atlas_deox/Cat_0007_kidney_deox/data/P098_OP062_2021_07_06_Experiment1/2021_07_06_13_41_37/_hypergui_1/spectrum_fromCSV1_(500.0-995.0)_masked_data_0_derivative.csv,deox,P098,2021_07_06_13_41_37,P098#2021_07_06_13_41_37#CSV1,csv_spectrum,0,train
/Users/charleneleung/Documents/dkfz/data/Cat_Pig/Cat_atlas_deox/Cat_0007_kidney_deox/data/P098_OP062_2021_07_06_Experiment1/2021_07_06_13_41_37/_hypergui_1/spectrum_fromCSV5_(500.0-995.0)_masked_data_0_derivative.csv,deox,P098,2021_07_06_13_41_37,P098#2021_07_06_13_41_37#CSV5,csv_spectrum,0,train
/Users/charleneleung/Documents/dkfz/data/Cat_Pig/Cat_atlas_deox/Cat_0007_kidney_deox/data/P098_OP062_2021_07_06_Experiment1/2021_07_06_13_42_07/_hypergui_1/spectrum_fromCSV1_(500.0-995.0)_masked_data_0_derivative.csv,deox,P098,2021_07_06_13_42_07,P098#2021_07_06_13_42_07#CSV1,csv_spectrum,0,train
/Users/charleneleung/Documents/dkfz/data/Cat_Pig/Cat_atlas_deox/Cat_0007_kidney_deox/data/P098_OP062_2021_07_06_Experiment1/2021_07_06_13_42_07/_hypergui_1/spectrum_fromCSV5_(500.0-995.0)_masked_data_0_derivative.csv,deox,P098,2021_07_06_13_42_07,P098#2021_07_06_13_42_07#CSV5,csv_spectrum,0,train
/Users/charleneleung/Documents/dkfz/data/Cat_Pig/Cat_atlas_deox/Cat_0007_kidney_deox/data/P098_OP062_2021_07_06_Experiment1/2021_07_06_13_42_37/_hypergui_1/spectrum_fromCSV1_(500.0-995.0)_masked_data_0_derivative.csv,deox,P098,2021_07_06_13_42_37,P098#2021_07_06_13_42_37#CSV1,csv_spectrum,0,train
/Users/charleneleung/Documents/dkfz/data/Cat_Pig/Cat_atlas_deox/Cat_0007_kidney_deox/data/P098_OP062_2021_07_06_Experiment1/2021_07_06_13_42_37/_hypergui_1/spectrum_fromCSV5_(500.0-995.0)_masked_data_0_derivative.csv,deox,P098,2021_07_06_13_42_37,P098#2021_07_06_13_42_37#CSV5,csv_spectrum,0,train
/Users/charleneleung/Documents/dkfz/data/Cat_Pig/Cat_atlas_deox/Cat_0007_kidney_deox/data/P098_OP062_2021_07_06_Experiment1/2021_07_06_14_00_41/_hypergui_1/spectrum_fromCSV1_(500.0-995.0)_masked_data_0_derivative.csv,deox,P098,2021_07_06_14_00_41,P098#2021_07_06_14_00_41#CSV1,csv_spectrum,0,train
/Users/charleneleung/Documents/dkfz/data/Cat_Pig/Cat_atlas_deox/Cat_0007_kidney_deox/data/P098_OP062_2021_07_06_Experiment1/2021_07_06_14_00_41/_hypergui_1/spectrum_fromCSV5_(500.0-995.0)_masked_data_0_derivative.csv,deox,P098,2021_07_06_14_00_41,P098#2021_07_06_14_00_41#CSV5,csv_spectrum,0,train
/Users/charleneleung/Documents/dkfz/data/Cat_Pig/Cat_atlas_deox/Cat_0007_kidney_deox/data/P098_OP062_2021_07_06_Experiment1/2021_07_06_14_01_11/_hypergui_1/spectrum_fromCSV1_(500.0-995.0)_masked_data_0_derivative.csv,deox,P098,2021_07_06_14_01_11,P098#2021_07_06_14_01_11#CSV1,csv_spectrum,0,train
/Users/charleneleung/Documents/dkfz/data/Cat_Pig/Cat_atlas_deox/Cat_0007_kidney_deox/data/P098_OP062_2021_07_06_Experiment1/2021_07_06_14_01_11/_hypergui_1/spectrum_fromCSV5_(500.0-995.0)_masked_data_0_derivative.csv,deox,P098,2021_07_06_14_01_11,P098#2021_07_06_14_01_11#CSV5,csv_spectrum,0,train
/Users/charleneleung/Documents/dkfz/data/Cat_Pig/Cat_atlas_deox/Cat_0007_kidney_deox/data/P098_OP062_2021_07_06_Experiment1/2021_07_06_14_01_41/_hypergui_1/spectrum_fromCSV1_(500.0-995.0)_masked_data_0_derivative.csv,deox,P098,2021_07_06_14_01_41,P098#2021_07_06_14_01_41#CSV1,csv_spectrum,0,train
/Users/charleneleung/Documents/dkfz/data/Cat_Pig/Cat_atlas_deox/Cat_0007_kidney_deox/data/P098_OP062_2021_07_06_Experiment1/2021_07_06_14_01_41/_hypergui_1/spectrum_fromCSV5_(500.0-995.0)_masked_data_0_derivative.csv,deox,P098,2021_07_06_14_01_41,P098#2021_07_06_14_01_41#CSV5,csv_spectrum,0,train
/Users/charleneleung/Documents/dkfz/data/Cat_Pig/Cat_atlas_deox/Cat_0007_kidney_deox/data/P098_OP062_2021_07_06_Experiment1/2021_07_06_14_02_11/_hypergui_1/spectrum_fromCSV1_(500.0-995.0)_masked_data_0_derivative.csv,deox,P098,2021_07_06_14_02_11,P098#2021_07_06_14_02_11#CSV1,csv_spectrum,0,train
/Users/charleneleung/Documents/dkfz/data/Cat_Pig/Cat_atlas_deox/Cat_0007_kidney_deox/data/P098_OP062_2021_07_06_Experiment1/2021_07_06_14_02_11/_hypergui_1/spectrum_fromCSV5_(500.0-995.0)_masked_data_0_derivative.csv,deox,P098,2021_07_06_14_02_11,P098#2021_07_06_14_02_11#CSV5,csv_spectrum,0,train
/Users/charleneleung/Documents/dkfz/data/Cat_Pig/Cat_atlas_deox/Cat_0007_kidney_deox/data/P098_OP062_2021_07_06_Experiment1/2021_07_06_15_42_40/_hypergui_1/spectrum_fromCSV1_(500.0-995.0)_masked_data_0_derivative.csv,deox,P098,2021_07_06_15_42_40,P098#2021_07_06_15_42_40#CSV1,csv_spectrum,0,train
/Users/charleneleung/Documents/dkfz/data/Cat_Pig/Cat_atlas_deox/Cat_0007_kidney_deox/data/P098_OP062_2021_07_06_Experiment1/2021_07_06_15_42_40/_hypergui_1/spectrum_fromCSV5_(500.0-995.0)_masked_data_0_derivative.csv,deox,P098,2021_07_06_15_42_40,P098#2021_07_06_15_42_40#CSV5,csv_spectrum,0,train
/Users/charleneleung/Documents/dkfz/data/Cat_Pig/Cat_atlas_deox/Cat_0007_kidney_deox/data/P098_OP062_2021_07_06_Experiment1/2021_07_06_15_43_10/_hypergui_1/spectrum_fromCSV1_(500.0-995.0)_masked_data_0_derivative.csv,deox,P098,2021_07_06_15_43_10,P098#2021_07_06_15_43_10#CSV1,csv_spectrum,0,train
/Users/charleneleung/Documents/dkfz/data/Cat_Pig/Cat_atlas_deox/Cat_0007_kidney_deox/data/P098_OP062_2021_07_06_Experiment1/2021_07_06_15_43_10/_hypergui_1/spectrum_fromCSV5_(500.0-995.0)_masked_data_0_derivative.csv,deox,P098,2021_07_06_15_43_10,P098#2021_07_06_15_43_10#CSV5,csv_spectrum,0,train
/Users/charleneleung/Documents/dkfz/data/Cat_Pig/Cat_atlas_deox/Cat_0007_kidney_deox/data/P098_OP062_2021_07_06_Experiment1/2021_07_06_15_43_40/_hypergui_1/spectrum_fromCSV1_(500.0-995.0)_masked_data_0_derivative.csv,deox,P098,2021_07_06_15_43_40,P098#2021_07_06_15_43_40#CSV1,csv_spectrum,0,train
/Users/charleneleung/Documents/dkfz/data/Cat_Pig/Cat_atlas_deox/Cat_0007_kidney_deox/data/P098_OP062_2021_07_06_Experiment1/2021_07_06_15_43_40/_hypergui_1/spectrum_fromCSV5_(500.0-995.0)_masked_data_0_derivative.csv,deox,P098,2021_07_06_15_43_40,P098#2021_07_06_15_43_40#CSV5,csv_spectrum,0,train
/Users/charleneleung/Documents/dkfz/data/Cat_Pig/Cat_atlas_deox/Cat_0007_kidney_deox/data/P098_OP062_2021_07_06_Experiment1/2021_07_06_15_44_10/_hypergui_1/spectrum_fromCSV1_(500.0-995.0)_masked_data_0_derivative.csv,deox,P098,2021_07_06_15_44_10,P098#2021_07_06_15_44_10#CSV1,csv_spectrum,0,train
/Users/charleneleung/Documents/dkfz/data/Cat_Pig/Cat_atlas_deox/Cat_0007_kidney_deox/data/P098_OP062_2021_07_06_Experiment1/2021_07_06_15_44_10/_hypergui_1/spectrum_fromCSV5_(500.0-995.0)_masked_data_0_derivative.csv,deox,P098,2021_07_06_15_44_10,P098#2021_07_06_15_44_10#CSV5,csv_spectrum,0,train
/Users/charleneleung/Documents/dkfz/data/Cat_Pig/Cat_atlas_deox/Cat_0007_kidney_deox/data/P098_OP062_2021_07_06_Experiment1/2021_07_06_16_02_02/_hypergui_1/spectrum_fromCSV1_(500.0-995.0)_masked_data_0_derivative.csv,deox,P098,2021_07_06_16_02_02,P098#2021_07_06_16_02_02#CSV1,csv_spectrum,0,train
/Users/charleneleung/Documents/dkfz/data/Cat_Pig/Cat_atlas_deox/Cat_0007_kidney_deox/data/P098_OP062_2021_07_06_Experiment1/2021_07_06_16_02_02/_hypergui_1/spectrum_fromCSV5_(500.0-995.0)_masked_data_0_derivative.csv,deox,P098,2021_07_06_16_02_02,P098#2021_07_06_16_02_02#CSV5,csv_spectrum,0,train
/Users/charleneleung/Documents/dkfz/data/Cat_Pig/Cat_atlas_deox/Cat_0007_kidney_deox/data/P098_OP062_2021_07_06_Experiment1/2021_07_06_16_02_32/_hypergui_1/spectrum_fromCSV1_(500.0-995.0)_masked_data_0_derivative.csv,deox,P098,2021_07_06_16_02_32,P098#2021_07_06_16_02_32#CSV1,csv_spectrum,0,train
/Users/charleneleung/Documents/dkfz/data/Cat_Pig/Cat_atlas_deox/Cat_0007_kidney_deox/data/P098_OP062_2021_07_06_Experiment1/2021_07_06_16_02_32/_hypergui_1/spectrum_fromCSV5_(500.0-995.0)_masked_data_0_derivative.csv,deox,P098,2021_07_06_16_02_32,P098#2021_07_06_16_02_32#CSV5,csv_spectrum,0,train
/Users/charleneleung/Documents/dkfz/data/Cat_Pig/Cat_atlas_deox/Cat_0007_kidney_deox/data/P098_OP062_2021_07_06_Experiment1/2021_07_06_16_03_02/_hypergui_1/spectrum_fromCSV1_(500.0-995.0)_masked_data_0_derivative.csv,deox,P098,2021_07_06_16_03_02,P098#2021_07_06_16_03_02#CSV1,csv_spectrum,0,train
/Users/charleneleung/Documents/dkfz/data/Cat_Pig/Cat_atlas_deox/Cat_0007_kidney_deox/data/P098_OP062_2021_07_06_Experiment1/2021_07_06_16_03_02/_hypergui_1/spectrum_fromCSV5_(500.0-995.0)_masked_data_0_derivative.csv,deox,P098,2021_07_06_16_03_02,P098#2021_07_06_16_03_02#CSV5,csv_spectrum,0,train
/Users/charleneleung/Documents/dkfz/data/Cat_Pig/Cat_atlas_deox/Cat_0007_kidney_deox/data/P099_OP063_2021_07_18_Experiment1/2021_07_18_12_24_54/_hypergui_1/spectrum_fromCSV1_(500.0-995.0)_masked_data_0_derivative.csv,deox,P099,2021_07_18_12_24_54,P099#2021_07_18_12_24_54#CSV1,csv_spectrum,0,train
/Users/charleneleung/Documents/dkfz/data/Cat_Pig/Cat_atlas_deox/Cat_0007_kidney_deox/data/P099_OP063_2021_07_18_Experiment1/2021_07_18_12_24_54/_hypergui_1/spectrum_fromCSV5_(500.0-995.0)_masked_data_0_derivative.csv,deox,P099,2021_07_18_12_24_54,P099#2021_07_18_12_24_54#CSV5,csv_spectrum,0,train
/Users/charleneleung/Documents/dkfz/data/Cat_Pig/Cat_atlas_deox/Cat_0007_kidney_deox/data/P099_OP063_2021_07_18_Experiment1/2021_07_18_12_25_25/_hypergui_1/spectrum_fromCSV1_(500.0-995.0)_masked_data_0_derivative.csv,deox,P099,2021_07_18_12_25_25,P099#2021_07_18_12_25_25#CSV1,csv_spectrum,0,train
/Users/charleneleung/Documents/dkfz/data/Cat_Pig/Cat_atlas_deox/Cat_0007_kidney_deox/data/P099_OP063_2021_07_18_Experiment1/2021_07_18_12_25_25/_hypergui_1/spectrum_fromCSV5_(500.0-995.0)_masked_data_0_derivative.csv,deox,P099,2021_07_18_12_25_25,P099#2021_07_18_12_25_25#CSV5,csv_spectrum,0,train
/Users/charleneleung/Documents/dkfz/data/Cat_Pig/Cat_atlas_deox/Cat_0007_kidney_deox/data/P099_OP063_2021_07_18_Experiment1/2021_07_18_12_25_55/_hypergui_1/spectrum_fromCSV1_(500.0-995.0)_masked_data_0_derivative.csv,deox,P099,2021_07_18_12_25_55,P099#2021_07_18_12_25_55#CSV1,csv_spectrum,0,train
/Users/charleneleung/Documents/dkfz/data/Cat_Pig/Cat_atlas_deox/Cat_0007_kidney_deox/data/P099_OP063_2021_07_18_Experiment1/2021_07_18_12_25_55/_hypergui_1/spectrum_fromCSV5_(500.0-995.0)_masked_data_0_derivative.csv,deox,P099,2021_07_18_12_25_55,P099#2021_07_18_12_25_55#CSV5,csv_spectrum,0,train
/Users/charleneleung/Documents/dkfz/data/Cat_Pig/Cat_atlas_deox/Cat_0007_kidney_deox/data/P099_OP063_2021_07_18_Experiment1/2021_07_18_12_36_35/_hypergui_1/spectrum_fromCSV1_(500.0-995.0)_masked_data_0_derivative.csv,deox,P099,2021_07_18_12_36_35,P099#2021_07_18_12_36_35#CSV1,csv_spectrum,0,train
/Users/charleneleung/Documents/dkfz/data/Cat_Pig/Cat_atlas_deox/Cat_0007_kidney_deox/data/P099_OP063_2021_07_18_Experiment1/2021_07_18_12_36_35/_hypergui_1/spectrum_fromCSV5_(500.0-995.0)_masked_data_0_derivative.csv,deox,P099,2021_07_18_12_36_35,P099#2021_07_18_12_36_35#CSV5,csv_spectrum,0,train
/Users/charleneleung/Documents/dkfz/data/Cat_Pig/Cat_atlas_deox/Cat_0007_kidney_deox/data/P099_OP063_2021_07_18_Experiment1/2021_07_18_12_37_05/_hypergui_1/spectrum_fromCSV1_(500.0-995.0)_masked_data_0_derivative.csv,deox,P099,2021_07_18_12_37_05,P099#2021_07_18_12_37_05#CSV1,csv_spectrum,0,train
/Users/charleneleung/Documents/dkfz/data/Cat_Pig/Cat_atlas_deox/Cat_0007_kidney_deox/data/P099_OP063_2021_07_18_Experiment1/2021_07_18_12_37_05/_hypergui_1/spectrum_fromCSV5_(500.0-995.0)_masked_data_0_derivative.csv,deox,P099,2021_07_18_12_37_05,P099#2021_07_18_12_37_05#CSV5,csv_spectrum,0,train
/Users/charleneleung/Documents/dkfz/data/Cat_Pig/Cat_atlas_deox/Cat_0007_kidney_deox/data/P099_OP063_2021_07_18_Experiment1/2021_07_18_13_46_51/_hypergui_1/spectrum_fromCSV1_(500.0-995.0)_masked_data_0_derivative.csv,deox,P099,2021_07_18_13_46_51,P099#2021_07_18_13_46_51#CSV1,csv_spectrum,0,train
/Users/charleneleung/Documents/dkfz/data/Cat_Pig/Cat_atlas_deox/Cat_0007_kidney_deox/data/P099_OP063_2021_07_18_Experiment1/2021_07_18_13_46_51/_hypergui_1/spectrum_fromCSV5_(500.0-995.0)_masked_data_0_derivative.csv,deox,P099,2021_07_18_13_46_51,P099#2021_07_18_13_46_51#CSV5,csv_spectrum,0,train
/Users/charleneleung/Documents/dkfz/data/Cat_Pig/Cat_atlas_deox/Cat_0007_kidney_deox/data/P099_OP063_2021_07_18_Experiment1/2021_07_18_13_47_21/_hypergui_1/spectrum_fromCSV1_(500.0-995.0)_masked_data_0_derivative.csv,deox,P099,2021_07_18_13_47_21,P099#2021_07_18_13_47_21#CSV1,csv_spectrum,0,train
/Users/charleneleung/Documents/dkfz/data/Cat_Pig/Cat_atlas_deox/Cat_0007_kidney_deox/data/P099_OP063_2021_07_18_Experiment1/2021_07_18_13_47_21/_hypergui_1/spectrum_fromCSV5_(500.0-995.0)_masked_data_0_derivative.csv,deox,P099,2021_07_18_13_47_21,P099#2021_07_18_13_47_21#CSV5,csv_spectrum,0,train
/Users/charleneleung/Documents/dkfz/data/Cat_Pig/Cat_atlas_deox/Cat_0007_kidney_deox/data/P099_OP063_2021_07_18_Experiment1/2021_07_18_14_01_47/_hypergui_1/spectrum_fromCSV1_(500.0-995.0)_masked_data_0_derivative.csv,deox,P099,2021_07_18_14_01_47,P099#2021_07_18_14_01_47#CSV1,csv_spectrum,0,train
/Users/charleneleung/Documents/dkfz/data/Cat_Pig/Cat_atlas_deox/Cat_0007_kidney_deox/data/P099_OP063_2021_07_18_Experiment1/2021_07_18_14_01_47/_hypergui_1/spectrum_fromCSV5_(500.0-995.0)_masked_data_0_derivative.csv,deox,P099,2021_07_18_14_01_47,P099#2021_07_18_14_01_47#CSV5,csv_spectrum,0,train
/Users/charleneleung/Documents/dkfz/data/Cat_Pig/Cat_atlas_deox/Cat_0007_kidney_deox/data/P099_OP063_2021_07_18_Experiment1/2021_07_18_14_02_17/_hypergui_1/spectrum_fromCSV1_(500.0-995.0)_masked_data_0_derivative.csv,deox,P099,2021_07_18_14_02_17,P099#2021_07_18_14_02_17#CSV1,csv_spectrum,0,train
/Users/charleneleung/Documents/dkfz/data/Cat_Pig/Cat_atlas_deox/Cat_0007_kidney_deox/data/P099_OP063_2021_07_18_Experiment1/2021_07_18_14_02_17/_hypergui_1/spectrum_fromCSV5_(500.0-995.0)_masked_data_0_derivative.csv,deox,P099,2021_07_18_14_02_17,P099#2021_07_18_14_02_17#CSV5,csv_spectrum,0,train
/Users/charleneleung/Documents/dkfz/data/Cat_Pig/Cat_atlas_deox/Cat_0007_kidney_deox/data/P099_OP063_2021_07_18_Experiment1/2021_07_18_14_02_47/_hypergui_1/spectrum_fromCSV1_(500.0-995.0)_masked_data_0_derivative.csv,deox,P099,2021_07_18_14_02_47,P099#2021_07_18_14_02_47#CSV1,csv_spectrum,0,train
/Users/charleneleung/Documents/dkfz/data/Cat_Pig/Cat_atlas_deox/Cat_0007_kidney_deox/data/P099_OP063_2021_07_18_Experiment1/2021_07_18_14_02_47/_hypergui_1/spectrum_fromCSV5_(500.0-995.0)_masked_data_0_derivative.csv,deox,P099,2021_07_18_14_02_47,P099#2021_07_18_14_02_47#CSV5,csv_spectrum,0,train
/Users/charleneleung/Documents/dkfz/data/Cat_Pig/Cat_atlas_deox/Cat_0007_kidney_deox/data/P106_OP070_2021_09_09_Experiment1/2021_09_09_16_58_33/_hypergui_1/spectrum_fromCSV1_(500.0-995.0)_masked_data_0_derivative.csv,deox,P106,2021_09_09_16_58_33,P106#2021_09_09_16_58_33#CSV1,csv_spectrum,0,val
/Users/charleneleung/Documents/dkfz/data/Cat_Pig/Cat_atlas_deox/Cat_0007_kidney_deox/data/P106_OP070_2021_09_09_Experiment1/2021_09_09_16_58_33/_hypergui_1/spectrum_fromCSV5_(500.0-995.0)_masked_data_0_derivative.csv,deox,P106,2021_09_09_16_58_33,P106#2021_09_09_16_58_33#CSV5,csv_spectrum,0,val
/Users/charleneleung/Documents/dkfz/data/Cat_Pig/Cat_atlas_deox/Cat_0007_kidney_deox/data/P106_OP070_2021_09_09_Experiment1/2021_09_09_17_01_34/_hypergui_1/spectrum_fromCSV1_(500.0-995.0)_masked_data_0_derivative.csv,deox,P106,2021_09_09_17_01_34,P106#2021_09_09_17_01_34#CSV1,csv_spectrum,0,val
/Users/charleneleung/Documents/dkfz/data/Cat_Pig/Cat_atlas_deox/Cat_0007_kidney_deox/data/P106_OP070_2021_09_09_Experiment1/2021_09_09_17_01_34/_hypergui_1/spectrum_fromCSV5_(500.0-995.0)_masked_data_0_derivative.csv,deox,P106,2021_09_09_17_01_34,P106#2021_09_09_17_01_34#CSV5,csv_spectrum,0,val
/Users/charleneleung/Documents/dkfz/data/Cat_Pig/Cat_atlas_deox/Cat_0007_kidney_deox/data/P106_OP070_2021_09_09_Experiment1/2021_09_09_17_02_04/_hypergui_1/spectrum_fromCSV1_(500.0-995.0)_masked_data_0_derivative.csv,deox,P106,2021_09_09_17_02_04,P106#2021_09_09_17_02_04#CSV1,csv_spectrum,0,val
/Users/charleneleung/Documents/dkfz/data/Cat_Pig/Cat_atlas_deox/Cat_0007_kidney_deox/data/P106_OP070_2021_09_09_Experiment1/2021_09_09_17_02_04/_hypergui_1/spectrum_fromCSV5_(500.0-995.0)_masked_data_0_derivative.csv,deox,P106,2021_09_09_17_02_04,P106#2021_09_09_17_02_04#CSV5,csv_spectrum,0,val
/Users/charleneleung/Documents/dkfz/data/Cat_Pig/Cat_atlas_deox/Cat_0007_kidney_ischem/data/P077_OP041_2021_01_31_Experiment1/2021_01_31_12_57_46/_hypergui_1/spectrum_fromCSV1_(500.0-995.0)_masked_data_0_derivative.csv,ischem,P077,2021_01_31_12_57_46,P077#2021_01_31_12_57_46#CSV1,csv_spectrum,1,train
/Users/charleneleung/Documents/dkfz/data/Cat_Pig/Cat_atlas_deox/Cat_0007_kidney_ischem/data/P077_OP041_2021_01_31_Experiment1/2021_01_31_12_57_46/_hypergui_1/spectrum_fromCSV5_(500.0-995.0)_masked_data_0_derivative.csv,ischem,P077,2021_01_31_12_57_46,P077#2021_01_31_12_57_46#CSV5,csv_spectrum,1,train
/Users/charleneleung/Documents/dkfz/data/Cat_Pig/Cat_atlas_deox/Cat_0007_kidney_ischem/data/P077_OP041_2021_01_31_Experiment1/2021_01_31_12_58_16/_hypergui_1/spectrum_fromCSV1_(500.0-995.0)_masked_data_0_derivative.csv,ischem,P077,2021_01_31_12_58_16,P077#2021_01_31_12_58_16#CSV1,csv_spectrum,1,train
/Users/charleneleung/Documents/dkfz/data/Cat_Pig/Cat_atlas_deox/Cat_0007_kidney_ischem/data/P077_OP041_2021_01_31_Experiment1/2021_01_31_12_58_16/_hypergui_1/spectrum_fromCSV5_(500.0-995.0)_masked_data_0_derivative.csv,ischem,P077,2021_01_31_12_58_16,P077#2021_01_31_12_58_16#CSV5,csv_spectrum,1,train
/Users/charleneleung/Documents/dkfz/data/Cat_Pig/Cat_atlas_deox/Cat_0007_kidney_ischem/data/P077_OP041_2021_01_31_Experiment1/2021_01_31_14_15_32/_hypergui_1/spectrum_fromCSV1_(500.0-995.0)_masked_data_0_derivative.csv,ischem,P077,2021_01_31_14_15_32,P077#2021_01_31_14_15_32#CSV1,csv_spectrum,1,train
/Users/charleneleung/Documents/dkfz/data/Cat_Pig/Cat_atlas_deox/Cat_0007_kidney_ischem/data/P077_OP041_2021_01_31_Experiment1/2021_01_31_14_15_32/_hypergui_1/spectrum_fromCSV5_(500.0-995.0)_masked_data_0_derivative.csv,ischem,P077,2021_01_31_14_15_32,P077#2021_01_31_14_15_32#CSV5,csv_spectrum,1,train
/Users/charleneleung/Documents/dkfz/data/Cat_Pig/Cat_atlas_deox/Cat_0007_kidney_ischem/data/P077_OP041_2021_01_31_Experiment1/2021_01_31_14_16_01/_hypergui_1/spectrum_fromCSV1_(500.0-995.0)_masked_data_0_derivative.csv,ischem,P077,2021_01_31_14_16_01,P077#2021_01_31_14_16_01#CSV1,csv_spectrum,1,train
/Users/charleneleung/Documents/dkfz/data/Cat_Pig/Cat_atlas_deox/Cat_0007_kidney_ischem/data/P077_OP041_2021_01_31_Experiment1/2021_01_31_14_16_01/_hypergui_1/spectrum_fromCSV5_(500.0-995.0)_masked_data_0_derivative.csv,ischem,P077,2021_01_31_14_16_01,P077#2021_01_31_14_16_01#CSV5,csv_spectrum,1,train
/Users/charleneleung/Documents/dkfz/data/Cat_Pig/Cat_atlas_deox/Cat_0007_kidney_ischem/data/P077_OP041_2021_01_31_Experiment1/2021_01_31_14_16_32/_hypergui_1/spectrum_fromCSV1_(500.0-995.0)_masked_data_0_derivative.csv,ischem,P077,2021_01_31_14_16_32,P077#2021_01_31_14_16_32#CSV1,csv_spectrum,1,train
/Users/charleneleung/Documents/dkfz/data/Cat_Pig/Cat_atlas_deox/Cat_0007_kidney_ischem/data/P077_OP041_2021_01_31_Experiment1/2021_01_31_14_16_32/_hypergui_1/spectrum_fromCSV5_(500.0-995.0)_masked_data_0_derivative.csv,ischem,P077,2021_01_31_14_16_32,P077#2021_01_31_14_16_32#CSV5,csv_spectrum,1,train
/Users/charleneleung/Documents/dkfz/data/Cat_Pig/Cat_atlas_deox/Cat_0007_kidney_ischem/data/P077_OP041_2021_01_31_Experiment1/2021_01_31_14_17_02/_hypergui_1/spectrum_fromCSV1_(500.0-995.0)_masked_data_0_derivative.csv,ischem,P077,2021_01_31_14_17_02,P077#2021_01_31_14_17_02#CSV1,csv_spectrum,1,train
/Users/charleneleung/Documents/dkfz/data/Cat_Pig/Cat_atlas_deox/Cat_0007_kidney_ischem/data/P077_OP041_2021_01_31_Experiment1/2021_01_31_14_17_02/_hypergui_1/spectrum_fromCSV5_(500.0-995.0)_masked_data_0_derivative.csv,ischem,P077,2021_01_31_14_17_02,P077#2021_01_31_14_17_02#CSV5,csv_spectrum,1,train
/Users/charleneleung/Documents/dkfz/data/Cat_Pig/Cat_atlas_deox/Cat_0007_kidney_ischem/data/P078_OP042_2021_02_07_Experiment1/2021_02_07_15_17_39/_hypergui_1/spectrum_fromCSV1_(500.0-995.0)_masked_data_0_derivative.csv,ischem,P078,2021_02_07_15_17_39,P078#2021_02_07_15_17_39#CSV1,csv_spectrum,1,val
/Users/charleneleung/Documents/dkfz/data/Cat_Pig/Cat_atlas_deox/Cat_0007_kidney_ischem/data/P078_OP042_2021_02_07_Experiment1/2021_02_07_15_17_39/_hypergui_1/spectrum_fromCSV5_(500.0-995.0)_masked_data_0_derivative.csv,ischem,P078,2021_02_07_15_17_39,P078#2021_02_07_15_17_39#CSV5,csv_spectrum,1,val
/Users/charleneleung/Documents/dkfz/data/Cat_Pig/Cat_atlas_deox/Cat_0007_kidney_ischem/data/P078_OP042_2021_02_07_Experiment1/2021_02_07_15_18_09/_hypergui_1/spectrum_fromCSV1_(500.0-995.0)_masked_data_0_derivative.csv,ischem,P078,2021_02_07_15_18_09,P078#2021_02_07_15_18_09#CSV1,csv_spectrum,1,val
/Users/charleneleung/Documents/dkfz/data/Cat_Pig/Cat_atlas_deox/Cat_0007_kidney_ischem/data/P078_OP042_2021_02_07_Experiment1/2021_02_07_15_18_09/_hypergui_1/spectrum_fromCSV5_(500.0-995.0)_masked_data_0_derivative.csv,ischem,P078,2021_02_07_15_18_09,P078#2021_02_07_15_18_09#CSV5,csv_spectrum,1,val
/Users/charleneleung/Documents/dkfz/data/Cat_Pig/Cat_atlas_deox/Cat_0007_kidney_ischem/data/P078_OP042_2021_02_07_Experiment1/2021_02_07_15_18_39/_hypergui_1/spectrum_fromCSV1_(500.0-995.0)_masked_data_0_derivative.csv,ischem,P078,2021_02_07_15_18_39,P078#2021_02_07_15_18_39#CSV1,csv_spectrum,1,val
/Users/charleneleung/Documents/dkfz/data/Cat_Pig/Cat_atlas_deox/Cat_0007_kidney_ischem/data/P078_OP042_2021_02_07_Experiment1/2021_02_07_15_18_39/_hypergui_1/spectrum_fromCSV5_(500.0-995.0)_masked_data_0_derivative.csv,ischem,P078,2021_02_07_15_18_39,P078#2021_02_07_15_18_39#CSV5,csv_spectrum,1,val
/Users/charleneleung/Documents/dkfz/data/Cat_Pig/Cat_atlas_deox/Cat_0007_kidney_ischem/data/P078_OP042_2021_02_07_Experiment1/2021_02_07_15_19_09/_hypergui_1/spectrum_fromCSV1_(500.0-995.0)_masked_data_0_derivative.csv,ischem,P078,2021_02_07_15_19_09,P078#2021_02_07_15_19_09#CSV1,csv_spectrum,1,val
/Users/charleneleung/Documents/dkfz/data/Cat_Pig/Cat_atlas_deox/Cat_0007_kidney_ischem/data/P078_OP042_2021_02_07_Experiment1/2021_02_07_15_19_09/_hypergui_1/spectrum_fromCSV5_(500.0-995.0)_masked_data_0_derivative.csv,ischem,P078,2021_02_07_15_19_09,P078#2021_02_07_15_19_09#CSV5,csv_spectrum,1,val
/Users/charleneleung/Documents/dkfz/data/Cat_Pig/Cat_atlas_deox/Cat_0007_kidney_ischem/data/P078_OP042_2021_02_07_Experiment1/2021_02_07_15_19_39/_hypergui_1/spectrum_fromCSV1_(500.0-995.0)_masked_data_0_derivative.csv,ischem,P078,2021_02_07_15_19_39,P078#2021_02_07_15_19_39#CSV1,csv_spectrum,1,val
/Users/charleneleung/Documents/dkfz/data/Cat_Pig/Cat_atlas_deox/Cat_0007_kidney_ischem/data/P078_OP042_2021_02_07_Experiment1/2021_02_07_15_19_39/_hypergui_1/spectrum_fromCSV5_(500.0-995.0)_masked_data_0_derivative.csv,ischem,P078,2021_02_07_15_19_39,P078#2021_02_07_15_19_39#CSV5,csv_spectrum,1,val
/Users/charleneleung/Documents/dkfz/data/Cat_Pig/Cat_atlas_deox/Cat_0007_kidney_ischem/data/P078_OP042_2021_02_07_Experiment1/2021_02_07_15_20_09/_hypergui_1/spectrum_fromCSV1_(500.0-995.0)_masked_data_0_derivative.csv,ischem,P078,2021_02_07_15_20_09,P078#2021_02_07_15_20_09#CSV1,csv_spectrum,1,val
/Users/charleneleung/Documents/dkfz/data/Cat_Pig/Cat_atlas_deox/Cat_0007_kidney_ischem/data/P078_OP042_2021_02_07_Experiment1/2021_02_07_15_20_09/_hypergui_1/spectrum_fromCSV5_(500.0-995.0)_masked_data_0_derivative.csv,ischem,P078,2021_02_07_15_20_09,P078#2021_02_07_15_20_09#CSV5,csv_spectrum,1,val
/Users/charleneleung/Documents/dkfz/data/Cat_Pig/Cat_atlas_deox/Cat_0007_kidney_ischem/data/P078_OP042_2021_02_07_Experiment1/2021_02_07_15_45_45/_hypergui_1/spectrum_fromCSV1_(500.0-995.0)_masked_data_0_derivative.csv,ischem,P078,2021_02_07_15_45_45,P078#2021_02_07_15_45_45#CSV1,csv_spectrum,1,val
/Users/charleneleung/Documents/dkfz/data/Cat_Pig/Cat_atlas_deox/Cat_0007_kidney_ischem/data/P078_OP042_2021_02_07_Experiment1/2021_02_07_15_45_45/_hypergui_1/spectrum_fromCSV5_(500.0-995.0)_masked_data_0_derivative.csv,ischem,P078,2021_02_07_15_45_45,P078#2021_02_07_15_45_45#CSV5,csv_spectrum,1,val
/Users/charleneleung/Documents/dkfz/data/Cat_Pig/Cat_atlas_deox/Cat_0007_kidney_ischem/data/P078_OP042_2021_02_07_Experiment1/2021_02_07_15_46_15/_hypergui_1/spectrum_fromCSV1_(500.0-995.0)_masked_data_0_derivative.csv,ischem,P078,2021_02_07_15_46_15,P078#2021_02_07_15_46_15#CSV1,csv_spectrum,1,val
/Users/charleneleung/Documents/dkfz/data/Cat_Pig/Cat_atlas_deox/Cat_0007_kidney_ischem/data/P078_OP042_2021_02_07_Experiment1/2021_02_07_15_46_15/_hypergui_1/spectrum_fromCSV5_(500.0-995.0)_masked_data_0_derivative.csv,ischem,P078,2021_02_07_15_46_15,P078#2021_02_07_15_46_15#CSV5,csv_spectrum,1,val
/Users/charleneleung/Documents/dkfz/data/Cat_Pig/Cat_atlas_deox/Cat_0007_kidney_ischem/data/P078_OP042_2021_02_07_Experiment1/2021_02_07_15_46_45/_hypergui_1/spectrum_fromCSV1_(500.0-995.0)_masked_data_0_derivative.csv,ischem,P078,2021_02_07_15_46_45,P078#2021_02_07_15_46_45#CSV1,csv_spectrum,1,val
/Users/charleneleung/Documents/dkfz/data/Cat_Pig/Cat_atlas_deox/Cat_0007_kidney_ischem/data/P078_OP042_2021_02_07_Experiment1/2021_02_07_15_46_45/_hypergui_1/spectrum_fromCSV5_(500.0-995.0)_masked_data_0_derivative.csv,ischem,P078,2021_02_07_15_46_45,P078#2021_02_07_15_46_45#CSV5,csv_spectrum,1,val
/Users/charleneleung/Documents/dkfz/data/Cat_Pig/Cat_atlas_deox/Cat_0007_kidney_ischem/data/P078_OP042_2021_02_07_Experiment1/2021_02_07_15_47_15/_hypergui_1/spectrum_fromCSV1_(500.0-995.0)_masked_data_0_derivative.csv,ischem,P078,2021_02_07_15_47_15,P078#2021_02_07_15_47_15#CSV1,csv_spectrum,1,val
/Users/charleneleung/Documents/dkfz/data/Cat_Pig/Cat_atlas_deox/Cat_0007_kidney_ischem/data/P078_OP042_2021_02_07_Experiment1/2021_02_07_15_47_15/_hypergui_1/spectrum_fromCSV5_(500.0-995.0)_masked_data_0_derivative.csv,ischem,P078,2021_02_07_15_47_15,P078#2021_02_07_15_47_15#CSV5,csv_spectrum,1,val
/Users/charleneleung/Documents/dkfz/data/Cat_Pig/Cat_atlas_deox/Cat_0007_kidney_ischem/data/P078_OP042_2021_02_07_Experiment1/2021_02_07_15_47_45/_hypergui_1/spectrum_fromCSV1_(500.0-995.0)_masked_data_0_derivative.csv,ischem,P078,2021_02_07_15_47_45,P078#2021_02_07_15_47_45#CSV1,csv_spectrum,1,val
/Users/charleneleung/Documents/dkfz/data/Cat_Pig/Cat_atlas_deox/Cat_0007_kidney_ischem/data/P078_OP042_2021_02_07_Experiment1/2021_02_07_15_47_45/_hypergui_1/spectrum_fromCSV5_(500.0-995.0)_masked_data_0_derivative.csv,ischem,P078,2021_02_07_15_47_45,P078#2021_02_07_15_47_45#CSV5,csv_spectrum,1,val
/Users/charleneleung/Documents/dkfz/data/Cat_Pig/Cat_atlas_deox/Cat_0007_kidney_ischem/data/P078_OP042_2021_02_07_Experiment1/2021_02_07_15_48_15/_hypergui_1/spectrum_fromCSV1_(500.0-995.0)_masked_data_0_derivative.csv,ischem,P078,2021_02_07_15_48_15,P078#2021_02_07_15_48_15#CSV1,csv_spectrum,1,val
/Users/charleneleung/Documents/dkfz/data/Cat_Pig/Cat_atlas_deox/Cat_0007_kidney_ischem/data/P078_OP042_2021_02_07_Experiment1/2021_02_07_15_48_15/_hypergui_1/spectrum_fromCSV5_(500.0-995.0)_masked_data_0_derivative.csv,ischem,P078,2021_02_07_15_48_15,P078#2021_02_07_15_48_15#CSV5,csv_spectrum,1,val
/Users/charleneleung/Documents/dkfz/data/Cat_Pig/Cat_atlas_deox/Cat_0007_kidney_ischem/data/P078_OP042_2021_02_07_Experiment1/2021_02_07_15_53_45/_hypergui_1/spectrum_fromCSV1_(500.0-995.0)_masked_data_0_derivative.csv,ischem,P078,2021_02_07_15_53_45,P078#2021_02_07_15_53_45#CSV1,csv_spectrum,1,val
/Users/charleneleung/Documents/dkfz/data/Cat_Pig/Cat_atlas_deox/Cat_0007_kidney_ischem/data/P078_OP042_2021_02_07_Experiment1/2021_02_07_15_53_45/_hypergui_1/spectrum_fromCSV5_(500.0-995.0)_masked_data_0_derivative.csv,ischem,P078,2021_02_07_15_53_45,P078#2021_02_07_15_53_45#CSV5,csv_spectrum,1,val
/Users/charleneleung/Documents/dkfz/data/Cat_Pig/Cat_atlas_deox/Cat_0007_kidney_ischem/data/P078_OP042_2021_02_07_Experiment1/2021_02_07_15_54_15/_hypergui_1/spectrum_fromCSV1_(500.0-995.0)_masked_data_0_derivative.csv,ischem,P078,2021_02_07_15_54_15,P078#2021_02_07_15_54_15#CSV1,csv_spectrum,1,val
/Users/charleneleung/Documents/dkfz/data/Cat_Pig/Cat_atlas_deox/Cat_0007_kidney_ischem/data/P078_OP042_2021_02_07_Experiment1/2021_02_07_15_54_15/_hypergui_1/spectrum_fromCSV5_(500.0-995.0)_masked_data_0_derivative.csv,ischem,P078,2021_02_07_15_54_15,P078#2021_02_07_15_54_15#CSV5,csv_spectrum,1,val
/Users/charleneleung/Documents/dkfz/data/Cat_Pig/Cat_atlas_deox/Cat_0007_kidney_ischem/data/P078_OP042_2021_02_07_Experiment1/2021_02_07_15_54_46/_hypergui_1/spectrum_fromCSV1_(500.0-995.0)_masked_data_0_derivative.csv,ischem,P078,2021_02_07_15_54_46,P078#2021_02_07_15_54_46#CSV1,csv_spectrum,1,val
/Users/charleneleung/Documents/dkfz/data/Cat_Pig/Cat_atlas_deox/Cat_0007_kidney_ischem/data/P078_OP042_2021_02_07_Experiment1/2021_02_07_15_54_46/_hypergui_1/spectrum_fromCSV5_(500.0-995.0)_masked_data_0_derivative.csv,ischem,P078,2021_02_07_15_54_46,P078#2021_02_07_15_54_46#CSV5,csv_spectrum,1,val
/Users/charleneleung/Documents/dkfz/data/Cat_Pig/Cat_atlas_deox/Cat_0007_kidney_ischem/data/P078_OP042_2021_02_07_Experiment1/2021_02_07_15_55_16/_hypergui_1/spectrum_fromCSV1_(500.0-995.0)_masked_data_0_derivative.csv,ischem,P078,2021_02_07_15_55_16,P078#2021_02_07_15_55_16#CSV1,csv_spectrum,1,val
/Users/charleneleung/Documents/dkfz/data/Cat_Pig/Cat_atlas_deox/Cat_0007_kidney_ischem/data/P078_OP042_2021_02_07_Experiment1/2021_02_07_15_55_16/_hypergui_1/spectrum_fromCSV5_(500.0-995.0)_masked_data_0_derivative.csv,ischem,P078,2021_02_07_15_55_16,P078#2021_02_07_15_55_16#CSV5,csv_spectrum,1,val
/Users/charleneleung/Documents/dkfz/data/Cat_Pig/Cat_atlas_deox/Cat_0007_kidney_ischem/data/P078_OP042_2021_02_07_Experiment1/2021_02_07_16_11_56/_hypergui_1/spectrum_fromCSV1_(500.0-995.0)_masked_data_0_derivative.csv,ischem,P078,2021_02_07_16_11_56,P078#2021_02_07_16_11_56#CSV1,csv_spectrum,1,val
/Users/charleneleung/Documents/dkfz/data/Cat_Pig/Cat_atlas_deox/Cat_0007_kidney_ischem/data/P078_OP042_2021_02_07_Experiment1/2021_02_07_16_11_56/_hypergui_1/spectrum_fromCSV5_(500.0-995.0)_masked_data_0_derivative.csv,ischem,P078,2021_02_07_16_11_56,P078#2021_02_07_16_11_56#CSV5,csv_spectrum,1,val
/Users/charleneleung/Documents/dkfz/data/Cat_Pig/Cat_atlas_deox/Cat_0007_kidney_ischem/data/P078_OP042_2021_02_07_Experiment1/2021_02_07_16_12_26/_hypergui_1/spectrum_fromCSV1_(500.0-995.0)_masked_data_0_derivative.csv,ischem,P078,2021_02_07_16_12_26,P078#2021_02_07_16_12_26#CSV1,csv_spectrum,1,val
/Users/charleneleung/Documents/dkfz/data/Cat_Pig/Cat_atlas_deox/Cat_0007_kidney_ischem/data/P078_OP042_2021_02_07_Experiment1/2021_02_07_16_12_26/_hypergui_1/spectrum_fromCSV5_(500.0-995.0)_masked_data_0_derivative.csv,ischem,P078,2021_02_07_16_12_26,P078#2021_02_07_16_12_26#CSV5,csv_spectrum,1,val
/Users/charleneleung/Documents/dkfz/data/Cat_Pig/Cat_atlas_deox/Cat_0007_kidney_ischem/data/P078_OP042_2021_02_07_Experiment1/2021_02_07_16_12_56/_hypergui_1/spectrum_fromCSV1_(500.0-995.0)_masked_data_0_derivative.csv,ischem,P078,2021_02_07_16_12_56,P078#2021_02_07_16_12_56#CSV1,csv_spectrum,1,val
/Users/charleneleung/Documents/dkfz/data/Cat_Pig/Cat_atlas_deox/Cat_0007_kidney_ischem/data/P078_OP042_2021_02_07_Experiment1/2021_02_07_16_12_56/_hypergui_1/spectrum_fromCSV5_(500.0-995.0)_masked_data_0_derivative.csv,ischem,P078,2021_02_07_16_12_56,P078#2021_02_07_16_12_56#CSV5,csv_spectrum,1,val
/Users/charleneleung/Documents/dkfz/data/Cat_Pig/Cat_atlas_deox/Cat_0007_kidney_ischem/data/P078_OP042_2021_02_07_Experiment1/2021_02_07_16_34_33/_hypergui_1/spectrum_fromCSV1_(500.0-995.0)_masked_data_0_derivative.csv,ischem,P078,2021_02_07_16_34_33,P078#2021_02_07_16_34_33#CSV1,csv_spectrum,1,val
/Users/charleneleung/Documents/dkfz/data/Cat_Pig/Cat_atlas_deox/Cat_0007_kidney_ischem/data/P078_OP042_2021_02_07_Experiment1/2021_02_07_16_34_33/_hypergui_1/spectrum_fromCSV5_(500.0-995.0)_masked_data_0_derivative.csv,ischem,P078,2021_02_07_16_34_33,P078#2021_02_07_16_34_33#CSV5,csv_spectrum,1,val
/Users/charleneleung/Documents/dkfz/data/Cat_Pig/Cat_atlas_deox/Cat_0007_kidney_ischem/data/P078_OP042_2021_02_07_Experiment1/2021_02_07_16_35_03/_hypergui_1/spectrum_fromCSV1_(500.0-995.0)_masked_data_0_derivative.csv,ischem,P078,2021_02_07_16_35_03,P078#2021_02_07_16_35_03#CSV1,csv_spectrum,1,val
/Users/charleneleung/Documents/dkfz/data/Cat_Pig/Cat_atlas_deox/Cat_0007_kidney_ischem/data/P078_OP042_2021_02_07_Experiment1/2021_02_07_16_35_03/_hypergui_1/spectrum_fromCSV5_(500.0-995.0)_masked_data_0_derivative.csv,ischem,P078,2021_02_07_16_35_03,P078#2021_02_07_16_35_03#CSV5,csv_spectrum,1,val
/Users/charleneleung/Documents/dkfz/data/Cat_Pig/Cat_atlas_deox/Cat_0007_kidney_ischem/data/P078_OP042_2021_02_07_Experiment1/2021_02_07_16_35_33/_hypergui_1/spectrum_fromCSV1_(500.0-995.0)_masked_data_0_derivative.csv,ischem,P078,2021_02_07_16_35_33,P078#2021_02_07_16_35_33#CSV1,csv_spectrum,1,val
/Users/charleneleung/Documents/dkfz/data/Cat_Pig/Cat_atlas_deox/Cat_0007_kidney_ischem/data/P078_OP042_2021_02_07_Experiment1/2021_02_07_16_35_33/_hypergui_1/spectrum_fromCSV5_(500.0-995.0)_masked_data_0_derivative.csv,ischem,P078,2021_02_07_16_35_33,P078#2021_02_07_16_35_33#CSV5,csv_spectrum,1,val
/Users/charleneleung/Documents/dkfz/data/Cat_Pig/Cat_atlas_deox/Cat_0007_kidney_ischem/data/P078_OP042_2021_02_07_Experiment1/2021_02_07_16_36_03/_hypergui_1/spectrum_fromCSV1_(500.0-995.0)_masked_data_0_derivative.csv,ischem,P078,2021_02_07_16_36_03,P078#2021_02_07_16_36_03#CSV1,csv_spectrum,1,val
/Users/charleneleung/Documents/dkfz/data/Cat_Pig/Cat_atlas_deox/Cat_0007_kidney_ischem/data/P078_OP042_2021_02_07_Experiment1/2021_02_07_16_36_03/_hypergui_1/spectrum_fromCSV5_(500.0-995.0)_masked_data_0_derivative.csv,ischem,P078,2021_02_07_16_36_03,P078#2021_02_07_16_36_03#CSV5,csv_spectrum,1,val
/Users/charleneleung/Documents/dkfz/data/Cat_Pig/Cat_atlas_deox/Cat_0007_kidney_ischem/data/P078_OP042_2021_02_07_Experiment1/2021_02_07_16_39_03/_hypergui_1/spectrum_fromCSV1_(500.0-995.0)_masked_data_0_derivative.csv,ischem,P078,2021_02_07_16_39_03,P078#2021_02_07_16_39_03#CSV1,csv_spectrum,1,val
/Users/charleneleung/Documents/dkfz/data/Cat_Pig/Cat_atlas_deox/Cat_0007_kidney_ischem/data/P078_OP042_2021_02_07_Experiment1/2021_02_07_16_39_03/_hypergui_1/spectrum_fromCSV5_(500.0-995.0)_masked_data_0_derivative.csv,ischem,P078,2021_02_07_16_39_03,P078#2021_02_07_16_39_03#CSV5,csv_spectrum,1,val
/Users/charleneleung/Documents/dkfz/data/Cat_Pig/Cat_atlas_deox/Cat_0007_kidney_ischem/data/P078_OP042_2021_02_07_Experiment1/2021_02_07_16_39_33/_hypergui_1/spectrum_fromCSV1_(500.0-995.0)_masked_data_0_derivative.csv,ischem,P078,2021_02_07_16_39_33,P078#2021_02_07_16_39_33#CSV1,csv_spectrum,1,val
/Users/charleneleung/Documents/dkfz/data/Cat_Pig/Cat_atlas_deox/Cat_0007_kidney_ischem/data/P078_OP042_2021_02_07_Experiment1/2021_02_07_16_39_33/_hypergui_1/spectrum_fromCSV5_(500.0-995.0)_masked_data_0_derivative.csv,ischem,P078,2021_02_07_16_39_33,P078#2021_02_07_16_39_33#CSV5,csv_spectrum,1,val
/Users/charleneleung/Documents/dkfz/data/Cat_Pig/Cat_atlas_deox/Cat_0007_kidney_ischem/data/P078_OP042_2021_02_07_Experiment1/2021_02_07_16_40_03/_hypergui_1/spectrum_fromCSV1_(500.0-995.0)_masked_data_0_derivative.csv,ischem,P078,2021_02_07_16_40_03,P078#2021_02_07_16_40_03#CSV1,csv_spectrum,1,val
/Users/charleneleung/Documents/dkfz/data/Cat_Pig/Cat_atlas_deox/Cat_0007_kidney_ischem/data/P078_OP042_2021_02_07_Experiment1/2021_02_07_16_40_03/_hypergui_1/spectrum_fromCSV5_(500.0-995.0)_masked_data_0_derivative.csv,ischem,P078,2021_02_07_16_40_03,P078#2021_02_07_16_40_03#CSV5,csv_spectrum,1,val
/Users/charleneleung/Documents/dkfz/data/Cat_Pig/Cat_atlas_deox/Cat_0007_kidney_ischem/data/P078_OP042_2021_02_07_Experiment1/2021_02_07_16_40_33/_hypergui_1/spectrum_fromCSV1_(500.0-995.0)_masked_data_0_derivative.csv,ischem,P078,2021_02_07_16_40_33,P078#2021_02_07_16_40_33#CSV1,csv_spectrum,1,val
/Users/charleneleung/Documents/dkfz/data/Cat_Pig/Cat_atlas_deox/Cat_0007_kidney_ischem/data/P078_OP042_2021_02_07_Experiment1/2021_02_07_16_40_33/_hypergui_1/spectrum_fromCSV5_(500.0-995.0)_masked_data_0_derivative.csv,ischem,P078,2021_02_07_16_40_33,P078#2021_02_07_16_40_33#CSV5,csv_spectrum,1,val
/Users/charleneleung/Documents/dkfz/data/Cat_Pig/Cat_atlas_deox/Cat_0007_kidney_ischem/data/P078_OP042_2021_02_07_Experiment1/2021_02_07_21_36_50/_hypergui_1/spectrum_fromCSV1_(500.0-995.0)_masked_data_0_derivative.csv,ischem,P078,2021_02_07_21_36_50,P078#2021_02_07_21_36_50#CSV1,csv_spectrum,1,val
/Users/charleneleung/Documents/dkfz/data/Cat_Pig/Cat_atlas_deox/Cat_0007_kidney_ischem/data/P078_OP042_2021_02_07_Experiment1/2021_02_07_21_36_50/_hypergui_1/spectrum_fromCSV5_(500.0-995.0)_masked_data_0_derivative.csv,ischem,P078,2021_02_07_21_36_50,P078#2021_02_07_21_36_50#CSV5,csv_spectrum,1,val
/Users/charleneleung/Documents/dkfz/data/Cat_Pig/Cat_atlas_deox/Cat_0007_kidney_ischem/data/P078_OP042_2021_02_07_Experiment1/2021_02_07_21_37_20/_hypergui_1/spectrum_fromCSV1_(500.0-995.0)_masked_data_0_derivative.csv,ischem,P078,2021_02_07_21_37_20,P078#2021_02_07_21_37_20#CSV1,csv_spectrum,1,val
/Users/charleneleung/Documents/dkfz/data/Cat_Pig/Cat_atlas_deox/Cat_0007_kidney_ischem/data/P078_OP042_2021_02_07_Experiment1/2021_02_07_21_37_20/_hypergui_1/spectrum_fromCSV5_(500.0-995.0)_masked_data_0_derivative.csv,ischem,P078,2021_02_07_21_37_20,P078#2021_02_07_21_37_20#CSV5,csv_spectrum,1,val
/Users/charleneleung/Documents/dkfz/data/Cat_Pig/Cat_atlas_deox/Cat_0007_kidney_ischem/data/P079_OP043_2021_02_11_Experiment1/2021_02_11_20_36_57/_hypergui_1/spectrum_fromCSV1_(500.0-995.0)_masked_data_0_derivative.csv,ischem,P079,2021_02_11_20_36_57,P079#2021_02_11_20_36_57#CSV1,csv_spectrum,1,test
/Users/charleneleung/Documents/dkfz/data/Cat_Pig/Cat_atlas_deox/Cat_0007_kidney_ischem/data/P079_OP043_2021_02_11_Experiment1/2021_02_11_20_36_57/_hypergui_1/spectrum_fromCSV5_(500.0-995.0)_masked_data_0_derivative.csv,ischem,P079,2021_02_11_20_36_57,P079#2021_02_11_20_36_57#CSV5,csv_spectrum,1,test
/Users/charleneleung/Documents/dkfz/data/Cat_Pig/Cat_atlas_deox/Cat_0007_kidney_ischem/data/P079_OP043_2021_02_11_Experiment1/2021_02_11_20_37_27/_hypergui_1/spectrum_fromCSV1_(500.0-995.0)_masked_data_0_derivative.csv,ischem,P079,2021_02_11_20_37_27,P079#2021_02_11_20_37_27#CSV1,csv_spectrum,1,test
/Users/charleneleung/Documents/dkfz/data/Cat_Pig/Cat_atlas_deox/Cat_0007_kidney_ischem/data/P079_OP043_2021_02_11_Experiment1/2021_02_11_20_37_27/_hypergui_1/spectrum_fromCSV5_(500.0-995.0)_masked_data_0_derivative.csv,ischem,P079,2021_02_11_20_37_27,P079#2021_02_11_20_37_27#CSV5,csv_spectrum,1,test
/Users/charleneleung/Documents/dkfz/data/Cat_Pig/Cat_atlas_deox/Cat_0007_kidney_ischem/data/P079_OP043_2021_02_11_Experiment1/2021_02_11_22_05_47/_hypergui_1/spectrum_fromCSV1_(500.0-995.0)_masked_data_0_derivative.csv,ischem,P079,2021_02_11_22_05_47,P079#2021_02_11_22_05_47#CSV1,csv_spectrum,1,test
/Users/charleneleung/Documents/dkfz/data/Cat_Pig/Cat_atlas_deox/Cat_0007_kidney_ischem/data/P079_OP043_2021_02_11_Experiment1/2021_02_11_22_05_47/_hypergui_1/spectrum_fromCSV5_(500.0-995.0)_masked_data_0_derivative.csv,ischem,P079,2021_02_11_22_05_47,P079#2021_02_11_22_05_47#CSV5,csv_spectrum,1,test
/Users/charleneleung/Documents/dkfz/data/Cat_Pig/Cat_atlas_deox/Cat_0007_kidney_ischem/data/P079_OP043_2021_02_11_Experiment1/2021_02_11_22_06_17/_hypergui_1/spectrum_fromCSV1_(500.0-995.0)_masked_data_0_derivative.csv,ischem,P079,2021_02_11_22_06_17,P079#2021_02_11_22_06_17#CSV1,csv_spectrum,1,test
/Users/charleneleung/Documents/dkfz/data/Cat_Pig/Cat_atlas_deox/Cat_0007_kidney_ischem/data/P079_OP043_2021_02_11_Experiment1/2021_02_11_22_06_17/_hypergui_1/spectrum_fromCSV5_(500.0-995.0)_masked_data_0_derivative.csv,ischem,P079,2021_02_11_22_06_17,P079#2021_02_11_22_06_17#CSV5,csv_spectrum,1,test
/Users/charleneleung/Documents/dkfz/data/Cat_Pig/Cat_atlas_deox/Cat_0007_kidney_ischem/data/P079_OP043_2021_02_11_Experiment1/2021_02_11_22_06_47/_hypergui_1/spectrum_fromCSV1_(500.0-995.0)_masked_data_0_derivative.csv,ischem,P079,2021_02_11_22_06_47,P079#2021_02_11_22_06_47#CSV1,csv_spectrum,1,test
/Users/charleneleung/Documents/dkfz/data/Cat_Pig/Cat_atlas_deox/Cat_0007_kidney_ischem/data/P079_OP043_2021_02_11_Experiment1/2021_02_11_22_06_47/_hypergui_1/spectrum_fromCSV5_(500.0-995.0)_masked_data_0_derivative.csv,ischem,P079,2021_02_11_22_06_47,P079#2021_02_11_22_06_47#CSV5,csv_spectrum,1,test
/Users/charleneleung/Documents/dkfz/data/Cat_Pig/Cat_atlas_deox/Cat_0007_kidney_ischem/data/P079_OP043_2021_02_11_Experiment1/2021_02_11_22_07_17/_hypergui_1/spectrum_fromCSV1_(500.0-995.0)_masked_data_0_derivative.csv,ischem,P079,2021_02_11_22_07_17,P079#2021_02_11_22_07_17#CSV1,csv_spectrum,1,test
/Users/charleneleung/Documents/dkfz/data/Cat_Pig/Cat_atlas_deox/Cat_0007_kidney_ischem/data/P079_OP043_2021_02_11_Experiment1/2021_02_11_22_07_17/_hypergui_1/spectrum_fromCSV5_(500.0-995.0)_masked_data_0_derivative.csv,ischem,P079,2021_02_11_22_07_17,P079#2021_02_11_22_07_17#CSV5,csv_spectrum,1,test
/Users/charleneleung/Documents/dkfz/data/Cat_Pig/Cat_atlas_deox/Cat_0007_kidney_ischem/data/P079_OP043_2021_02_11_Experiment1/2021_02_11_22_17_18/_hypergui_1/spectrum_fromCSV1_(500.0-995.0)_masked_data_0_derivative.csv,ischem,P079,2021_02_11_22_17_18,P079#2021_02_11_22_17_18#CSV1,csv_spectrum,1,test
/Users/charleneleung/Documents/dkfz/data/Cat_Pig/Cat_atlas_deox/Cat_0007_kidney_ischem/data/P079_OP043_2021_02_11_Experiment1/2021_02_11_22_17_18/_hypergui_1/spectrum_fromCSV5_(500.0-995.0)_masked_data_0_derivative.csv,ischem,P079,2021_02_11_22_17_18,P079#2021_02_11_22_17_18#CSV5,csv_spectrum,1,test
/Users/charleneleung/Documents/dkfz/data/Cat_Pig/Cat_atlas_deox/Cat_0007_kidney_ischem/data/P079_OP043_2021_02_11_Experiment1/2021_02_11_22_17_48/_hypergui_1/spectrum_fromCSV1_(500.0-995.0)_masked_data_0_derivative.csv,ischem,P079,2021_02_11_22_17_48,P079#2021_02_11_22_17_48#CSV1,csv_spectrum,1,test
/Users/charleneleung/Documents/dkfz/data/Cat_Pig/Cat_atlas_deox/Cat_0007_kidney_ischem/data/P079_OP043_2021_02_11_Experiment1/2021_02_11_22_17_48/_hypergui_1/spectrum_fromCSV5_(500.0-995.0)_masked_data_0_derivative.csv,ischem,P079,2021_02_11_22_17_48,P079#2021_02_11_22_17_48#CSV5,csv_spectrum,1,test
/Users/charleneleung/Documents/dkfz/data/Cat_Pig/Cat_atlas_deox/Cat_0007_kidney_ischem/data/P079_OP043_2021_02_11_Experiment1/2021_02_11_22_42_46/_hypergui_1/spectrum_fromCSV1_(500.0-995.0)_masked_data_0_derivative.csv,ischem,P079,2021_02_11_22_42_46,P079#2021_02_11_22_42_46#CSV1,csv_spectrum,1,test
/Users/charleneleung/Documents/dkfz/data/Cat_Pig/Cat_atlas_deox/Cat_0007_kidney_ischem/data/P079_OP043_2021_02_11_Experiment1/2021_02_11_22_42_46/_hypergui_1/spectrum_fromCSV5_(500.0-995.0)_masked_data_0_derivative.csv,ischem,P079,2021_02_11_22_42_46,P079#2021_02_11_22_42_46#CSV5,csv_spectrum,1,test
/Users/charleneleung/Documents/dkfz/data/Cat_Pig/Cat_atlas_deox/Cat_0007_kidney_ischem/data/P080_OP044_2021_02_14_Experiment1/2021_02_14_14_48_45/_hypergui_1/spectrum_fromCSV1_(500.0-995.0)_masked_data_0_derivative.csv,ischem,P080,2021_02_14_14_48_45,P080#2021_02_14_14_48_45#CSV1,csv_spectrum,1,train
/Users/charleneleung/Documents/dkfz/data/Cat_Pig/Cat_atlas_deox/Cat_0007_kidney_ischem/data/P080_OP044_2021_02_14_Experiment1/2021_02_14_14_48_45/_hypergui_1/spectrum_fromCSV5_(500.0-995.0)_masked_data_0_derivative.csv,ischem,P080,2021_02_14_14_48_45,P080#2021_02_14_14_48_45#CSV5,csv_spectrum,1,train
/Users/charleneleung/Documents/dkfz/data/Cat_Pig/Cat_atlas_deox/Cat_0007_kidney_ischem/data/P080_OP044_2021_02_14_Experiment1/2021_02_14_14_49_15/_hypergui_1/spectrum_fromCSV1_(500.0-995.0)_masked_data_0_derivative.csv,ischem,P080,2021_02_14_14_49_15,P080#2021_02_14_14_49_15#CSV1,csv_spectrum,1,train
/Users/charleneleung/Documents/dkfz/data/Cat_Pig/Cat_atlas_deox/Cat_0007_kidney_ischem/data/P080_OP044_2021_02_14_Experiment1/2021_02_14_14_49_15/_hypergui_1/spectrum_fromCSV5_(500.0-995.0)_masked_data_0_derivative.csv,ischem,P080,2021_02_14_14_49_15,P080#2021_02_14_14_49_15#CSV5,csv_spectrum,1,train
/Users/charleneleung/Documents/dkfz/data/Cat_Pig/Cat_atlas_deox/Cat_0007_kidney_ischem/data/P080_OP044_2021_02_14_Experiment1/2021_02_14_15_02_34/_hypergui_1/spectrum_fromCSV1_(500.0-995.0)_masked_data_0_derivative.csv,ischem,P080,2021_02_14_15_02_34,P080#2021_02_14_15_02_34#CSV1,csv_spectrum,1,train
/Users/charleneleung/Documents/dkfz/data/Cat_Pig/Cat_atlas_deox/Cat_0007_kidney_ischem/data/P080_OP044_2021_02_14_Experiment1/2021_02_14_15_02_34/_hypergui_1/spectrum_fromCSV5_(500.0-995.0)_masked_data_0_derivative.csv,ischem,P080,2021_02_14_15_02_34,P080#2021_02_14_15_02_34#CSV5,csv_spectrum,1,train
/Users/charleneleung/Documents/dkfz/data/Cat_Pig/Cat_atlas_deox/Cat_0007_kidney_ischem/data/P080_OP044_2021_02_14_Experiment1/2021_02_14_15_03_04/_hypergui_1/spectrum_fromCSV1_(500.0-995.0)_masked_data_0_derivative.csv,ischem,P080,2021_02_14_15_03_04,P080#2021_02_14_15_03_04#CSV1,csv_spectrum,1,train
/Users/charleneleung/Documents/dkfz/data/Cat_Pig/Cat_atlas_deox/Cat_0007_kidney_ischem/data/P080_OP044_2021_02_14_Experiment1/2021_02_14_15_03_04/_hypergui_1/spectrum_fromCSV5_(500.0-995.0)_masked_data_0_derivative.csv,ischem,P080,2021_02_14_15_03_04,P080#2021_02_14_15_03_04#CSV5,csv_spectrum,1,train
/Users/charleneleung/Documents/dkfz/data/Cat_Pig/Cat_atlas_deox/Cat_0007_kidney_ischem/data/P080_OP044_2021_02_14_Experiment1/2021_02_14_16_23_35/_hypergui_1/spectrum_fromCSV1_(500.0-995.0)_masked_data_0_derivative.csv,ischem,P080,2021_02_14_16_23_35,P080#2021_02_14_16_23_35#CSV1,csv_spectrum,1,train
/Users/charleneleung/Documents/dkfz/data/Cat_Pig/Cat_atlas_deox/Cat_0007_kidney_ischem/data/P080_OP044_2021_02_14_Experiment1/2021_02_14_16_23_35/_hypergui_1/spectrum_fromCSV5_(500.0-995.0)_masked_data_0_derivative.csv,ischem,P080,2021_02_14_16_23_35,P080#2021_02_14_16_23_35#CSV5,csv_spectrum,1,train
/Users/charleneleung/Documents/dkfz/data/Cat_Pig/Cat_atlas_deox/Cat_0007_kidney_ischem/data/P080_OP044_2021_02_14_Experiment1/2021_02_14_16_35_49/_hypergui_1/spectrum_fromCSV1_(500.0-995.0)_masked_data_0_derivative.csv,ischem,P080,2021_02_14_16_35_49,P080#2021_02_14_16_35_49#CSV1,csv_spectrum,1,train
/Users/charleneleung/Documents/dkfz/data/Cat_Pig/Cat_atlas_deox/Cat_0007_kidney_ischem/data/P080_OP044_2021_02_14_Experiment1/2021_02_14_16_35_49/_hypergui_1/spectrum_fromCSV5_(500.0-995.0)_masked_data_0_derivative.csv,ischem,P080,2021_02_14_16_35_49,P080#2021_02_14_16_35_49#CSV5,csv_spectrum,1,train
/Users/charleneleung/Documents/dkfz/data/Cat_Pig/Cat_atlas_deox/Cat_0007_kidney_ischem/data/P080_OP044_2021_02_14_Experiment1/2021_02_14_16_36_19/_hypergui_1/spectrum_fromCSV1_(500.0-995.0)_masked_data_0_derivative.csv,ischem,P080,2021_02_14_16_36_19,P080#2021_02_14_16_36_19#CSV1,csv_spectrum,1,train
/Users/charleneleung/Documents/dkfz/data/Cat_Pig/Cat_atlas_deox/Cat_0007_kidney_ischem/data/P080_OP044_2021_02_14_Experiment1/2021_02_14_16_36_19/_hypergui_1/spectrum_fromCSV5_(500.0-995.0)_masked_data_0_derivative.csv,ischem,P080,2021_02_14_16_36_19,P080#2021_02_14_16_36_19#CSV5,csv_spectrum,1,train
/Users/charleneleung/Documents/dkfz/data/Cat_Pig/Cat_atlas_deox/Cat_0007_kidney_ischem/data/P081_OP045_2021_02_23_Experiment1/2021_02_23_16_27_41/_hypergui_1/spectrum_fromCSV1_(500.0-995.0)_masked_data_0_derivative.csv,ischem,P081,2021_02_23_16_27_41,P081#2021_02_23_16_27_41#CSV1,csv_spectrum,1,train
/Users/charleneleung/Documents/dkfz/data/Cat_Pig/Cat_atlas_deox/Cat_0007_kidney_ischem/data/P081_OP045_2021_02_23_Experiment1/2021_02_23_16_27_41/_hypergui_1/spectrum_fromCSV5_(500.0-995.0)_masked_data_0_derivative.csv,ischem,P081,2021_02_23_16_27_41,P081#2021_02_23_16_27_41#CSV5,csv_spectrum,1,train
/Users/charleneleung/Documents/dkfz/data/Cat_Pig/Cat_atlas_deox/Cat_0007_kidney_ischem/data/P081_OP045_2021_02_23_Experiment1/2021_02_23_16_28_11/_hypergui_1/spectrum_fromCSV1_(500.0-995.0)_masked_data_0_derivative.csv,ischem,P081,2021_02_23_16_28_11,P081#2021_02_23_16_28_11#CSV1,csv_spectrum,1,train
/Users/charleneleung/Documents/dkfz/data/Cat_Pig/Cat_atlas_deox/Cat_0007_kidney_ischem/data/P081_OP045_2021_02_23_Experiment1/2021_02_23_16_28_11/_hypergui_1/spectrum_fromCSV5_(500.0-995.0)_masked_data_0_derivative.csv,ischem,P081,2021_02_23_16_28_11,P081#2021_02_23_16_28_11#CSV5,csv_spectrum,1,train
/Users/charleneleung/Documents/dkfz/data/Cat_Pig/Cat_atlas_deox/Cat_0007_kidney_ischem/data/P081_OP045_2021_02_23_Experiment1/2021_02_23_16_28_41/_hypergui_1/spectrum_fromCSV1_(500.0-995.0)_masked_data_0_derivative.csv,ischem,P081,2021_02_23_16_28_41,P081#2021_02_23_16_28_41#CSV1,csv_spectrum,1,train
/Users/charleneleung/Documents/dkfz/data/Cat_Pig/Cat_atlas_deox/Cat_0007_kidney_ischem/data/P081_OP045_2021_02_23_Experiment1/2021_02_23_16_28_41/_hypergui_1/spectrum_fromCSV5_(500.0-995.0)_masked_data_0_derivative.csv,ischem,P081,2021_02_23_16_28_41,P081#2021_02_23_16_28_41#CSV5,csv_spectrum,1,train
/Users/charleneleung/Documents/dkfz/data/Cat_Pig/Cat_atlas_deox/Cat_0007_kidney_ischem/data/P081_OP045_2021_02_23_Experiment1/2021_02_23_16_48_34/_hypergui_1/spectrum_fromCSV1_(500.0-995.0)_masked_data_0_derivative.csv,ischem,P081,2021_02_23_16_48_34,P081#2021_02_23_16_48_34#CSV1,csv_spectrum,1,train
/Users/charleneleung/Documents/dkfz/data/Cat_Pig/Cat_atlas_deox/Cat_0007_kidney_ischem/data/P081_OP045_2021_02_23_Experiment1/2021_02_23_16_48_34/_hypergui_1/spectrum_fromCSV5_(500.0-995.0)_masked_data_0_derivative.csv,ischem,P081,2021_02_23_16_48_34,P081#2021_02_23_16_48_34#CSV5,csv_spectrum,1,train
/Users/charleneleung/Documents/dkfz/data/Cat_Pig/Cat_atlas_deox/Cat_0007_kidney_ischem/data/P081_OP045_2021_02_23_Experiment1/2021_02_23_16_49_04/_hypergui_1/spectrum_fromCSV1_(500.0-995.0)_masked_data_0_derivative.csv,ischem,P081,2021_02_23_16_49_04,P081#2021_02_23_16_49_04#CSV1,csv_spectrum,1,train
/Users/charleneleung/Documents/dkfz/data/Cat_Pig/Cat_atlas_deox/Cat_0007_kidney_ischem/data/P081_OP045_2021_02_23_Experiment1/2021_02_23_16_49_04/_hypergui_1/spectrum_fromCSV5_(500.0-995.0)_masked_data_0_derivative.csv,ischem,P081,2021_02_23_16_49_04,P081#2021_02_23_16_49_04#CSV5,csv_spectrum,1,train
/Users/charleneleung/Documents/dkfz/data/Cat_Pig/Cat_atlas_deox/Cat_0007_kidney_ischem/data/P081_OP045_2021_02_23_Experiment1/2021_02_23_16_49_34/_hypergui_1/spectrum_fromCSV1_(500.0-995.0)_masked_data_0_derivative.csv,ischem,P081,2021_02_23_16_49_34,P081#2021_02_23_16_49_34#CSV1,csv_spectrum,1,train
/Users/charleneleung/Documents/dkfz/data/Cat_Pig/Cat_atlas_deox/Cat_0007_kidney_ischem/data/P081_OP045_2021_02_23_Experiment1/2021_02_23_16_49_34/_hypergui_1/spectrum_fromCSV5_(500.0-995.0)_masked_data_0_derivative.csv,ischem,P081,2021_02_23_16_49_34,P081#2021_02_23_16_49_34#CSV5,csv_spectrum,1,train
/Users/charleneleung/Documents/dkfz/data/Cat_Pig/Cat_atlas_deox/Cat_0007_kidney_ischem/data/P081_OP045_2021_02_23_Experiment1/2021_02_23_17_12_01/_hypergui_1/spectrum_fromCSV1_(500.0-995.0)_masked_data_0_derivative.csv,ischem,P081,2021_02_23_17_12_01,P081#2021_02_23_17_12_01#CSV1,csv_spectrum,1,train
/Users/charleneleung/Documents/dkfz/data/Cat_Pig/Cat_atlas_deox/Cat_0007_kidney_ischem/data/P081_OP045_2021_02_23_Experiment1/2021_02_23_17_12_01/_hypergui_1/spectrum_fromCSV5_(500.0-995.0)_masked_data_0_derivative.csv,ischem,P081,2021_02_23_17_12_01,P081#2021_02_23_17_12_01#CSV5,csv_spectrum,1,train
/Users/charleneleung/Documents/dkfz/data/Cat_Pig/Cat_atlas_deox/Cat_0007_kidney_ischem/data/P081_OP045_2021_02_23_Experiment1/2021_02_23_17_12_32/_hypergui_1/spectrum_fromCSV1_(500.0-995.0)_masked_data_0_derivative.csv,ischem,P081,2021_02_23_17_12_32,P081#2021_02_23_17_12_32#CSV1,csv_spectrum,1,train
/Users/charleneleung/Documents/dkfz/data/Cat_Pig/Cat_atlas_deox/Cat_0007_kidney_ischem/data/P081_OP045_2021_02_23_Experiment1/2021_02_23_17_12_32/_hypergui_1/spectrum_fromCSV5_(500.0-995.0)_masked_data_0_derivative.csv,ischem,P081,2021_02_23_17_12_32,P081#2021_02_23_17_12_32#CSV5,csv_spectrum,1,train
/Users/charleneleung/Documents/dkfz/data/Cat_Pig/Cat_atlas_deox/Cat_0007_kidney_ischem/data/P081_OP045_2021_02_23_Experiment1/2021_02_23_17_13_02/_hypergui_1/spectrum_fromCSV1_(500.0-995.0)_masked_data_0_derivative.csv,ischem,P081,2021_02_23_17_13_02,P081#2021_02_23_17_13_02#CSV1,csv_spectrum,1,train
/Users/charleneleung/Documents/dkfz/data/Cat_Pig/Cat_atlas_deox/Cat_0007_kidney_ischem/data/P081_OP045_2021_02_23_Experiment1/2021_02_23_17_13_02/_hypergui_1/spectrum_fromCSV5_(500.0-995.0)_masked_data_0_derivative.csv,ischem,P081,2021_02_23_17_13_02,P081#2021_02_23_17_13_02#CSV5,csv_spectrum,1,train
/Users/charleneleung/Documents/dkfz/data/Cat_Pig/Cat_atlas_deox/Cat_0007_kidney_ischem/data/P081_OP045_2021_02_23_Experiment1/2021_02_23_17_13_32/_hypergui_1/spectrum_fromCSV1_(500.0-995.0)_masked_data_0_derivative.csv,ischem,P081,2021_02_23_17_13_32,P081#2021_02_23_17_13_32#CSV1,csv_spectrum,1,train
/Users/charleneleung/Documents/dkfz/data/Cat_Pig/Cat_atlas_deox/Cat_0007_kidney_ischem/data/P081_OP045_2021_02_23_Experiment1/2021_02_23_17_13_32/_hypergui_1/spectrum_fromCSV5_(500.0-995.0)_masked_data_0_derivative.csv,ischem,P081,2021_02_23_17_13_32,P081#2021_02_23_17_13_32#CSV5,csv_spectrum,1,train
/Users/charleneleung/Documents/dkfz/data/Cat_Pig/Cat_atlas_deox/Cat_0007_kidney_ischem/data/P081_OP045_2021_02_23_Experiment1/2021_02_23_17_14_02/_hypergui_1/spectrum_fromCSV1_(500.0-995.0)_masked_data_0_derivative.csv,ischem,P081,2021_02_23_17_14_02,P081#2021_02_23_17_14_02#CSV1,csv_spectrum,1,train
/Users/charleneleung/Documents/dkfz/data/Cat_Pig/Cat_atlas_deox/Cat_0007_kidney_ischem/data/P081_OP045_2021_02_23_Experiment1/2021_02_23_17_14_02/_hypergui_1/spectrum_fromCSV5_(500.0-995.0)_masked_data_0_derivative.csv,ischem,P081,2021_02_23_17_14_02,P081#2021_02_23_17_14_02#CSV5,csv_spectrum,1,train
/Users/charleneleung/Documents/dkfz/data/Cat_Pig/Cat_atlas_deox/Cat_0007_kidney_ischem/data/P081_OP045_2021_02_23_Experiment1/2021_02_23_17_14_32/_hypergui_1/spectrum_fromCSV1_(500.0-995.0)_masked_data_0_derivative.csv,ischem,P081,2021_02_23_17_14_32,P081#2021_02_23_17_14_32#CSV1,csv_spectrum,1,train
/Users/charleneleung/Documents/dkfz/data/Cat_Pig/Cat_atlas_deox/Cat_0007_kidney_ischem/data/P081_OP045_2021_02_23_Experiment1/2021_02_23_17_14_32/_hypergui_1/spectrum_fromCSV5_(500.0-995.0)_masked_data_0_derivative.csv,ischem,P081,2021_02_23_17_14_32,P081#2021_02_23_17_14_32#CSV5,csv_spectrum,1,train
/Users/charleneleung/Documents/dkfz/data/Cat_Pig/Cat_atlas_deox/Cat_0007_kidney_ischem/data/P081_OP045_2021_02_23_Experiment1/2021_02_23_19_30_19/_hypergui_1/spectrum_fromCSV1_(500.0-995.0)_masked_data_0_derivative.csv,ischem,P081,2021_02_23_19_30_19,P081#2021_02_23_19_30_19#CSV1,csv_spectrum,1,train
/Users/charleneleung/Documents/dkfz/data/Cat_Pig/Cat_atlas_deox/Cat_0007_kidney_ischem/data/P081_OP045_2021_02_23_Experiment1/2021_02_23_19_30_19/_hypergui_1/spectrum_fromCSV5_(500.0-995.0)_masked_data_0_derivative.csv,ischem,P081,2021_02_23_19_30_19,P081#2021_02_23_19_30_19#CSV5,csv_spectrum,1,train
/Users/charleneleung/Documents/dkfz/data/Cat_Pig/Cat_atlas_deox/Cat_0007_kidney_ischem/data/P081_OP045_2021_02_23_Experiment1/2021_02_23_19_30_49/_hypergui_1/spectrum_fromCSV1_(500.0-995.0)_masked_data_0_derivative.csv,ischem,P081,2021_02_23_19_30_49,P081#2021_02_23_19_30_49#CSV1,csv_spectrum,1,train
/Users/charleneleung/Documents/dkfz/data/Cat_Pig/Cat_atlas_deox/Cat_0007_kidney_ischem/data/P081_OP045_2021_02_23_Experiment1/2021_02_23_19_30_49/_hypergui_1/spectrum_fromCSV5_(500.0-995.0)_masked_data_0_derivative.csv,ischem,P081,2021_02_23_19_30_49,P081#2021_02_23_19_30_49#CSV5,csv_spectrum,1,train
/Users/charleneleung/Documents/dkfz/data/Cat_Pig/Cat_atlas_deox/Cat_0007_kidney_ischem/data/P081_OP045_2021_02_23_Experiment1/2021_02_23_19_31_19/_hypergui_1/spectrum_fromCSV1_(500.0-995.0)_masked_data_0_derivative.csv,ischem,P081,2021_02_23_19_31_19,P081#2021_02_23_19_31_19#CSV1,csv_spectrum,1,train
/Users/charleneleung/Documents/dkfz/data/Cat_Pig/Cat_atlas_deox/Cat_0007_kidney_ischem/data/P081_OP045_2021_02_23_Experiment1/2021_02_23_19_31_19/_hypergui_1/spectrum_fromCSV5_(500.0-995.0)_masked_data_0_derivative.csv,ischem,P081,2021_02_23_19_31_19,P081#2021_02_23_19_31_19#CSV5,csv_spectrum,1,train
/Users/charleneleung/Documents/dkfz/data/Cat_Pig/Cat_atlas_deox/Cat_0007_kidney_ischem/data/P082_OP046_2021_02_25_Experiment1/2021_02_25_15_17_59/_hypergui_1/spectrum_fromCSV1_(500.0-995.0)_masked_data_0_derivative.csv,ischem,P082,2021_02_25_15_17_59,P082#2021_02_25_15_17_59#CSV1,csv_spectrum,1,train
/Users/charleneleung/Documents/dkfz/data/Cat_Pig/Cat_atlas_deox/Cat_0007_kidney_ischem/data/P082_OP046_2021_02_25_Experiment1/2021_02_25_15_17_59/_hypergui_1/spectrum_fromCSV5_(500.0-995.0)_masked_data_0_derivative.csv,ischem,P082,2021_02_25_15_17_59,P082#2021_02_25_15_17_59#CSV5,csv_spectrum,1,train
/Users/charleneleung/Documents/dkfz/data/Cat_Pig/Cat_atlas_deox/Cat_0007_kidney_ischem/data/P082_OP046_2021_02_25_Experiment1/2021_02_25_15_18_29/_hypergui_1/spectrum_fromCSV1_(500.0-995.0)_masked_data_0_derivative.csv,ischem,P082,2021_02_25_15_18_29,P082#2021_02_25_15_18_29#CSV1,csv_spectrum,1,train
/Users/charleneleung/Documents/dkfz/data/Cat_Pig/Cat_atlas_deox/Cat_0007_kidney_ischem/data/P082_OP046_2021_02_25_Experiment1/2021_02_25_15_18_29/_hypergui_1/spectrum_fromCSV5_(500.0-995.0)_masked_data_0_derivative.csv,ischem,P082,2021_02_25_15_18_29,P082#2021_02_25_15_18_29#CSV5,csv_spectrum,1,train
/Users/charleneleung/Documents/dkfz/data/Cat_Pig/Cat_atlas_deox/Cat_0007_kidney_ischem/data/P082_OP046_2021_02_25_Experiment1/2021_02_25_15_18_59/_hypergui_1/spectrum_fromCSV1_(500.0-995.0)_masked_data_0_derivative.csv,ischem,P082,2021_02_25_15_18_59,P082#2021_02_25_15_18_59#CSV1,csv_spectrum,1,train
/Users/charleneleung/Documents/dkfz/data/Cat_Pig/Cat_atlas_deox/Cat_0007_kidney_ischem/data/P082_OP046_2021_02_25_Experiment1/2021_02_25_15_18_59/_hypergui_1/spectrum_fromCSV5_(500.0-995.0)_masked_data_0_derivative.csv,ischem,P082,2021_02_25_15_18_59,P082#2021_02_25_15_18_59#CSV5,csv_spectrum,1,train
/Users/charleneleung/Documents/dkfz/data/Cat_Pig/Cat_atlas_deox/Cat_0007_kidney_ischem/data/P082_OP046_2021_02_25_Experiment1/2021_02_25_15_43_29/_hypergui_1/spectrum_fromCSV1_(500.0-995.0)_masked_data_0_derivative.csv,ischem,P082,2021_02_25_15_43_29,P082#2021_02_25_15_43_29#CSV1,csv_spectrum,1,train
/Users/charleneleung/Documents/dkfz/data/Cat_Pig/Cat_atlas_deox/Cat_0007_kidney_ischem/data/P082_OP046_2021_02_25_Experiment1/2021_02_25_15_43_29/_hypergui_1/spectrum_fromCSV5_(500.0-995.0)_masked_data_0_derivative.csv,ischem,P082,2021_02_25_15_43_29,P082#2021_02_25_15_43_29#CSV5,csv_spectrum,1,train
/Users/charleneleung/Documents/dkfz/data/Cat_Pig/Cat_atlas_deox/Cat_0007_kidney_ischem/data/P082_OP046_2021_02_25_Experiment1/2021_02_25_15_43_59/_hypergui_1/spectrum_fromCSV1_(500.0-995.0)_masked_data_0_derivative.csv,ischem,P082,2021_02_25_15_43_59,P082#2021_02_25_15_43_59#CSV1,csv_spectrum,1,train
/Users/charleneleung/Documents/dkfz/data/Cat_Pig/Cat_atlas_deox/Cat_0007_kidney_ischem/data/P082_OP046_2021_02_25_Experiment1/2021_02_25_15_43_59/_hypergui_1/spectrum_fromCSV5_(500.0-995.0)_masked_data_0_derivative.csv,ischem,P082,2021_02_25_15_43_59,P082#2021_02_25_15_43_59#CSV5,csv_spectrum,1,train
/Users/charleneleung/Documents/dkfz/data/Cat_Pig/Cat_atlas_deox/Cat_0007_kidney_ischem/data/P082_OP046_2021_02_25_Experiment1/2021_02_25_18_14_19/_hypergui_1/spectrum_fromCSV1_(500.0-995.0)_masked_data_0_derivative.csv,ischem,P082,2021_02_25_18_14_19,P082#2021_02_25_18_14_19#CSV1,csv_spectrum,1,train
/Users/charleneleung/Documents/dkfz/data/Cat_Pig/Cat_atlas_deox/Cat_0007_kidney_ischem/data/P082_OP046_2021_02_25_Experiment1/2021_02_25_18_14_19/_hypergui_1/spectrum_fromCSV5_(500.0-995.0)_masked_data_0_derivative.csv,ischem,P082,2021_02_25_18_14_19,P082#2021_02_25_18_14_19#CSV5,csv_spectrum,1,train
/Users/charleneleung/Documents/dkfz/data/Cat_Pig/Cat_atlas_deox/Cat_0007_kidney_ischem/data/P082_OP046_2021_02_25_Experiment1/2021_02_25_18_14_49/_hypergui_1/spectrum_fromCSV1_(500.0-995.0)_masked_data_0_derivative.csv,ischem,P082,2021_02_25_18_14_49,P082#2021_02_25_18_14_49#CSV1,csv_spectrum,1,train
/Users/charleneleung/Documents/dkfz/data/Cat_Pig/Cat_atlas_deox/Cat_0007_kidney_ischem/data/P082_OP046_2021_02_25_Experiment1/2021_02_25_18_14_49/_hypergui_1/spectrum_fromCSV5_(500.0-995.0)_masked_data_0_derivative.csv,ischem,P082,2021_02_25_18_14_49,P082#2021_02_25_18_14_49#CSV5,csv_spectrum,1,train
/Users/charleneleung/Documents/dkfz/data/Cat_Pig/Cat_atlas_deox/Cat_0007_kidney_ischem/data/P082_OP046_2021_02_25_Experiment1/2021_02_25_18_25_12/_hypergui_1/spectrum_fromCSV1_(500.0-995.0)_masked_data_0_derivative.csv,ischem,P082,2021_02_25_18_25_12,P082#2021_02_25_18_25_12#CSV1,csv_spectrum,1,train
/Users/charleneleung/Documents/dkfz/data/Cat_Pig/Cat_atlas_deox/Cat_0007_kidney_ischem/data/P082_OP046_2021_02_25_Experiment1/2021_02_25_18_25_12/_hypergui_1/spectrum_fromCSV5_(500.0-995.0)_masked_data_0_derivative.csv,ischem,P082,2021_02_25_18_25_12,P082#2021_02_25_18_25_12#CSV5,csv_spectrum,1,train
/Users/charleneleung/Documents/dkfz/data/Cat_Pig/Cat_atlas_deox/Cat_0007_kidney_ischem/data/P082_OP046_2021_02_25_Experiment1/2021_02_25_18_25_42/_hypergui_1/spectrum_fromCSV1_(500.0-995.0)_masked_data_0_derivative.csv,ischem,P082,2021_02_25_18_25_42,P082#2021_02_25_18_25_42#CSV1,csv_spectrum,1,train
/Users/charleneleung/Documents/dkfz/data/Cat_Pig/Cat_atlas_deox/Cat_0007_kidney_ischem/data/P082_OP046_2021_02_25_Experiment1/2021_02_25_18_25_42/_hypergui_1/spectrum_fromCSV5_(500.0-995.0)_masked_data_0_derivative.csv,ischem,P082,2021_02_25_18_25_42,P082#2021_02_25_18_25_42#CSV5,csv_spectrum,1,train
/Users/charleneleung/Documents/dkfz/data/Cat_Pig/Cat_atlas_deox/Cat_0007_kidney_ischem/data/P083_OP047_2021_03_05_Experiment1/2021_03_05_16_42_14/_hypergui_1/spectrum_fromCSV1_(500.0-995.0)_masked_data_0_derivative.csv,ischem,P083,2021_03_05_16_42_14,P083#2021_03_05_16_42_14#CSV1,csv_spectrum,1,test
/Users/charleneleung/Documents/dkfz/data/Cat_Pig/Cat_atlas_deox/Cat_0007_kidney_ischem/data/P083_OP047_2021_03_05_Experiment1/2021_03_05_16_42_14/_hypergui_1/spectrum_fromCSV5_(500.0-995.0)_masked_data_0_derivative.csv,ischem,P083,2021_03_05_16_42_14,P083#2021_03_05_16_42_14#CSV5,csv_spectrum,1,test
/Users/charleneleung/Documents/dkfz/data/Cat_Pig/Cat_atlas_deox/Cat_0007_kidney_ischem/data/P083_OP047_2021_03_05_Experiment1/2021_03_05_16_42_44/_hypergui_1/spectrum_fromCSV1_(500.0-995.0)_masked_data_0_derivative.csv,ischem,P083,2021_03_05_16_42_44,P083#2021_03_05_16_42_44#CSV1,csv_spectrum,1,test
/Users/charleneleung/Documents/dkfz/data/Cat_Pig/Cat_atlas_deox/Cat_0007_kidney_ischem/data/P083_OP047_2021_03_05_Experiment1/2021_03_05_16_42_44/_hypergui_1/spectrum_fromCSV5_(500.0-995.0)_masked_data_0_derivative.csv,ischem,P083,2021_03_05_16_42_44,P083#2021_03_05_16_42_44#CSV5,csv_spectrum,1,test
/Users/charleneleung/Documents/dkfz/data/Cat_Pig/Cat_atlas_deox/Cat_0007_kidney_ischem/data/P083_OP047_2021_03_05_Experiment1/2021_03_05_17_00_08/_hypergui_1/spectrum_fromCSV1_(500.0-995.0)_masked_data_0_derivative.csv,ischem,P083,2021_03_05_17_00_08,P083#2021_03_05_17_00_08#CSV1,csv_spectrum,1,test
/Users/charleneleung/Documents/dkfz/data/Cat_Pig/Cat_atlas_deox/Cat_0007_kidney_ischem/data/P083_OP047_2021_03_05_Experiment1/2021_03_05_17_00_08/_hypergui_1/spectrum_fromCSV5_(500.0-995.0)_masked_data_0_derivative.csv,ischem,P083,2021_03_05_17_00_08,P083#2021_03_05_17_00_08#CSV5,csv_spectrum,1,test
/Users/charleneleung/Documents/dkfz/data/Cat_Pig/Cat_atlas_deox/Cat_0007_kidney_ischem/data/P083_OP047_2021_03_05_Experiment1/2021_03_05_17_00_38/_hypergui_1/spectrum_fromCSV1_(500.0-995.0)_masked_data_0_derivative.csv,ischem,P083,2021_03_05_17_00_38,P083#2021_03_05_17_00_38#CSV1,csv_spectrum,1,test
/Users/charleneleung/Documents/dkfz/data/Cat_Pig/Cat_atlas_deox/Cat_0007_kidney_ischem/data/P083_OP047_2021_03_05_Experiment1/2021_03_05_17_00_38/_hypergui_1/spectrum_fromCSV5_(500.0-995.0)_masked_data_0_derivative.csv,ischem,P083,2021_03_05_17_00_38,P083#2021_03_05_17_00_38#CSV5,csv_spectrum,1,test
/Users/charleneleung/Documents/dkfz/data/Cat_Pig/Cat_atlas_deox/Cat_0007_kidney_ischem/data/P083_OP047_2021_03_05_Experiment1/2021_03_05_17_01_08/_hypergui_1/spectrum_fromCSV1_(500.0-995.0)_masked_data_0_derivative.csv,ischem,P083,2021_03_05_17_01_08,P083#2021_03_05_17_01_08#CSV1,csv_spectrum,1,test
/Users/charleneleung/Documents/dkfz/data/Cat_Pig/Cat_atlas_deox/Cat_0007_kidney_ischem/data/P083_OP047_2021_03_05_Experiment1/2021_03_05_17_01_08/_hypergui_1/spectrum_fromCSV5_(500.0-995.0)_masked_data_0_derivative.csv,ischem,P083,2021_03_05_17_01_08,P083#2021_03_05_17_01_08#CSV5,csv_spectrum,1,test
/Users/charleneleung/Documents/dkfz/data/Cat_Pig/Cat_atlas_deox/Cat_0007_kidney_ischem/data/P083_OP047_2021_03_05_Experiment1/2021_03_05_18_33_55/_hypergui_1/spectrum_fromCSV1_(500.0-995.0)_masked_data_0_derivative.csv,ischem,P083,2021_03_05_18_33_55,P083#2021_03_05_18_33_55#CSV1,csv_spectrum,1,test
/Users/charleneleung/Documents/dkfz/data/Cat_Pig/Cat_atlas_deox/Cat_0007_kidney_ischem/data/P083_OP047_2021_03_05_Experiment1/2021_03_05_18_33_55/_hypergui_1/spectrum_fromCSV5_(500.0-995.0)_masked_data_0_derivative.csv,ischem,P083,2021_03_05_18_33_55,P083#2021_03_05_18_33_55#CSV5,csv_spectrum,1,test
/Users/charleneleung/Documents/dkfz/data/Cat_Pig/Cat_atlas_deox/Cat_0007_kidney_ischem/data/P084_OP048_2021_03_21_Experiment1/2021_03_21_13_02_58/_hypergui_1/spectrum_fromCSV1_(500.0-995.0)_masked_data_0_derivative.csv,ischem,P084,2021_03_21_13_02_58,P084#2021_03_21_13_02_58#CSV1,csv_spectrum,1,train
/Users/charleneleung/Documents/dkfz/data/Cat_Pig/Cat_atlas_deox/Cat_0007_kidney_ischem/data/P084_OP048_2021_03_21_Experiment1/2021_03_21_13_02_58/_hypergui_1/spectrum_fromCSV5_(500.0-995.0)_masked_data_0_derivative.csv,ischem,P084,2021_03_21_13_02_58,P084#2021_03_21_13_02_58#CSV5,csv_spectrum,1,train
/Users/charleneleung/Documents/dkfz/data/Cat_Pig/Cat_atlas_deox/Cat_0007_kidney_ischem/data/P084_OP048_2021_03_21_Experiment1/2021_03_21_13_03_28/_hypergui_1/spectrum_fromCSV1_(500.0-995.0)_masked_data_0_derivative.csv,ischem,P084,2021_03_21_13_03_28,P084#2021_03_21_13_03_28#CSV1,csv_spectrum,1,train
/Users/charleneleung/Documents/dkfz/data/Cat_Pig/Cat_atlas_deox/Cat_0007_kidney_ischem/data/P084_OP048_2021_03_21_Experiment1/2021_03_21_13_03_28/_hypergui_1/spectrum_fromCSV5_(500.0-995.0)_masked_data_0_derivative.csv,ischem,P084,2021_03_21_13_03_28,P084#2021_03_21_13_03_28#CSV5,csv_spectrum,1,train
/Users/charleneleung/Documents/dkfz/data/Cat_Pig/Cat_atlas_deox/Cat_0007_kidney_ischem/data/P084_OP048_2021_03_21_Experiment1/2021_03_21_13_19_14/_hypergui_1/spectrum_fromCSV1_(500.0-995.0)_masked_data_0_derivative.csv,ischem,P084,2021_03_21_13_19_14,P084#2021_03_21_13_19_14#CSV1,csv_spectrum,1,train
/Users/charleneleung/Documents/dkfz/data/Cat_Pig/Cat_atlas_deox/Cat_0007_kidney_ischem/data/P084_OP048_2021_03_21_Experiment1/2021_03_21_13_19_14/_hypergui_1/spectrum_fromCSV5_(500.0-995.0)_masked_data_0_derivative.csv,ischem,P084,2021_03_21_13_19_14,P084#2021_03_21_13_19_14#CSV5,csv_spectrum,1,train
/Users/charleneleung/Documents/dkfz/data/Cat_Pig/Cat_atlas_deox/Cat_0007_kidney_ischem/data/P084_OP048_2021_03_21_Experiment1/2021_03_21_13_19_44/_hypergui_1/spectrum_fromCSV1_(500.0-995.0)_masked_data_0_derivative.csv,ischem,P084,2021_03_21_13_19_44,P084#2021_03_21_13_19_44#CSV1,csv_spectrum,1,train
/Users/charleneleung/Documents/dkfz/data/Cat_Pig/Cat_atlas_deox/Cat_0007_kidney_ischem/data/P084_OP048_2021_03_21_Experiment1/2021_03_21_13_19_44/_hypergui_1/spectrum_fromCSV5_(500.0-995.0)_masked_data_0_derivative.csv,ischem,P084,2021_03_21_13_19_44,P084#2021_03_21_13_19_44#CSV5,csv_spectrum,1,train
/Users/charleneleung/Documents/dkfz/data/Cat_Pig/Cat_atlas_deox/Cat_0007_kidney_ischem/data/P084_OP048_2021_03_21_Experiment1/2021_03_21_14_14_19/_hypergui_1/spectrum_fromCSV1_(500.0-995.0)_masked_data_0_derivative.csv,ischem,P084,2021_03_21_14_14_19,P084#2021_03_21_14_14_19#CSV1,csv_spectrum,1,train
/Users/charleneleung/Documents/dkfz/data/Cat_Pig/Cat_atlas_deox/Cat_0007_kidney_ischem/data/P084_OP048_2021_03_21_Experiment1/2021_03_21_14_14_19/_hypergui_1/spectrum_fromCSV5_(500.0-995.0)_masked_data_0_derivative.csv,ischem,P084,2021_03_21_14_14_19,P084#2021_03_21_14_14_19#CSV5,csv_spectrum,1,train
/Users/charleneleung/Documents/dkfz/data/Cat_Pig/Cat_atlas_deox/Cat_0007_kidney_ischem/data/P084_OP048_2021_03_21_Experiment1/2021_03_21_14_14_49/_hypergui_1/spectrum_fromCSV1_(500.0-995.0)_masked_data_0_derivative.csv,ischem,P084,2021_03_21_14_14_49,P084#2021_03_21_14_14_49#CSV1,csv_spectrum,1,train
/Users/charleneleung/Documents/dkfz/data/Cat_Pig/Cat_atlas_deox/Cat_0007_kidney_ischem/data/P084_OP048_2021_03_21_Experiment1/2021_03_21_14_14_49/_hypergui_1/spectrum_fromCSV5_(500.0-995.0)_masked_data_0_derivative.csv,ischem,P084,2021_03_21_14_14_49,P084#2021_03_21_14_14_49#CSV5,csv_spectrum,1,train
/Users/charleneleung/Documents/dkfz/data/Cat_Pig/Cat_atlas_deox/Cat_0007_kidney_ischem/data/P084_OP048_2021_03_21_Experiment1/2021_03_21_14_33_33/_hypergui_1/spectrum_fromCSV1_(500.0-995.0)_masked_data_0_derivative.csv,ischem,P084,2021_03_21_14_33_33,P084#2021_03_21_14_33_33#CSV1,csv_spectrum,1,train
/Users/charleneleung/Documents/dkfz/data/Cat_Pig/Cat_atlas_deox/Cat_0007_kidney_ischem/data/P084_OP048_2021_03_21_Experiment1/2021_03_21_14_33_33/_hypergui_1/spectrum_fromCSV5_(500.0-995.0)_masked_data_0_derivative.csv,ischem,P084,2021_03_21_14_33_33,P084#2021_03_21_14_33_33#CSV5,csv_spectrum,1,train
/Users/charleneleung/Documents/dkfz/data/Cat_Pig/Cat_atlas_deox/Cat_0007_kidney_ischem/data/P085_OP049_2021_04_10_Experiment1/2021_04_10_16_37_44/_hypergui_1/spectrum_fromCSV1_(500.0-995.0)_masked_data_0_derivative.csv,ischem,P085,2021_04_10_16_37_44,P085#2021_04_10_16_37_44#CSV1,csv_spectrum,1,test
/Users/charleneleung/Documents/dkfz/data/Cat_Pig/Cat_atlas_deox/Cat_0007_kidney_ischem/data/P085_OP049_2021_04_10_Experiment1/2021_04_10_16_37_44/_hypergui_1/spectrum_fromCSV5_(500.0-995.0)_masked_data_0_derivative.csv,ischem,P085,2021_04_10_16_37_44,P085#2021_04_10_16_37_44#CSV5,csv_spectrum,1,test
/Users/charleneleung/Documents/dkfz/data/Cat_Pig/Cat_atlas_deox/Cat_0007_kidney_ischem/data/P085_OP049_2021_04_10_Experiment1/2021_04_10_16_38_14/_hypergui_1/spectrum_fromCSV1_(500.0-995.0)_masked_data_0_derivative.csv,ischem,P085,2021_04_10_16_38_14,P085#2021_04_10_16_38_14#CSV1,csv_spectrum,1,test
/Users/charleneleung/Documents/dkfz/data/Cat_Pig/Cat_atlas_deox/Cat_0007_kidney_ischem/data/P085_OP049_2021_04_10_Experiment1/2021_04_10_16_38_14/_hypergui_1/spectrum_fromCSV5_(500.0-995.0)_masked_data_0_derivative.csv,ischem,P085,2021_04_10_16_38_14,P085#2021_04_10_16_38_14#CSV5,csv_spectrum,1,test
/Users/charleneleung/Documents/dkfz/data/Cat_Pig/Cat_atlas_deox/Cat_0007_kidney_ischem/data/P085_OP049_2021_04_10_Experiment1/2021_04_10_16_52_50/_hypergui_1/spectrum_fromCSV1_(500.0-995.0)_masked_data_0_derivative.csv,ischem,P085,2021_04_10_16_52_50,P085#2021_04_10_16_52_50#CSV1,csv_spectrum,1,test
/Users/charleneleung/Documents/dkfz/data/Cat_Pig/Cat_atlas_deox/Cat_0007_kidney_ischem/data/P085_OP049_2021_04_10_Experiment1/2021_04_10_16_52_50/_hypergui_1/spectrum_fromCSV5_(500.0-995.0)_masked_data_0_derivative.csv,ischem,P085,2021_04_10_16_52_50,P085#2021_04_10_16_52_50#CSV5,csv_spectrum,1,test
/Users/charleneleung/Documents/dkfz/data/Cat_Pig/Cat_atlas_deox/Cat_0007_kidney_ischem/data/P085_OP049_2021_04_10_Experiment1/2021_04_10_17_54_11/_hypergui_1/spectrum_fromCSV1_(500.0-995.0)_masked_data_0_derivative.csv,ischem,P085,2021_04_10_17_54_11,P085#2021_04_10_17_54_11#CSV1,csv_spectrum,1,test
/Users/charleneleung/Documents/dkfz/data/Cat_Pig/Cat_atlas_deox/Cat_0007_kidney_ischem/data/P085_OP049_2021_04_10_Experiment1/2021_04_10_17_54_11/_hypergui_1/spectrum_fromCSV5_(500.0-995.0)_masked_data_0_derivative.csv,ischem,P085,2021_04_10_17_54_11,P085#2021_04_10_17_54_11#CSV5,csv_spectrum,1,test
/Users/charleneleung/Documents/dkfz/data/Cat_Pig/Cat_atlas_deox/Cat_0007_kidney_ischem/data/P085_OP049_2021_04_10_Experiment1/2021_04_10_17_54_41/_hypergui_1/spectrum_fromCSV1_(500.0-995.0)_masked_data_0_derivative.csv,ischem,P085,2021_04_10_17_54_41,P085#2021_04_10_17_54_41#CSV1,csv_spectrum,1,test
/Users/charleneleung/Documents/dkfz/data/Cat_Pig/Cat_atlas_deox/Cat_0007_kidney_ischem/data/P085_OP049_2021_04_10_Experiment1/2021_04_10_17_54_41/_hypergui_1/spectrum_fromCSV5_(500.0-995.0)_masked_data_0_derivative.csv,ischem,P085,2021_04_10_17_54_41,P085#2021_04_10_17_54_41#CSV5,csv_spectrum,1,test
/Users/charleneleung/Documents/dkfz/data/Cat_Pig/Cat_atlas_deox/Cat_0007_kidney_ischem/data/P085_OP049_2021_04_10_Experiment1/2021_04_10_17_55_04/_hypergui_1/spectrum_fromCSV1_(500.0-995.0)_masked_data_0_derivative.csv,ischem,P085,2021_04_10_17_55_04,P085#2021_04_10_17_55_04#CSV1,csv_spectrum,1,test
/Users/charleneleung/Documents/dkfz/data/Cat_Pig/Cat_atlas_deox/Cat_0007_kidney_ischem/data/P085_OP049_2021_04_10_Experiment1/2021_04_10_17_55_04/_hypergui_1/spectrum_fromCSV5_(500.0-995.0)_masked_data_0_derivative.csv,ischem,P085,2021_04_10_17_55_04,P085#2021_04_10_17_55_04#CSV5,csv_spectrum,1,test
/Users/charleneleung/Documents/dkfz/data/Cat_Pig/Cat_atlas_deox/Cat_0007_kidney_ischem/data/P085_OP049_2021_04_10_Experiment1/2021_04_10_18_05_26/_hypergui_1/spectrum_fromCSV1_(500.0-995.0)_masked_data_0_derivative.csv,ischem,P085,2021_04_10_18_05_26,P085#2021_04_10_18_05_26#CSV1,csv_spectrum,1,test
/Users/charleneleung/Documents/dkfz/data/Cat_Pig/Cat_atlas_deox/Cat_0007_kidney_ischem/data/P085_OP049_2021_04_10_Experiment1/2021_04_10_18_05_26/_hypergui_1/spectrum_fromCSV5_(500.0-995.0)_masked_data_0_derivative.csv,ischem,P085,2021_04_10_18_05_26,P085#2021_04_10_18_05_26#CSV5,csv_spectrum,1,test
/Users/charleneleung/Documents/dkfz/data/Cat_Pig/Cat_atlas_deox/Cat_0007_kidney_ischem/data/P085_OP049_2021_04_10_Experiment1/2021_04_10_18_05_56/_hypergui_1/spectrum_fromCSV1_(500.0-995.0)_masked_data_0_derivative.csv,ischem,P085,2021_04_10_18_05_56,P085#2021_04_10_18_05_56#CSV1,csv_spectrum,1,test
/Users/charleneleung/Documents/dkfz/data/Cat_Pig/Cat_atlas_deox/Cat_0007_kidney_ischem/data/P085_OP049_2021_04_10_Experiment1/2021_04_10_18_05_56/_hypergui_1/spectrum_fromCSV5_(500.0-995.0)_masked_data_0_derivative.csv,ischem,P085,2021_04_10_18_05_56,P085#2021_04_10_18_05_56#CSV5,csv_spectrum,1,test
/Users/charleneleung/Documents/dkfz/data/Cat_Pig/Cat_atlas_deox/Cat_0007_kidney_ischem/data/P091_OP055_2021_04_24_Experiment1/2021_04_24_16_18_50/_hypergui_1/spectrum_fromCSV1_(500.0-995.0)_masked_data_0_derivative.csv,ischem,P091,2021_04_24_16_18_50,P091#2021_04_24_16_18_50#CSV1,csv_spectrum,1,train
/Users/charleneleung/Documents/dkfz/data/Cat_Pig/Cat_atlas_deox/Cat_0007_kidney_ischem/data/P091_OP055_2021_04_24_Experiment1/2021_04_24_16_18_50/_hypergui_1/spectrum_fromCSV5_(500.0-995.0)_masked_data_0_derivative.csv,ischem,P091,2021_04_24_16_18_50,P091#2021_04_24_16_18_50#CSV5,csv_spectrum,1,train
/Users/charleneleung/Documents/dkfz/data/Cat_Pig/Cat_atlas_deox/Cat_0007_kidney_ischem/data/P091_OP055_2021_04_24_Experiment1/2021_04_24_16_19_20/_hypergui_1/spectrum_fromCSV1_(500.0-995.0)_masked_data_0_derivative.csv,ischem,P091,2021_04_24_16_19_20,P091#2021_04_24_16_19_20#CSV1,csv_spectrum,1,train
/Users/charleneleung/Documents/dkfz/data/Cat_Pig/Cat_atlas_deox/Cat_0007_kidney_ischem/data/P091_OP055_2021_04_24_Experiment1/2021_04_24_16_19_20/_hypergui_1/spectrum_fromCSV5_(500.0-995.0)_masked_data_0_derivative.csv,ischem,P091,2021_04_24_16_19_20,P091#2021_04_24_16_19_20#CSV5,csv_spectrum,1,train
/Users/charleneleung/Documents/dkfz/data/Cat_Pig/Cat_atlas_deox/Cat_0007_kidney_ischem/data/P095_OP059_2021_05_02_Experiment1/2021_05_02_13_53_41/_hypergui_1/spectrum_fromCSV1_(500.0-995.0)_masked_data_0_derivative.csv,ischem,P095,2021_05_02_13_53_41,P095#2021_05_02_13_53_41#CSV1,csv_spectrum,1,train
/Users/charleneleung/Documents/dkfz/data/Cat_Pig/Cat_atlas_deox/Cat_0007_kidney_ischem/data/P095_OP059_2021_05_02_Experiment1/2021_05_02_13_53_41/_hypergui_1/spectrum_fromCSV5_(500.0-995.0)_masked_data_0_derivative.csv,ischem,P095,2021_05_02_13_53_41,P095#2021_05_02_13_53_41#CSV5,csv_spectrum,1,train
/Users/charleneleung/Documents/dkfz/data/Cat_Pig/Cat_atlas_deox/Cat_0007_kidney_ischem/data/P095_OP059_2021_05_02_Experiment1/2021_05_02_13_54_11/_hypergui_1/spectrum_fromCSV1_(500.0-995.0)_masked_data_0_derivative.csv,ischem,P095,2021_05_02_13_54_11,P095#2021_05_02_13_54_11#CSV1,csv_spectrum,1,train
/Users/charleneleung/Documents/dkfz/data/Cat_Pig/Cat_atlas_deox/Cat_0007_kidney_ischem/data/P095_OP059_2021_05_02_Experiment1/2021_05_02_13_54_11/_hypergui_1/spectrum_fromCSV5_(500.0-995.0)_masked_data_0_derivative.csv,ischem,P095,2021_05_02_13_54_11,P095#2021_05_02_13_54_11#CSV5,csv_spectrum,1,train
/Users/charleneleung/Documents/dkfz/data/Cat_Pig/Cat_atlas_deox/Cat_0007_kidney_ischem/data/P095_OP059_2021_05_02_Experiment1/2021_05_02_14_05_45/_hypergui_1/spectrum_fromCSV1_(500.0-995.0)_masked_data_0_derivative.csv,ischem,P095,2021_05_02_14_05_45,P095#2021_05_02_14_05_45#CSV1,csv_spectrum,1,train
/Users/charleneleung/Documents/dkfz/data/Cat_Pig/Cat_atlas_deox/Cat_0007_kidney_ischem/data/P095_OP059_2021_05_02_Experiment1/2021_05_02_14_05_45/_hypergui_1/spectrum_fromCSV5_(500.0-995.0)_masked_data_0_derivative.csv,ischem,P095,2021_05_02_14_05_45,P095#2021_05_02_14_05_45#CSV5,csv_spectrum,1,train
/Users/charleneleung/Documents/dkfz/data/Cat_Pig/Cat_atlas_deox/Cat_0007_kidney_ischem/data/P095_OP059_2021_05_02_Experiment1/2021_05_02_14_06_15/_hypergui_1/spectrum_fromCSV1_(500.0-995.0)_masked_data_0_derivative.csv,ischem,P095,2021_05_02_14_06_15,P095#2021_05_02_14_06_15#CSV1,csv_spectrum,1,train
/Users/charleneleung/Documents/dkfz/data/Cat_Pig/Cat_atlas_deox/Cat_0007_kidney_ischem/data/P095_OP059_2021_05_02_Experiment1/2021_05_02_14_06_15/_hypergui_1/spectrum_fromCSV5_(500.0-995.0)_masked_data_0_derivative.csv,ischem,P095,2021_05_02_14_06_15,P095#2021_05_02_14_06_15#CSV5,csv_spectrum,1,train
/Users/charleneleung/Documents/dkfz/data/Cat_Pig/Cat_atlas_deox/Cat_0007_kidney_ischem/data/P095_OP059_2021_05_02_Experiment1/2021_05_02_15_50_30/_hypergui_1/spectrum_fromCSV1_(500.0-995.0)_masked_data_0_derivative.csv,ischem,P095,2021_05_02_15_50_30,P095#2021_05_02_15_50_30#CSV1,csv_spectrum,1,train
/Users/charleneleung/Documents/dkfz/data/Cat_Pig/Cat_atlas_deox/Cat_0007_kidney_ischem/data/P095_OP059_2021_05_02_Experiment1/2021_05_02_15_50_30/_hypergui_1/spectrum_fromCSV5_(500.0-995.0)_masked_data_0_derivative.csv,ischem,P095,2021_05_02_15_50_30,P095#2021_05_02_15_50_30#CSV5,csv_spectrum,1,train
/Users/charleneleung/Documents/dkfz/data/Cat_Pig/Cat_atlas_deox/Cat_0007_kidney_ischem/data/P095_OP059_2021_05_02_Experiment1/2021_05_02_15_51_00/_hypergui_1/spectrum_fromCSV1_(500.0-995.0)_masked_data_0_derivative.csv,ischem,P095,2021_05_02_15_51_00,P095#2021_05_02_15_51_00#CSV1,csv_spectrum,1,train
/Users/charleneleung/Documents/dkfz/data/Cat_Pig/Cat_atlas_deox/Cat_0007_kidney_ischem/data/P095_OP059_2021_05_02_Experiment1/2021_05_02_15_51_00/_hypergui_1/spectrum_fromCSV5_(500.0-995.0)_masked_data_0_derivative.csv,ischem,P095,2021_05_02_15_51_00,P095#2021_05_02_15_51_00#CSV5,csv_spectrum,1,train
/Users/charleneleung/Documents/dkfz/data/Cat_Pig/Cat_atlas_deox/Cat_0007_kidney_ischem/data/P095_OP059_2021_05_02_Experiment1/2021_05_02_16_03_36/_hypergui_1/spectrum_fromCSV1_(500.0-995.0)_masked_data_0_derivative.csv,ischem,P095,2021_05_02_16_03_36,P095#2021_05_02_16_03_36#CSV1,csv_spectrum,1,train
/Users/charleneleung/Documents/dkfz/data/Cat_Pig/Cat_atlas_deox/Cat_0007_kidney_ischem/data/P095_OP059_2021_05_02_Experiment1/2021_05_02_16_03_36/_hypergui_1/spectrum_fromCSV5_(500.0-995.0)_masked_data_0_derivative.csv,ischem,P095,2021_05_02_16_03_36,P095#2021_05_02_16_03_36#CSV5,csv_spectrum,1,train
/Users/charleneleung/Documents/dkfz/data/Cat_Pig/Cat_atlas_deox/Cat_0007_kidney_ischem/data/P095_OP059_2021_05_02_Experiment1/2021_05_02_16_04_06/_hypergui_1/spectrum_fromCSV1_(500.0-995.0)_masked_data_0_derivative.csv,ischem,P095,2021_05_02_16_04_06,P095#2021_05_02_16_04_06#CSV1,csv_spectrum,1,train
/Users/charleneleung/Documents/dkfz/data/Cat_Pig/Cat_atlas_deox/Cat_0007_kidney_ischem/data/P095_OP059_2021_05_02_Experiment1/2021_05_02_16_04_06/_hypergui_1/spectrum_fromCSV5_(500.0-995.0)_masked_data_0_derivative.csv,ischem,P095,2021_05_02_16_04_06,P095#2021_05_02_16_04_06#CSV5,csv_spectrum,1,train
/Users/charleneleung/Documents/dkfz/data/Cat_Pig/Cat_atlas_deox/Cat_0007_kidney_ischem/data/P096_OP060_2021_05_06_Experiment1/2021_05_06_10_11_09/_hypergui_1/spectrum_fromCSV1_(500.0-995.0)_masked_data_0_derivative.csv,ischem,P096,2021_05_06_10_11_09,P096#2021_05_06_10_11_09#CSV1,csv_spectrum,1,train
/Users/charleneleung/Documents/dkfz/data/Cat_Pig/Cat_atlas_deox/Cat_0007_kidney_ischem/data/P096_OP060_2021_05_06_Experiment1/2021_05_06_10_11_09/_hypergui_1/spectrum_fromCSV5_(500.0-995.0)_masked_data_0_derivative.csv,ischem,P096,2021_05_06_10_11_09,P096#2021_05_06_10_11_09#CSV5,csv_spectrum,1,train
/Users/charleneleung/Documents/dkfz/data/Cat_Pig/Cat_atlas_deox/Cat_0007_kidney_ischem/data/P096_OP060_2021_05_06_Experiment1/2021_05_06_10_11_39/_hypergui_1/spectrum_fromCSV1_(500.0-995.0)_masked_data_0_derivative.csv,ischem,P096,2021_05_06_10_11_39,P096#2021_05_06_10_11_39#CSV1,csv_spectrum,1,train
/Users/charleneleung/Documents/dkfz/data/Cat_Pig/Cat_atlas_deox/Cat_0007_kidney_ischem/data/P096_OP060_2021_05_06_Experiment1/2021_05_06_10_11_39/_hypergui_1/spectrum_fromCSV5_(500.0-995.0)_masked_data_0_derivative.csv,ischem,P096,2021_05_06_10_11_39,P096#2021_05_06_10_11_39#CSV5,csv_spectrum,1,train
/Users/charleneleung/Documents/dkfz/data/Cat_Pig/Cat_atlas_deox/Cat_0007_kidney_ischem/data/P096_OP060_2021_05_06_Experiment1/2021_05_06_10_12_09/_hypergui_1/spectrum_fromCSV1_(500.0-995.0)_masked_data_0_derivative.csv,ischem,P096,2021_05_06_10_12_09,P096#2021_05_06_10_12_09#CSV1,csv_spectrum,1,train
/Users/charleneleung/Documents/dkfz/data/Cat_Pig/Cat_atlas_deox/Cat_0007_kidney_ischem/data/P096_OP060_2021_05_06_Experiment1/2021_05_06_10_12_09/_hypergui_1/spectrum_fromCSV5_(500.0-995.0)_masked_data_0_derivative.csv,ischem,P096,2021_05_06_10_12_09,P096#2021_05_06_10_12_09#CSV5,csv_spectrum,1,train
/Users/charleneleung/Documents/dkfz/data/Cat_Pig/Cat_atlas_deox/Cat_0007_kidney_ischem/data/P096_OP060_2021_05_06_Experiment1/2021_05_06_10_21_09/_hypergui_1/spectrum_fromCSV1_(500.0-995.0)_masked_data_0_derivative.csv,ischem,P096,2021_05_06_10_21_09,P096#2021_05_06_10_21_09#CSV1,csv_spectrum,1,train
/Users/charleneleung/Documents/dkfz/data/Cat_Pig/Cat_atlas_deox/Cat_0007_kidney_ischem/data/P096_OP060_2021_05_06_Experiment1/2021_05_06_10_21_09/_hypergui_1/spectrum_fromCSV5_(500.0-995.0)_masked_data_0_derivative.csv,ischem,P096,2021_05_06_10_21_09,P096#2021_05_06_10_21_09#CSV5,csv_spectrum,1,train
/Users/charleneleung/Documents/dkfz/data/Cat_Pig/Cat_atlas_deox/Cat_0007_kidney_ischem/data/P096_OP060_2021_05_06_Experiment1/2021_05_06_10_21_39/_hypergui_1/spectrum_fromCSV1_(500.0-995.0)_masked_data_0_derivative.csv,ischem,P096,2021_05_06_10_21_39,P096#2021_05_06_10_21_39#CSV1,csv_spectrum,1,train
/Users/charleneleung/Documents/dkfz/data/Cat_Pig/Cat_atlas_deox/Cat_0007_kidney_ischem/data/P096_OP060_2021_05_06_Experiment1/2021_05_06_10_21_39/_hypergui_1/spectrum_fromCSV5_(500.0-995.0)_masked_data_0_derivative.csv,ischem,P096,2021_05_06_10_21_39,P096#2021_05_06_10_21_39#CSV5,csv_spectrum,1,train
/Users/charleneleung/Documents/dkfz/data/Cat_Pig/Cat_atlas_deox/Cat_0007_kidney_ischem/data/P096_OP060_2021_05_06_Experiment1/2021_05_06_10_22_10/_hypergui_1/spectrum_fromCSV1_(500.0-995.0)_masked_data_0_derivative.csv,ischem,P096,2021_05_06_10_22_10,P096#2021_05_06_10_22_10#CSV1,csv_spectrum,1,train
/Users/charleneleung/Documents/dkfz/data/Cat_Pig/Cat_atlas_deox/Cat_0007_kidney_ischem/data/P096_OP060_2021_05_06_Experiment1/2021_05_06_10_22_10/_hypergui_1/spectrum_fromCSV5_(500.0-995.0)_masked_data_0_derivative.csv,ischem,P096,2021_05_06_10_22_10,P096#2021_05_06_10_22_10#CSV5,csv_spectrum,1,train
/Users/charleneleung/Documents/dkfz/data/Cat_Pig/Cat_atlas_deox/Cat_0007_kidney_ischem/data/P096_OP060_2021_05_06_Experiment1/2021_05_06_11_28_29/_hypergui_1/spectrum_fromCSV1_(500.0-995.0)_masked_data_0_derivative.csv,ischem,P096,2021_05_06_11_28_29,P096#2021_05_06_11_28_29#CSV1,csv_spectrum,1,train
/Users/charleneleung/Documents/dkfz/data/Cat_Pig/Cat_atlas_deox/Cat_0007_kidney_ischem/data/P096_OP060_2021_05_06_Experiment1/2021_05_06_11_28_29/_hypergui_1/spectrum_fromCSV5_(500.0-995.0)_masked_data_0_derivative.csv,ischem,P096,2021_05_06_11_28_29,P096#2021_05_06_11_28_29#CSV5,csv_spectrum,1,train
/Users/charleneleung/Documents/dkfz/data/Cat_Pig/Cat_atlas_deox/Cat_0007_kidney_ischem/data/P096_OP060_2021_05_06_Experiment1/2021_05_06_11_28_59/_hypergui_1/spectrum_fromCSV1_(500.0-995.0)_masked_data_0_derivative.csv,ischem,P096,2021_05_06_11_28_59,P096#2021_05_06_11_28_59#CSV1,csv_spectrum,1,train
/Users/charleneleung/Documents/dkfz/data/Cat_Pig/Cat_atlas_deox/Cat_0007_kidney_ischem/data/P096_OP060_2021_05_06_Experiment1/2021_05_06_11_28_59/_hypergui_1/spectrum_fromCSV5_(500.0-995.0)_masked_data_0_derivative.csv,ischem,P096,2021_05_06_11_28_59,P096#2021_05_06_11_28_59#CSV5,csv_spectrum,1,train
/Users/charleneleung/Documents/dkfz/data/Cat_Pig/Cat_atlas_deox/Cat_0007_kidney_ischem/data/P096_OP060_2021_05_06_Experiment1/2021_05_06_11_39_53/_hypergui_1/spectrum_fromCSV1_(500.0-995.0)_masked_data_0_derivative.csv,ischem,P096,2021_05_06_11_39_53,P096#2021_05_06_11_39_53#CSV1,csv_spectrum,1,train
/Users/charleneleung/Documents/dkfz/data/Cat_Pig/Cat_atlas_deox/Cat_0007_kidney_ischem/data/P096_OP060_2021_05_06_Experiment1/2021_05_06_11_39_53/_hypergui_1/spectrum_fromCSV5_(500.0-995.0)_masked_data_0_derivative.csv,ischem,P096,2021_05_06_11_39_53,P096#2021_05_06_11_39_53#CSV5,csv_spectrum,1,train
/Users/charleneleung/Documents/dkfz/data/Cat_Pig/Cat_atlas_deox/Cat_0007_kidney_ischem/data/P096_OP060_2021_05_06_Experiment1/2021_05_06_11_40_24/_hypergui_1/spectrum_fromCSV1_(500.0-995.0)_masked_data_0_derivative.csv,ischem,P096,2021_05_06_11_40_24,P096#2021_05_06_11_40_24#CSV1,csv_spectrum,1,train
/Users/charleneleung/Documents/dkfz/data/Cat_Pig/Cat_atlas_deox/Cat_0007_kidney_ischem/data/P096_OP060_2021_05_06_Experiment1/2021_05_06_11_40_24/_hypergui_1/spectrum_fromCSV5_(500.0-995.0)_masked_data_0_derivative.csv,ischem,P096,2021_05_06_11_40_24,P096#2021_05_06_11_40_24#CSV5,csv_spectrum,1,train
/Users/charleneleung/Documents/dkfz/data/Cat_Pig/Cat_atlas_deox/Cat_0007_kidney_ischem/data/P097_OP061_2021_07_03_Experiment1/2021_07_03_10_03_50/_hypergui_1/spectrum_fromCSV1_(500.0-995.0)_masked_data_0_derivative.csv,ischem,P097,2021_07_03_10_03_50,P097#2021_07_03_10_03_50#CSV1,csv_spectrum,1,train
/Users/charleneleung/Documents/dkfz/data/Cat_Pig/Cat_atlas_deox/Cat_0007_kidney_ischem/data/P097_OP061_2021_07_03_Experiment1/2021_07_03_10_03_50/_hypergui_1/spectrum_fromCSV5_(500.0-995.0)_masked_data_0_derivative.csv,ischem,P097,2021_07_03_10_03_50,P097#2021_07_03_10_03_50#CSV5,csv_spectrum,1,train
/Users/charleneleung/Documents/dkfz/data/Cat_Pig/Cat_atlas_deox/Cat_0007_kidney_ischem/data/P097_OP061_2021_07_03_Experiment1/2021_07_03_10_04_20/_hypergui_1/spectrum_fromCSV1_(500.0-995.0)_masked_data_0_derivative.csv,ischem,P097,2021_07_03_10_04_20,P097#2021_07_03_10_04_20#CSV1,csv_spectrum,1,train
/Users/charleneleung/Documents/dkfz/data/Cat_Pig/Cat_atlas_deox/Cat_0007_kidney_ischem/data/P097_OP061_2021_07_03_Experiment1/2021_07_03_10_04_20/_hypergui_1/spectrum_fromCSV5_(500.0-995.0)_masked_data_0_derivative.csv,ischem,P097,2021_07_03_10_04_20,P097#2021_07_03_10_04_20#CSV5,csv_spectrum,1,train
/Users/charleneleung/Documents/dkfz/data/Cat_Pig/Cat_atlas_deox/Cat_0007_kidney_ischem/data/P097_OP061_2021_07_03_Experiment1/2021_07_03_10_04_50/_hypergui_1/spectrum_fromCSV1_(500.0-995.0)_masked_data_0_derivative.csv,ischem,P097,2021_07_03_10_04_50,P097#2021_07_03_10_04_50#CSV1,csv_spectrum,1,train
/Users/charleneleung/Documents/dkfz/data/Cat_Pig/Cat_atlas_deox/Cat_0007_kidney_ischem/data/P097_OP061_2021_07_03_Experiment1/2021_07_03_10_04_50/_hypergui_1/spectrum_fromCSV5_(500.0-995.0)_masked_data_0_derivative.csv,ischem,P097,2021_07_03_10_04_50,P097#2021_07_03_10_04_50#CSV5,csv_spectrum,1,train
/Users/charleneleung/Documents/dkfz/data/Cat_Pig/Cat_atlas_deox/Cat_0007_kidney_ischem/data/P097_OP061_2021_07_03_Experiment1/2021_07_03_10_05_20/_hypergui_1/spectrum_fromCSV1_(500.0-995.0)_masked_data_0_derivative.csv,ischem,P097,2021_07_03_10_05_20,P097#2021_07_03_10_05_20#CSV1,csv_spectrum,1,train
/Users/charleneleung/Documents/dkfz/data/Cat_Pig/Cat_atlas_deox/Cat_0007_kidney_ischem/data/P097_OP061_2021_07_03_Experiment1/2021_07_03_10_05_20/_hypergui_1/spectrum_fromCSV5_(500.0-995.0)_masked_data_0_derivative.csv,ischem,P097,2021_07_03_10_05_20,P097#2021_07_03_10_05_20#CSV5,csv_spectrum,1,train
/Users/charleneleung/Documents/dkfz/data/Cat_Pig/Cat_atlas_deox/Cat_0007_kidney_ischem/data/P097_OP061_2021_07_03_Experiment1/2021_07_03_10_19_22/_hypergui_1/spectrum_fromCSV1_(500.0-995.0)_masked_data_0_derivative.csv,ischem,P097,2021_07_03_10_19_22,P097#2021_07_03_10_19_22#CSV1,csv_spectrum,1,train
/Users/charleneleung/Documents/dkfz/data/Cat_Pig/Cat_atlas_deox/Cat_0007_kidney_ischem/data/P097_OP061_2021_07_03_Experiment1/2021_07_03_10_19_22/_hypergui_1/spectrum_fromCSV5_(500.0-995.0)_masked_data_0_derivative.csv,ischem,P097,2021_07_03_10_19_22,P097#2021_07_03_10_19_22#CSV5,csv_spectrum,1,train
/Users/charleneleung/Documents/dkfz/data/Cat_Pig/Cat_atlas_deox/Cat_0007_kidney_ischem/data/P097_OP061_2021_07_03_Experiment1/2021_07_03_10_19_52/_hypergui_1/spectrum_fromCSV1_(500.0-995.0)_masked_data_0_derivative.csv,ischem,P097,2021_07_03_10_19_52,P097#2021_07_03_10_19_52#CSV1,csv_spectrum,1,train
/Users/charleneleung/Documents/dkfz/data/Cat_Pig/Cat_atlas_deox/Cat_0007_kidney_ischem/data/P097_OP061_2021_07_03_Experiment1/2021_07_03_10_19_52/_hypergui_1/spectrum_fromCSV5_(500.0-995.0)_masked_data_0_derivative.csv,ischem,P097,2021_07_03_10_19_52,P097#2021_07_03_10_19_52#CSV5,csv_spectrum,1,train
/Users/charleneleung/Documents/dkfz/data/Cat_Pig/Cat_atlas_deox/Cat_0007_kidney_ischem/data/P097_OP061_2021_07_03_Experiment1/2021_07_03_10_20_22/_hypergui_1/spectrum_fromCSV1_(500.0-995.0)_masked_data_0_derivative.csv,ischem,P097,2021_07_03_10_20_22,P097#2021_07_03_10_20_22#CSV1,csv_spectrum,1,train
/Users/charleneleung/Documents/dkfz/data/Cat_Pig/Cat_atlas_deox/Cat_0007_kidney_ischem/data/P097_OP061_2021_07_03_Experiment1/2021_07_03_10_20_22/_hypergui_1/spectrum_fromCSV5_(500.0-995.0)_masked_data_0_derivative.csv,ischem,P097,2021_07_03_10_20_22,P097#2021_07_03_10_20_22#CSV5,csv_spectrum,1,train
/Users/charleneleung/Documents/dkfz/data/Cat_Pig/Cat_atlas_deox/Cat_0007_kidney_ischem/data/P097_OP061_2021_07_03_Experiment1/2021_07_03_10_20_53/_hypergui_1/spectrum_fromCSV1_(500.0-995.0)_masked_data_0_derivative.csv,ischem,P097,2021_07_03_10_20_53,P097#2021_07_03_10_20_53#CSV1,csv_spectrum,1,train
/Users/charleneleung/Documents/dkfz/data/Cat_Pig/Cat_atlas_deox/Cat_0007_kidney_ischem/data/P097_OP061_2021_07_03_Experiment1/2021_07_03_10_20_53/_hypergui_1/spectrum_fromCSV5_(500.0-995.0)_masked_data_0_derivative.csv,ischem,P097,2021_07_03_10_20_53,P097#2021_07_03_10_20_53#CSV5,csv_spectrum,1,train
/Users/charleneleung/Documents/dkfz/data/Cat_Pig/Cat_atlas_deox/Cat_0007_kidney_ischem/data/P097_OP061_2021_07_03_Experiment1/2021_07_03_12_12_39/_hypergui_1/spectrum_fromCSV1_(500.0-995.0)_masked_data_0_derivative.csv,ischem,P097,2021_07_03_12_12_39,P097#2021_07_03_12_12_39#CSV1,csv_spectrum,1,train
/Users/charleneleung/Documents/dkfz/data/Cat_Pig/Cat_atlas_deox/Cat_0007_kidney_ischem/data/P097_OP061_2021_07_03_Experiment1/2021_07_03_12_12_39/_hypergui_1/spectrum_fromCSV5_(500.0-995.0)_masked_data_0_derivative.csv,ischem,P097,2021_07_03_12_12_39,P097#2021_07_03_12_12_39#CSV5,csv_spectrum,1,train
/Users/charleneleung/Documents/dkfz/data/Cat_Pig/Cat_atlas_deox/Cat_0007_kidney_ischem/data/P097_OP061_2021_07_03_Experiment1/2021_07_03_12_13_09/_hypergui_1/spectrum_fromCSV1_(500.0-995.0)_masked_data_0_derivative.csv,ischem,P097,2021_07_03_12_13_09,P097#2021_07_03_12_13_09#CSV1,csv_spectrum,1,train
/Users/charleneleung/Documents/dkfz/data/Cat_Pig/Cat_atlas_deox/Cat_0007_kidney_ischem/data/P097_OP061_2021_07_03_Experiment1/2021_07_03_12_13_09/_hypergui_1/spectrum_fromCSV5_(500.0-995.0)_masked_data_0_derivative.csv,ischem,P097,2021_07_03_12_13_09,P097#2021_07_03_12_13_09#CSV5,csv_spectrum,1,train
/Users/charleneleung/Documents/dkfz/data/Cat_Pig/Cat_atlas_deox/Cat_0007_kidney_ischem/data/P097_OP061_2021_07_03_Experiment1/2021_07_03_12_13_40/_hypergui_1/spectrum_fromCSV1_(500.0-995.0)_masked_data_0_derivative.csv,ischem,P097,2021_07_03_12_13_40,P097#2021_07_03_12_13_40#CSV1,csv_spectrum,1,train
/Users/charleneleung/Documents/dkfz/data/Cat_Pig/Cat_atlas_deox/Cat_0007_kidney_ischem/data/P097_OP061_2021_07_03_Experiment1/2021_07_03_12_13_40/_hypergui_1/spectrum_fromCSV5_(500.0-995.0)_masked_data_0_derivative.csv,ischem,P097,2021_07_03_12_13_40,P097#2021_07_03_12_13_40#CSV5,csv_spectrum,1,train
/Users/charleneleung/Documents/dkfz/data/Cat_Pig/Cat_atlas_deox/Cat_0007_kidney_ischem/data/P097_OP061_2021_07_03_Experiment1/2021_07_03_12_14_10/_hypergui_1/spectrum_fromCSV1_(500.0-995.0)_masked_data_0_derivative.csv,ischem,P097,2021_07_03_12_14_10,P097#2021_07_03_12_14_10#CSV1,csv_spectrum,1,train
/Users/charleneleung/Documents/dkfz/data/Cat_Pig/Cat_atlas_deox/Cat_0007_kidney_ischem/data/P097_OP061_2021_07_03_Experiment1/2021_07_03_12_14_10/_hypergui_1/spectrum_fromCSV5_(500.0-995.0)_masked_data_0_derivative.csv,ischem,P097,2021_07_03_12_14_10,P097#2021_07_03_12_14_10#CSV5,csv_spectrum,1,train
/Users/charleneleung/Documents/dkfz/data/Cat_Pig/Cat_atlas_deox/Cat_0007_kidney_ischem/data/P097_OP061_2021_07_03_Experiment1/2021_07_03_12_28_35/_hypergui_1/spectrum_fromCSV1_(500.0-995.0)_masked_data_0_derivative.csv,ischem,P097,2021_07_03_12_28_35,P097#2021_07_03_12_28_35#CSV1,csv_spectrum,1,train
/Users/charleneleung/Documents/dkfz/data/Cat_Pig/Cat_atlas_deox/Cat_0007_kidney_ischem/data/P097_OP061_2021_07_03_Experiment1/2021_07_03_12_28_35/_hypergui_1/spectrum_fromCSV5_(500.0-995.0)_masked_data_0_derivative.csv,ischem,P097,2021_07_03_12_28_35,P097#2021_07_03_12_28_35#CSV5,csv_spectrum,1,train
/Users/charleneleung/Documents/dkfz/data/Cat_Pig/Cat_atlas_deox/Cat_0007_kidney_ischem/data/P097_OP061_2021_07_03_Experiment1/2021_07_03_12_29_06/_hypergui_1/spectrum_fromCSV1_(500.0-995.0)_masked_data_0_derivative.csv,ischem,P097,2021_07_03_12_29_06,P097#2021_07_03_12_29_06#CSV1,csv_spectrum,1,train
/Users/charleneleung/Documents/dkfz/data/Cat_Pig/Cat_atlas_deox/Cat_0007_kidney_ischem/data/P097_OP061_2021_07_03_Experiment1/2021_07_03_12_29_06/_hypergui_1/spectrum_fromCSV5_(500.0-995.0)_masked_data_0_derivative.csv,ischem,P097,2021_07_03_12_29_06,P097#2021_07_03_12_29_06#CSV5,csv_spectrum,1,train
/Users/charleneleung/Documents/dkfz/data/Cat_Pig/Cat_atlas_deox/Cat_0007_kidney_ischem/data/P097_OP061_2021_07_03_Experiment1/2021_07_03_12_29_36/_hypergui_1/spectrum_fromCSV1_(500.0-995.0)_masked_data_0_derivative.csv,ischem,P097,2021_07_03_12_29_36,P097#2021_07_03_12_29_36#CSV1,csv_spectrum,1,train
/Users/charleneleung/Documents/dkfz/data/Cat_Pig/Cat_atlas_deox/Cat_0007_kidney_ischem/data/P097_OP061_2021_07_03_Experiment1/2021_07_03_12_29_36/_hypergui_1/spectrum_fromCSV5_(500.0-995.0)_masked_data_0_derivative.csv,ischem,P097,2021_07_03_12_29_36,P097#2021_07_03_12_29_36#CSV5,csv_spectrum,1,train
/Users/charleneleung/Documents/dkfz/data/Cat_Pig/Cat_atlas_deox/Cat_0007_kidney_ischem/data/P097_OP061_2021_07_03_Experiment1/2021_07_03_12_40_04/_hypergui_1/spectrum_fromCSV1_(500.0-995.0)_masked_data_0_derivative.csv,ischem,P097,2021_07_03_12_40_04,P097#2021_07_03_12_40_04#CSV1,csv_spectrum,1,train
/Users/charleneleung/Documents/dkfz/data/Cat_Pig/Cat_atlas_deox/Cat_0007_kidney_ischem/data/P097_OP061_2021_07_03_Experiment1/2021_07_03_12_40_04/_hypergui_1/spectrum_fromCSV5_(500.0-995.0)_masked_data_0_derivative.csv,ischem,P097,2021_07_03_12_40_04,P097#2021_07_03_12_40_04#CSV5,csv_spectrum,1,train
/Users/charleneleung/Documents/dkfz/data/Cat_Pig/Cat_atlas_deox/Cat_0007_kidney_ischem/data/P097_OP061_2021_07_03_Experiment1/2021_07_03_12_40_34/_hypergui_1/spectrum_fromCSV1_(500.0-995.0)_masked_data_0_derivative.csv,ischem,P097,2021_07_03_12_40_34,P097#2021_07_03_12_40_34#CSV1,csv_spectrum,1,train
/Users/charleneleung/Documents/dkfz/data/Cat_Pig/Cat_atlas_deox/Cat_0007_kidney_ischem/data/P097_OP061_2021_07_03_Experiment1/2021_07_03_12_40_34/_hypergui_1/spectrum_fromCSV5_(500.0-995.0)_masked_data_0_derivative.csv,ischem,P097,2021_07_03_12_40_34,P097#2021_07_03_12_40_34#CSV5,csv_spectrum,1,train
/Users/charleneleung/Documents/dkfz/data/Cat_Pig/Cat_atlas_deox/Cat_0007_kidney_ischem/data/P097_OP061_2021_07_03_Experiment1/2021_07_03_12_41_04/_hypergui_1/spectrum_fromCSV1_(500.0-995.0)_masked_data_0_derivative.csv,ischem,P097,2021_07_03_12_41_04,P097#2021_07_03_12_41_04#CSV1,csv_spectrum,1,train
/Users/charleneleung/Documents/dkfz/data/Cat_Pig/Cat_atlas_deox/Cat_0007_kidney_ischem/data/P097_OP061_2021_07_03_Experiment1/2021_07_03_12_41_04/_hypergui_1/spectrum_fromCSV5_(500.0-995.0)_masked_data_0_derivative.csv,ischem,P097,2021_07_03_12_41_04,P097#2021_07_03_12_41_04#CSV5,csv_spectrum,1,train
/Users/charleneleung/Documents/dkfz/data/Cat_Pig/Cat_atlas_deox/Cat_0007_kidney_ischem/data/P097_OP061_2021_07_03_Experiment1/2021_07_03_12_41_34/_hypergui_1/spectrum_fromCSV1_(500.0-995.0)_masked_data_0_derivative.csv,ischem,P097,2021_07_03_12_41_34,P097#2021_07_03_12_41_34#CSV1,csv_spectrum,1,train
/Users/charleneleung/Documents/dkfz/data/Cat_Pig/Cat_atlas_deox/Cat_0007_kidney_ischem/data/P097_OP061_2021_07_03_Experiment1/2021_07_03_12_41_34/_hypergui_1/spectrum_fromCSV5_(500.0-995.0)_masked_data_0_derivative.csv,ischem,P097,2021_07_03_12_41_34,P097#2021_07_03_12_41_34#CSV5,csv_spectrum,1,train
/Users/charleneleung/Documents/dkfz/data/Cat_Pig/Cat_atlas_deox/Cat_0007_kidney_ischem/data/P098_OP062_2021_07_06_Experiment1/2021_07_06_13_36_18/_hypergui_1/spectrum_fromCSV1_(500.0-995.0)_masked_data_0_derivative.csv,ischem,P098,2021_07_06_13_36_18,P098#2021_07_06_13_36_18#CSV1,csv_spectrum,1,train
/Users/charleneleung/Documents/dkfz/data/Cat_Pig/Cat_atlas_deox/Cat_0007_kidney_ischem/data/P098_OP062_2021_07_06_Experiment1/2021_07_06_13_36_18/_hypergui_1/spectrum_fromCSV5_(500.0-995.0)_masked_data_0_derivative.csv,ischem,P098,2021_07_06_13_36_18,P098#2021_07_06_13_36_18#CSV5,csv_spectrum,1,train
/Users/charleneleung/Documents/dkfz/data/Cat_Pig/Cat_atlas_deox/Cat_0007_kidney_ischem/data/P098_OP062_2021_07_06_Experiment1/2021_07_06_13_36_48/_hypergui_1/spectrum_fromCSV1_(500.0-995.0)_masked_data_0_derivative.csv,ischem,P098,2021_07_06_13_36_48,P098#2021_07_06_13_36_48#CSV1,csv_spectrum,1,train
/Users/charleneleung/Documents/dkfz/data/Cat_Pig/Cat_atlas_deox/Cat_0007_kidney_ischem/data/P098_OP062_2021_07_06_Experiment1/2021_07_06_13_36_48/_hypergui_1/spectrum_fromCSV5_(500.0-995.0)_masked_data_0_derivative.csv,ischem,P098,2021_07_06_13_36_48,P098#2021_07_06_13_36_48#CSV5,csv_spectrum,1,train
/Users/charleneleung/Documents/dkfz/data/Cat_Pig/Cat_atlas_deox/Cat_0007_kidney_ischem/data/P098_OP062_2021_07_06_Experiment1/2021_07_06_13_37_18/_hypergui_1/spectrum_fromCSV1_(500.0-995.0)_masked_data_0_derivative.csv,ischem,P098,2021_07_06_13_37_18,P098#2021_07_06_13_37_18#CSV1,csv_spectrum,1,train
/Users/charleneleung/Documents/dkfz/data/Cat_Pig/Cat_atlas_deox/Cat_0007_kidney_ischem/data/P098_OP062_2021_07_06_Experiment1/2021_07_06_13_37_18/_hypergui_1/spectrum_fromCSV5_(500.0-995.0)_masked_data_0_derivative.csv,ischem,P098,2021_07_06_13_37_18,P098#2021_07_06_13_37_18#CSV5,csv_spectrum,1,train
/Users/charleneleung/Documents/dkfz/data/Cat_Pig/Cat_atlas_deox/Cat_0007_kidney_ischem/data/P098_OP062_2021_07_06_Experiment1/2021_07_06_13_56_14/_hypergui_1/spectrum_fromCSV1_(500.0-995.0)_masked_data_0_derivative.csv,ischem,P098,2021_07_06_13_56_14,P098#2021_07_06_13_56_14#CSV1,csv_spectrum,1,train
/Users/charleneleung/Documents/dkfz/data/Cat_Pig/Cat_atlas_deox/Cat_0007_kidney_ischem/data/P098_OP062_2021_07_06_Experiment1/2021_07_06_13_56_14/_hypergui_1/spectrum_fromCSV5_(500.0-995.0)_masked_data_0_derivative.csv,ischem,P098,2021_07_06_13_56_14,P098#2021_07_06_13_56_14#CSV5,csv_spectrum,1,train
/Users/charleneleung/Documents/dkfz/data/Cat_Pig/Cat_atlas_deox/Cat_0007_kidney_ischem/data/P098_OP062_2021_07_06_Experiment1/2021_07_06_13_56_44/_hypergui_1/spectrum_fromCSV1_(500.0-995.0)_masked_data_0_derivative.csv,ischem,P098,2021_07_06_13_56_44,P098#2021_07_06_13_56_44#CSV1,csv_spectrum,1,train
/Users/charleneleung/Documents/dkfz/data/Cat_Pig/Cat_atlas_deox/Cat_0007_kidney_ischem/data/P098_OP062_2021_07_06_Experiment1/2021_07_06_13_56_44/_hypergui_1/spectrum_fromCSV5_(500.0-995.0)_masked_data_0_derivative.csv,ischem,P098,2021_07_06_13_56_44,P098#2021_07_06_13_56_44#CSV5,csv_spectrum,1,train
/Users/charleneleung/Documents/dkfz/data/Cat_Pig/Cat_atlas_deox/Cat_0007_kidney_ischem/data/P098_OP062_2021_07_06_Experiment1/2021_07_06_15_33_43/_hypergui_1/spectrum_fromCSV1_(500.0-995.0)_masked_data_0_derivative.csv,ischem,P098,2021_07_06_15_33_43,P098#2021_07_06_15_33_43#CSV1,csv_spectrum,1,train
/Users/charleneleung/Documents/dkfz/data/Cat_Pig/Cat_atlas_deox/Cat_0007_kidney_ischem/data/P098_OP062_2021_07_06_Experiment1/2021_07_06_15_33_43/_hypergui_1/spectrum_fromCSV5_(500.0-995.0)_masked_data_0_derivative.csv,ischem,P098,2021_07_06_15_33_43,P098#2021_07_06_15_33_43#CSV5,csv_spectrum,1,train
/Users/charleneleung/Documents/dkfz/data/Cat_Pig/Cat_atlas_deox/Cat_0007_kidney_ischem/data/P098_OP062_2021_07_06_Experiment1/2021_07_06_15_34_13/_hypergui_1/spectrum_fromCSV1_(500.0-995.0)_masked_data_0_derivative.csv,ischem,P098,2021_07_06_15_34_13,P098#2021_07_06_15_34_13#CSV1,csv_spectrum,1,train
/Users/charleneleung/Documents/dkfz/data/Cat_Pig/Cat_atlas_deox/Cat_0007_kidney_ischem/data/P098_OP062_2021_07_06_Experiment1/2021_07_06_15_34_13/_hypergui_1/spectrum_fromCSV5_(500.0-995.0)_masked_data_0_derivative.csv,ischem,P098,2021_07_06_15_34_13,P098#2021_07_06_15_34_13#CSV5,csv_spectrum,1,train
/Users/charleneleung/Documents/dkfz/data/Cat_Pig/Cat_atlas_deox/Cat_0007_kidney_ischem/data/P098_OP062_2021_07_06_Experiment1/2021_07_06_15_34_43/_hypergui_1/spectrum_fromCSV1_(500.0-995.0)_masked_data_0_derivative.csv,ischem,P098,2021_07_06_15_34_43,P098#2021_07_06_15_34_43#CSV1,csv_spectrum,1,train
/Users/charleneleung/Documents/dkfz/data/Cat_Pig/Cat_atlas_deox/Cat_0007_kidney_ischem/data/P098_OP062_2021_07_06_Experiment1/2021_07_06_15_34_43/_hypergui_1/spectrum_fromCSV5_(500.0-995.0)_masked_data_0_derivative.csv,ischem,P098,2021_07_06_15_34_43,P098#2021_07_06_15_34_43#CSV5,csv_spectrum,1,train
/Users/charleneleung/Documents/dkfz/data/Cat_Pig/Cat_atlas_deox/Cat_0007_kidney_ischem/data/P098_OP062_2021_07_06_Experiment1/2021_07_06_15_35_14/_hypergui_1/spectrum_fromCSV1_(500.0-995.0)_masked_data_0_derivative.csv,ischem,P098,2021_07_06_15_35_14,P098#2021_07_06_15_35_14#CSV1,csv_spectrum,1,train
/Users/charleneleung/Documents/dkfz/data/Cat_Pig/Cat_atlas_deox/Cat_0007_kidney_ischem/data/P098_OP062_2021_07_06_Experiment1/2021_07_06_15_35_14/_hypergui_1/spectrum_fromCSV5_(500.0-995.0)_masked_data_0_derivative.csv,ischem,P098,2021_07_06_15_35_14,P098#2021_07_06_15_35_14#CSV5,csv_spectrum,1,train
/Users/charleneleung/Documents/dkfz/data/Cat_Pig/Cat_atlas_deox/Cat_0007_kidney_ischem/data/P098_OP062_2021_07_06_Experiment1/2021_07_06_15_35_44/_hypergui_1/spectrum_fromCSV1_(500.0-995.0)_masked_data_0_derivative.csv,ischem,P098,2021_07_06_15_35_44,P098#2021_07_06_15_35_44#CSV1,csv_spectrum,1,train
/Users/charleneleung/Documents/dkfz/data/Cat_Pig/Cat_atlas_deox/Cat_0007_kidney_ischem/data/P098_OP062_2021_07_06_Experiment1/2021_07_06_15_35_44/_hypergui_1/spectrum_fromCSV5_(500.0-995.0)_masked_data_0_derivative.csv,ischem,P098,2021_07_06_15_35_44,P098#2021_07_06_15_35_44#CSV5,csv_spectrum,1,train
/Users/charleneleung/Documents/dkfz/data/Cat_Pig/Cat_atlas_deox/Cat_0007_kidney_ischem/data/P098_OP062_2021_07_06_Experiment1/2021_07_06_15_54_03/_hypergui_1/spectrum_fromCSV1_(500.0-995.0)_masked_data_0_derivative.csv,ischem,P098,2021_07_06_15_54_03,P098#2021_07_06_15_54_03#CSV1,csv_spectrum,1,train
/Users/charleneleung/Documents/dkfz/data/Cat_Pig/Cat_atlas_deox/Cat_0007_kidney_ischem/data/P098_OP062_2021_07_06_Experiment1/2021_07_06_15_54_03/_hypergui_1/spectrum_fromCSV5_(500.0-995.0)_masked_data_0_derivative.csv,ischem,P098,2021_07_06_15_54_03,P098#2021_07_06_15_54_03#CSV5,csv_spectrum,1,train
/Users/charleneleung/Documents/dkfz/data/Cat_Pig/Cat_atlas_deox/Cat_0007_kidney_ischem/data/P098_OP062_2021_07_06_Experiment1/2021_07_06_15_54_33/_hypergui_1/spectrum_fromCSV1_(500.0-995.0)_masked_data_0_derivative.csv,ischem,P098,2021_07_06_15_54_33,P098#2021_07_06_15_54_33#CSV1,csv_spectrum,1,train
/Users/charleneleung/Documents/dkfz/data/Cat_Pig/Cat_atlas_deox/Cat_0007_kidney_ischem/data/P098_OP062_2021_07_06_Experiment1/2021_07_06_15_54_33/_hypergui_1/spectrum_fromCSV5_(500.0-995.0)_masked_data_0_derivative.csv,ischem,P098,2021_07_06_15_54_33,P098#2021_07_06_15_54_33#CSV5,csv_spectrum,1,train
/Users/charleneleung/Documents/dkfz/data/Cat_Pig/Cat_atlas_deox/Cat_0007_kidney_ischem/data/P098_OP062_2021_07_06_Experiment1/2021_07_06_15_55_03/_hypergui_1/spectrum_fromCSV1_(500.0-995.0)_masked_data_0_derivative.csv,ischem,P098,2021_07_06_15_55_03,P098#2021_07_06_15_55_03#CSV1,csv_spectrum,1,train
/Users/charleneleung/Documents/dkfz/data/Cat_Pig/Cat_atlas_deox/Cat_0007_kidney_ischem/data/P098_OP062_2021_07_06_Experiment1/2021_07_06_15_55_03/_hypergui_1/spectrum_fromCSV5_(500.0-995.0)_masked_data_0_derivative.csv,ischem,P098,2021_07_06_15_55_03,P098#2021_07_06_15_55_03#CSV5,csv_spectrum,1,train
/Users/charleneleung/Documents/dkfz/data/Cat_Pig/Cat_atlas_deox/Cat_0007_kidney_ischem/data/P098_OP062_2021_07_06_Experiment1/2021_07_06_15_55_33/_hypergui_1/spectrum_fromCSV1_(500.0-995.0)_masked_data_0_derivative.csv,ischem,P098,2021_07_06_15_55_33,P098#2021_07_06_15_55_33#CSV1,csv_spectrum,1,train
/Users/charleneleung/Documents/dkfz/data/Cat_Pig/Cat_atlas_deox/Cat_0007_kidney_ischem/data/P098_OP062_2021_07_06_Experiment1/2021_07_06_15_55_33/_hypergui_1/spectrum_fromCSV5_(500.0-995.0)_masked_data_0_derivative.csv,ischem,P098,2021_07_06_15_55_33,P098#2021_07_06_15_55_33#CSV5,csv_spectrum,1,train
/Users/charleneleung/Documents/dkfz/data/Cat_Pig/Cat_atlas_deox/Cat_0007_kidney_ischem/data/P099_OP063_2021_07_18_Experiment1/2021_07_18_12_19_58/_hypergui_1/spectrum_fromCSV1_(500.0-995.0)_masked_data_0_derivative.csv,ischem,P099,2021_07_18_12_19_58,P099#2021_07_18_12_19_58#CSV1,csv_spectrum,1,train
/Users/charleneleung/Documents/dkfz/data/Cat_Pig/Cat_atlas_deox/Cat_0007_kidney_ischem/data/P099_OP063_2021_07_18_Experiment1/2021_07_18_12_19_58/_hypergui_1/spectrum_fromCSV5_(500.0-995.0)_masked_data_0_derivative.csv,ischem,P099,2021_07_18_12_19_58,P099#2021_07_18_12_19_58#CSV5,csv_spectrum,1,train
/Users/charleneleung/Documents/dkfz/data/Cat_Pig/Cat_atlas_deox/Cat_0007_kidney_ischem/data/P099_OP063_2021_07_18_Experiment1/2021_07_18_12_20_28/_hypergui_1/spectrum_fromCSV1_(500.0-995.0)_masked_data_0_derivative.csv,ischem,P099,2021_07_18_12_20_28,P099#2021_07_18_12_20_28#CSV1,csv_spectrum,1,train
/Users/charleneleung/Documents/dkfz/data/Cat_Pig/Cat_atlas_deox/Cat_0007_kidney_ischem/data/P099_OP063_2021_07_18_Experiment1/2021_07_18_12_20_28/_hypergui_1/spectrum_fromCSV5_(500.0-995.0)_masked_data_0_derivative.csv,ischem,P099,2021_07_18_12_20_28,P099#2021_07_18_12_20_28#CSV5,csv_spectrum,1,train
/Users/charleneleung/Documents/dkfz/data/Cat_Pig/Cat_atlas_deox/Cat_0007_kidney_ischem/data/P099_OP063_2021_07_18_Experiment1/2021_07_18_12_32_30/_hypergui_1/spectrum_fromCSV1_(500.0-995.0)_masked_data_0_derivative.csv,ischem,P099,2021_07_18_12_32_30,P099#2021_07_18_12_32_30#CSV1,csv_spectrum,1,train
/Users/charleneleung/Documents/dkfz/data/Cat_Pig/Cat_atlas_deox/Cat_0007_kidney_ischem/data/P099_OP063_2021_07_18_Experiment1/2021_07_18_12_32_30/_hypergui_1/spectrum_fromCSV5_(500.0-995.0)_masked_data_0_derivative.csv,ischem,P099,2021_07_18_12_32_30,P099#2021_07_18_12_32_30#CSV5,csv_spectrum,1,train
/Users/charleneleung/Documents/dkfz/data/Cat_Pig/Cat_atlas_deox/Cat_0007_kidney_ischem/data/P099_OP063_2021_07_18_Experiment1/2021_07_18_12_33_00/_hypergui_1/spectrum_fromCSV1_(500.0-995.0)_masked_data_0_derivative.csv,ischem,P099,2021_07_18_12_33_00,P099#2021_07_18_12_33_00#CSV1,csv_spectrum,1,train
/Users/charleneleung/Documents/dkfz/data/Cat_Pig/Cat_atlas_deox/Cat_0007_kidney_ischem/data/P099_OP063_2021_07_18_Experiment1/2021_07_18_12_33_00/_hypergui_1/spectrum_fromCSV5_(500.0-995.0)_masked_data_0_derivative.csv,ischem,P099,2021_07_18_12_33_00,P099#2021_07_18_12_33_00#CSV5,csv_spectrum,1,train
/Users/charleneleung/Documents/dkfz/data/Cat_Pig/Cat_atlas_deox/Cat_0007_kidney_ischem/data/P099_OP063_2021_07_18_Experiment1/2021_07_18_13_42_30/_hypergui_1/spectrum_fromCSV1_(500.0-995.0)_masked_data_0_derivative.csv,ischem,P099,2021_07_18_13_42_30,P099#2021_07_18_13_42_30#CSV1,csv_spectrum,1,train
/Users/charleneleung/Documents/dkfz/data/Cat_Pig/Cat_atlas_deox/Cat_0007_kidney_ischem/data/P099_OP063_2021_07_18_Experiment1/2021_07_18_13_42_30/_hypergui_1/spectrum_fromCSV5_(500.0-995.0)_masked_data_0_derivative.csv,ischem,P099,2021_07_18_13_42_30,P099#2021_07_18_13_42_30#CSV5,csv_spectrum,1,train
/Users/charleneleung/Documents/dkfz/data/Cat_Pig/Cat_atlas_deox/Cat_0007_kidney_ischem/data/P099_OP063_2021_07_18_Experiment1/2021_07_18_13_43_00/_hypergui_1/spectrum_fromCSV1_(500.0-995.0)_masked_data_0_derivative.csv,ischem,P099,2021_07_18_13_43_00,P099#2021_07_18_13_43_00#CSV1,csv_spectrum,1,train
/Users/charleneleung/Documents/dkfz/data/Cat_Pig/Cat_atlas_deox/Cat_0007_kidney_ischem/data/P099_OP063_2021_07_18_Experiment1/2021_07_18_13_43_00/_hypergui_1/spectrum_fromCSV5_(500.0-995.0)_masked_data_0_derivative.csv,ischem,P099,2021_07_18_13_43_00,P099#2021_07_18_13_43_00#CSV5,csv_spectrum,1,train
/Users/charleneleung/Documents/dkfz/data/Cat_Pig/Cat_atlas_deox/Cat_0007_kidney_ischem/data/P099_OP063_2021_07_18_Experiment1/2021_07_18_13_57_12/_hypergui_1/spectrum_fromCSV1_(500.0-995.0)_masked_data_0_derivative.csv,ischem,P099,2021_07_18_13_57_12,P099#2021_07_18_13_57_12#CSV1,csv_spectrum,1,train
/Users/charleneleung/Documents/dkfz/data/Cat_Pig/Cat_atlas_deox/Cat_0007_kidney_ischem/data/P099_OP063_2021_07_18_Experiment1/2021_07_18_13_57_12/_hypergui_1/spectrum_fromCSV5_(500.0-995.0)_masked_data_0_derivative.csv,ischem,P099,2021_07_18_13_57_12,P099#2021_07_18_13_57_12#CSV5,csv_spectrum,1,train
/Users/charleneleung/Documents/dkfz/data/Cat_Pig/Cat_atlas_deox/Cat_0007_kidney_stas/data/P077_OP041_2021_01_31_Experiment1/2021_01_31_13_04_25/_hypergui_1/spectrum_fromCSV1_(500.0-995.0)_masked_data_0_derivative.csv,stas,P077,2021_01_31_13_04_25,P077#2021_01_31_13_04_25#CSV1,csv_spectrum,2,train
/Users/charleneleung/Documents/dkfz/data/Cat_Pig/Cat_atlas_deox/Cat_0007_kidney_stas/data/P077_OP041_2021_01_31_Experiment1/2021_01_31_13_04_25/_hypergui_1/spectrum_fromCSV5_(500.0-995.0)_masked_data_0_derivative.csv,stas,P077,2021_01_31_13_04_25,P077#2021_01_31_13_04_25#CSV5,csv_spectrum,2,train
/Users/charleneleung/Documents/dkfz/data/Cat_Pig/Cat_atlas_deox/Cat_0007_kidney_stas/data/P077_OP041_2021_01_31_Experiment1/2021_01_31_13_04_55/_hypergui_1/spectrum_fromCSV1_(500.0-995.0)_masked_data_0_derivative.csv,stas,P077,2021_01_31_13_04_55,P077#2021_01_31_13_04_55#CSV1,csv_spectrum,2,train
/Users/charleneleung/Documents/dkfz/data/Cat_Pig/Cat_atlas_deox/Cat_0007_kidney_stas/data/P077_OP041_2021_01_31_Experiment1/2021_01_31_13_04_55/_hypergui_1/spectrum_fromCSV5_(500.0-995.0)_masked_data_0_derivative.csv,stas,P077,2021_01_31_13_04_55,P077#2021_01_31_13_04_55#CSV5,csv_spectrum,2,train
/Users/charleneleung/Documents/dkfz/data/Cat_Pig/Cat_atlas_deox/Cat_0007_kidney_stas/data/P077_OP041_2021_01_31_Experiment1/2021_01_31_14_07_56/_hypergui_1/spectrum_fromCSV1_(500.0-995.0)_masked_data_0_derivative.csv,stas,P077,2021_01_31_14_07_56,P077#2021_01_31_14_07_56#CSV1,csv_spectrum,2,train
/Users/charleneleung/Documents/dkfz/data/Cat_Pig/Cat_atlas_deox/Cat_0007_kidney_stas/data/P077_OP041_2021_01_31_Experiment1/2021_01_31_14_07_56/_hypergui_1/spectrum_fromCSV5_(500.0-995.0)_masked_data_0_derivative.csv,stas,P077,2021_01_31_14_07_56,P077#2021_01_31_14_07_56#CSV5,csv_spectrum,2,train
/Users/charleneleung/Documents/dkfz/data/Cat_Pig/Cat_atlas_deox/Cat_0007_kidney_stas/data/P077_OP041_2021_01_31_Experiment1/2021_01_31_14_08_27/_hypergui_1/spectrum_fromCSV1_(500.0-995.0)_masked_data_0_derivative.csv,stas,P077,2021_01_31_14_08_27,P077#2021_01_31_14_08_27#CSV1,csv_spectrum,2,train
/Users/charleneleung/Documents/dkfz/data/Cat_Pig/Cat_atlas_deox/Cat_0007_kidney_stas/data/P077_OP041_2021_01_31_Experiment1/2021_01_31_14_08_27/_hypergui_1/spectrum_fromCSV5_(500.0-995.0)_masked_data_0_derivative.csv,stas,P077,2021_01_31_14_08_27,P077#2021_01_31_14_08_27#CSV5,csv_spectrum,2,train
/Users/charleneleung/Documents/dkfz/data/Cat_Pig/Cat_atlas_deox/Cat_0007_kidney_stas/data/P078_OP042_2021_02_07_Experiment1/2021_02_07_16_00_36/_hypergui_1/spectrum_fromCSV1_(500.0-995.0)_masked_data_0_derivative.csv,stas,P078,2021_02_07_16_00_36,P078#2021_02_07_16_00_36#CSV1,csv_spectrum,2,val
/Users/charleneleung/Documents/dkfz/data/Cat_Pig/Cat_atlas_deox/Cat_0007_kidney_stas/data/P078_OP042_2021_02_07_Experiment1/2021_02_07_16_00_36/_hypergui_1/spectrum_fromCSV5_(500.0-995.0)_masked_data_0_derivative.csv,stas,P078,2021_02_07_16_00_36,P078#2021_02_07_16_00_36#CSV5,csv_spectrum,2,val
/Users/charleneleung/Documents/dkfz/data/Cat_Pig/Cat_atlas_deox/Cat_0007_kidney_stas/data/P078_OP042_2021_02_07_Experiment1/2021_02_07_16_08_26/_hypergui_1/spectrum_fromCSV1_(500.0-995.0)_masked_data_0_derivative.csv,stas,P078,2021_02_07_16_08_26,P078#2021_02_07_16_08_26#CSV1,csv_spectrum,2,val
/Users/charleneleung/Documents/dkfz/data/Cat_Pig/Cat_atlas_deox/Cat_0007_kidney_stas/data/P078_OP042_2021_02_07_Experiment1/2021_02_07_16_08_26/_hypergui_1/spectrum_fromCSV5_(500.0-995.0)_masked_data_0_derivative.csv,stas,P078,2021_02_07_16_08_26,P078#2021_02_07_16_08_26#CSV5,csv_spectrum,2,val
/Users/charleneleung/Documents/dkfz/data/Cat_Pig/Cat_atlas_deox/Cat_0007_kidney_stas/data/P078_OP042_2021_02_07_Experiment1/2021_02_07_16_31_02/_hypergui_1/spectrum_fromCSV1_(500.0-995.0)_masked_data_0_derivative.csv,stas,P078,2021_02_07_16_31_02,P078#2021_02_07_16_31_02#CSV1,csv_spectrum,2,val
/Users/charleneleung/Documents/dkfz/data/Cat_Pig/Cat_atlas_deox/Cat_0007_kidney_stas/data/P078_OP042_2021_02_07_Experiment1/2021_02_07_16_31_02/_hypergui_1/spectrum_fromCSV5_(500.0-995.0)_masked_data_0_derivative.csv,stas,P078,2021_02_07_16_31_02,P078#2021_02_07_16_31_02#CSV5,csv_spectrum,2,val
/Users/charleneleung/Documents/dkfz/data/Cat_Pig/Cat_atlas_deox/Cat_0007_kidney_stas/data/P078_OP042_2021_02_07_Experiment1/2021_02_07_16_31_33/_hypergui_1/spectrum_fromCSV1_(500.0-995.0)_masked_data_0_derivative.csv,stas,P078,2021_02_07_16_31_33,P078#2021_02_07_16_31_33#CSV1,csv_spectrum,2,val
/Users/charleneleung/Documents/dkfz/data/Cat_Pig/Cat_atlas_deox/Cat_0007_kidney_stas/data/P078_OP042_2021_02_07_Experiment1/2021_02_07_16_31_33/_hypergui_1/spectrum_fromCSV5_(500.0-995.0)_masked_data_0_derivative.csv,stas,P078,2021_02_07_16_31_33,P078#2021_02_07_16_31_33#CSV5,csv_spectrum,2,val
/Users/charleneleung/Documents/dkfz/data/Cat_Pig/Cat_atlas_deox/Cat_0007_kidney_stas/data/P079_OP043_2021_02_11_Experiment1/2021_02_11_20_42_58/_hypergui_1/spectrum_fromCSV1_(500.0-995.0)_masked_data_0_derivative.csv,stas,P079,2021_02_11_20_42_58,P079#2021_02_11_20_42_58#CSV1,csv_spectrum,2,test
/Users/charleneleung/Documents/dkfz/data/Cat_Pig/Cat_atlas_deox/Cat_0007_kidney_stas/data/P079_OP043_2021_02_11_Experiment1/2021_02_11_20_42_58/_hypergui_1/spectrum_fromCSV5_(500.0-995.0)_masked_data_0_derivative.csv,stas,P079,2021_02_11_20_42_58,P079#2021_02_11_20_42_58#CSV5,csv_spectrum,2,test
/Users/charleneleung/Documents/dkfz/data/Cat_Pig/Cat_atlas_deox/Cat_0007_kidney_stas/data/P079_OP043_2021_02_11_Experiment1/2021_02_11_20_43_28/_hypergui_1/spectrum_fromCSV1_(500.0-995.0)_masked_data_0_derivative.csv,stas,P079,2021_02_11_20_43_28,P079#2021_02_11_20_43_28#CSV1,csv_spectrum,2,test
/Users/charleneleung/Documents/dkfz/data/Cat_Pig/Cat_atlas_deox/Cat_0007_kidney_stas/data/P079_OP043_2021_02_11_Experiment1/2021_02_11_20_43_28/_hypergui_1/spectrum_fromCSV5_(500.0-995.0)_masked_data_0_derivative.csv,stas,P079,2021_02_11_20_43_28,P079#2021_02_11_20_43_28#CSV5,csv_spectrum,2,test
/Users/charleneleung/Documents/dkfz/data/Cat_Pig/Cat_atlas_deox/Cat_0007_kidney_stas/data/P079_OP043_2021_02_11_Experiment1/2021_02_11_22_12_18/_hypergui_1/spectrum_fromCSV1_(500.0-995.0)_masked_data_0_derivative.csv,stas,P079,2021_02_11_22_12_18,P079#2021_02_11_22_12_18#CSV1,csv_spectrum,2,test
/Users/charleneleung/Documents/dkfz/data/Cat_Pig/Cat_atlas_deox/Cat_0007_kidney_stas/data/P079_OP043_2021_02_11_Experiment1/2021_02_11_22_12_18/_hypergui_1/spectrum_fromCSV5_(500.0-995.0)_masked_data_0_derivative.csv,stas,P079,2021_02_11_22_12_18,P079#2021_02_11_22_12_18#CSV5,csv_spectrum,2,test
/Users/charleneleung/Documents/dkfz/data/Cat_Pig/Cat_atlas_deox/Cat_0007_kidney_stas/data/P079_OP043_2021_02_11_Experiment1/2021_02_11_22_12_48/_hypergui_1/spectrum_fromCSV1_(500.0-995.0)_masked_data_0_derivative.csv,stas,P079,2021_02_11_22_12_48,P079#2021_02_11_22_12_48#CSV1,csv_spectrum,2,test
/Users/charleneleung/Documents/dkfz/data/Cat_Pig/Cat_atlas_deox/Cat_0007_kidney_stas/data/P079_OP043_2021_02_11_Experiment1/2021_02_11_22_12_48/_hypergui_1/spectrum_fromCSV5_(500.0-995.0)_masked_data_0_derivative.csv,stas,P079,2021_02_11_22_12_48,P079#2021_02_11_22_12_48#CSV5,csv_spectrum,2,test
/Users/charleneleung/Documents/dkfz/data/Cat_Pig/Cat_atlas_deox/Cat_0007_kidney_stas/data/P079_OP043_2021_02_11_Experiment1/2021_02_11_22_22_19/_hypergui_1/spectrum_fromCSV1_(500.0-995.0)_masked_data_0_derivative.csv,stas,P079,2021_02_11_22_22_19,P079#2021_02_11_22_22_19#CSV1,csv_spectrum,2,test
/Users/charleneleung/Documents/dkfz/data/Cat_Pig/Cat_atlas_deox/Cat_0007_kidney_stas/data/P079_OP043_2021_02_11_Experiment1/2021_02_11_22_22_19/_hypergui_1/spectrum_fromCSV5_(500.0-995.0)_masked_data_0_derivative.csv,stas,P079,2021_02_11_22_22_19,P079#2021_02_11_22_22_19#CSV5,csv_spectrum,2,test
/Users/charleneleung/Documents/dkfz/data/Cat_Pig/Cat_atlas_deox/Cat_0007_kidney_stas/data/P079_OP043_2021_02_11_Experiment1/2021_02_11_22_22_49/_hypergui_1/spectrum_fromCSV1_(500.0-995.0)_masked_data_0_derivative.csv,stas,P079,2021_02_11_22_22_49,P079#2021_02_11_22_22_49#CSV1,csv_spectrum,2,test
/Users/charleneleung/Documents/dkfz/data/Cat_Pig/Cat_atlas_deox/Cat_0007_kidney_stas/data/P079_OP043_2021_02_11_Experiment1/2021_02_11_22_22_49/_hypergui_1/spectrum_fromCSV5_(500.0-995.0)_masked_data_0_derivative.csv,stas,P079,2021_02_11_22_22_49,P079#2021_02_11_22_22_49#CSV5,csv_spectrum,2,test
/Users/charleneleung/Documents/dkfz/data/Cat_Pig/Cat_atlas_deox/Cat_0007_kidney_stas/data/P079_OP043_2021_02_11_Experiment1/2021_02_11_22_47_47/_hypergui_1/spectrum_fromCSV1_(500.0-995.0)_masked_data_0_derivative.csv,stas,P079,2021_02_11_22_47_47,P079#2021_02_11_22_47_47#CSV1,csv_spectrum,2,test
/Users/charleneleung/Documents/dkfz/data/Cat_Pig/Cat_atlas_deox/Cat_0007_kidney_stas/data/P079_OP043_2021_02_11_Experiment1/2021_02_11_22_47_47/_hypergui_1/spectrum_fromCSV5_(500.0-995.0)_masked_data_0_derivative.csv,stas,P079,2021_02_11_22_47_47,P079#2021_02_11_22_47_47#CSV5,csv_spectrum,2,test
/Users/charleneleung/Documents/dkfz/data/Cat_Pig/Cat_atlas_deox/Cat_0007_kidney_stas/data/P079_OP043_2021_02_11_Experiment1/2021_02_11_22_48_17/_hypergui_1/spectrum_fromCSV1_(500.0-995.0)_masked_data_0_derivative.csv,stas,P079,2021_02_11_22_48_17,P079#2021_02_11_22_48_17#CSV1,csv_spectrum,2,test
/Users/charleneleung/Documents/dkfz/data/Cat_Pig/Cat_atlas_deox/Cat_0007_kidney_stas/data/P079_OP043_2021_02_11_Experiment1/2021_02_11_22_48_17/_hypergui_1/spectrum_fromCSV5_(500.0-995.0)_masked_data_0_derivative.csv,stas,P079,2021_02_11_22_48_17,P079#2021_02_11_22_48_17#CSV5,csv_spectrum,2,test
/Users/charleneleung/Documents/dkfz/data/Cat_Pig/Cat_atlas_deox/Cat_0007_kidney_stas/data/P080_OP044_2021_02_14_Experiment1/2021_02_14_14_41_25/_hypergui_1/spectrum_fromCSV1_(500.0-995.0)_masked_data_0_derivative.csv,stas,P080,2021_02_14_14_41_25,P080#2021_02_14_14_41_25#CSV1,csv_spectrum,2,train
/Users/charleneleung/Documents/dkfz/data/Cat_Pig/Cat_atlas_deox/Cat_0007_kidney_stas/data/P080_OP044_2021_02_14_Experiment1/2021_02_14_14_41_25/_hypergui_1/spectrum_fromCSV5_(500.0-995.0)_masked_data_0_derivative.csv,stas,P080,2021_02_14_14_41_25,P080#2021_02_14_14_41_25#CSV5,csv_spectrum,2,train
/Users/charleneleung/Documents/dkfz/data/Cat_Pig/Cat_atlas_deox/Cat_0007_kidney_stas/data/P080_OP044_2021_02_14_Experiment1/2021_02_14_14_41_55/_hypergui_1/spectrum_fromCSV1_(500.0-995.0)_masked_data_0_derivative.csv,stas,P080,2021_02_14_14_41_55,P080#2021_02_14_14_41_55#CSV1,csv_spectrum,2,train
/Users/charleneleung/Documents/dkfz/data/Cat_Pig/Cat_atlas_deox/Cat_0007_kidney_stas/data/P080_OP044_2021_02_14_Experiment1/2021_02_14_14_41_55/_hypergui_1/spectrum_fromCSV5_(500.0-995.0)_masked_data_0_derivative.csv,stas,P080,2021_02_14_14_41_55,P080#2021_02_14_14_41_55#CSV5,csv_spectrum,2,train
/Users/charleneleung/Documents/dkfz/data/Cat_Pig/Cat_atlas_deox/Cat_0007_kidney_stas/data/P080_OP044_2021_02_14_Experiment1/2021_02_14_14_53_32/_hypergui_1/spectrum_fromCSV1_(500.0-995.0)_masked_data_0_derivative.csv,stas,P080,2021_02_14_14_53_32,P080#2021_02_14_14_53_32#CSV1,csv_spectrum,2,train
/Users/charleneleung/Documents/dkfz/data/Cat_Pig/Cat_atlas_deox/Cat_0007_kidney_stas/data/P080_OP044_2021_02_14_Experiment1/2021_02_14_14_53_32/_hypergui_1/spectrum_fromCSV5_(500.0-995.0)_masked_data_0_derivative.csv,stas,P080,2021_02_14_14_53_32,P080#2021_02_14_14_53_32#CSV5,csv_spectrum,2,train
/Users/charleneleung/Documents/dkfz/data/Cat_Pig/Cat_atlas_deox/Cat_0007_kidney_stas/data/P080_OP044_2021_02_14_Experiment1/2021_02_14_14_54_02/_hypergui_1/spectrum_fromCSV1_(500.0-995.0)_masked_data_0_derivative.csv,stas,P080,2021_02_14_14_54_02,P080#2021_02_14_14_54_02#CSV1,csv_spectrum,2,train
/Users/charleneleung/Documents/dkfz/data/Cat_Pig/Cat_atlas_deox/Cat_0007_kidney_stas/data/P080_OP044_2021_02_14_Experiment1/2021_02_14_14_54_02/_hypergui_1/spectrum_fromCSV5_(500.0-995.0)_masked_data_0_derivative.csv,stas,P080,2021_02_14_14_54_02,P080#2021_02_14_14_54_02#CSV5,csv_spectrum,2,train
/Users/charleneleung/Documents/dkfz/data/Cat_Pig/Cat_atlas_deox/Cat_0007_kidney_stas/data/P080_OP044_2021_02_14_Experiment1/2021_02_14_15_06_22/_hypergui_1/spectrum_fromCSV1_(500.0-995.0)_masked_data_0_derivative.csv,stas,P080,2021_02_14_15_06_22,P080#2021_02_14_15_06_22#CSV1,csv_spectrum,2,train
/Users/charleneleung/Documents/dkfz/data/Cat_Pig/Cat_atlas_deox/Cat_0007_kidney_stas/data/P080_OP044_2021_02_14_Experiment1/2021_02_14_15_06_22/_hypergui_1/spectrum_fromCSV5_(500.0-995.0)_masked_data_0_derivative.csv,stas,P080,2021_02_14_15_06_22,P080#2021_02_14_15_06_22#CSV5,csv_spectrum,2,train
/Users/charleneleung/Documents/dkfz/data/Cat_Pig/Cat_atlas_deox/Cat_0007_kidney_stas/data/P080_OP044_2021_02_14_Experiment1/2021_02_14_16_27_49/_hypergui_1/spectrum_fromCSV1_(500.0-995.0)_masked_data_0_derivative.csv,stas,P080,2021_02_14_16_27_49,P080#2021_02_14_16_27_49#CSV1,csv_spectrum,2,train
/Users/charleneleung/Documents/dkfz/data/Cat_Pig/Cat_atlas_deox/Cat_0007_kidney_stas/data/P080_OP044_2021_02_14_Experiment1/2021_02_14_16_27_49/_hypergui_1/spectrum_fromCSV5_(500.0-995.0)_masked_data_0_derivative.csv,stas,P080,2021_02_14_16_27_49,P080#2021_02_14_16_27_49#CSV5,csv_spectrum,2,train
/Users/charleneleung/Documents/dkfz/data/Cat_Pig/Cat_atlas_deox/Cat_0007_kidney_stas/data/P080_OP044_2021_02_14_Experiment1/2021_02_14_16_28_19/_hypergui_1/spectrum_fromCSV1_(500.0-995.0)_masked_data_0_derivative.csv,stas,P080,2021_02_14_16_28_19,P080#2021_02_14_16_28_19#CSV1,csv_spectrum,2,train
/Users/charleneleung/Documents/dkfz/data/Cat_Pig/Cat_atlas_deox/Cat_0007_kidney_stas/data/P080_OP044_2021_02_14_Experiment1/2021_02_14_16_28_19/_hypergui_1/spectrum_fromCSV5_(500.0-995.0)_masked_data_0_derivative.csv,stas,P080,2021_02_14_16_28_19,P080#2021_02_14_16_28_19#CSV5,csv_spectrum,2,train
/Users/charleneleung/Documents/dkfz/data/Cat_Pig/Cat_atlas_deox/Cat_0007_kidney_stas/data/P080_OP044_2021_02_14_Experiment1/2021_02_14_16_39_41/_hypergui_1/spectrum_fromCSV1_(500.0-995.0)_masked_data_0_derivative.csv,stas,P080,2021_02_14_16_39_41,P080#2021_02_14_16_39_41#CSV1,csv_spectrum,2,train
/Users/charleneleung/Documents/dkfz/data/Cat_Pig/Cat_atlas_deox/Cat_0007_kidney_stas/data/P080_OP044_2021_02_14_Experiment1/2021_02_14_16_39_41/_hypergui_1/spectrum_fromCSV5_(500.0-995.0)_masked_data_0_derivative.csv,stas,P080,2021_02_14_16_39_41,P080#2021_02_14_16_39_41#CSV5,csv_spectrum,2,train
/Users/charleneleung/Documents/dkfz/data/Cat_Pig/Cat_atlas_deox/Cat_0007_kidney_stas/data/P081_OP045_2021_02_23_Experiment1/2021_02_23_17_05_29/_hypergui_1/spectrum_fromCSV1_(500.0-995.0)_masked_data_0_derivative.csv,stas,P081,2021_02_23_17_05_29,P081#2021_02_23_17_05_29#CSV1,csv_spectrum,2,train
/Users/charleneleung/Documents/dkfz/data/Cat_Pig/Cat_atlas_deox/Cat_0007_kidney_stas/data/P081_OP045_2021_02_23_Experiment1/2021_02_23_17_05_29/_hypergui_1/spectrum_fromCSV5_(500.0-995.0)_masked_data_0_derivative.csv,stas,P081,2021_02_23_17_05_29,P081#2021_02_23_17_05_29#CSV5,csv_spectrum,2,train
/Users/charleneleung/Documents/dkfz/data/Cat_Pig/Cat_atlas_deox/Cat_0007_kidney_stas/data/P081_OP045_2021_02_23_Experiment1/2021_02_23_17_05_59/_hypergui_1/spectrum_fromCSV1_(500.0-995.0)_masked_data_0_derivative.csv,stas,P081,2021_02_23_17_05_59,P081#2021_02_23_17_05_59#CSV1,csv_spectrum,2,train
/Users/charleneleung/Documents/dkfz/data/Cat_Pig/Cat_atlas_deox/Cat_0007_kidney_stas/data/P081_OP045_2021_02_23_Experiment1/2021_02_23_17_05_59/_hypergui_1/spectrum_fromCSV5_(500.0-995.0)_masked_data_0_derivative.csv,stas,P081,2021_02_23_17_05_59,P081#2021_02_23_17_05_59#CSV5,csv_spectrum,2,train
/Users/charleneleung/Documents/dkfz/data/Cat_Pig/Cat_atlas_deox/Cat_0007_kidney_stas/data/P081_OP045_2021_02_23_Experiment1/2021_02_23_19_09_51/_hypergui_1/spectrum_fromCSV1_(500.0-995.0)_masked_data_0_derivative.csv,stas,P081,2021_02_23_19_09_51,P081#2021_02_23_19_09_51#CSV1,csv_spectrum,2,train
/Users/charleneleung/Documents/dkfz/data/Cat_Pig/Cat_atlas_deox/Cat_0007_kidney_stas/data/P081_OP045_2021_02_23_Experiment1/2021_02_23_19_09_51/_hypergui_1/spectrum_fromCSV5_(500.0-995.0)_masked_data_0_derivative.csv,stas,P081,2021_02_23_19_09_51,P081#2021_02_23_19_09_51#CSV5,csv_spectrum,2,train
/Users/charleneleung/Documents/dkfz/data/Cat_Pig/Cat_atlas_deox/Cat_0007_kidney_stas/data/P081_OP045_2021_02_23_Experiment1/2021_02_23_19_10_21/_hypergui_1/spectrum_fromCSV1_(500.0-995.0)_masked_data_0_derivative.csv,stas,P081,2021_02_23_19_10_21,P081#2021_02_23_19_10_21#CSV1,csv_spectrum,2,train
/Users/charleneleung/Documents/dkfz/data/Cat_Pig/Cat_atlas_deox/Cat_0007_kidney_stas/data/P081_OP045_2021_02_23_Experiment1/2021_02_23_19_10_21/_hypergui_1/spectrum_fromCSV5_(500.0-995.0)_masked_data_0_derivative.csv,stas,P081,2021_02_23_19_10_21,P081#2021_02_23_19_10_21#CSV5,csv_spectrum,2,train
/Users/charleneleung/Documents/dkfz/data/Cat_Pig/Cat_atlas_deox/Cat_0007_kidney_stas/data/P081_OP045_2021_02_23_Experiment1/2021_02_23_20_01_27/_hypergui_1/spectrum_fromCSV1_(500.0-995.0)_masked_data_0_derivative.csv,stas,P081,2021_02_23_20_01_27,P081#2021_02_23_20_01_27#CSV1,csv_spectrum,2,train
/Users/charleneleung/Documents/dkfz/data/Cat_Pig/Cat_atlas_deox/Cat_0007_kidney_stas/data/P081_OP045_2021_02_23_Experiment1/2021_02_23_20_01_27/_hypergui_1/spectrum_fromCSV5_(500.0-995.0)_masked_data_0_derivative.csv,stas,P081,2021_02_23_20_01_27,P081#2021_02_23_20_01_27#CSV5,csv_spectrum,2,train
/Users/charleneleung/Documents/dkfz/data/Cat_Pig/Cat_atlas_deox/Cat_0007_kidney_stas/data/P081_OP045_2021_02_23_Experiment1/2021_02_23_20_01_57/_hypergui_1/spectrum_fromCSV1_(500.0-995.0)_masked_data_0_derivative.csv,stas,P081,2021_02_23_20_01_57,P081#2021_02_23_20_01_57#CSV1,csv_spectrum,2,train
/Users/charleneleung/Documents/dkfz/data/Cat_Pig/Cat_atlas_deox/Cat_0007_kidney_stas/data/P081_OP045_2021_02_23_Experiment1/2021_02_23_20_01_57/_hypergui_1/spectrum_fromCSV5_(500.0-995.0)_masked_data_0_derivative.csv,stas,P081,2021_02_23_20_01_57,P081#2021_02_23_20_01_57#CSV5,csv_spectrum,2,train
/Users/charleneleung/Documents/dkfz/data/Cat_Pig/Cat_atlas_deox/Cat_0007_kidney_stas/data/P081_OP045_2021_02_23_Experiment1/2021_02_23_20_02_27/_hypergui_1/spectrum_fromCSV1_(500.0-995.0)_masked_data_0_derivative.csv,stas,P081,2021_02_23_20_02_27,P081#2021_02_23_20_02_27#CSV1,csv_spectrum,2,train
/Users/charleneleung/Documents/dkfz/data/Cat_Pig/Cat_atlas_deox/Cat_0007_kidney_stas/data/P081_OP045_2021_02_23_Experiment1/2021_02_23_20_02_27/_hypergui_1/spectrum_fromCSV5_(500.0-995.0)_masked_data_0_derivative.csv,stas,P081,2021_02_23_20_02_27,P081#2021_02_23_20_02_27#CSV5,csv_spectrum,2,train
/Users/charleneleung/Documents/dkfz/data/Cat_Pig/Cat_atlas_deox/Cat_0007_kidney_stas/data/P081_OP045_2021_02_23_Experiment1/2021_02_23_20_12_01/_hypergui_1/spectrum_fromCSV1_(500.0-995.0)_masked_data_0_derivative.csv,stas,P081,2021_02_23_20_12_01,P081#2021_02_23_20_12_01#CSV1,csv_spectrum,2,train
/Users/charleneleung/Documents/dkfz/data/Cat_Pig/Cat_atlas_deox/Cat_0007_kidney_stas/data/P081_OP045_2021_02_23_Experiment1/2021_02_23_20_12_01/_hypergui_1/spectrum_fromCSV5_(500.0-995.0)_masked_data_0_derivative.csv,stas,P081,2021_02_23_20_12_01,P081#2021_02_23_20_12_01#CSV5,csv_spectrum,2,train
/Users/charleneleung/Documents/dkfz/data/Cat_Pig/Cat_atlas_deox/Cat_0007_kidney_stas/data/P082_OP046_2021_02_25_Experiment1/2021_02_25_15_12_39/_hypergui_1/spectrum_fromCSV1_(500.0-995.0)_masked_data_0_derivative.csv,stas,P082,2021_02_25_15_12_39,P082#2021_02_25_15_12_39#CSV1,csv_spectrum,2,train
/Users/charleneleung/Documents/dkfz/data/Cat_Pig/Cat_atlas_deox/Cat_0007_kidney_stas/data/P082_OP046_2021_02_25_Experiment1/2021_02_25_15_12_39/_hypergui_1/spectrum_fromCSV5_(500.0-995.0)_masked_data_0_derivative.csv,stas,P082,2021_02_25_15_12_39,P082#2021_02_25_15_12_39#CSV5,csv_spectrum,2,train
/Users/charleneleung/Documents/dkfz/data/Cat_Pig/Cat_atlas_deox/Cat_0007_kidney_stas/data/P082_OP046_2021_02_25_Experiment1/2021_02_25_15_36_02/_hypergui_1/spectrum_fromCSV1_(500.0-995.0)_masked_data_0_derivative.csv,stas,P082,2021_02_25_15_36_02,P082#2021_02_25_15_36_02#CSV1,csv_spectrum,2,train
/Users/charleneleung/Documents/dkfz/data/Cat_Pig/Cat_atlas_deox/Cat_0007_kidney_stas/data/P082_OP046_2021_02_25_Experiment1/2021_02_25_15_36_02/_hypergui_1/spectrum_fromCSV5_(500.0-995.0)_masked_data_0_derivative.csv,stas,P082,2021_02_25_15_36_02,P082#2021_02_25_15_36_02#CSV5,csv_spectrum,2,train
/Users/charleneleung/Documents/dkfz/data/Cat_Pig/Cat_atlas_deox/Cat_0007_kidney_stas/data/P082_OP046_2021_02_25_Experiment1/2021_02_25_16_50_43/_hypergui_1/spectrum_fromCSV1_(500.0-995.0)_masked_data_0_derivative.csv,stas,P082,2021_02_25_16_50_43,P082#2021_02_25_16_50_43#CSV1,csv_spectrum,2,train
/Users/charleneleung/Documents/dkfz/data/Cat_Pig/Cat_atlas_deox/Cat_0007_kidney_stas/data/P082_OP046_2021_02_25_Experiment1/2021_02_25_16_50_43/_hypergui_1/spectrum_fromCSV5_(500.0-995.0)_masked_data_0_derivative.csv,stas,P082,2021_02_25_16_50_43,P082#2021_02_25_16_50_43#CSV5,csv_spectrum,2,train
/Users/charleneleung/Documents/dkfz/data/Cat_Pig/Cat_atlas_deox/Cat_0007_kidney_stas/data/P082_OP046_2021_02_25_Experiment1/2021_02_25_18_08_38/_hypergui_1/spectrum_fromCSV1_(500.0-995.0)_masked_data_0_derivative.csv,stas,P082,2021_02_25_18_08_38,P082#2021_02_25_18_08_38#CSV1,csv_spectrum,2,train
/Users/charleneleung/Documents/dkfz/data/Cat_Pig/Cat_atlas_deox/Cat_0007_kidney_stas/data/P082_OP046_2021_02_25_Experiment1/2021_02_25_18_08_38/_hypergui_1/spectrum_fromCSV5_(500.0-995.0)_masked_data_0_derivative.csv,stas,P082,2021_02_25_18_08_38,P082#2021_02_25_18_08_38#CSV5,csv_spectrum,2,train
/Users/charleneleung/Documents/dkfz/data/Cat_Pig/Cat_atlas_deox/Cat_0007_kidney_stas/data/P083_OP047_2021_03_05_Experiment1/2021_03_05_16_34_46/_hypergui_1/spectrum_fromCSV1_(500.0-995.0)_masked_data_0_derivative.csv,stas,P083,2021_03_05_16_34_46,P083#2021_03_05_16_34_46#CSV1,csv_spectrum,2,test
/Users/charleneleung/Documents/dkfz/data/Cat_Pig/Cat_atlas_deox/Cat_0007_kidney_stas/data/P083_OP047_2021_03_05_Experiment1/2021_03_05_16_34_46/_hypergui_1/spectrum_fromCSV5_(500.0-995.0)_masked_data_0_derivative.csv,stas,P083,2021_03_05_16_34_46,P083#2021_03_05_16_34_46#CSV5,csv_spectrum,2,test
/Users/charleneleung/Documents/dkfz/data/Cat_Pig/Cat_atlas_deox/Cat_0007_kidney_stas/data/P083_OP047_2021_03_05_Experiment1/2021_03_05_16_35_16/_hypergui_1/spectrum_fromCSV1_(500.0-995.0)_masked_data_0_derivative.csv,stas,P083,2021_03_05_16_35_16,P083#2021_03_05_16_35_16#CSV1,csv_spectrum,2,test
/Users/charleneleung/Documents/dkfz/data/Cat_Pig/Cat_atlas_deox/Cat_0007_kidney_stas/data/P083_OP047_2021_03_05_Experiment1/2021_03_05_16_35_16/_hypergui_1/spectrum_fromCSV5_(500.0-995.0)_masked_data_0_derivative.csv,stas,P083,2021_03_05_16_35_16,P083#2021_03_05_16_35_16#CSV5,csv_spectrum,2,test
/Users/charleneleung/Documents/dkfz/data/Cat_Pig/Cat_atlas_deox/Cat_0007_kidney_stas/data/P083_OP047_2021_03_05_Experiment1/2021_03_05_16_54_55/_hypergui_1/spectrum_fromCSV1_(500.0-995.0)_masked_data_0_derivative.csv,stas,P083,2021_03_05_16_54_55,P083#2021_03_05_16_54_55#CSV1,csv_spectrum,2,test
/Users/charleneleung/Documents/dkfz/data/Cat_Pig/Cat_atlas_deox/Cat_0007_kidney_stas/data/P083_OP047_2021_03_05_Experiment1/2021_03_05_16_54_55/_hypergui_1/spectrum_fromCSV5_(500.0-995.0)_masked_data_0_derivative.csv,stas,P083,2021_03_05_16_54_55,P083#2021_03_05_16_54_55#CSV5,csv_spectrum,2,test
/Users/charleneleung/Documents/dkfz/data/Cat_Pig/Cat_atlas_deox/Cat_0007_kidney_stas/data/P083_OP047_2021_03_05_Experiment1/2021_03_05_18_13_36/_hypergui_1/spectrum_fromCSV1_(500.0-995.0)_masked_data_0_derivative.csv,stas,P083,2021_03_05_18_13_36,P083#2021_03_05_18_13_36#CSV1,csv_spectrum,2,test
/Users/charleneleung/Documents/dkfz/data/Cat_Pig/Cat_atlas_deox/Cat_0007_kidney_stas/data/P083_OP047_2021_03_05_Experiment1/2021_03_05_18_13_36/_hypergui_1/spectrum_fromCSV5_(500.0-995.0)_masked_data_0_derivative.csv,stas,P083,2021_03_05_18_13_36,P083#2021_03_05_18_13_36#CSV5,csv_spectrum,2,test
/Users/charleneleung/Documents/dkfz/data/Cat_Pig/Cat_atlas_deox/Cat_0007_kidney_stas/data/P083_OP047_2021_03_05_Experiment1/2021_03_05_18_27_45/_hypergui_1/spectrum_fromCSV1_(500.0-995.0)_masked_data_0_derivative.csv,stas,P083,2021_03_05_18_27_45,P083#2021_03_05_18_27_45#CSV1,csv_spectrum,2,test
/Users/charleneleung/Documents/dkfz/data/Cat_Pig/Cat_atlas_deox/Cat_0007_kidney_stas/data/P083_OP047_2021_03_05_Experiment1/2021_03_05_18_27_45/_hypergui_1/spectrum_fromCSV5_(500.0-995.0)_masked_data_0_derivative.csv,stas,P083,2021_03_05_18_27_45,P083#2021_03_05_18_27_45#CSV5,csv_spectrum,2,test
/Users/charleneleung/Documents/dkfz/data/Cat_Pig/Cat_atlas_deox/Cat_0007_kidney_stas/data/P084_OP048_2021_03_21_Experiment1/2021_03_21_12_38_11/_hypergui_1/spectrum_fromCSV1_(500.0-995.0)_masked_data_0_derivative.csv,stas,P084,2021_03_21_12_38_11,P084#2021_03_21_12_38_11#CSV1,csv_spectrum,2,train
/Users/charleneleung/Documents/dkfz/data/Cat_Pig/Cat_atlas_deox/Cat_0007_kidney_stas/data/P084_OP048_2021_03_21_Experiment1/2021_03_21_12_38_11/_hypergui_1/spectrum_fromCSV5_(500.0-995.0)_masked_data_0_derivative.csv,stas,P084,2021_03_21_12_38_11,P084#2021_03_21_12_38_11#CSV5,csv_spectrum,2,train
/Users/charleneleung/Documents/dkfz/data/Cat_Pig/Cat_atlas_deox/Cat_0007_kidney_stas/data/P084_OP048_2021_03_21_Experiment1/2021_03_21_13_14_10/_hypergui_1/spectrum_fromCSV1_(500.0-995.0)_masked_data_0_derivative.csv,stas,P084,2021_03_21_13_14_10,P084#2021_03_21_13_14_10#CSV1,csv_spectrum,2,train
/Users/charleneleung/Documents/dkfz/data/Cat_Pig/Cat_atlas_deox/Cat_0007_kidney_stas/data/P084_OP048_2021_03_21_Experiment1/2021_03_21_13_14_10/_hypergui_1/spectrum_fromCSV5_(500.0-995.0)_masked_data_0_derivative.csv,stas,P084,2021_03_21_13_14_10,P084#2021_03_21_13_14_10#CSV5,csv_spectrum,2,train
/Users/charleneleung/Documents/dkfz/data/Cat_Pig/Cat_atlas_deox/Cat_0007_kidney_stas/data/P084_OP048_2021_03_21_Experiment1/2021_03_21_13_14_40/_hypergui_1/spectrum_fromCSV1_(500.0-995.0)_masked_data_0_derivative.csv,stas,P084,2021_03_21_13_14_40,P084#2021_03_21_13_14_40#CSV1,csv_spectrum,2,train
/Users/charleneleung/Documents/dkfz/data/Cat_Pig/Cat_atlas_deox/Cat_0007_kidney_stas/data/P084_OP048_2021_03_21_Experiment1/2021_03_21_13_14_40/_hypergui_1/spectrum_fromCSV5_(500.0-995.0)_masked_data_0_derivative.csv,stas,P084,2021_03_21_13_14_40,P084#2021_03_21_13_14_40#CSV5,csv_spectrum,2,train
/Users/charleneleung/Documents/dkfz/data/Cat_Pig/Cat_atlas_deox/Cat_0007_kidney_stas/data/P084_OP048_2021_03_21_Experiment1/2021_03_21_14_09_40/_hypergui_1/spectrum_fromCSV1_(500.0-995.0)_masked_data_0_derivative.csv,stas,P084,2021_03_21_14_09_40,P084#2021_03_21_14_09_40#CSV1,csv_spectrum,2,train
/Users/charleneleung/Documents/dkfz/data/Cat_Pig/Cat_atlas_deox/Cat_0007_kidney_stas/data/P084_OP048_2021_03_21_Experiment1/2021_03_21_14_09_40/_hypergui_1/spectrum_fromCSV5_(500.0-995.0)_masked_data_0_derivative.csv,stas,P084,2021_03_21_14_09_40,P084#2021_03_21_14_09_40#CSV5,csv_spectrum,2,train
/Users/charleneleung/Documents/dkfz/data/Cat_Pig/Cat_atlas_deox/Cat_0007_kidney_stas/data/P084_OP048_2021_03_21_Experiment1/2021_03_21_14_27_14/_hypergui_1/spectrum_fromCSV1_(500.0-995.0)_masked_data_0_derivative.csv,stas,P084,2021_03_21_14_27_14,P084#2021_03_21_14_27_14#CSV1,csv_spectrum,2,train
/Users/charleneleung/Documents/dkfz/data/Cat_Pig/Cat_atlas_deox/Cat_0007_kidney_stas/data/P084_OP048_2021_03_21_Experiment1/2021_03_21_14_27_14/_hypergui_1/spectrum_fromCSV5_(500.0-995.0)_masked_data_0_derivative.csv,stas,P084,2021_03_21_14_27_14,P084#2021_03_21_14_27_14#CSV5,csv_spectrum,2,train
/Users/charleneleung/Documents/dkfz/data/Cat_Pig/Cat_atlas_deox/Cat_0007_kidney_stas/data/P085_OP049_2021_04_10_Experiment1/2021_04_10_16_33_06/_hypergui_1/spectrum_fromCSV1_(500.0-995.0)_masked_data_0_derivative.csv,stas,P085,2021_04_10_16_33_06,P085#2021_04_10_16_33_06#CSV1,csv_spectrum,2,test
/Users/charleneleung/Documents/dkfz/data/Cat_Pig/Cat_atlas_deox/Cat_0007_kidney_stas/data/P085_OP049_2021_04_10_Experiment1/2021_04_10_16_33_06/_hypergui_1/spectrum_fromCSV5_(500.0-995.0)_masked_data_0_derivative.csv,stas,P085,2021_04_10_16_33_06,P085#2021_04_10_16_33_06#CSV5,csv_spectrum,2,test
/Users/charleneleung/Documents/dkfz/data/Cat_Pig/Cat_atlas_deox/Cat_0007_kidney_stas/data/P085_OP049_2021_04_10_Experiment1/2021_04_10_16_33_36/_hypergui_1/spectrum_fromCSV1_(500.0-995.0)_masked_data_0_derivative.csv,stas,P085,2021_04_10_16_33_36,P085#2021_04_10_16_33_36#CSV1,csv_spectrum,2,test
/Users/charleneleung/Documents/dkfz/data/Cat_Pig/Cat_atlas_deox/Cat_0007_kidney_stas/data/P085_OP049_2021_04_10_Experiment1/2021_04_10_16_33_36/_hypergui_1/spectrum_fromCSV5_(500.0-995.0)_masked_data_0_derivative.csv,stas,P085,2021_04_10_16_33_36,P085#2021_04_10_16_33_36#CSV5,csv_spectrum,2,test
/Users/charleneleung/Documents/dkfz/data/Cat_Pig/Cat_atlas_deox/Cat_0007_kidney_stas/data/P085_OP049_2021_04_10_Experiment1/2021_04_10_16_47_59/_hypergui_1/spectrum_fromCSV1_(500.0-995.0)_masked_data_0_derivative.csv,stas,P085,2021_04_10_16_47_59,P085#2021_04_10_16_47_59#CSV1,csv_spectrum,2,test
/Users/charleneleung/Documents/dkfz/data/Cat_Pig/Cat_atlas_deox/Cat_0007_kidney_stas/data/P085_OP049_2021_04_10_Experiment1/2021_04_10_16_47_59/_hypergui_1/spectrum_fromCSV5_(500.0-995.0)_masked_data_0_derivative.csv,stas,P085,2021_04_10_16_47_59,P085#2021_04_10_16_47_59#CSV5,csv_spectrum,2,test
/Users/charleneleung/Documents/dkfz/data/Cat_Pig/Cat_atlas_deox/Cat_0007_kidney_stas/data/P085_OP049_2021_04_10_Experiment1/2021_04_10_16_48_29/_hypergui_1/spectrum_fromCSV1_(500.0-995.0)_masked_data_0_derivative.csv,stas,P085,2021_04_10_16_48_29,P085#2021_04_10_16_48_29#CSV1,csv_spectrum,2,test
/Users/charleneleung/Documents/dkfz/data/Cat_Pig/Cat_atlas_deox/Cat_0007_kidney_stas/data/P085_OP049_2021_04_10_Experiment1/2021_04_10_16_48_29/_hypergui_1/spectrum_fromCSV5_(500.0-995.0)_masked_data_0_derivative.csv,stas,P085,2021_04_10_16_48_29,P085#2021_04_10_16_48_29#CSV5,csv_spectrum,2,test
/Users/charleneleung/Documents/dkfz/data/Cat_Pig/Cat_atlas_deox/Cat_0007_kidney_stas/data/P085_OP049_2021_04_10_Experiment1/2021_04_10_17_51_52/_hypergui_1/spectrum_fromCSV1_(500.0-995.0)_masked_data_0_derivative.csv,stas,P085,2021_04_10_17_51_52,P085#2021_04_10_17_51_52#CSV1,csv_spectrum,2,test
/Users/charleneleung/Documents/dkfz/data/Cat_Pig/Cat_atlas_deox/Cat_0007_kidney_stas/data/P085_OP049_2021_04_10_Experiment1/2021_04_10_17_51_52/_hypergui_1/spectrum_fromCSV5_(500.0-995.0)_masked_data_0_derivative.csv,stas,P085,2021_04_10_17_51_52,P085#2021_04_10_17_51_52#CSV5,csv_spectrum,2,test
/Users/charleneleung/Documents/dkfz/data/Cat_Pig/Cat_atlas_deox/Cat_0007_kidney_stas/data/P085_OP049_2021_04_10_Experiment1/2021_04_10_18_03_00/_hypergui_1/spectrum_fromCSV1_(500.0-995.0)_masked_data_0_derivative.csv,stas,P085,2021_04_10_18_03_00,P085#2021_04_10_18_03_00#CSV1,csv_spectrum,2,test
/Users/charleneleung/Documents/dkfz/data/Cat_Pig/Cat_atlas_deox/Cat_0007_kidney_stas/data/P085_OP049_2021_04_10_Experiment1/2021_04_10_18_03_00/_hypergui_1/spectrum_fromCSV5_(500.0-995.0)_masked_data_0_derivative.csv,stas,P085,2021_04_10_18_03_00,P085#2021_04_10_18_03_00#CSV5,csv_spectrum,2,test
/Users/charleneleung/Documents/dkfz/data/Cat_Pig/Cat_atlas_deox/Cat_0007_kidney_stas/data/P091_OP055_2021_04_24_Experiment1/2021_04_24_16_13_45/_hypergui_1/spectrum_fromCSV1_(500.0-995.0)_masked_data_0_derivative.csv,stas,P091,2021_04_24_16_13_45,P091#2021_04_24_16_13_45#CSV1,csv_spectrum,2,train
/Users/charleneleung/Documents/dkfz/data/Cat_Pig/Cat_atlas_deox/Cat_0007_kidney_stas/data/P091_OP055_2021_04_24_Experiment1/2021_04_24_16_13_45/_hypergui_1/spectrum_fromCSV5_(500.0-995.0)_masked_data_0_derivative.csv,stas,P091,2021_04_24_16_13_45,P091#2021_04_24_16_13_45#CSV5,csv_spectrum,2,train
/Users/charleneleung/Documents/dkfz/data/Cat_Pig/Cat_atlas_deox/Cat_0007_kidney_stas/data/P091_OP055_2021_04_24_Experiment1/2021_04_24_16_14_01/_hypergui_1/spectrum_fromCSV1_(500.0-995.0)_masked_data_0_derivative.csv,stas,P091,2021_04_24_16_14_01,P091#2021_04_24_16_14_01#CSV1,csv_spectrum,2,train
/Users/charleneleung/Documents/dkfz/data/Cat_Pig/Cat_atlas_deox/Cat_0007_kidney_stas/data/P091_OP055_2021_04_24_Experiment1/2021_04_24_16_14_01/_hypergui_1/spectrum_fromCSV5_(500.0-995.0)_masked_data_0_derivative.csv,stas,P091,2021_04_24_16_14_01,P091#2021_04_24_16_14_01#CSV5,csv_spectrum,2,train
/Users/charleneleung/Documents/dkfz/data/Cat_Pig/Cat_atlas_deox/Cat_0007_kidney_stas/data/P091_OP055_2021_04_24_Experiment1/2021_04_24_16_14_21/_hypergui_1/spectrum_fromCSV1_(500.0-995.0)_masked_data_0_derivative.csv,stas,P091,2021_04_24_16_14_21,P091#2021_04_24_16_14_21#CSV1,csv_spectrum,2,train
/Users/charleneleung/Documents/dkfz/data/Cat_Pig/Cat_atlas_deox/Cat_0007_kidney_stas/data/P091_OP055_2021_04_24_Experiment1/2021_04_24_16_14_21/_hypergui_1/spectrum_fromCSV5_(500.0-995.0)_masked_data_0_derivative.csv,stas,P091,2021_04_24_16_14_21,P091#2021_04_24_16_14_21#CSV5,csv_spectrum,2,train
/Users/charleneleung/Documents/dkfz/data/Cat_Pig/Cat_atlas_deox/Cat_0007_kidney_stas/data/P095_OP059_2021_05_02_Experiment1/2021_05_02_13_49_17/_hypergui_1/spectrum_fromCSV1_(500.0-995.0)_masked_data_0_derivative.csv,stas,P095,2021_05_02_13_49_17,P095#2021_05_02_13_49_17#CSV1,csv_spectrum,2,train
/Users/charleneleung/Documents/dkfz/data/Cat_Pig/Cat_atlas_deox/Cat_0007_kidney_stas/data/P095_OP059_2021_05_02_Experiment1/2021_05_02_13_49_17/_hypergui_1/spectrum_fromCSV5_(500.0-995.0)_masked_data_0_derivative.csv,stas,P095,2021_05_02_13_49_17,P095#2021_05_02_13_49_17#CSV5,csv_spectrum,2,train
/Users/charleneleung/Documents/dkfz/data/Cat_Pig/Cat_atlas_deox/Cat_0007_kidney_stas/data/P095_OP059_2021_05_02_Experiment1/2021_05_02_13_49_47/_hypergui_1/spectrum_fromCSV1_(500.0-995.0)_masked_data_0_derivative.csv,stas,P095,2021_05_02_13_49_47,P095#2021_05_02_13_49_47#CSV1,csv_spectrum,2,train
/Users/charleneleung/Documents/dkfz/data/Cat_Pig/Cat_atlas_deox/Cat_0007_kidney_stas/data/P095_OP059_2021_05_02_Experiment1/2021_05_02_13_49_47/_hypergui_1/spectrum_fromCSV5_(500.0-995.0)_masked_data_0_derivative.csv,stas,P095,2021_05_02_13_49_47,P095#2021_05_02_13_49_47#CSV5,csv_spectrum,2,train
/Users/charleneleung/Documents/dkfz/data/Cat_Pig/Cat_atlas_deox/Cat_0007_kidney_stas/data/P095_OP059_2021_05_02_Experiment1/2021_05_02_14_01_55/_hypergui_1/spectrum_fromCSV1_(500.0-995.0)_masked_data_0_derivative.csv,stas,P095,2021_05_02_14_01_55,P095#2021_05_02_14_01_55#CSV1,csv_spectrum,2,train
/Users/charleneleung/Documents/dkfz/data/Cat_Pig/Cat_atlas_deox/Cat_0007_kidney_stas/data/P095_OP059_2021_05_02_Experiment1/2021_05_02_14_01_55/_hypergui_1/spectrum_fromCSV5_(500.0-995.0)_masked_data_0_derivative.csv,stas,P095,2021_05_02_14_01_55,P095#2021_05_02_14_01_55#CSV5,csv_spectrum,2,train
/Users/charleneleung/Documents/dkfz/data/Cat_Pig/Cat_atlas_deox/Cat_0007_kidney_stas/data/P095_OP059_2021_05_02_Experiment1/2021_05_02_14_02_25/_hypergui_1/spectrum_fromCSV1_(500.0-995.0)_masked_data_0_derivative.csv,stas,P095,2021_05_02_14_02_25,P095#2021_05_02_14_02_25#CSV1,csv_spectrum,2,train
/Users/charleneleung/Documents/dkfz/data/Cat_Pig/Cat_atlas_deox/Cat_0007_kidney_stas/data/P095_OP059_2021_05_02_Experiment1/2021_05_02_14_02_25/_hypergui_1/spectrum_fromCSV5_(500.0-995.0)_masked_data_0_derivative.csv,stas,P095,2021_05_02_14_02_25,P095#2021_05_02_14_02_25#CSV5,csv_spectrum,2,train
/Users/charleneleung/Documents/dkfz/data/Cat_Pig/Cat_atlas_deox/Cat_0007_kidney_stas/data/P095_OP059_2021_05_02_Experiment1/2021_05_02_15_46_11/_hypergui_1/spectrum_fromCSV1_(500.0-995.0)_masked_data_0_derivative.csv,stas,P095,2021_05_02_15_46_11,P095#2021_05_02_15_46_11#CSV1,csv_spectrum,2,train
/Users/charleneleung/Documents/dkfz/data/Cat_Pig/Cat_atlas_deox/Cat_0007_kidney_stas/data/P095_OP059_2021_05_02_Experiment1/2021_05_02_15_46_11/_hypergui_1/spectrum_fromCSV5_(500.0-995.0)_masked_data_0_derivative.csv,stas,P095,2021_05_02_15_46_11,P095#2021_05_02_15_46_11#CSV5,csv_spectrum,2,train
/Users/charleneleung/Documents/dkfz/data/Cat_Pig/Cat_atlas_deox/Cat_0007_kidney_stas/data/P095_OP059_2021_05_02_Experiment1/2021_05_02_15_59_16/_hypergui_1/spectrum_fromCSV1_(500.0-995.0)_masked_data_0_derivative.csv,stas,P095,2021_05_02_15_59_16,P095#2021_05_02_15_59_16#CSV1,csv_spectrum,2,train
/Users/charleneleung/Documents/dkfz/data/Cat_Pig/Cat_atlas_deox/Cat_0007_kidney_stas/data/P095_OP059_2021_05_02_Experiment1/2021_05_02_15_59_16/_hypergui_1/spectrum_fromCSV5_(500.0-995.0)_masked_data_0_derivative.csv,stas,P095,2021_05_02_15_59_16,P095#2021_05_02_15_59_16#CSV5,csv_spectrum,2,train
/Users/charleneleung/Documents/dkfz/data/Cat_Pig/Cat_atlas_deox/Cat_0007_kidney_stas/data/P095_OP059_2021_05_02_Experiment1/2021_05_02_15_59_46/_hypergui_1/spectrum_fromCSV1_(500.0-995.0)_masked_data_0_derivative.csv,stas,P095,2021_05_02_15_59_46,P095#2021_05_02_15_59_46#CSV1,csv_spectrum,2,train
/Users/charleneleung/Documents/dkfz/data/Cat_Pig/Cat_atlas_deox/Cat_0007_kidney_stas/data/P095_OP059_2021_05_02_Experiment1/2021_05_02_15_59_46/_hypergui_1/spectrum_fromCSV5_(500.0-995.0)_masked_data_0_derivative.csv,stas,P095,2021_05_02_15_59_46,P095#2021_05_02_15_59_46#CSV5,csv_spectrum,2,train
/Users/charleneleung/Documents/dkfz/data/Cat_Pig/Cat_atlas_deox/Cat_0007_kidney_stas/data/P096_OP060_2021_05_06_Experiment1/2021_05_06_10_08_21/_hypergui_1/spectrum_fromCSV1_(500.0-995.0)_masked_data_0_derivative.csv,stas,P096,2021_05_06_10_08_21,P096#2021_05_06_10_08_21#CSV1,csv_spectrum,2,train
/Users/charleneleung/Documents/dkfz/data/Cat_Pig/Cat_atlas_deox/Cat_0007_kidney_stas/data/P096_OP060_2021_05_06_Experiment1/2021_05_06_10_08_21/_hypergui_1/spectrum_fromCSV5_(500.0-995.0)_masked_data_0_derivative.csv,stas,P096,2021_05_06_10_08_21,P096#2021_05_06_10_08_21#CSV5,csv_spectrum,2,train
/Users/charleneleung/Documents/dkfz/data/Cat_Pig/Cat_atlas_deox/Cat_0007_kidney_stas/data/P096_OP060_2021_05_06_Experiment1/2021_05_06_10_18_24/_hypergui_1/spectrum_fromCSV1_(500.0-995.0)_masked_data_0_derivative.csv,stas,P096,2021_05_06_10_18_24,P096#2021_05_06_10_18_24#CSV1,csv_spectrum,2,train
/Users/charleneleung/Documents/dkfz/data/Cat_Pig/Cat_atlas_deox/Cat_0007_kidney_stas/data/P096_OP060_2021_05_06_Experiment1/2021_05_06_10_18_24/_hypergui_1/spectrum_fromCSV5_(500.0-995.0)_masked_data_0_derivative.csv,stas,P096,2021_05_06_10_18_24,P096#2021_05_06_10_18_24#CSV5,csv_spectrum,2,train
/Users/charleneleung/Documents/dkfz/data/Cat_Pig/Cat_atlas_deox/Cat_0007_kidney_stas/data/P096_OP060_2021_05_06_Experiment1/2021_05_06_11_23_47/_hypergui_1/spectrum_fromCSV1_(500.0-995.0)_masked_data_0_derivative.csv,stas,P096,2021_05_06_11_23_47,P096#2021_05_06_11_23_47#CSV1,csv_spectrum,2,train
/Users/charleneleung/Documents/dkfz/data/Cat_Pig/Cat_atlas_deox/Cat_0007_kidney_stas/data/P096_OP060_2021_05_06_Experiment1/2021_05_06_11_23_47/_hypergui_1/spectrum_fromCSV5_(500.0-995.0)_masked_data_0_derivative.csv,stas,P096,2021_05_06_11_23_47,P096#2021_05_06_11_23_47#CSV5,csv_spectrum,2,train
/Users/charleneleung/Documents/dkfz/data/Cat_Pig/Cat_atlas_deox/Cat_0007_kidney_stas/data/P096_OP060_2021_05_06_Experiment1/2021_05_06_11_36_30/_hypergui_1/spectrum_fromCSV1_(500.0-995.0)_masked_data_0_derivative.csv,stas,P096,2021_05_06_11_36_30,P096#2021_05_06_11_36_30#CSV1,csv_spectrum,2,train
/Users/charleneleung/Documents/dkfz/data/Cat_Pig/Cat_atlas_deox/Cat_0007_kidney_stas/data/P096_OP060_2021_05_06_Experiment1/2021_05_06_11_36_30/_hypergui_1/spectrum_fromCSV5_(500.0-995.0)_masked_data_0_derivative.csv,stas,P096,2021_05_06_11_36_30,P096#2021_05_06_11_36_30#CSV5,csv_spectrum,2,train
/Users/charleneleung/Documents/dkfz/data/Cat_Pig/Cat_atlas_deox/Cat_0007_kidney_stas/data/P096_OP060_2021_05_06_Experiment1/2021_05_06_11_37_00/_hypergui_1/spectrum_fromCSV1_(500.0-995.0)_masked_data_0_derivative.csv,stas,P096,2021_05_06_11_37_00,P096#2021_05_06_11_37_00#CSV1,csv_spectrum,2,train
/Users/charleneleung/Documents/dkfz/data/Cat_Pig/Cat_atlas_deox/Cat_0007_kidney_stas/data/P096_OP060_2021_05_06_Experiment1/2021_05_06_11_37_00/_hypergui_1/spectrum_fromCSV5_(500.0-995.0)_masked_data_0_derivative.csv,stas,P096,2021_05_06_11_37_00,P096#2021_05_06_11_37_00#CSV5,csv_spectrum,2,train
/Users/charleneleung/Documents/dkfz/data/Cat_Pig/Cat_atlas_deox/Cat_0007_kidney_stas/data/P097_OP061_2021_07_03_Experiment1/2021_07_03_10_00_14/_hypergui_1/spectrum_fromCSV1_(500.0-995.0)_masked_data_0_derivative.csv,stas,P097,2021_07_03_10_00_14,P097#2021_07_03_10_00_14#CSV1,csv_spectrum,2,train
/Users/charleneleung/Documents/dkfz/data/Cat_Pig/Cat_atlas_deox/Cat_0007_kidney_stas/data/P097_OP061_2021_07_03_Experiment1/2021_07_03_10_00_14/_hypergui_1/spectrum_fromCSV5_(500.0-995.0)_masked_data_0_derivative.csv,stas,P097,2021_07_03_10_00_14,P097#2021_07_03_10_00_14#CSV5,csv_spectrum,2,train
/Users/charleneleung/Documents/dkfz/data/Cat_Pig/Cat_atlas_deox/Cat_0007_kidney_stas/data/P097_OP061_2021_07_03_Experiment1/2021_07_03_10_00_44/_hypergui_1/spectrum_fromCSV1_(500.0-995.0)_masked_data_0_derivative.csv,stas,P097,2021_07_03_10_00_44,P097#2021_07_03_10_00_44#CSV1,csv_spectrum,2,train
/Users/charleneleung/Documents/dkfz/data/Cat_Pig/Cat_atlas_deox/Cat_0007_kidney_stas/data/P097_OP061_2021_07_03_Experiment1/2021_07_03_10_00_44/_hypergui_1/spectrum_fromCSV5_(500.0-995.0)_masked_data_0_derivative.csv,stas,P097,2021_07_03_10_00_44,P097#2021_07_03_10_00_44#CSV5,csv_spectrum,2,train
/Users/charleneleung/Documents/dkfz/data/Cat_Pig/Cat_atlas_deox/Cat_0007_kidney_stas/data/P097_OP061_2021_07_03_Experiment1/2021_07_03_10_15_23/_hypergui_1/spectrum_fromCSV1_(500.0-995.0)_masked_data_0_derivative.csv,stas,P097,2021_07_03_10_15_23,P097#2021_07_03_10_15_23#CSV1,csv_spectrum,2,train
/Users/charleneleung/Documents/dkfz/data/Cat_Pig/Cat_atlas_deox/Cat_0007_kidney_stas/data/P097_OP061_2021_07_03_Experiment1/2021_07_03_10_15_23/_hypergui_1/spectrum_fromCSV5_(500.0-995.0)_masked_data_0_derivative.csv,stas,P097,2021_07_03_10_15_23,P097#2021_07_03_10_15_23#CSV5,csv_spectrum,2,train
/Users/charleneleung/Documents/dkfz/data/Cat_Pig/Cat_atlas_deox/Cat_0007_kidney_stas/data/P097_OP061_2021_07_03_Experiment1/2021_07_03_12_07_41/_hypergui_1/spectrum_fromCSV1_(500.0-995.0)_masked_data_0_derivative.csv,stas,P097,2021_07_03_12_07_41,P097#2021_07_03_12_07_41#CSV1,csv_spectrum,2,train
/Users/charleneleung/Documents/dkfz/data/Cat_Pig/Cat_atlas_deox/Cat_0007_kidney_stas/data/P097_OP061_2021_07_03_Experiment1/2021_07_03_12_07_41/_hypergui_1/spectrum_fromCSV5_(500.0-995.0)_masked_data_0_derivative.csv,stas,P097,2021_07_03_12_07_41,P097#2021_07_03_12_07_41#CSV5,csv_spectrum,2,train
/Users/charleneleung/Documents/dkfz/data/Cat_Pig/Cat_atlas_deox/Cat_0007_kidney_stas/data/P097_OP061_2021_07_03_Experiment1/2021_07_03_12_23_47/_hypergui_1/spectrum_fromCSV1_(500.0-995.0)_masked_data_0_derivative.csv,stas,P097,2021_07_03_12_23_47,P097#2021_07_03_12_23_47#CSV1,csv_spectrum,2,train
/Users/charleneleung/Documents/dkfz/data/Cat_Pig/Cat_atlas_deox/Cat_0007_kidney_stas/data/P097_OP061_2021_07_03_Experiment1/2021_07_03_12_23_47/_hypergui_1/spectrum_fromCSV5_(500.0-995.0)_masked_data_0_derivative.csv,stas,P097,2021_07_03_12_23_47,P097#2021_07_03_12_23_47#CSV5,csv_spectrum,2,train
/Users/charleneleung/Documents/dkfz/data/Cat_Pig/Cat_atlas_deox/Cat_0007_kidney_stas/data/P097_OP061_2021_07_03_Experiment1/2021_07_03_12_24_17/_hypergui_1/spectrum_fromCSV1_(500.0-995.0)_masked_data_0_derivative.csv,stas,P097,2021_07_03_12_24_17,P097#2021_07_03_12_24_17#CSV1,csv_spectrum,2,train
/Users/charleneleung/Documents/dkfz/data/Cat_Pig/Cat_atlas_deox/Cat_0007_kidney_stas/data/P097_OP061_2021_07_03_Experiment1/2021_07_03_12_24_17/_hypergui_1/spectrum_fromCSV5_(500.0-995.0)_masked_data_0_derivative.csv,stas,P097,2021_07_03_12_24_17,P097#2021_07_03_12_24_17#CSV5,csv_spectrum,2,train
/Users/charleneleung/Documents/dkfz/data/Cat_Pig/Cat_atlas_deox/Cat_0007_kidney_stas/data/P097_OP061_2021_07_03_Experiment1/2021_07_03_12_37_23/_hypergui_1/spectrum_fromCSV1_(500.0-995.0)_masked_data_0_derivative.csv,stas,P097,2021_07_03_12_37_23,P097#2021_07_03_12_37_23#CSV1,csv_spectrum,2,train
/Users/charleneleung/Documents/dkfz/data/Cat_Pig/Cat_atlas_deox/Cat_0007_kidney_stas/data/P097_OP061_2021_07_03_Experiment1/2021_07_03_12_37_23/_hypergui_1/spectrum_fromCSV5_(500.0-995.0)_masked_data_0_derivative.csv,stas,P097,2021_07_03_12_37_23,P097#2021_07_03_12_37_23#CSV5,csv_spectrum,2,train
/Users/charleneleung/Documents/dkfz/data/Cat_Pig/Cat_atlas_deox/Cat_0007_kidney_stas/data/P098_OP062_2021_07_06_Experiment1/2021_07_06_13_30_09/_hypergui_1/spectrum_fromCSV1_(500.0-995.0)_masked_data_0_derivative.csv,stas,P098,2021_07_06_13_30_09,P098#2021_07_06_13_30_09#CSV1,csv_spectrum,2,train
/Users/charleneleung/Documents/dkfz/data/Cat_Pig/Cat_atlas_deox/Cat_0007_kidney_stas/data/P098_OP062_2021_07_06_Experiment1/2021_07_06_13_30_09/_hypergui_1/spectrum_fromCSV5_(500.0-995.0)_masked_data_0_derivative.csv,stas,P098,2021_07_06_13_30_09,P098#2021_07_06_13_30_09#CSV5,csv_spectrum,2,train
/Users/charleneleung/Documents/dkfz/data/Cat_Pig/Cat_atlas_deox/Cat_0007_kidney_stas/data/P098_OP062_2021_07_06_Experiment1/2021_07_06_13_30_39/_hypergui_1/spectrum_fromCSV1_(500.0-995.0)_masked_data_0_derivative.csv,stas,P098,2021_07_06_13_30_39,P098#2021_07_06_13_30_39#CSV1,csv_spectrum,2,train
/Users/charleneleung/Documents/dkfz/data/Cat_Pig/Cat_atlas_deox/Cat_0007_kidney_stas/data/P098_OP062_2021_07_06_Experiment1/2021_07_06_13_30_39/_hypergui_1/spectrum_fromCSV5_(500.0-995.0)_masked_data_0_derivative.csv,stas,P098,2021_07_06_13_30_39,P098#2021_07_06_13_30_39#CSV5,csv_spectrum,2,train
/Users/charleneleung/Documents/dkfz/data/Cat_Pig/Cat_atlas_deox/Cat_0007_kidney_stas/data/P098_OP062_2021_07_06_Experiment1/2021_07_06_13_31_10/_hypergui_1/spectrum_fromCSV1_(500.0-995.0)_masked_data_0_derivative.csv,stas,P098,2021_07_06_13_31_10,P098#2021_07_06_13_31_10#CSV1,csv_spectrum,2,train
/Users/charleneleung/Documents/dkfz/data/Cat_Pig/Cat_atlas_deox/Cat_0007_kidney_stas/data/P098_OP062_2021_07_06_Experiment1/2021_07_06_13_31_10/_hypergui_1/spectrum_fromCSV5_(500.0-995.0)_masked_data_0_derivative.csv,stas,P098,2021_07_06_13_31_10,P098#2021_07_06_13_31_10#CSV5,csv_spectrum,2,train
/Users/charleneleung/Documents/dkfz/data/Cat_Pig/Cat_atlas_deox/Cat_0007_kidney_stas/data/P098_OP062_2021_07_06_Experiment1/2021_07_06_13_51_12/_hypergui_1/spectrum_fromCSV1_(500.0-995.0)_masked_data_0_derivative.csv,stas,P098,2021_07_06_13_51_12,P098#2021_07_06_13_51_12#CSV1,csv_spectrum,2,train
/Users/charleneleung/Documents/dkfz/data/Cat_Pig/Cat_atlas_deox/Cat_0007_kidney_stas/data/P098_OP062_2021_07_06_Experiment1/2021_07_06_13_51_12/_hypergui_1/spectrum_fromCSV5_(500.0-995.0)_masked_data_0_derivative.csv,stas,P098,2021_07_06_13_51_12,P098#2021_07_06_13_51_12#CSV5,csv_spectrum,2,train
/Users/charleneleung/Documents/dkfz/data/Cat_Pig/Cat_atlas_deox/Cat_0007_kidney_stas/data/P098_OP062_2021_07_06_Experiment1/2021_07_06_13_51_42/_hypergui_1/spectrum_fromCSV1_(500.0-995.0)_masked_data_0_derivative.csv,stas,P098,2021_07_06_13_51_42,P098#2021_07_06_13_51_42#CSV1,csv_spectrum,2,train
/Users/charleneleung/Documents/dkfz/data/Cat_Pig/Cat_atlas_deox/Cat_0007_kidney_stas/data/P098_OP062_2021_07_06_Experiment1/2021_07_06_13_51_42/_hypergui_1/spectrum_fromCSV5_(500.0-995.0)_masked_data_0_derivative.csv,stas,P098,2021_07_06_13_51_42,P098#2021_07_06_13_51_42#CSV5,csv_spectrum,2,train
/Users/charleneleung/Documents/dkfz/data/Cat_Pig/Cat_atlas_deox/Cat_0007_kidney_stas/data/P098_OP062_2021_07_06_Experiment1/2021_07_06_13_52_12/_hypergui_1/spectrum_fromCSV1_(500.0-995.0)_masked_data_0_derivative.csv,stas,P098,2021_07_06_13_52_12,P098#2021_07_06_13_52_12#CSV1,csv_spectrum,2,train
/Users/charleneleung/Documents/dkfz/data/Cat_Pig/Cat_atlas_deox/Cat_0007_kidney_stas/data/P098_OP062_2021_07_06_Experiment1/2021_07_06_13_52_12/_hypergui_1/spectrum_fromCSV5_(500.0-995.0)_masked_data_0_derivative.csv,stas,P098,2021_07_06_13_52_12,P098#2021_07_06_13_52_12#CSV5,csv_spectrum,2,train
/Users/charleneleung/Documents/dkfz/data/Cat_Pig/Cat_atlas_deox/Cat_0007_kidney_stas/data/P098_OP062_2021_07_06_Experiment1/2021_07_06_15_12_19/_hypergui_1/spectrum_fromCSV1_(500.0-995.0)_masked_data_0_derivative.csv,stas,P098,2021_07_06_15_12_19,P098#2021_07_06_15_12_19#CSV1,csv_spectrum,2,train
/Users/charleneleung/Documents/dkfz/data/Cat_Pig/Cat_atlas_deox/Cat_0007_kidney_stas/data/P098_OP062_2021_07_06_Experiment1/2021_07_06_15_12_19/_hypergui_1/spectrum_fromCSV5_(500.0-995.0)_masked_data_0_derivative.csv,stas,P098,2021_07_06_15_12_19,P098#2021_07_06_15_12_19#CSV5,csv_spectrum,2,train
/Users/charleneleung/Documents/dkfz/data/Cat_Pig/Cat_atlas_deox/Cat_0007_kidney_stas/data/P098_OP062_2021_07_06_Experiment1/2021_07_06_15_12_49/_hypergui_1/spectrum_fromCSV1_(500.0-995.0)_masked_data_0_derivative.csv,stas,P098,2021_07_06_15_12_49,P098#2021_07_06_15_12_49#CSV1,csv_spectrum,2,train
/Users/charleneleung/Documents/dkfz/data/Cat_Pig/Cat_atlas_deox/Cat_0007_kidney_stas/data/P098_OP062_2021_07_06_Experiment1/2021_07_06_15_12_49/_hypergui_1/spectrum_fromCSV5_(500.0-995.0)_masked_data_0_derivative.csv,stas,P098,2021_07_06_15_12_49,P098#2021_07_06_15_12_49#CSV5,csv_spectrum,2,train
/Users/charleneleung/Documents/dkfz/data/Cat_Pig/Cat_atlas_deox/Cat_0007_kidney_stas/data/P098_OP062_2021_07_06_Experiment1/2021_07_06_15_49_37/_hypergui_1/spectrum_fromCSV1_(500.0-995.0)_masked_data_0_derivative.csv,stas,P098,2021_07_06_15_49_37,P098#2021_07_06_15_49_37#CSV1,csv_spectrum,2,train
/Users/charleneleung/Documents/dkfz/data/Cat_Pig/Cat_atlas_deox/Cat_0007_kidney_stas/data/P098_OP062_2021_07_06_Experiment1/2021_07_06_15_49_37/_hypergui_1/spectrum_fromCSV5_(500.0-995.0)_masked_data_0_derivative.csv,stas,P098,2021_07_06_15_49_37,P098#2021_07_06_15_49_37#CSV5,csv_spectrum,2,train
/Users/charleneleung/Documents/dkfz/data/Cat_Pig/Cat_atlas_deox/Cat_0007_kidney_stas/data/P099_OP063_2021_07_18_Experiment1/2021_07_18_12_15_34/_hypergui_1/spectrum_fromCSV1_(500.0-995.0)_masked_data_0_derivative.csv,stas,P099,2021_07_18_12_15_34,P099#2021_07_18_12_15_34#CSV1,csv_spectrum,2,train
/Users/charleneleung/Documents/dkfz/data/Cat_Pig/Cat_atlas_deox/Cat_0007_kidney_stas/data/P099_OP063_2021_07_18_Experiment1/2021_07_18_12_15_34/_hypergui_1/spectrum_fromCSV5_(500.0-995.0)_masked_data_0_derivative.csv,stas,P099,2021_07_18_12_15_34,P099#2021_07_18_12_15_34#CSV5,csv_spectrum,2,train
/Users/charleneleung/Documents/dkfz/data/Cat_Pig/Cat_atlas_deox/Cat_0007_kidney_stas/data/P099_OP063_2021_07_18_Experiment1/2021_07_18_12_16_04/_hypergui_1/spectrum_fromCSV1_(500.0-995.0)_masked_data_0_derivative.csv,stas,P099,2021_07_18_12_16_04,P099#2021_07_18_12_16_04#CSV1,csv_spectrum,2,train
/Users/charleneleung/Documents/dkfz/data/Cat_Pig/Cat_atlas_deox/Cat_0007_kidney_stas/data/P099_OP063_2021_07_18_Experiment1/2021_07_18_12_16_04/_hypergui_1/spectrum_fromCSV5_(500.0-995.0)_masked_data_0_derivative.csv,stas,P099,2021_07_18_12_16_04,P099#2021_07_18_12_16_04#CSV5,csv_spectrum,2,train
/Users/charleneleung/Documents/dkfz/data/Cat_Pig/Cat_atlas_deox/Cat_0007_kidney_stas/data/P099_OP063_2021_07_18_Experiment1/2021_07_18_12_29_30/_hypergui_1/spectrum_fromCSV1_(500.0-995.0)_masked_data_0_derivative.csv,stas,P099,2021_07_18_12_29_30,P099#2021_07_18_12_29_30#CSV1,csv_spectrum,2,train
/Users/charleneleung/Documents/dkfz/data/Cat_Pig/Cat_atlas_deox/Cat_0007_kidney_stas/data/P099_OP063_2021_07_18_Experiment1/2021_07_18_12_29_30/_hypergui_1/spectrum_fromCSV5_(500.0-995.0)_masked_data_0_derivative.csv,stas,P099,2021_07_18_12_29_30,P099#2021_07_18_12_29_30#CSV5,csv_spectrum,2,train
/Users/charleneleung/Documents/dkfz/data/Cat_Pig/Cat_atlas_deox/Cat_0007_kidney_stas/data/P099_OP063_2021_07_18_Experiment1/2021_07_18_12_30_00/_hypergui_1/spectrum_fromCSV1_(500.0-995.0)_masked_data_0_derivative.csv,stas,P099,2021_07_18_12_30_00,P099#2021_07_18_12_30_00#CSV1,csv_spectrum,2,train
/Users/charleneleung/Documents/dkfz/data/Cat_Pig/Cat_atlas_deox/Cat_0007_kidney_stas/data/P099_OP063_2021_07_18_Experiment1/2021_07_18_12_30_00/_hypergui_1/spectrum_fromCSV5_(500.0-995.0)_masked_data_0_derivative.csv,stas,P099,2021_07_18_12_30_00,P099#2021_07_18_12_30_00#CSV5,csv_spectrum,2,train
/Users/charleneleung/Documents/dkfz/data/Cat_Pig/Cat_atlas_deox/Cat_0007_kidney_stas/data/P099_OP063_2021_07_18_Experiment1/2021_07_18_13_38_52/_hypergui_1/spectrum_fromCSV1_(500.0-995.0)_masked_data_0_derivative.csv,stas,P099,2021_07_18_13_38_52,P099#2021_07_18_13_38_52#CSV1,csv_spectrum,2,train
/Users/charleneleung/Documents/dkfz/data/Cat_Pig/Cat_atlas_deox/Cat_0007_kidney_stas/data/P099_OP063_2021_07_18_Experiment1/2021_07_18_13_38_52/_hypergui_1/spectrum_fromCSV5_(500.0-995.0)_masked_data_0_derivative.csv,stas,P099,2021_07_18_13_38_52,P099#2021_07_18_13_38_52#CSV5,csv_spectrum,2,train
/Users/charleneleung/Documents/dkfz/data/Cat_Pig/Cat_atlas_deox/Cat_0007_kidney_stas/data/P099_OP063_2021_07_18_Experiment1/2021_07_18_13_39_22/_hypergui_1/spectrum_fromCSV1_(500.0-995.0)_masked_data_0_derivative.csv,stas,P099,2021_07_18_13_39_22,P099#2021_07_18_13_39_22#CSV1,csv_spectrum,2,train
/Users/charleneleung/Documents/dkfz/data/Cat_Pig/Cat_atlas_deox/Cat_0007_kidney_stas/data/P099_OP063_2021_07_18_Experiment1/2021_07_18_13_39_22/_hypergui_1/spectrum_fromCSV5_(500.0-995.0)_masked_data_0_derivative.csv,stas,P099,2021_07_18_13_39_22,P099#2021_07_18_13_39_22#CSV5,csv_spectrum,2,train
/Users/charleneleung/Documents/dkfz/data/Cat_Pig/Cat_atlas_deox/Cat_0007_kidney_stas/data/P099_OP063_2021_07_18_Experiment1/2021_07_18_13_52_45/_hypergui_1/spectrum_fromCSV1_(500.0-995.0)_masked_data_0_derivative.csv,stas,P099,2021_07_18_13_52_45,P099#2021_07_18_13_52_45#CSV1,csv_spectrum,2,train
/Users/charleneleung/Documents/dkfz/data/Cat_Pig/Cat_atlas_deox/Cat_0007_kidney_stas/data/P099_OP063_2021_07_18_Experiment1/2021_07_18_13_52_45/_hypergui_1/spectrum_fromCSV5_(500.0-995.0)_masked_data_0_derivative.csv,stas,P099,2021_07_18_13_52_45,P099#2021_07_18_13_52_45#CSV5,csv_spectrum,2,train
/Users/charleneleung/Documents/dkfz/data/Cat_Pig/Cat_atlas_deox/Cat_0007_kidney_stas/data/P099_OP063_2021_07_18_Experiment1/2021_07_18_13_53_15/_hypergui_1/spectrum_fromCSV1_(500.0-995.0)_masked_data_0_derivative.csv,stas,P099,2021_07_18_13_53_15,P099#2021_07_18_13_53_15#CSV1,csv_spectrum,2,train
/Users/charleneleung/Documents/dkfz/data/Cat_Pig/Cat_atlas_deox/Cat_0007_kidney_stas/data/P099_OP063_2021_07_18_Experiment1/2021_07_18_13_53_15/_hypergui_1/spectrum_fromCSV5_(500.0-995.0)_masked_data_0_derivative.csv,stas,P099,2021_07_18_13_53_15,P099#2021_07_18_13_53_15#CSV5,csv_spectrum,2,train
