file_path,label,subject_name,timestamp,image_name,annotation_name,label_index,split
\\ces-tp3\OE0645-data-uro\TIVITA_Cat\Cat_Pig_UMM\Cat_uro_kidney\Cat_uro_kidney_glob_0m\data\P161_OP125_2023_07_05_Experiment1\2023_07_05_12_17_00\_hypergui_1\spectrum_fromCSV1_(500.0-995.0)_masked_data_0_derivative.csv,kidney_glob,P161,2023_07_05_12_17_00,P161#2023_07_05_12_17_00#CSV1,csv_spectrum,0,train
\\ces-tp3\OE0645-data-uro\TIVITA_Cat\Cat_Pig_UMM\Cat_uro_kidney\Cat_uro_kidney_glob_0m\data\P161_OP125_2023_07_05_Experiment1\2023_07_05_12_17_00\_hypergui_1\spectrum_fromCSV5_(500.0-995.0)_masked_data_0_derivative.csv,kidney_glob,P161,2023_07_05_12_17_00,P161#2023_07_05_12_17_00#CSV5,csv_spectrum,0,train
\\ces-tp3\OE0645-data-uro\TIVITA_Cat\Cat_Pig_UMM\Cat_uro_kidney\Cat_uro_kidney_glob_0m\data\P161_OP125_2023_07_05_Experiment1\2023_07_05_12_17_30\_hypergui_1\spectrum_fromCSV1_(500.0-995.0)_masked_data_0_derivative.csv,kidney_glob,P161,2023_07_05_12_17_30,P161#2023_07_05_12_17_30#CSV1,csv_spectrum,0,train
\\ces-tp3\OE0645-data-uro\TIVITA_Cat\Cat_Pig_UMM\Cat_uro_kidney\Cat_uro_kidney_glob_0m\data\P161_OP125_2023_07_05_Experiment1\2023_07_05_12_17_30\_hypergui_1\spectrum_fromCSV5_(500.0-995.0)_masked_data_0_derivative.csv,kidney_glob,P161,2023_07_05_12_17_30,P161#2023_07_05_12_17_30#CSV5,csv_spectrum,0,train
\\ces-tp3\OE0645-data-uro\TIVITA_Cat\Cat_Pig_UMM\Cat_uro_kidney\Cat_uro_kidney_glob_0m\data\P162_OP126_2023_07_06_Experiment1\2023_07_06_13_19_21\_hypergui_1\spectrum_fromCSV1_(500.0-995.0)_masked_data_0_derivative.csv,kidney_glob,P162,2023_07_06_13_19_21,P162#2023_07_06_13_19_21#CSV1,csv_spectrum,0,train
\\ces-tp3\OE0645-data-uro\TIVITA_Cat\Cat_Pig_UMM\Cat_uro_kidney\Cat_uro_kidney_glob_0m\data\P162_OP126_2023_07_06_Experiment1\2023_07_06_13_19_21\_hypergui_1\spectrum_fromCSV5_(500.0-995.0)_masked_data_0_derivative.csv,kidney_glob,P162,2023_07_06_13_19_21,P162#2023_07_06_13_19_21#CSV5,csv_spectrum,0,train
\\ces-tp3\OE0645-data-uro\TIVITA_Cat\Cat_Pig_UMM\Cat_uro_kidney\Cat_uro_kidney_glob_0m\data\P162_OP126_2023_07_06_Experiment1\2023_07_06_13_19_51\_hypergui_1\spectrum_fromCSV1_(500.0-995.0)_masked_data_0_derivative.csv,kidney_glob,P162,2023_07_06_13_19_51,P162#2023_07_06_13_19_51#CSV1,csv_spectrum,0,train
\\ces-tp3\OE0645-data-uro\TIVITA_Cat\Cat_Pig_UMM\Cat_uro_kidney\Cat_uro_kidney_glob_0m\data\P162_OP126_2023_07_06_Experiment1\2023_07_06_13_19_51\_hypergui_1\spectrum_fromCSV5_(500.0-995.0)_masked_data_0_derivative.csv,kidney_glob,P162,2023_07_06_13_19_51,P162#2023_07_06_13_19_51#CSV5,csv_spectrum,0,train
\\ces-tp3\OE0645-data-uro\TIVITA_Cat\Cat_Pig_UMM\Cat_uro_kidney\Cat_uro_kidney_glob_0m\data\P162_OP126_2023_07_06_Experiment1\2023_07_06_13_20_21\_hypergui_1\spectrum_fromCSV1_(500.0-995.0)_masked_data_0_derivative.csv,kidney_glob,P162,2023_07_06_13_20_21,P162#2023_07_06_13_20_21#CSV1,csv_spectrum,0,train
\\ces-tp3\OE0645-data-uro\TIVITA_Cat\Cat_Pig_UMM\Cat_uro_kidney\Cat_uro_kidney_glob_0m\data\P162_OP126_2023_07_06_Experiment1\2023_07_06_13_20_21\_hypergui_1\spectrum_fromCSV5_(500.0-995.0)_masked_data_0_derivative.csv,kidney_glob,P162,2023_07_06_13_20_21,P162#2023_07_06_13_20_21#CSV5,csv_spectrum,0,train
\\ces-tp3\OE0645-data-uro\TIVITA_Cat\Cat_Pig_UMM\Cat_uro_kidney\Cat_uro_kidney_glob_0m\data\P162_OP126_2023_07_06_Experiment1\2023_07_06_13_20_51\_hypergui_1\spectrum_fromCSV1_(500.0-995.0)_masked_data_0_derivative.csv,kidney_glob,P162,2023_07_06_13_20_51,P162#2023_07_06_13_20_51#CSV1,csv_spectrum,0,train
\\ces-tp3\OE0645-data-uro\TIVITA_Cat\Cat_Pig_UMM\Cat_uro_kidney\Cat_uro_kidney_glob_0m\data\P162_OP126_2023_07_06_Experiment1\2023_07_06_13_20_51\_hypergui_1\spectrum_fromCSV5_(500.0-995.0)_masked_data_0_derivative.csv,kidney_glob,P162,2023_07_06_13_20_51,P162#2023_07_06_13_20_51#CSV5,csv_spectrum,0,train
\\ces-tp3\OE0645-data-uro\TIVITA_Cat\Cat_Pig_UMM\Cat_uro_kidney\Cat_uro_kidney_glob_0m\data\P165_OP129_2023_08_16_Experiment1\2023_08_16_14_33_18\_hypergui_1\spectrum_fromCSV1_(500.0-995.0)_masked_data_0_derivative.csv,kidney_glob,P165,2023_08_16_14_33_18,P165#2023_08_16_14_33_18#CSV1,csv_spectrum,0,train
\\ces-tp3\OE0645-data-uro\TIVITA_Cat\Cat_Pig_UMM\Cat_uro_kidney\Cat_uro_kidney_glob_0m\data\P165_OP129_2023_08_16_Experiment1\2023_08_16_14_33_18\_hypergui_1\spectrum_fromCSV5_(500.0-995.0)_masked_data_0_derivative.csv,kidney_glob,P165,2023_08_16_14_33_18,P165#2023_08_16_14_33_18#CSV5,csv_spectrum,0,train
\\ces-tp3\OE0645-data-uro\TIVITA_Cat\Cat_Pig_UMM\Cat_uro_kidney\Cat_uro_kidney_glob_0m\data\P166_OP130_2023_08_17_Experiment1\2023_08_17_14_03_17\_hypergui_1\spectrum_fromCSV1_(500.0-995.0)_masked_data_0_derivative.csv,kidney_glob,P166,2023_08_17_14_03_17,P166#2023_08_17_14_03_17#CSV1,csv_spectrum,0,train
\\ces-tp3\OE0645-data-uro\TIVITA_Cat\Cat_Pig_UMM\Cat_uro_kidney\Cat_uro_kidney_glob_0m\data\P166_OP130_2023_08_17_Experiment1\2023_08_17_14_03_17\_hypergui_1\spectrum_fromCSV5_(500.0-995.0)_masked_data_0_derivative.csv,kidney_glob,P166,2023_08_17_14_03_17,P166#2023_08_17_14_03_17#CSV5,csv_spectrum,0,train
\\ces-tp3\OE0645-data-uro\TIVITA_Cat\Cat_Pig_UMM\Cat_uro_kidney\Cat_uro_kidney_glob_0m\data\P168_OP132_2023_08_23_Experiment1\2023_08_23_10_58_12\_hypergui_1\spectrum_fromCSV1_(500.0-995.0)_masked_data_0_derivative.csv,kidney_glob,P168,2023_08_23_10_58_12,P168#2023_08_23_10_58_12#CSV1,csv_spectrum,0,train
\\ces-tp3\OE0645-data-uro\TIVITA_Cat\Cat_Pig_UMM\Cat_uro_kidney\Cat_uro_kidney_glob_0m\data\P168_OP132_2023_08_23_Experiment1\2023_08_23_10_58_12\_hypergui_1\spectrum_fromCSV5_(500.0-995.0)_masked_data_0_derivative.csv,kidney_glob,P168,2023_08_23_10_58_12,P168#2023_08_23_10_58_12#CSV5,csv_spectrum,0,train
\\ces-tp3\OE0645-data-uro\TIVITA_Cat\Cat_Pig_UMM\Cat_uro_kidney\Cat_uro_kidney_glob_0m\data\P168_OP132_2023_08_23_Experiment1\2023_08_23_10_59_12\_hypergui_1\spectrum_fromCSV1_(500.0-995.0)_masked_data_0_derivative.csv,kidney_glob,P168,2023_08_23_10_59_12,P168#2023_08_23_10_59_12#CSV1,csv_spectrum,0,train
\\ces-tp3\OE0645-data-uro\TIVITA_Cat\Cat_Pig_UMM\Cat_uro_kidney\Cat_uro_kidney_glob_0m\data\P168_OP132_2023_08_23_Experiment1\2023_08_23_10_59_12\_hypergui_1\spectrum_fromCSV5_(500.0-995.0)_masked_data_0_derivative.csv,kidney_glob,P168,2023_08_23_10_59_12,P168#2023_08_23_10_59_12#CSV5,csv_spectrum,0,train
\\ces-tp3\OE0645-data-uro\TIVITA_Cat\Cat_Pig_UMM\Cat_uro_kidney\Cat_uro_kidney_glob_0m\data\P174_OP138_2023_09_21_Experiment1\2023_09_21_16_19_01\_hypergui_1\spectrum_fromCSV1_(500.0-995.0)_masked_data_0_derivative.csv,kidney_glob,P174,2023_09_21_16_19_01,P174#2023_09_21_16_19_01#CSV1,csv_spectrum,0,train
\\ces-tp3\OE0645-data-uro\TIVITA_Cat\Cat_Pig_UMM\Cat_uro_kidney\Cat_uro_kidney_glob_0m\data\P174_OP138_2023_09_21_Experiment1\2023_09_21_16_19_01\_hypergui_1\spectrum_fromCSV5_(500.0-995.0)_masked_data_0_derivative.csv,kidney_glob,P174,2023_09_21_16_19_01,P174#2023_09_21_16_19_01#CSV5,csv_spectrum,0,train
\\ces-tp3\OE0645-data-uro\TIVITA_Cat\Cat_Pig_UMM\Cat_uro_kidney\Cat_uro_kidney_glob_0m\data\P188_OP152_2023_10_22_Experiment1\2023_10_22_14_34_01\_hypergui_1\spectrum_fromCSV1_(500.0-995.0)_masked_data_0_derivative.csv,kidney_glob,P188,2023_10_22_14_34_01,P188#2023_10_22_14_34_01#CSV1,csv_spectrum,0,train
\\ces-tp3\OE0645-data-uro\TIVITA_Cat\Cat_Pig_UMM\Cat_uro_kidney\Cat_uro_kidney_glob_0m\data\P188_OP152_2023_10_22_Experiment1\2023_10_22_14_34_01\_hypergui_1\spectrum_fromCSV5_(500.0-995.0)_masked_data_0_derivative.csv,kidney_glob,P188,2023_10_22_14_34_01,P188#2023_10_22_14_34_01#CSV5,csv_spectrum,0,train
\\ces-tp3\OE0645-data-uro\TIVITA_Cat\Cat_Pig_UMM\Cat_uro_kidney\Cat_uro_kidney_glob_0m\data\P188_OP152_2023_10_22_Experiment1\2023_10_22_14_34_31\_hypergui_1\spectrum_fromCSV1_(500.0-995.0)_masked_data_0_derivative.csv,kidney_glob,P188,2023_10_22_14_34_31,P188#2023_10_22_14_34_31#CSV1,csv_spectrum,0,train
\\ces-tp3\OE0645-data-uro\TIVITA_Cat\Cat_Pig_UMM\Cat_uro_kidney\Cat_uro_kidney_glob_0m\data\P188_OP152_2023_10_22_Experiment1\2023_10_22_14_34_31\_hypergui_1\spectrum_fromCSV5_(500.0-995.0)_masked_data_0_derivative.csv,kidney_glob,P188,2023_10_22_14_34_31,P188#2023_10_22_14_34_31#CSV5,csv_spectrum,0,train
\\ces-tp3\OE0645-data-uro\TIVITA_Cat\Cat_Pig_UMM\Cat_uro_kidney\Cat_uro_kidney_glob_0m\data\P191_OP155_2023_10_28_Experiment1\2023_10_28_13_51_57\_hypergui_1\spectrum_fromCSV1_(500.0-995.0)_masked_data_0_derivative.csv,kidney_glob,P191,2023_10_28_13_51_57,P191#2023_10_28_13_51_57#CSV1,csv_spectrum,0,train
\\ces-tp3\OE0645-data-uro\TIVITA_Cat\Cat_Pig_UMM\Cat_uro_kidney\Cat_uro_kidney_glob_0m\data\P191_OP155_2023_10_28_Experiment1\2023_10_28_13_51_57\_hypergui_1\spectrum_fromCSV5_(500.0-995.0)_masked_data_0_derivative.csv,kidney_glob,P191,2023_10_28_13_51_57,P191#2023_10_28_13_51_57#CSV5,csv_spectrum,0,train
\\ces-tp3\OE0645-data-uro\TIVITA_Cat\Cat_Pig_UMM\Cat_uro_kidney\Cat_uro_kidney_glob_0m\data\P191_OP155_2023_10_28_Experiment1\2023_10_28_13_52_27\_hypergui_1\spectrum_fromCSV1_(500.0-995.0)_masked_data_0_derivative.csv,kidney_glob,P191,2023_10_28_13_52_27,P191#2023_10_28_13_52_27#CSV1,csv_spectrum,0,train
\\ces-tp3\OE0645-data-uro\TIVITA_Cat\Cat_Pig_UMM\Cat_uro_kidney\Cat_uro_kidney_glob_0m\data\P191_OP155_2023_10_28_Experiment1\2023_10_28_13_52_27\_hypergui_1\spectrum_fromCSV5_(500.0-995.0)_masked_data_0_derivative.csv,kidney_glob,P191,2023_10_28_13_52_27,P191#2023_10_28_13_52_27#CSV5,csv_spectrum,0,train
\\ces-tp3\OE0645-data-uro\TIVITA_Cat\Cat_Pig_UMM\Cat_uro_kidney\Cat_uro_kidney_glob_0m\data\P192_OP156_2023_10_29_Experiment1\2023_10_29_14_36_35\_hypergui_1\spectrum_fromCSV1_(500.0-995.0)_masked_data_0_derivative.csv,kidney_glob,P192,2023_10_29_14_36_35,P192#2023_10_29_14_36_35#CSV1,csv_spectrum,0,train
\\ces-tp3\OE0645-data-uro\TIVITA_Cat\Cat_Pig_UMM\Cat_uro_kidney\Cat_uro_kidney_glob_0m\data\P192_OP156_2023_10_29_Experiment1\2023_10_29_14_36_35\_hypergui_1\spectrum_fromCSV5_(500.0-995.0)_masked_data_0_derivative.csv,kidney_glob,P192,2023_10_29_14_36_35,P192#2023_10_29_14_36_35#CSV5,csv_spectrum,0,train
\\ces-tp3\OE0645-data-uro\TIVITA_Cat\Cat_Pig_UMM\Cat_uro_kidney\Cat_uro_kidney_glob_0m\data\P192_OP156_2023_10_29_Experiment1\2023_10_29_14_37_05\_hypergui_1\spectrum_fromCSV1_(500.0-995.0)_masked_data_0_derivative.csv,kidney_glob,P192,2023_10_29_14_37_05,P192#2023_10_29_14_37_05#CSV1,csv_spectrum,0,train
\\ces-tp3\OE0645-data-uro\TIVITA_Cat\Cat_Pig_UMM\Cat_uro_kidney\Cat_uro_kidney_glob_0m\data\P192_OP156_2023_10_29_Experiment1\2023_10_29_14_37_05\_hypergui_1\spectrum_fromCSV5_(500.0-995.0)_masked_data_0_derivative.csv,kidney_glob,P192,2023_10_29_14_37_05,P192#2023_10_29_14_37_05#CSV5,csv_spectrum,0,train
\\ces-tp3\OE0645-data-uro\TIVITA_Cat\Cat_Pig_UMM\Cat_uro_kidney\Cat_uro_kidney_glob_0m\data\P193_OP157_2023_10_30_Experiment1\2023_10_30_13_57_37\_hypergui_1\spectrum_fromCSV1_(500.0-995.0)_masked_data_0_derivative.csv,kidney_glob,P193,2023_10_30_13_57_37,P193#2023_10_30_13_57_37#CSV1,csv_spectrum,0,train
\\ces-tp3\OE0645-data-uro\TIVITA_Cat\Cat_Pig_UMM\Cat_uro_kidney\Cat_uro_kidney_glob_0m\data\P193_OP157_2023_10_30_Experiment1\2023_10_30_13_57_37\_hypergui_1\spectrum_fromCSV5_(500.0-995.0)_masked_data_0_derivative.csv,kidney_glob,P193,2023_10_30_13_57_37,P193#2023_10_30_13_57_37#CSV5,csv_spectrum,0,train
\\ces-tp3\OE0645-data-uro\TIVITA_Cat\Cat_Pig_UMM\Cat_uro_kidney\Cat_uro_kidney_glob_0m\data\P193_OP157_2023_10_30_Experiment1\2023_10_30_13_58_07\_hypergui_1\spectrum_fromCSV1_(500.0-995.0)_masked_data_0_derivative.csv,kidney_glob,P193,2023_10_30_13_58_07,P193#2023_10_30_13_58_07#CSV1,csv_spectrum,0,train
\\ces-tp3\OE0645-data-uro\TIVITA_Cat\Cat_Pig_UMM\Cat_uro_kidney\Cat_uro_kidney_glob_0m\data\P193_OP157_2023_10_30_Experiment1\2023_10_30_13_58_07\_hypergui_1\spectrum_fromCSV5_(500.0-995.0)_masked_data_0_derivative.csv,kidney_glob,P193,2023_10_30_13_58_07,P193#2023_10_30_13_58_07#CSV5,csv_spectrum,0,train
\\ces-tp3\OE0645-data-uro\TIVITA_Cat\Cat_Pig_UMM\Cat_uro_kidney\Cat_uro_kidney_glob_10m\data\P161_OP125_2023_07_05_Experiment1\2023_07_05_12_29_51\_hypergui_1\spectrum_fromCSV1_(500.0-995.0)_masked_data_0_derivative.csv,kidney_glob,P161,2023_07_05_12_29_51,P161#2023_07_05_12_29_51#CSV1,csv_spectrum,0,train
\\ces-tp3\OE0645-data-uro\TIVITA_Cat\Cat_Pig_UMM\Cat_uro_kidney\Cat_uro_kidney_glob_10m\data\P161_OP125_2023_07_05_Experiment1\2023_07_05_12_29_51\_hypergui_1\spectrum_fromCSV5_(500.0-995.0)_masked_data_0_derivative.csv,kidney_glob,P161,2023_07_05_12_29_51,P161#2023_07_05_12_29_51#CSV5,csv_spectrum,0,train
\\ces-tp3\OE0645-data-uro\TIVITA_Cat\Cat_Pig_UMM\Cat_uro_kidney\Cat_uro_kidney_glob_10m\data\P161_OP125_2023_07_05_Experiment1\2023_07_05_12_30_21\_hypergui_1\spectrum_fromCSV1_(500.0-995.0)_masked_data_0_derivative.csv,kidney_glob,P161,2023_07_05_12_30_21,P161#2023_07_05_12_30_21#CSV1,csv_spectrum,0,train
\\ces-tp3\OE0645-data-uro\TIVITA_Cat\Cat_Pig_UMM\Cat_uro_kidney\Cat_uro_kidney_glob_10m\data\P161_OP125_2023_07_05_Experiment1\2023_07_05_12_30_21\_hypergui_1\spectrum_fromCSV5_(500.0-995.0)_masked_data_0_derivative.csv,kidney_glob,P161,2023_07_05_12_30_21,P161#2023_07_05_12_30_21#CSV5,csv_spectrum,0,train
\\ces-tp3\OE0645-data-uro\TIVITA_Cat\Cat_Pig_UMM\Cat_uro_kidney\Cat_uro_kidney_glob_10m\data\P161_OP125_2023_07_05_Experiment1\2023_07_05_12_30_51\_hypergui_1\spectrum_fromCSV1_(500.0-995.0)_masked_data_0_derivative.csv,kidney_glob,P161,2023_07_05_12_30_51,P161#2023_07_05_12_30_51#CSV1,csv_spectrum,0,train
\\ces-tp3\OE0645-data-uro\TIVITA_Cat\Cat_Pig_UMM\Cat_uro_kidney\Cat_uro_kidney_glob_10m\data\P161_OP125_2023_07_05_Experiment1\2023_07_05_12_30_51\_hypergui_1\spectrum_fromCSV5_(500.0-995.0)_masked_data_0_derivative.csv,kidney_glob,P161,2023_07_05_12_30_51,P161#2023_07_05_12_30_51#CSV5,csv_spectrum,0,train
\\ces-tp3\OE0645-data-uro\TIVITA_Cat\Cat_Pig_UMM\Cat_uro_kidney\Cat_uro_kidney_glob_10m\data\P162_OP126_2023_07_06_Experiment1\2023_07_06_13_29_22\_hypergui_1\spectrum_fromCSV1_(500.0-995.0)_masked_data_0_derivative.csv,kidney_glob,P162,2023_07_06_13_29_22,P162#2023_07_06_13_29_22#CSV1,csv_spectrum,0,train
\\ces-tp3\OE0645-data-uro\TIVITA_Cat\Cat_Pig_UMM\Cat_uro_kidney\Cat_uro_kidney_glob_10m\data\P162_OP126_2023_07_06_Experiment1\2023_07_06_13_29_22\_hypergui_1\spectrum_fromCSV5_(500.0-995.0)_masked_data_0_derivative.csv,kidney_glob,P162,2023_07_06_13_29_22,P162#2023_07_06_13_29_22#CSV5,csv_spectrum,0,train
\\ces-tp3\OE0645-data-uro\TIVITA_Cat\Cat_Pig_UMM\Cat_uro_kidney\Cat_uro_kidney_glob_10m\data\P162_OP126_2023_07_06_Experiment1\2023_07_06_13_29_53\_hypergui_1\spectrum_fromCSV1_(500.0-995.0)_masked_data_0_derivative.csv,kidney_glob,P162,2023_07_06_13_29_53,P162#2023_07_06_13_29_53#CSV1,csv_spectrum,0,train
\\ces-tp3\OE0645-data-uro\TIVITA_Cat\Cat_Pig_UMM\Cat_uro_kidney\Cat_uro_kidney_glob_10m\data\P162_OP126_2023_07_06_Experiment1\2023_07_06_13_29_53\_hypergui_1\spectrum_fromCSV5_(500.0-995.0)_masked_data_0_derivative.csv,kidney_glob,P162,2023_07_06_13_29_53,P162#2023_07_06_13_29_53#CSV5,csv_spectrum,0,train
\\ces-tp3\OE0645-data-uro\TIVITA_Cat\Cat_Pig_UMM\Cat_uro_kidney\Cat_uro_kidney_glob_10m\data\P162_OP126_2023_07_06_Experiment1\2023_07_06_13_30_23\_hypergui_1\spectrum_fromCSV1_(500.0-995.0)_masked_data_0_derivative.csv,kidney_glob,P162,2023_07_06_13_30_23,P162#2023_07_06_13_30_23#CSV1,csv_spectrum,0,train
\\ces-tp3\OE0645-data-uro\TIVITA_Cat\Cat_Pig_UMM\Cat_uro_kidney\Cat_uro_kidney_glob_10m\data\P162_OP126_2023_07_06_Experiment1\2023_07_06_13_30_23\_hypergui_1\spectrum_fromCSV5_(500.0-995.0)_masked_data_0_derivative.csv,kidney_glob,P162,2023_07_06_13_30_23,P162#2023_07_06_13_30_23#CSV5,csv_spectrum,0,train
\\ces-tp3\OE0645-data-uro\TIVITA_Cat\Cat_Pig_UMM\Cat_uro_kidney\Cat_uro_kidney_glob_10m\data\P165_OP129_2023_08_16_Experiment1\2023_08_16_14_43_02\_hypergui_1\spectrum_fromCSV1_(500.0-995.0)_masked_data_0_derivative.csv,kidney_glob,P165,2023_08_16_14_43_02,P165#2023_08_16_14_43_02#CSV1,csv_spectrum,0,train
\\ces-tp3\OE0645-data-uro\TIVITA_Cat\Cat_Pig_UMM\Cat_uro_kidney\Cat_uro_kidney_glob_10m\data\P165_OP129_2023_08_16_Experiment1\2023_08_16_14_43_02\_hypergui_1\spectrum_fromCSV5_(500.0-995.0)_masked_data_0_derivative.csv,kidney_glob,P165,2023_08_16_14_43_02,P165#2023_08_16_14_43_02#CSV5,csv_spectrum,0,train
\\ces-tp3\OE0645-data-uro\TIVITA_Cat\Cat_Pig_UMM\Cat_uro_kidney\Cat_uro_kidney_glob_10m\data\P166_OP130_2023_08_17_Experiment1\2023_08_17_14_12_18\_hypergui_1\spectrum_fromCSV1_(500.0-995.0)_masked_data_0_derivative.csv,kidney_glob,P166,2023_08_17_14_12_18,P166#2023_08_17_14_12_18#CSV1,csv_spectrum,0,train
\\ces-tp3\OE0645-data-uro\TIVITA_Cat\Cat_Pig_UMM\Cat_uro_kidney\Cat_uro_kidney_glob_10m\data\P166_OP130_2023_08_17_Experiment1\2023_08_17_14_12_18\_hypergui_1\spectrum_fromCSV5_(500.0-995.0)_masked_data_0_derivative.csv,kidney_glob,P166,2023_08_17_14_12_18,P166#2023_08_17_14_12_18#CSV5,csv_spectrum,0,train
\\ces-tp3\OE0645-data-uro\TIVITA_Cat\Cat_Pig_UMM\Cat_uro_kidney\Cat_uro_kidney_glob_10m\data\P168_OP132_2023_08_23_Experiment1\2023_08_23_11_08_12\_hypergui_1\spectrum_fromCSV1_(500.0-995.0)_masked_data_0_derivative.csv,kidney_glob,P168,2023_08_23_11_08_12,P168#2023_08_23_11_08_12#CSV1,csv_spectrum,0,train
\\ces-tp3\OE0645-data-uro\TIVITA_Cat\Cat_Pig_UMM\Cat_uro_kidney\Cat_uro_kidney_glob_10m\data\P168_OP132_2023_08_23_Experiment1\2023_08_23_11_08_12\_hypergui_1\spectrum_fromCSV5_(500.0-995.0)_masked_data_0_derivative.csv,kidney_glob,P168,2023_08_23_11_08_12,P168#2023_08_23_11_08_12#CSV5,csv_spectrum,0,train
\\ces-tp3\OE0645-data-uro\TIVITA_Cat\Cat_Pig_UMM\Cat_uro_kidney\Cat_uro_kidney_glob_10m\data\P168_OP132_2023_08_23_Experiment1\2023_08_23_11_09_12\_hypergui_1\spectrum_fromCSV1_(500.0-995.0)_masked_data_0_derivative.csv,kidney_glob,P168,2023_08_23_11_09_12,P168#2023_08_23_11_09_12#CSV1,csv_spectrum,0,train
\\ces-tp3\OE0645-data-uro\TIVITA_Cat\Cat_Pig_UMM\Cat_uro_kidney\Cat_uro_kidney_glob_10m\data\P168_OP132_2023_08_23_Experiment1\2023_08_23_11_09_12\_hypergui_1\spectrum_fromCSV5_(500.0-995.0)_masked_data_0_derivative.csv,kidney_glob,P168,2023_08_23_11_09_12,P168#2023_08_23_11_09_12#CSV5,csv_spectrum,0,train
\\ces-tp3\OE0645-data-uro\TIVITA_Cat\Cat_Pig_UMM\Cat_uro_kidney\Cat_uro_kidney_glob_10m\data\P174_OP138_2023_09_21_Experiment1\2023_09_21_16_29_02\_hypergui_1\spectrum_fromCSV1_(500.0-995.0)_masked_data_0_derivative.csv,kidney_glob,P174,2023_09_21_16_29_02,P174#2023_09_21_16_29_02#CSV1,csv_spectrum,0,train
\\ces-tp3\OE0645-data-uro\TIVITA_Cat\Cat_Pig_UMM\Cat_uro_kidney\Cat_uro_kidney_glob_10m\data\P174_OP138_2023_09_21_Experiment1\2023_09_21_16_29_02\_hypergui_1\spectrum_fromCSV5_(500.0-995.0)_masked_data_0_derivative.csv,kidney_glob,P174,2023_09_21_16_29_02,P174#2023_09_21_16_29_02#CSV5,csv_spectrum,0,train
\\ces-tp3\OE0645-data-uro\TIVITA_Cat\Cat_Pig_UMM\Cat_uro_kidney\Cat_uro_kidney_glob_10m\data\P188_OP152_2023_10_22_Experiment1\2023_10_22_14_43_32\_hypergui_1\spectrum_fromCSV1_(500.0-995.0)_masked_data_0_derivative.csv,kidney_glob,P188,2023_10_22_14_43_32,P188#2023_10_22_14_43_32#CSV1,csv_spectrum,0,train
\\ces-tp3\OE0645-data-uro\TIVITA_Cat\Cat_Pig_UMM\Cat_uro_kidney\Cat_uro_kidney_glob_10m\data\P188_OP152_2023_10_22_Experiment1\2023_10_22_14_43_32\_hypergui_1\spectrum_fromCSV5_(500.0-995.0)_masked_data_0_derivative.csv,kidney_glob,P188,2023_10_22_14_43_32,P188#2023_10_22_14_43_32#CSV5,csv_spectrum,0,train
\\ces-tp3\OE0645-data-uro\TIVITA_Cat\Cat_Pig_UMM\Cat_uro_kidney\Cat_uro_kidney_glob_10m\data\P188_OP152_2023_10_22_Experiment1\2023_10_22_14_44_32\_hypergui_1\spectrum_fromCSV1_(500.0-995.0)_masked_data_0_derivative.csv,kidney_glob,P188,2023_10_22_14_44_32,P188#2023_10_22_14_44_32#CSV1,csv_spectrum,0,train
\\ces-tp3\OE0645-data-uro\TIVITA_Cat\Cat_Pig_UMM\Cat_uro_kidney\Cat_uro_kidney_glob_10m\data\P188_OP152_2023_10_22_Experiment1\2023_10_22_14_44_32\_hypergui_1\spectrum_fromCSV5_(500.0-995.0)_masked_data_0_derivative.csv,kidney_glob,P188,2023_10_22_14_44_32,P188#2023_10_22_14_44_32#CSV5,csv_spectrum,0,train
\\ces-tp3\OE0645-data-uro\TIVITA_Cat\Cat_Pig_UMM\Cat_uro_kidney\Cat_uro_kidney_glob_10m\data\P188_OP152_2023_10_22_Experiment1\2023_10_22_14_45_32\_hypergui_1\spectrum_fromCSV1_(500.0-995.0)_masked_data_0_derivative.csv,kidney_glob,P188,2023_10_22_14_45_32,P188#2023_10_22_14_45_32#CSV1,csv_spectrum,0,train
\\ces-tp3\OE0645-data-uro\TIVITA_Cat\Cat_Pig_UMM\Cat_uro_kidney\Cat_uro_kidney_glob_10m\data\P188_OP152_2023_10_22_Experiment1\2023_10_22_14_45_32\_hypergui_1\spectrum_fromCSV5_(500.0-995.0)_masked_data_0_derivative.csv,kidney_glob,P188,2023_10_22_14_45_32,P188#2023_10_22_14_45_32#CSV5,csv_spectrum,0,train
\\ces-tp3\OE0645-data-uro\TIVITA_Cat\Cat_Pig_UMM\Cat_uro_kidney\Cat_uro_kidney_glob_10m\data\P188_OP152_2023_10_22_Experiment1\2023_10_22_14_46_32\_hypergui_1\spectrum_fromCSV1_(500.0-995.0)_masked_data_0_derivative.csv,kidney_glob,P188,2023_10_22_14_46_32,P188#2023_10_22_14_46_32#CSV1,csv_spectrum,0,train
\\ces-tp3\OE0645-data-uro\TIVITA_Cat\Cat_Pig_UMM\Cat_uro_kidney\Cat_uro_kidney_glob_10m\data\P188_OP152_2023_10_22_Experiment1\2023_10_22_14_46_32\_hypergui_1\spectrum_fromCSV5_(500.0-995.0)_masked_data_0_derivative.csv,kidney_glob,P188,2023_10_22_14_46_32,P188#2023_10_22_14_46_32#CSV5,csv_spectrum,0,train
\\ces-tp3\OE0645-data-uro\TIVITA_Cat\Cat_Pig_UMM\Cat_uro_kidney\Cat_uro_kidney_glob_10m\data\P191_OP155_2023_10_28_Experiment1\2023_10_28_14_02_29\_hypergui_1\spectrum_fromCSV1_(500.0-995.0)_masked_data_0_derivative.csv,kidney_glob,P191,2023_10_28_14_02_29,P191#2023_10_28_14_02_29#CSV1,csv_spectrum,0,train
\\ces-tp3\OE0645-data-uro\TIVITA_Cat\Cat_Pig_UMM\Cat_uro_kidney\Cat_uro_kidney_glob_10m\data\P191_OP155_2023_10_28_Experiment1\2023_10_28_14_02_29\_hypergui_1\spectrum_fromCSV5_(500.0-995.0)_masked_data_0_derivative.csv,kidney_glob,P191,2023_10_28_14_02_29,P191#2023_10_28_14_02_29#CSV5,csv_spectrum,0,train
\\ces-tp3\OE0645-data-uro\TIVITA_Cat\Cat_Pig_UMM\Cat_uro_kidney\Cat_uro_kidney_glob_10m\data\P191_OP155_2023_10_28_Experiment1\2023_10_28_14_03_29\_hypergui_1\spectrum_fromCSV1_(500.0-995.0)_masked_data_0_derivative.csv,kidney_glob,P191,2023_10_28_14_03_29,P191#2023_10_28_14_03_29#CSV1,csv_spectrum,0,train
\\ces-tp3\OE0645-data-uro\TIVITA_Cat\Cat_Pig_UMM\Cat_uro_kidney\Cat_uro_kidney_glob_10m\data\P191_OP155_2023_10_28_Experiment1\2023_10_28_14_03_29\_hypergui_1\spectrum_fromCSV5_(500.0-995.0)_masked_data_0_derivative.csv,kidney_glob,P191,2023_10_28_14_03_29,P191#2023_10_28_14_03_29#CSV5,csv_spectrum,0,train
\\ces-tp3\OE0645-data-uro\TIVITA_Cat\Cat_Pig_UMM\Cat_uro_kidney\Cat_uro_kidney_glob_10m\data\P191_OP155_2023_10_28_Experiment1\2023_10_28_14_04_29\_hypergui_1\spectrum_fromCSV1_(500.0-995.0)_masked_data_0_derivative.csv,kidney_glob,P191,2023_10_28_14_04_29,P191#2023_10_28_14_04_29#CSV1,csv_spectrum,0,train
\\ces-tp3\OE0645-data-uro\TIVITA_Cat\Cat_Pig_UMM\Cat_uro_kidney\Cat_uro_kidney_glob_10m\data\P191_OP155_2023_10_28_Experiment1\2023_10_28_14_04_29\_hypergui_1\spectrum_fromCSV5_(500.0-995.0)_masked_data_0_derivative.csv,kidney_glob,P191,2023_10_28_14_04_29,P191#2023_10_28_14_04_29#CSV5,csv_spectrum,0,train
\\ces-tp3\OE0645-data-uro\TIVITA_Cat\Cat_Pig_UMM\Cat_uro_kidney\Cat_uro_kidney_glob_10m\data\P192_OP156_2023_10_29_Experiment1\2023_10_29_14_48_06\_hypergui_1\spectrum_fromCSV1_(500.0-995.0)_masked_data_0_derivative.csv,kidney_glob,P192,2023_10_29_14_48_06,P192#2023_10_29_14_48_06#CSV1,csv_spectrum,0,train
\\ces-tp3\OE0645-data-uro\TIVITA_Cat\Cat_Pig_UMM\Cat_uro_kidney\Cat_uro_kidney_glob_10m\data\P192_OP156_2023_10_29_Experiment1\2023_10_29_14_48_06\_hypergui_1\spectrum_fromCSV5_(500.0-995.0)_masked_data_0_derivative.csv,kidney_glob,P192,2023_10_29_14_48_06,P192#2023_10_29_14_48_06#CSV5,csv_spectrum,0,train
\\ces-tp3\OE0645-data-uro\TIVITA_Cat\Cat_Pig_UMM\Cat_uro_kidney\Cat_uro_kidney_glob_10m\data\P192_OP156_2023_10_29_Experiment1\2023_10_29_14_50_06\_hypergui_1\spectrum_fromCSV1_(500.0-995.0)_masked_data_0_derivative.csv,kidney_glob,P192,2023_10_29_14_50_06,P192#2023_10_29_14_50_06#CSV1,csv_spectrum,0,train
\\ces-tp3\OE0645-data-uro\TIVITA_Cat\Cat_Pig_UMM\Cat_uro_kidney\Cat_uro_kidney_glob_10m\data\P192_OP156_2023_10_29_Experiment1\2023_10_29_14_50_06\_hypergui_1\spectrum_fromCSV5_(500.0-995.0)_masked_data_0_derivative.csv,kidney_glob,P192,2023_10_29_14_50_06,P192#2023_10_29_14_50_06#CSV5,csv_spectrum,0,train
\\ces-tp3\OE0645-data-uro\TIVITA_Cat\Cat_Pig_UMM\Cat_uro_kidney\Cat_uro_kidney_glob_10m\data\P193_OP157_2023_10_30_Experiment1\2023_10_30_14_07_38\_hypergui_1\spectrum_fromCSV1_(500.0-995.0)_masked_data_0_derivative.csv,kidney_glob,P193,2023_10_30_14_07_38,P193#2023_10_30_14_07_38#CSV1,csv_spectrum,0,train
\\ces-tp3\OE0645-data-uro\TIVITA_Cat\Cat_Pig_UMM\Cat_uro_kidney\Cat_uro_kidney_glob_10m\data\P193_OP157_2023_10_30_Experiment1\2023_10_30_14_07_38\_hypergui_1\spectrum_fromCSV5_(500.0-995.0)_masked_data_0_derivative.csv,kidney_glob,P193,2023_10_30_14_07_38,P193#2023_10_30_14_07_38#CSV5,csv_spectrum,0,train
\\ces-tp3\OE0645-data-uro\TIVITA_Cat\Cat_Pig_UMM\Cat_uro_kidney\Cat_uro_kidney_glob_10m\data\P193_OP157_2023_10_30_Experiment1\2023_10_30_14_09_38\_hypergui_1\spectrum_fromCSV1_(500.0-995.0)_masked_data_0_derivative.csv,kidney_glob,P193,2023_10_30_14_09_38,P193#2023_10_30_14_09_38#CSV1,csv_spectrum,0,train
\\ces-tp3\OE0645-data-uro\TIVITA_Cat\Cat_Pig_UMM\Cat_uro_kidney\Cat_uro_kidney_glob_10m\data\P193_OP157_2023_10_30_Experiment1\2023_10_30_14_09_38\_hypergui_1\spectrum_fromCSV5_(500.0-995.0)_masked_data_0_derivative.csv,kidney_glob,P193,2023_10_30_14_09_38,P193#2023_10_30_14_09_38#CSV5,csv_spectrum,0,train
\\ces-tp3\OE0645-data-uro\TIVITA_Cat\Cat_Pig_UMM\Cat_uro_kidney\Cat_uro_kidney_glob_120m\data\P161_OP125_2023_07_05_Experiment1\2023_07_05_14_21_39\_hypergui_1\spectrum_fromCSV1_(500.0-995.0)_masked_data_0_derivative.csv,kidney_glob,P161,2023_07_05_14_21_39,P161#2023_07_05_14_21_39#CSV1,csv_spectrum,0,train
\\ces-tp3\OE0645-data-uro\TIVITA_Cat\Cat_Pig_UMM\Cat_uro_kidney\Cat_uro_kidney_glob_120m\data\P161_OP125_2023_07_05_Experiment1\2023_07_05_14_21_39\_hypergui_1\spectrum_fromCSV5_(500.0-995.0)_masked_data_0_derivative.csv,kidney_glob,P161,2023_07_05_14_21_39,P161#2023_07_05_14_21_39#CSV5,csv_spectrum,0,train
\\ces-tp3\OE0645-data-uro\TIVITA_Cat\Cat_Pig_UMM\Cat_uro_kidney\Cat_uro_kidney_glob_120m\data\P161_OP125_2023_07_05_Experiment1\2023_07_05_14_22_09\_hypergui_1\spectrum_fromCSV1_(500.0-995.0)_masked_data_0_derivative.csv,kidney_glob,P161,2023_07_05_14_22_09,P161#2023_07_05_14_22_09#CSV1,csv_spectrum,0,train
\\ces-tp3\OE0645-data-uro\TIVITA_Cat\Cat_Pig_UMM\Cat_uro_kidney\Cat_uro_kidney_glob_120m\data\P161_OP125_2023_07_05_Experiment1\2023_07_05_14_22_09\_hypergui_1\spectrum_fromCSV5_(500.0-995.0)_masked_data_0_derivative.csv,kidney_glob,P161,2023_07_05_14_22_09,P161#2023_07_05_14_22_09#CSV5,csv_spectrum,0,train
\\ces-tp3\OE0645-data-uro\TIVITA_Cat\Cat_Pig_UMM\Cat_uro_kidney\Cat_uro_kidney_glob_120m\data\P161_OP125_2023_07_05_Experiment1\2023_07_05_14_22_39\_hypergui_1\spectrum_fromCSV1_(500.0-995.0)_masked_data_0_derivative.csv,kidney_glob,P161,2023_07_05_14_22_39,P161#2023_07_05_14_22_39#CSV1,csv_spectrum,0,train
\\ces-tp3\OE0645-data-uro\TIVITA_Cat\Cat_Pig_UMM\Cat_uro_kidney\Cat_uro_kidney_glob_120m\data\P161_OP125_2023_07_05_Experiment1\2023_07_05_14_22_39\_hypergui_1\spectrum_fromCSV5_(500.0-995.0)_masked_data_0_derivative.csv,kidney_glob,P161,2023_07_05_14_22_39,P161#2023_07_05_14_22_39#CSV5,csv_spectrum,0,train
\\ces-tp3\OE0645-data-uro\TIVITA_Cat\Cat_Pig_UMM\Cat_uro_kidney\Cat_uro_kidney_glob_120m\data\P161_OP125_2023_07_05_Experiment1\2023_07_05_14_23_09\_hypergui_1\spectrum_fromCSV1_(500.0-995.0)_masked_data_0_derivative.csv,kidney_glob,P161,2023_07_05_14_23_09,P161#2023_07_05_14_23_09#CSV1,csv_spectrum,0,train
\\ces-tp3\OE0645-data-uro\TIVITA_Cat\Cat_Pig_UMM\Cat_uro_kidney\Cat_uro_kidney_glob_120m\data\P161_OP125_2023_07_05_Experiment1\2023_07_05_14_23_09\_hypergui_1\spectrum_fromCSV5_(500.0-995.0)_masked_data_0_derivative.csv,kidney_glob,P161,2023_07_05_14_23_09,P161#2023_07_05_14_23_09#CSV5,csv_spectrum,0,train
\\ces-tp3\OE0645-data-uro\TIVITA_Cat\Cat_Pig_UMM\Cat_uro_kidney\Cat_uro_kidney_glob_120m\data\P161_OP125_2023_07_05_Experiment1\2023_07_05_14_23_39\_hypergui_1\spectrum_fromCSV1_(500.0-995.0)_masked_data_0_derivative.csv,kidney_glob,P161,2023_07_05_14_23_39,P161#2023_07_05_14_23_39#CSV1,csv_spectrum,0,train
\\ces-tp3\OE0645-data-uro\TIVITA_Cat\Cat_Pig_UMM\Cat_uro_kidney\Cat_uro_kidney_glob_120m\data\P161_OP125_2023_07_05_Experiment1\2023_07_05_14_23_39\_hypergui_1\spectrum_fromCSV5_(500.0-995.0)_masked_data_0_derivative.csv,kidney_glob,P161,2023_07_05_14_23_39,P161#2023_07_05_14_23_39#CSV5,csv_spectrum,0,train
\\ces-tp3\OE0645-data-uro\TIVITA_Cat\Cat_Pig_UMM\Cat_uro_kidney\Cat_uro_kidney_glob_120m\data\P162_OP126_2023_07_06_Experiment1\2023_07_06_15_17_30\_hypergui_1\spectrum_fromCSV1_(500.0-995.0)_masked_data_0_derivative.csv,kidney_glob,P162,2023_07_06_15_17_30,P162#2023_07_06_15_17_30#CSV1,csv_spectrum,0,train
\\ces-tp3\OE0645-data-uro\TIVITA_Cat\Cat_Pig_UMM\Cat_uro_kidney\Cat_uro_kidney_glob_120m\data\P162_OP126_2023_07_06_Experiment1\2023_07_06_15_17_30\_hypergui_1\spectrum_fromCSV5_(500.0-995.0)_masked_data_0_derivative.csv,kidney_glob,P162,2023_07_06_15_17_30,P162#2023_07_06_15_17_30#CSV5,csv_spectrum,0,train
\\ces-tp3\OE0645-data-uro\TIVITA_Cat\Cat_Pig_UMM\Cat_uro_kidney\Cat_uro_kidney_glob_120m\data\P162_OP126_2023_07_06_Experiment1\2023_07_06_15_18_28\_hypergui_1\spectrum_fromCSV1_(500.0-995.0)_masked_data_0_derivative.csv,kidney_glob,P162,2023_07_06_15_18_28,P162#2023_07_06_15_18_28#CSV1,csv_spectrum,0,train
\\ces-tp3\OE0645-data-uro\TIVITA_Cat\Cat_Pig_UMM\Cat_uro_kidney\Cat_uro_kidney_glob_120m\data\P162_OP126_2023_07_06_Experiment1\2023_07_06_15_18_28\_hypergui_1\spectrum_fromCSV5_(500.0-995.0)_masked_data_0_derivative.csv,kidney_glob,P162,2023_07_06_15_18_28,P162#2023_07_06_15_18_28#CSV5,csv_spectrum,0,train
\\ces-tp3\OE0645-data-uro\TIVITA_Cat\Cat_Pig_UMM\Cat_uro_kidney\Cat_uro_kidney_glob_120m\data\P162_OP126_2023_07_06_Experiment1\2023_07_06_15_20_03\_hypergui_1\spectrum_fromCSV1_(500.0-995.0)_masked_data_0_derivative.csv,kidney_glob,P162,2023_07_06_15_20_03,P162#2023_07_06_15_20_03#CSV1,csv_spectrum,0,train
\\ces-tp3\OE0645-data-uro\TIVITA_Cat\Cat_Pig_UMM\Cat_uro_kidney\Cat_uro_kidney_glob_120m\data\P162_OP126_2023_07_06_Experiment1\2023_07_06_15_20_03\_hypergui_1\spectrum_fromCSV5_(500.0-995.0)_masked_data_0_derivative.csv,kidney_glob,P162,2023_07_06_15_20_03,P162#2023_07_06_15_20_03#CSV5,csv_spectrum,0,train
\\ces-tp3\OE0645-data-uro\TIVITA_Cat\Cat_Pig_UMM\Cat_uro_kidney\Cat_uro_kidney_glob_120m\data\P162_OP126_2023_07_06_Experiment1\2023_07_06_15_20_34\_hypergui_1\spectrum_fromCSV1_(500.0-995.0)_masked_data_0_derivative.csv,kidney_glob,P162,2023_07_06_15_20_34,P162#2023_07_06_15_20_34#CSV1,csv_spectrum,0,train
\\ces-tp3\OE0645-data-uro\TIVITA_Cat\Cat_Pig_UMM\Cat_uro_kidney\Cat_uro_kidney_glob_120m\data\P162_OP126_2023_07_06_Experiment1\2023_07_06_15_20_34\_hypergui_1\spectrum_fromCSV5_(500.0-995.0)_masked_data_0_derivative.csv,kidney_glob,P162,2023_07_06_15_20_34,P162#2023_07_06_15_20_34#CSV5,csv_spectrum,0,train
\\ces-tp3\OE0645-data-uro\TIVITA_Cat\Cat_Pig_UMM\Cat_uro_kidney\Cat_uro_kidney_glob_120m\data\P162_OP126_2023_07_06_Experiment1\2023_07_06_15_21_04\_hypergui_1\spectrum_fromCSV1_(500.0-995.0)_masked_data_0_derivative.csv,kidney_glob,P162,2023_07_06_15_21_04,P162#2023_07_06_15_21_04#CSV1,csv_spectrum,0,train
\\ces-tp3\OE0645-data-uro\TIVITA_Cat\Cat_Pig_UMM\Cat_uro_kidney\Cat_uro_kidney_glob_120m\data\P162_OP126_2023_07_06_Experiment1\2023_07_06_15_21_04\_hypergui_1\spectrum_fromCSV5_(500.0-995.0)_masked_data_0_derivative.csv,kidney_glob,P162,2023_07_06_15_21_04,P162#2023_07_06_15_21_04#CSV5,csv_spectrum,0,train
\\ces-tp3\OE0645-data-uro\TIVITA_Cat\Cat_Pig_UMM\Cat_uro_kidney\Cat_uro_kidney_glob_120m\data\P165_OP129_2023_08_16_Experiment1\2023_08_16_16_33_21\_hypergui_1\spectrum_fromCSV1_(500.0-995.0)_masked_data_0_derivative.csv,kidney_glob,P165,2023_08_16_16_33_21,P165#2023_08_16_16_33_21#CSV1,csv_spectrum,0,train
\\ces-tp3\OE0645-data-uro\TIVITA_Cat\Cat_Pig_UMM\Cat_uro_kidney\Cat_uro_kidney_glob_120m\data\P165_OP129_2023_08_16_Experiment1\2023_08_16_16_33_21\_hypergui_1\spectrum_fromCSV5_(500.0-995.0)_masked_data_0_derivative.csv,kidney_glob,P165,2023_08_16_16_33_21,P165#2023_08_16_16_33_21#CSV5,csv_spectrum,0,train
\\ces-tp3\OE0645-data-uro\TIVITA_Cat\Cat_Pig_UMM\Cat_uro_kidney\Cat_uro_kidney_glob_120m\data\P165_OP129_2023_08_16_Experiment1\2023_08_16_16_33_51\_hypergui_1\spectrum_fromCSV1_(500.0-995.0)_masked_data_0_derivative.csv,kidney_glob,P165,2023_08_16_16_33_51,P165#2023_08_16_16_33_51#CSV1,csv_spectrum,0,train
\\ces-tp3\OE0645-data-uro\TIVITA_Cat\Cat_Pig_UMM\Cat_uro_kidney\Cat_uro_kidney_glob_120m\data\P165_OP129_2023_08_16_Experiment1\2023_08_16_16_33_51\_hypergui_1\spectrum_fromCSV5_(500.0-995.0)_masked_data_0_derivative.csv,kidney_glob,P165,2023_08_16_16_33_51,P165#2023_08_16_16_33_51#CSV5,csv_spectrum,0,train
\\ces-tp3\OE0645-data-uro\TIVITA_Cat\Cat_Pig_UMM\Cat_uro_kidney\Cat_uro_kidney_glob_120m\data\P165_OP129_2023_08_16_Experiment1\2023_08_16_16_34_21\_hypergui_1\spectrum_fromCSV1_(500.0-995.0)_masked_data_0_derivative.csv,kidney_glob,P165,2023_08_16_16_34_21,P165#2023_08_16_16_34_21#CSV1,csv_spectrum,0,train
\\ces-tp3\OE0645-data-uro\TIVITA_Cat\Cat_Pig_UMM\Cat_uro_kidney\Cat_uro_kidney_glob_120m\data\P165_OP129_2023_08_16_Experiment1\2023_08_16_16_34_21\_hypergui_1\spectrum_fromCSV5_(500.0-995.0)_masked_data_0_derivative.csv,kidney_glob,P165,2023_08_16_16_34_21,P165#2023_08_16_16_34_21#CSV5,csv_spectrum,0,train
\\ces-tp3\OE0645-data-uro\TIVITA_Cat\Cat_Pig_UMM\Cat_uro_kidney\Cat_uro_kidney_glob_120m\data\P166_OP130_2023_08_17_Experiment1\2023_08_17_16_04_00\_hypergui_1\spectrum_fromCSV1_(500.0-995.0)_masked_data_0_derivative.csv,kidney_glob,P166,2023_08_17_16_04_00,P166#2023_08_17_16_04_00#CSV1,csv_spectrum,0,train
\\ces-tp3\OE0645-data-uro\TIVITA_Cat\Cat_Pig_UMM\Cat_uro_kidney\Cat_uro_kidney_glob_120m\data\P166_OP130_2023_08_17_Experiment1\2023_08_17_16_04_00\_hypergui_1\spectrum_fromCSV5_(500.0-995.0)_masked_data_0_derivative.csv,kidney_glob,P166,2023_08_17_16_04_00,P166#2023_08_17_16_04_00#CSV5,csv_spectrum,0,train
\\ces-tp3\OE0645-data-uro\TIVITA_Cat\Cat_Pig_UMM\Cat_uro_kidney\Cat_uro_kidney_glob_120m\data\P166_OP130_2023_08_17_Experiment1\2023_08_17_16_04_30\_hypergui_1\spectrum_fromCSV1_(500.0-995.0)_masked_data_0_derivative.csv,kidney_glob,P166,2023_08_17_16_04_30,P166#2023_08_17_16_04_30#CSV1,csv_spectrum,0,train
\\ces-tp3\OE0645-data-uro\TIVITA_Cat\Cat_Pig_UMM\Cat_uro_kidney\Cat_uro_kidney_glob_120m\data\P166_OP130_2023_08_17_Experiment1\2023_08_17_16_04_30\_hypergui_1\spectrum_fromCSV5_(500.0-995.0)_masked_data_0_derivative.csv,kidney_glob,P166,2023_08_17_16_04_30,P166#2023_08_17_16_04_30#CSV5,csv_spectrum,0,train
\\ces-tp3\OE0645-data-uro\TIVITA_Cat\Cat_Pig_UMM\Cat_uro_kidney\Cat_uro_kidney_glob_120m\data\P166_OP130_2023_08_17_Experiment1\2023_08_17_16_05_00\_hypergui_1\spectrum_fromCSV1_(500.0-995.0)_masked_data_0_derivative.csv,kidney_glob,P166,2023_08_17_16_05_00,P166#2023_08_17_16_05_00#CSV1,csv_spectrum,0,train
\\ces-tp3\OE0645-data-uro\TIVITA_Cat\Cat_Pig_UMM\Cat_uro_kidney\Cat_uro_kidney_glob_120m\data\P166_OP130_2023_08_17_Experiment1\2023_08_17_16_05_00\_hypergui_1\spectrum_fromCSV5_(500.0-995.0)_masked_data_0_derivative.csv,kidney_glob,P166,2023_08_17_16_05_00,P166#2023_08_17_16_05_00#CSV5,csv_spectrum,0,train
\\ces-tp3\OE0645-data-uro\TIVITA_Cat\Cat_Pig_UMM\Cat_uro_kidney\Cat_uro_kidney_glob_120m\data\P168_OP132_2023_08_23_Experiment1\2023_08_23_13_03_02\_hypergui_1\spectrum_fromCSV1_(500.0-995.0)_masked_data_0_derivative.csv,kidney_glob,P168,2023_08_23_13_03_02,P168#2023_08_23_13_03_02#CSV1,csv_spectrum,0,train
\\ces-tp3\OE0645-data-uro\TIVITA_Cat\Cat_Pig_UMM\Cat_uro_kidney\Cat_uro_kidney_glob_120m\data\P168_OP132_2023_08_23_Experiment1\2023_08_23_13_03_02\_hypergui_1\spectrum_fromCSV5_(500.0-995.0)_masked_data_0_derivative.csv,kidney_glob,P168,2023_08_23_13_03_02,P168#2023_08_23_13_03_02#CSV5,csv_spectrum,0,train
\\ces-tp3\OE0645-data-uro\TIVITA_Cat\Cat_Pig_UMM\Cat_uro_kidney\Cat_uro_kidney_glob_120m\data\P168_OP132_2023_08_23_Experiment1\2023_08_23_13_03_32\_hypergui_1\spectrum_fromCSV1_(500.0-995.0)_masked_data_0_derivative.csv,kidney_glob,P168,2023_08_23_13_03_32,P168#2023_08_23_13_03_32#CSV1,csv_spectrum,0,train
\\ces-tp3\OE0645-data-uro\TIVITA_Cat\Cat_Pig_UMM\Cat_uro_kidney\Cat_uro_kidney_glob_120m\data\P168_OP132_2023_08_23_Experiment1\2023_08_23_13_03_32\_hypergui_1\spectrum_fromCSV5_(500.0-995.0)_masked_data_0_derivative.csv,kidney_glob,P168,2023_08_23_13_03_32,P168#2023_08_23_13_03_32#CSV5,csv_spectrum,0,train
\\ces-tp3\OE0645-data-uro\TIVITA_Cat\Cat_Pig_UMM\Cat_uro_kidney\Cat_uro_kidney_glob_120m\data\P168_OP132_2023_08_23_Experiment1\2023_08_23_13_04_02\_hypergui_1\spectrum_fromCSV1_(500.0-995.0)_masked_data_0_derivative.csv,kidney_glob,P168,2023_08_23_13_04_02,P168#2023_08_23_13_04_02#CSV1,csv_spectrum,0,train
\\ces-tp3\OE0645-data-uro\TIVITA_Cat\Cat_Pig_UMM\Cat_uro_kidney\Cat_uro_kidney_glob_120m\data\P168_OP132_2023_08_23_Experiment1\2023_08_23_13_04_02\_hypergui_1\spectrum_fromCSV5_(500.0-995.0)_masked_data_0_derivative.csv,kidney_glob,P168,2023_08_23_13_04_02,P168#2023_08_23_13_04_02#CSV5,csv_spectrum,0,train
\\ces-tp3\OE0645-data-uro\TIVITA_Cat\Cat_Pig_UMM\Cat_uro_kidney\Cat_uro_kidney_glob_120m\data\P174_OP138_2023_09_21_Experiment1\2023_09_21_18_17_17\_hypergui_1\spectrum_fromCSV1_(500.0-995.0)_masked_data_0_derivative.csv,kidney_glob,P174,2023_09_21_18_17_17,P174#2023_09_21_18_17_17#CSV1,csv_spectrum,0,train
\\ces-tp3\OE0645-data-uro\TIVITA_Cat\Cat_Pig_UMM\Cat_uro_kidney\Cat_uro_kidney_glob_120m\data\P174_OP138_2023_09_21_Experiment1\2023_09_21_18_17_17\_hypergui_1\spectrum_fromCSV5_(500.0-995.0)_masked_data_0_derivative.csv,kidney_glob,P174,2023_09_21_18_17_17,P174#2023_09_21_18_17_17#CSV5,csv_spectrum,0,train
\\ces-tp3\OE0645-data-uro\TIVITA_Cat\Cat_Pig_UMM\Cat_uro_kidney\Cat_uro_kidney_glob_120m\data\P174_OP138_2023_09_21_Experiment1\2023_09_21_18_17_47\_hypergui_1\spectrum_fromCSV1_(500.0-995.0)_masked_data_0_derivative.csv,kidney_glob,P174,2023_09_21_18_17_47,P174#2023_09_21_18_17_47#CSV1,csv_spectrum,0,train
\\ces-tp3\OE0645-data-uro\TIVITA_Cat\Cat_Pig_UMM\Cat_uro_kidney\Cat_uro_kidney_glob_120m\data\P174_OP138_2023_09_21_Experiment1\2023_09_21_18_17_47\_hypergui_1\spectrum_fromCSV5_(500.0-995.0)_masked_data_0_derivative.csv,kidney_glob,P174,2023_09_21_18_17_47,P174#2023_09_21_18_17_47#CSV5,csv_spectrum,0,train
\\ces-tp3\OE0645-data-uro\TIVITA_Cat\Cat_Pig_UMM\Cat_uro_kidney\Cat_uro_kidney_glob_120m\data\P174_OP138_2023_09_21_Experiment1\2023_09_21_18_18_17\_hypergui_1\spectrum_fromCSV1_(500.0-995.0)_masked_data_0_derivative.csv,kidney_glob,P174,2023_09_21_18_18_17,P174#2023_09_21_18_18_17#CSV1,csv_spectrum,0,train
\\ces-tp3\OE0645-data-uro\TIVITA_Cat\Cat_Pig_UMM\Cat_uro_kidney\Cat_uro_kidney_glob_120m\data\P174_OP138_2023_09_21_Experiment1\2023_09_21_18_18_17\_hypergui_1\spectrum_fromCSV5_(500.0-995.0)_masked_data_0_derivative.csv,kidney_glob,P174,2023_09_21_18_18_17,P174#2023_09_21_18_18_17#CSV5,csv_spectrum,0,train
\\ces-tp3\OE0645-data-uro\TIVITA_Cat\Cat_Pig_UMM\Cat_uro_kidney\Cat_uro_kidney_glob_1m\data\P161_OP125_2023_07_05_Experiment1\2023_07_05_12_18_41\_hypergui_1\spectrum_fromCSV1_(500.0-995.0)_masked_data_0_derivative.csv,kidney_glob,P161,2023_07_05_12_18_41,P161#2023_07_05_12_18_41#CSV1,csv_spectrum,0,train
\\ces-tp3\OE0645-data-uro\TIVITA_Cat\Cat_Pig_UMM\Cat_uro_kidney\Cat_uro_kidney_glob_1m\data\P161_OP125_2023_07_05_Experiment1\2023_07_05_12_18_41\_hypergui_1\spectrum_fromCSV5_(500.0-995.0)_masked_data_0_derivative.csv,kidney_glob,P161,2023_07_05_12_18_41,P161#2023_07_05_12_18_41#CSV5,csv_spectrum,0,train
\\ces-tp3\OE0645-data-uro\TIVITA_Cat\Cat_Pig_UMM\Cat_uro_kidney\Cat_uro_kidney_glob_1m\data\P165_OP129_2023_08_16_Experiment1\2023_08_16_14_34_18\_hypergui_1\spectrum_fromCSV1_(500.0-995.0)_masked_data_0_derivative.csv,kidney_glob,P165,2023_08_16_14_34_18,P165#2023_08_16_14_34_18#CSV1,csv_spectrum,0,train
\\ces-tp3\OE0645-data-uro\TIVITA_Cat\Cat_Pig_UMM\Cat_uro_kidney\Cat_uro_kidney_glob_1m\data\P165_OP129_2023_08_16_Experiment1\2023_08_16_14_34_18\_hypergui_1\spectrum_fromCSV5_(500.0-995.0)_masked_data_0_derivative.csv,kidney_glob,P165,2023_08_16_14_34_18,P165#2023_08_16_14_34_18#CSV5,csv_spectrum,0,train
\\ces-tp3\OE0645-data-uro\TIVITA_Cat\Cat_Pig_UMM\Cat_uro_kidney\Cat_uro_kidney_glob_1m\data\P166_OP130_2023_08_17_Experiment1\2023_08_17_14_04_17\_hypergui_1\spectrum_fromCSV1_(500.0-995.0)_masked_data_0_derivative.csv,kidney_glob,P166,2023_08_17_14_04_17,P166#2023_08_17_14_04_17#CSV1,csv_spectrum,0,train
\\ces-tp3\OE0645-data-uro\TIVITA_Cat\Cat_Pig_UMM\Cat_uro_kidney\Cat_uro_kidney_glob_1m\data\P166_OP130_2023_08_17_Experiment1\2023_08_17_14_04_17\_hypergui_1\spectrum_fromCSV5_(500.0-995.0)_masked_data_0_derivative.csv,kidney_glob,P166,2023_08_17_14_04_17,P166#2023_08_17_14_04_17#CSV5,csv_spectrum,0,train
\\ces-tp3\OE0645-data-uro\TIVITA_Cat\Cat_Pig_UMM\Cat_uro_kidney\Cat_uro_kidney_glob_1m\data\P174_OP138_2023_09_21_Experiment1\2023_09_21_16_20_01\_hypergui_1\spectrum_fromCSV1_(500.0-995.0)_masked_data_0_derivative.csv,kidney_glob,P174,2023_09_21_16_20_01,P174#2023_09_21_16_20_01#CSV1,csv_spectrum,0,train
\\ces-tp3\OE0645-data-uro\TIVITA_Cat\Cat_Pig_UMM\Cat_uro_kidney\Cat_uro_kidney_glob_1m\data\P174_OP138_2023_09_21_Experiment1\2023_09_21_16_20_01\_hypergui_1\spectrum_fromCSV5_(500.0-995.0)_masked_data_0_derivative.csv,kidney_glob,P174,2023_09_21_16_20_01,P174#2023_09_21_16_20_01#CSV5,csv_spectrum,0,train
\\ces-tp3\OE0645-data-uro\TIVITA_Cat\Cat_Pig_UMM\Cat_uro_kidney\Cat_uro_kidney_glob_1m\data\P188_OP152_2023_10_22_Experiment1\2023_10_22_14_35_01\_hypergui_1\spectrum_fromCSV1_(500.0-995.0)_masked_data_0_derivative.csv,kidney_glob,P188,2023_10_22_14_35_01,P188#2023_10_22_14_35_01#CSV1,csv_spectrum,0,train
\\ces-tp3\OE0645-data-uro\TIVITA_Cat\Cat_Pig_UMM\Cat_uro_kidney\Cat_uro_kidney_glob_1m\data\P188_OP152_2023_10_22_Experiment1\2023_10_22_14_35_01\_hypergui_1\spectrum_fromCSV5_(500.0-995.0)_masked_data_0_derivative.csv,kidney_glob,P188,2023_10_22_14_35_01,P188#2023_10_22_14_35_01#CSV5,csv_spectrum,0,train
\\ces-tp3\OE0645-data-uro\TIVITA_Cat\Cat_Pig_UMM\Cat_uro_kidney\Cat_uro_kidney_glob_1m\data\P188_OP152_2023_10_22_Experiment1\2023_10_22_14_35_31\_hypergui_1\spectrum_fromCSV1_(500.0-995.0)_masked_data_0_derivative.csv,kidney_glob,P188,2023_10_22_14_35_31,P188#2023_10_22_14_35_31#CSV1,csv_spectrum,0,train
\\ces-tp3\OE0645-data-uro\TIVITA_Cat\Cat_Pig_UMM\Cat_uro_kidney\Cat_uro_kidney_glob_1m\data\P188_OP152_2023_10_22_Experiment1\2023_10_22_14_35_31\_hypergui_1\spectrum_fromCSV5_(500.0-995.0)_masked_data_0_derivative.csv,kidney_glob,P188,2023_10_22_14_35_31,P188#2023_10_22_14_35_31#CSV5,csv_spectrum,0,train
\\ces-tp3\OE0645-data-uro\TIVITA_Cat\Cat_Pig_UMM\Cat_uro_kidney\Cat_uro_kidney_glob_1m\data\P191_OP155_2023_10_28_Experiment1\2023_10_28_13_52_57\_hypergui_1\spectrum_fromCSV1_(500.0-995.0)_masked_data_0_derivative.csv,kidney_glob,P191,2023_10_28_13_52_57,P191#2023_10_28_13_52_57#CSV1,csv_spectrum,0,train
\\ces-tp3\OE0645-data-uro\TIVITA_Cat\Cat_Pig_UMM\Cat_uro_kidney\Cat_uro_kidney_glob_1m\data\P191_OP155_2023_10_28_Experiment1\2023_10_28_13_52_57\_hypergui_1\spectrum_fromCSV5_(500.0-995.0)_masked_data_0_derivative.csv,kidney_glob,P191,2023_10_28_13_52_57,P191#2023_10_28_13_52_57#CSV5,csv_spectrum,0,train
\\ces-tp3\OE0645-data-uro\TIVITA_Cat\Cat_Pig_UMM\Cat_uro_kidney\Cat_uro_kidney_glob_1m\data\P191_OP155_2023_10_28_Experiment1\2023_10_28_13_53_27\_hypergui_1\spectrum_fromCSV1_(500.0-995.0)_masked_data_0_derivative.csv,kidney_glob,P191,2023_10_28_13_53_27,P191#2023_10_28_13_53_27#CSV1,csv_spectrum,0,train
\\ces-tp3\OE0645-data-uro\TIVITA_Cat\Cat_Pig_UMM\Cat_uro_kidney\Cat_uro_kidney_glob_1m\data\P191_OP155_2023_10_28_Experiment1\2023_10_28_13_53_27\_hypergui_1\spectrum_fromCSV5_(500.0-995.0)_masked_data_0_derivative.csv,kidney_glob,P191,2023_10_28_13_53_27,P191#2023_10_28_13_53_27#CSV5,csv_spectrum,0,train
\\ces-tp3\OE0645-data-uro\TIVITA_Cat\Cat_Pig_UMM\Cat_uro_kidney\Cat_uro_kidney_glob_1m\data\P192_OP156_2023_10_29_Experiment1\2023_10_29_14_37_35\_hypergui_1\spectrum_fromCSV1_(500.0-995.0)_masked_data_0_derivative.csv,kidney_glob,P192,2023_10_29_14_37_35,P192#2023_10_29_14_37_35#CSV1,csv_spectrum,0,train
\\ces-tp3\OE0645-data-uro\TIVITA_Cat\Cat_Pig_UMM\Cat_uro_kidney\Cat_uro_kidney_glob_1m\data\P192_OP156_2023_10_29_Experiment1\2023_10_29_14_37_35\_hypergui_1\spectrum_fromCSV5_(500.0-995.0)_masked_data_0_derivative.csv,kidney_glob,P192,2023_10_29_14_37_35,P192#2023_10_29_14_37_35#CSV5,csv_spectrum,0,train
\\ces-tp3\OE0645-data-uro\TIVITA_Cat\Cat_Pig_UMM\Cat_uro_kidney\Cat_uro_kidney_glob_1m\data\P192_OP156_2023_10_29_Experiment1\2023_10_29_14_38_05\_hypergui_1\spectrum_fromCSV1_(500.0-995.0)_masked_data_0_derivative.csv,kidney_glob,P192,2023_10_29_14_38_05,P192#2023_10_29_14_38_05#CSV1,csv_spectrum,0,train
\\ces-tp3\OE0645-data-uro\TIVITA_Cat\Cat_Pig_UMM\Cat_uro_kidney\Cat_uro_kidney_glob_1m\data\P192_OP156_2023_10_29_Experiment1\2023_10_29_14_38_05\_hypergui_1\spectrum_fromCSV5_(500.0-995.0)_masked_data_0_derivative.csv,kidney_glob,P192,2023_10_29_14_38_05,P192#2023_10_29_14_38_05#CSV5,csv_spectrum,0,train
\\ces-tp3\OE0645-data-uro\TIVITA_Cat\Cat_Pig_UMM\Cat_uro_kidney\Cat_uro_kidney_glob_1m\data\P193_OP157_2023_10_30_Experiment1\2023_10_30_13_58_37\_hypergui_1\spectrum_fromCSV1_(500.0-995.0)_masked_data_0_derivative.csv,kidney_glob,P193,2023_10_30_13_58_37,P193#2023_10_30_13_58_37#CSV1,csv_spectrum,0,train
\\ces-tp3\OE0645-data-uro\TIVITA_Cat\Cat_Pig_UMM\Cat_uro_kidney\Cat_uro_kidney_glob_1m\data\P193_OP157_2023_10_30_Experiment1\2023_10_30_13_58_37\_hypergui_1\spectrum_fromCSV5_(500.0-995.0)_masked_data_0_derivative.csv,kidney_glob,P193,2023_10_30_13_58_37,P193#2023_10_30_13_58_37#CSV5,csv_spectrum,0,train
\\ces-tp3\OE0645-data-uro\TIVITA_Cat\Cat_Pig_UMM\Cat_uro_kidney\Cat_uro_kidney_glob_1m\data\P193_OP157_2023_10_30_Experiment1\2023_10_30_13_59_07\_hypergui_1\spectrum_fromCSV1_(500.0-995.0)_masked_data_0_derivative.csv,kidney_glob,P193,2023_10_30_13_59_07,P193#2023_10_30_13_59_07#CSV1,csv_spectrum,0,train
\\ces-tp3\OE0645-data-uro\TIVITA_Cat\Cat_Pig_UMM\Cat_uro_kidney\Cat_uro_kidney_glob_1m\data\P193_OP157_2023_10_30_Experiment1\2023_10_30_13_59_07\_hypergui_1\spectrum_fromCSV5_(500.0-995.0)_masked_data_0_derivative.csv,kidney_glob,P193,2023_10_30_13_59_07,P193#2023_10_30_13_59_07#CSV5,csv_spectrum,0,train
\\ces-tp3\OE0645-data-uro\TIVITA_Cat\Cat_Pig_UMM\Cat_uro_kidney\Cat_uro_kidney_glob_20m\data\P161_OP125_2023_07_05_Experiment1\2023_07_05_12_41_00\_hypergui_1\spectrum_fromCSV1_(500.0-995.0)_masked_data_0_derivative.csv,kidney_glob,P161,2023_07_05_12_41_00,P161#2023_07_05_12_41_00#CSV1,csv_spectrum,0,train
\\ces-tp3\OE0645-data-uro\TIVITA_Cat\Cat_Pig_UMM\Cat_uro_kidney\Cat_uro_kidney_glob_20m\data\P161_OP125_2023_07_05_Experiment1\2023_07_05_12_41_00\_hypergui_1\spectrum_fromCSV5_(500.0-995.0)_masked_data_0_derivative.csv,kidney_glob,P161,2023_07_05_12_41_00,P161#2023_07_05_12_41_00#CSV5,csv_spectrum,0,train
\\ces-tp3\OE0645-data-uro\TIVITA_Cat\Cat_Pig_UMM\Cat_uro_kidney\Cat_uro_kidney_glob_20m\data\P161_OP125_2023_07_05_Experiment1\2023_07_05_12_41_30\_hypergui_1\spectrum_fromCSV1_(500.0-995.0)_masked_data_0_derivative.csv,kidney_glob,P161,2023_07_05_12_41_30,P161#2023_07_05_12_41_30#CSV1,csv_spectrum,0,train
\\ces-tp3\OE0645-data-uro\TIVITA_Cat\Cat_Pig_UMM\Cat_uro_kidney\Cat_uro_kidney_glob_20m\data\P161_OP125_2023_07_05_Experiment1\2023_07_05_12_41_30\_hypergui_1\spectrum_fromCSV5_(500.0-995.0)_masked_data_0_derivative.csv,kidney_glob,P161,2023_07_05_12_41_30,P161#2023_07_05_12_41_30#CSV5,csv_spectrum,0,train
\\ces-tp3\OE0645-data-uro\TIVITA_Cat\Cat_Pig_UMM\Cat_uro_kidney\Cat_uro_kidney_glob_20m\data\P161_OP125_2023_07_05_Experiment1\2023_07_05_12_42_00\_hypergui_1\spectrum_fromCSV1_(500.0-995.0)_masked_data_0_derivative.csv,kidney_glob,P161,2023_07_05_12_42_00,P161#2023_07_05_12_42_00#CSV1,csv_spectrum,0,train
\\ces-tp3\OE0645-data-uro\TIVITA_Cat\Cat_Pig_UMM\Cat_uro_kidney\Cat_uro_kidney_glob_20m\data\P161_OP125_2023_07_05_Experiment1\2023_07_05_12_42_00\_hypergui_1\spectrum_fromCSV5_(500.0-995.0)_masked_data_0_derivative.csv,kidney_glob,P161,2023_07_05_12_42_00,P161#2023_07_05_12_42_00#CSV5,csv_spectrum,0,train
\\ces-tp3\OE0645-data-uro\TIVITA_Cat\Cat_Pig_UMM\Cat_uro_kidney\Cat_uro_kidney_glob_20m\data\P161_OP125_2023_07_05_Experiment1\2023_07_05_12_42_30\_hypergui_1\spectrum_fromCSV1_(500.0-995.0)_masked_data_0_derivative.csv,kidney_glob,P161,2023_07_05_12_42_30,P161#2023_07_05_12_42_30#CSV1,csv_spectrum,0,train
\\ces-tp3\OE0645-data-uro\TIVITA_Cat\Cat_Pig_UMM\Cat_uro_kidney\Cat_uro_kidney_glob_20m\data\P161_OP125_2023_07_05_Experiment1\2023_07_05_12_42_30\_hypergui_1\spectrum_fromCSV5_(500.0-995.0)_masked_data_0_derivative.csv,kidney_glob,P161,2023_07_05_12_42_30,P161#2023_07_05_12_42_30#CSV5,csv_spectrum,0,train
\\ces-tp3\OE0645-data-uro\TIVITA_Cat\Cat_Pig_UMM\Cat_uro_kidney\Cat_uro_kidney_glob_20m\data\P162_OP126_2023_07_06_Experiment1\2023_07_06_13_36_46\_hypergui_1\spectrum_fromCSV1_(500.0-995.0)_masked_data_0_derivative.csv,kidney_glob,P162,2023_07_06_13_36_46,P162#2023_07_06_13_36_46#CSV1,csv_spectrum,0,train
\\ces-tp3\OE0645-data-uro\TIVITA_Cat\Cat_Pig_UMM\Cat_uro_kidney\Cat_uro_kidney_glob_20m\data\P162_OP126_2023_07_06_Experiment1\2023_07_06_13_36_46\_hypergui_1\spectrum_fromCSV5_(500.0-995.0)_masked_data_0_derivative.csv,kidney_glob,P162,2023_07_06_13_36_46,P162#2023_07_06_13_36_46#CSV5,csv_spectrum,0,train
\\ces-tp3\OE0645-data-uro\TIVITA_Cat\Cat_Pig_UMM\Cat_uro_kidney\Cat_uro_kidney_glob_20m\data\P162_OP126_2023_07_06_Experiment1\2023_07_06_13_37_16\_hypergui_1\spectrum_fromCSV1_(500.0-995.0)_masked_data_0_derivative.csv,kidney_glob,P162,2023_07_06_13_37_16,P162#2023_07_06_13_37_16#CSV1,csv_spectrum,0,train
\\ces-tp3\OE0645-data-uro\TIVITA_Cat\Cat_Pig_UMM\Cat_uro_kidney\Cat_uro_kidney_glob_20m\data\P162_OP126_2023_07_06_Experiment1\2023_07_06_13_37_16\_hypergui_1\spectrum_fromCSV5_(500.0-995.0)_masked_data_0_derivative.csv,kidney_glob,P162,2023_07_06_13_37_16,P162#2023_07_06_13_37_16#CSV5,csv_spectrum,0,train
\\ces-tp3\OE0645-data-uro\TIVITA_Cat\Cat_Pig_UMM\Cat_uro_kidney\Cat_uro_kidney_glob_20m\data\P162_OP126_2023_07_06_Experiment1\2023_07_06_13_37_46\_hypergui_1\spectrum_fromCSV1_(500.0-995.0)_masked_data_0_derivative.csv,kidney_glob,P162,2023_07_06_13_37_46,P162#2023_07_06_13_37_46#CSV1,csv_spectrum,0,train
\\ces-tp3\OE0645-data-uro\TIVITA_Cat\Cat_Pig_UMM\Cat_uro_kidney\Cat_uro_kidney_glob_20m\data\P162_OP126_2023_07_06_Experiment1\2023_07_06_13_37_46\_hypergui_1\spectrum_fromCSV5_(500.0-995.0)_masked_data_0_derivative.csv,kidney_glob,P162,2023_07_06_13_37_46,P162#2023_07_06_13_37_46#CSV5,csv_spectrum,0,train
\\ces-tp3\OE0645-data-uro\TIVITA_Cat\Cat_Pig_UMM\Cat_uro_kidney\Cat_uro_kidney_glob_20m\data\P165_OP129_2023_08_16_Experiment1\2023_08_16_14_53_26\_hypergui_1\spectrum_fromCSV1_(500.0-995.0)_masked_data_0_derivative.csv,kidney_glob,P165,2023_08_16_14_53_26,P165#2023_08_16_14_53_26#CSV1,csv_spectrum,0,train
\\ces-tp3\OE0645-data-uro\TIVITA_Cat\Cat_Pig_UMM\Cat_uro_kidney\Cat_uro_kidney_glob_20m\data\P165_OP129_2023_08_16_Experiment1\2023_08_16_14_53_26\_hypergui_1\spectrum_fromCSV5_(500.0-995.0)_masked_data_0_derivative.csv,kidney_glob,P165,2023_08_16_14_53_26,P165#2023_08_16_14_53_26#CSV5,csv_spectrum,0,train
\\ces-tp3\OE0645-data-uro\TIVITA_Cat\Cat_Pig_UMM\Cat_uro_kidney\Cat_uro_kidney_glob_20m\data\P165_OP129_2023_08_16_Experiment1\2023_08_16_14_53_56\_hypergui_1\spectrum_fromCSV1_(500.0-995.0)_masked_data_0_derivative.csv,kidney_glob,P165,2023_08_16_14_53_56,P165#2023_08_16_14_53_56#CSV1,csv_spectrum,0,train
\\ces-tp3\OE0645-data-uro\TIVITA_Cat\Cat_Pig_UMM\Cat_uro_kidney\Cat_uro_kidney_glob_20m\data\P165_OP129_2023_08_16_Experiment1\2023_08_16_14_53_56\_hypergui_1\spectrum_fromCSV5_(500.0-995.0)_masked_data_0_derivative.csv,kidney_glob,P165,2023_08_16_14_53_56,P165#2023_08_16_14_53_56#CSV5,csv_spectrum,0,train
\\ces-tp3\OE0645-data-uro\TIVITA_Cat\Cat_Pig_UMM\Cat_uro_kidney\Cat_uro_kidney_glob_20m\data\P165_OP129_2023_08_16_Experiment1\2023_08_16_14_54_26\_hypergui_1\spectrum_fromCSV1_(500.0-995.0)_masked_data_0_derivative.csv,kidney_glob,P165,2023_08_16_14_54_26,P165#2023_08_16_14_54_26#CSV1,csv_spectrum,0,train
\\ces-tp3\OE0645-data-uro\TIVITA_Cat\Cat_Pig_UMM\Cat_uro_kidney\Cat_uro_kidney_glob_20m\data\P165_OP129_2023_08_16_Experiment1\2023_08_16_14_54_26\_hypergui_1\spectrum_fromCSV5_(500.0-995.0)_masked_data_0_derivative.csv,kidney_glob,P165,2023_08_16_14_54_26,P165#2023_08_16_14_54_26#CSV5,csv_spectrum,0,train
\\ces-tp3\OE0645-data-uro\TIVITA_Cat\Cat_Pig_UMM\Cat_uro_kidney\Cat_uro_kidney_glob_20m\data\P166_OP130_2023_08_17_Experiment1\2023_08_17_14_23_03\_hypergui_1\spectrum_fromCSV1_(500.0-995.0)_masked_data_0_derivative.csv,kidney_glob,P166,2023_08_17_14_23_03,P166#2023_08_17_14_23_03#CSV1,csv_spectrum,0,train
\\ces-tp3\OE0645-data-uro\TIVITA_Cat\Cat_Pig_UMM\Cat_uro_kidney\Cat_uro_kidney_glob_20m\data\P166_OP130_2023_08_17_Experiment1\2023_08_17_14_23_03\_hypergui_1\spectrum_fromCSV5_(500.0-995.0)_masked_data_0_derivative.csv,kidney_glob,P166,2023_08_17_14_23_03,P166#2023_08_17_14_23_03#CSV5,csv_spectrum,0,train
\\ces-tp3\OE0645-data-uro\TIVITA_Cat\Cat_Pig_UMM\Cat_uro_kidney\Cat_uro_kidney_glob_20m\data\P166_OP130_2023_08_17_Experiment1\2023_08_17_14_23_33\_hypergui_1\spectrum_fromCSV1_(500.0-995.0)_masked_data_0_derivative.csv,kidney_glob,P166,2023_08_17_14_23_33,P166#2023_08_17_14_23_33#CSV1,csv_spectrum,0,train
\\ces-tp3\OE0645-data-uro\TIVITA_Cat\Cat_Pig_UMM\Cat_uro_kidney\Cat_uro_kidney_glob_20m\data\P166_OP130_2023_08_17_Experiment1\2023_08_17_14_23_33\_hypergui_1\spectrum_fromCSV5_(500.0-995.0)_masked_data_0_derivative.csv,kidney_glob,P166,2023_08_17_14_23_33,P166#2023_08_17_14_23_33#CSV5,csv_spectrum,0,train
\\ces-tp3\OE0645-data-uro\TIVITA_Cat\Cat_Pig_UMM\Cat_uro_kidney\Cat_uro_kidney_glob_20m\data\P166_OP130_2023_08_17_Experiment1\2023_08_17_14_24_03\_hypergui_1\spectrum_fromCSV1_(500.0-995.0)_masked_data_0_derivative.csv,kidney_glob,P166,2023_08_17_14_24_03,P166#2023_08_17_14_24_03#CSV1,csv_spectrum,0,train
\\ces-tp3\OE0645-data-uro\TIVITA_Cat\Cat_Pig_UMM\Cat_uro_kidney\Cat_uro_kidney_glob_20m\data\P166_OP130_2023_08_17_Experiment1\2023_08_17_14_24_03\_hypergui_1\spectrum_fromCSV5_(500.0-995.0)_masked_data_0_derivative.csv,kidney_glob,P166,2023_08_17_14_24_03,P166#2023_08_17_14_24_03#CSV5,csv_spectrum,0,train
\\ces-tp3\OE0645-data-uro\TIVITA_Cat\Cat_Pig_UMM\Cat_uro_kidney\Cat_uro_kidney_glob_20m\data\P168_OP132_2023_08_23_Experiment1\2023_08_23_11_18_33\_hypergui_1\spectrum_fromCSV1_(500.0-995.0)_masked_data_0_derivative.csv,kidney_glob,P168,2023_08_23_11_18_33,P168#2023_08_23_11_18_33#CSV1,csv_spectrum,0,train
\\ces-tp3\OE0645-data-uro\TIVITA_Cat\Cat_Pig_UMM\Cat_uro_kidney\Cat_uro_kidney_glob_20m\data\P168_OP132_2023_08_23_Experiment1\2023_08_23_11_18_33\_hypergui_1\spectrum_fromCSV5_(500.0-995.0)_masked_data_0_derivative.csv,kidney_glob,P168,2023_08_23_11_18_33,P168#2023_08_23_11_18_33#CSV5,csv_spectrum,0,train
\\ces-tp3\OE0645-data-uro\TIVITA_Cat\Cat_Pig_UMM\Cat_uro_kidney\Cat_uro_kidney_glob_20m\data\P168_OP132_2023_08_23_Experiment1\2023_08_23_11_19_10\_hypergui_1\spectrum_fromCSV1_(500.0-995.0)_masked_data_0_derivative.csv,kidney_glob,P168,2023_08_23_11_19_10,P168#2023_08_23_11_19_10#CSV1,csv_spectrum,0,train
\\ces-tp3\OE0645-data-uro\TIVITA_Cat\Cat_Pig_UMM\Cat_uro_kidney\Cat_uro_kidney_glob_20m\data\P168_OP132_2023_08_23_Experiment1\2023_08_23_11_19_10\_hypergui_1\spectrum_fromCSV5_(500.0-995.0)_masked_data_0_derivative.csv,kidney_glob,P168,2023_08_23_11_19_10,P168#2023_08_23_11_19_10#CSV5,csv_spectrum,0,train
\\ces-tp3\OE0645-data-uro\TIVITA_Cat\Cat_Pig_UMM\Cat_uro_kidney\Cat_uro_kidney_glob_20m\data\P168_OP132_2023_08_23_Experiment1\2023_08_23_11_19_46\_hypergui_1\spectrum_fromCSV1_(500.0-995.0)_masked_data_0_derivative.csv,kidney_glob,P168,2023_08_23_11_19_46,P168#2023_08_23_11_19_46#CSV1,csv_spectrum,0,train
\\ces-tp3\OE0645-data-uro\TIVITA_Cat\Cat_Pig_UMM\Cat_uro_kidney\Cat_uro_kidney_glob_20m\data\P168_OP132_2023_08_23_Experiment1\2023_08_23_11_19_46\_hypergui_1\spectrum_fromCSV5_(500.0-995.0)_masked_data_0_derivative.csv,kidney_glob,P168,2023_08_23_11_19_46,P168#2023_08_23_11_19_46#CSV5,csv_spectrum,0,train
\\ces-tp3\OE0645-data-uro\TIVITA_Cat\Cat_Pig_UMM\Cat_uro_kidney\Cat_uro_kidney_glob_20m\data\P174_OP138_2023_09_21_Experiment1\2023_09_21_16_38_11\_hypergui_1\spectrum_fromCSV1_(500.0-995.0)_masked_data_0_derivative.csv,kidney_glob,P174,2023_09_21_16_38_11,P174#2023_09_21_16_38_11#CSV1,csv_spectrum,0,train
\\ces-tp3\OE0645-data-uro\TIVITA_Cat\Cat_Pig_UMM\Cat_uro_kidney\Cat_uro_kidney_glob_20m\data\P174_OP138_2023_09_21_Experiment1\2023_09_21_16_38_11\_hypergui_1\spectrum_fromCSV5_(500.0-995.0)_masked_data_0_derivative.csv,kidney_glob,P174,2023_09_21_16_38_11,P174#2023_09_21_16_38_11#CSV5,csv_spectrum,0,train
\\ces-tp3\OE0645-data-uro\TIVITA_Cat\Cat_Pig_UMM\Cat_uro_kidney\Cat_uro_kidney_glob_20m\data\P174_OP138_2023_09_21_Experiment1\2023_09_21_16_38_41\_hypergui_1\spectrum_fromCSV1_(500.0-995.0)_masked_data_0_derivative.csv,kidney_glob,P174,2023_09_21_16_38_41,P174#2023_09_21_16_38_41#CSV1,csv_spectrum,0,train
\\ces-tp3\OE0645-data-uro\TIVITA_Cat\Cat_Pig_UMM\Cat_uro_kidney\Cat_uro_kidney_glob_20m\data\P174_OP138_2023_09_21_Experiment1\2023_09_21_16_38_41\_hypergui_1\spectrum_fromCSV5_(500.0-995.0)_masked_data_0_derivative.csv,kidney_glob,P174,2023_09_21_16_38_41,P174#2023_09_21_16_38_41#CSV5,csv_spectrum,0,train
\\ces-tp3\OE0645-data-uro\TIVITA_Cat\Cat_Pig_UMM\Cat_uro_kidney\Cat_uro_kidney_glob_20m\data\P174_OP138_2023_09_21_Experiment1\2023_09_21_16_39_11\_hypergui_1\spectrum_fromCSV1_(500.0-995.0)_masked_data_0_derivative.csv,kidney_glob,P174,2023_09_21_16_39_11,P174#2023_09_21_16_39_11#CSV1,csv_spectrum,0,train
\\ces-tp3\OE0645-data-uro\TIVITA_Cat\Cat_Pig_UMM\Cat_uro_kidney\Cat_uro_kidney_glob_20m\data\P174_OP138_2023_09_21_Experiment1\2023_09_21_16_39_11\_hypergui_1\spectrum_fromCSV5_(500.0-995.0)_masked_data_0_derivative.csv,kidney_glob,P174,2023_09_21_16_39_11,P174#2023_09_21_16_39_11#CSV5,csv_spectrum,0,train
\\ces-tp3\OE0645-data-uro\TIVITA_Cat\Cat_Pig_UMM\Cat_uro_kidney\Cat_uro_kidney_glob_20m\data\P188_OP152_2023_10_22_Experiment1\2023_10_22_14_52_32\_hypergui_1\spectrum_fromCSV1_(500.0-995.0)_masked_data_0_derivative.csv,kidney_glob,P188,2023_10_22_14_52_32,P188#2023_10_22_14_52_32#CSV1,csv_spectrum,0,train
\\ces-tp3\OE0645-data-uro\TIVITA_Cat\Cat_Pig_UMM\Cat_uro_kidney\Cat_uro_kidney_glob_20m\data\P188_OP152_2023_10_22_Experiment1\2023_10_22_14_52_32\_hypergui_1\spectrum_fromCSV5_(500.0-995.0)_masked_data_0_derivative.csv,kidney_glob,P188,2023_10_22_14_52_32,P188#2023_10_22_14_52_32#CSV5,csv_spectrum,0,train
\\ces-tp3\OE0645-data-uro\TIVITA_Cat\Cat_Pig_UMM\Cat_uro_kidney\Cat_uro_kidney_glob_20m\data\P188_OP152_2023_10_22_Experiment1\2023_10_22_14_54_32\_hypergui_1\spectrum_fromCSV1_(500.0-995.0)_masked_data_0_derivative.csv,kidney_glob,P188,2023_10_22_14_54_32,P188#2023_10_22_14_54_32#CSV1,csv_spectrum,0,train
\\ces-tp3\OE0645-data-uro\TIVITA_Cat\Cat_Pig_UMM\Cat_uro_kidney\Cat_uro_kidney_glob_20m\data\P188_OP152_2023_10_22_Experiment1\2023_10_22_14_54_32\_hypergui_1\spectrum_fromCSV5_(500.0-995.0)_masked_data_0_derivative.csv,kidney_glob,P188,2023_10_22_14_54_32,P188#2023_10_22_14_54_32#CSV5,csv_spectrum,0,train
\\ces-tp3\OE0645-data-uro\TIVITA_Cat\Cat_Pig_UMM\Cat_uro_kidney\Cat_uro_kidney_glob_20m\data\P188_OP152_2023_10_22_Experiment1\2023_10_22_14_56_32\_hypergui_1\spectrum_fromCSV1_(500.0-995.0)_masked_data_0_derivative.csv,kidney_glob,P188,2023_10_22_14_56_32,P188#2023_10_22_14_56_32#CSV1,csv_spectrum,0,train
\\ces-tp3\OE0645-data-uro\TIVITA_Cat\Cat_Pig_UMM\Cat_uro_kidney\Cat_uro_kidney_glob_20m\data\P188_OP152_2023_10_22_Experiment1\2023_10_22_14_56_32\_hypergui_1\spectrum_fromCSV5_(500.0-995.0)_masked_data_0_derivative.csv,kidney_glob,P188,2023_10_22_14_56_32,P188#2023_10_22_14_56_32#CSV5,csv_spectrum,0,train
\\ces-tp3\OE0645-data-uro\TIVITA_Cat\Cat_Pig_UMM\Cat_uro_kidney\Cat_uro_kidney_glob_20m\data\P191_OP155_2023_10_28_Experiment1\2023_10_28_14_09_29\_hypergui_1\spectrum_fromCSV1_(500.0-995.0)_masked_data_0_derivative.csv,kidney_glob,P191,2023_10_28_14_09_29,P191#2023_10_28_14_09_29#CSV1,csv_spectrum,0,train
\\ces-tp3\OE0645-data-uro\TIVITA_Cat\Cat_Pig_UMM\Cat_uro_kidney\Cat_uro_kidney_glob_20m\data\P191_OP155_2023_10_28_Experiment1\2023_10_28_14_09_29\_hypergui_1\spectrum_fromCSV5_(500.0-995.0)_masked_data_0_derivative.csv,kidney_glob,P191,2023_10_28_14_09_29,P191#2023_10_28_14_09_29#CSV5,csv_spectrum,0,train
\\ces-tp3\OE0645-data-uro\TIVITA_Cat\Cat_Pig_UMM\Cat_uro_kidney\Cat_uro_kidney_glob_20m\data\P191_OP155_2023_10_28_Experiment1\2023_10_28_14_11_29\_hypergui_1\spectrum_fromCSV1_(500.0-995.0)_masked_data_0_derivative.csv,kidney_glob,P191,2023_10_28_14_11_29,P191#2023_10_28_14_11_29#CSV1,csv_spectrum,0,train
\\ces-tp3\OE0645-data-uro\TIVITA_Cat\Cat_Pig_UMM\Cat_uro_kidney\Cat_uro_kidney_glob_20m\data\P191_OP155_2023_10_28_Experiment1\2023_10_28_14_11_29\_hypergui_1\spectrum_fromCSV5_(500.0-995.0)_masked_data_0_derivative.csv,kidney_glob,P191,2023_10_28_14_11_29,P191#2023_10_28_14_11_29#CSV5,csv_spectrum,0,train
\\ces-tp3\OE0645-data-uro\TIVITA_Cat\Cat_Pig_UMM\Cat_uro_kidney\Cat_uro_kidney_glob_20m\data\P191_OP155_2023_10_28_Experiment1\2023_10_28_14_13_30\_hypergui_1\spectrum_fromCSV1_(500.0-995.0)_masked_data_0_derivative.csv,kidney_glob,P191,2023_10_28_14_13_30,P191#2023_10_28_14_13_30#CSV1,csv_spectrum,0,train
\\ces-tp3\OE0645-data-uro\TIVITA_Cat\Cat_Pig_UMM\Cat_uro_kidney\Cat_uro_kidney_glob_20m\data\P191_OP155_2023_10_28_Experiment1\2023_10_28_14_13_30\_hypergui_1\spectrum_fromCSV5_(500.0-995.0)_masked_data_0_derivative.csv,kidney_glob,P191,2023_10_28_14_13_30,P191#2023_10_28_14_13_30#CSV5,csv_spectrum,0,train
\\ces-tp3\OE0645-data-uro\TIVITA_Cat\Cat_Pig_UMM\Cat_uro_kidney\Cat_uro_kidney_glob_20m\data\P192_OP156_2023_10_29_Experiment1\2023_10_29_14_54_06\_hypergui_1\spectrum_fromCSV1_(500.0-995.0)_masked_data_0_derivative.csv,kidney_glob,P192,2023_10_29_14_54_06,P192#2023_10_29_14_54_06#CSV1,csv_spectrum,0,train
\\ces-tp3\OE0645-data-uro\TIVITA_Cat\Cat_Pig_UMM\Cat_uro_kidney\Cat_uro_kidney_glob_20m\data\P192_OP156_2023_10_29_Experiment1\2023_10_29_14_54_06\_hypergui_1\spectrum_fromCSV5_(500.0-995.0)_masked_data_0_derivative.csv,kidney_glob,P192,2023_10_29_14_54_06,P192#2023_10_29_14_54_06#CSV5,csv_spectrum,0,train
\\ces-tp3\OE0645-data-uro\TIVITA_Cat\Cat_Pig_UMM\Cat_uro_kidney\Cat_uro_kidney_glob_20m\data\P192_OP156_2023_10_29_Experiment1\2023_10_29_14_56_06\_hypergui_1\spectrum_fromCSV1_(500.0-995.0)_masked_data_0_derivative.csv,kidney_glob,P192,2023_10_29_14_56_06,P192#2023_10_29_14_56_06#CSV1,csv_spectrum,0,train
\\ces-tp3\OE0645-data-uro\TIVITA_Cat\Cat_Pig_UMM\Cat_uro_kidney\Cat_uro_kidney_glob_20m\data\P192_OP156_2023_10_29_Experiment1\2023_10_29_14_56_06\_hypergui_1\spectrum_fromCSV5_(500.0-995.0)_masked_data_0_derivative.csv,kidney_glob,P192,2023_10_29_14_56_06,P192#2023_10_29_14_56_06#CSV5,csv_spectrum,0,train
\\ces-tp3\OE0645-data-uro\TIVITA_Cat\Cat_Pig_UMM\Cat_uro_kidney\Cat_uro_kidney_glob_20m\data\P192_OP156_2023_10_29_Experiment1\2023_10_29_14_58_06\_hypergui_1\spectrum_fromCSV1_(500.0-995.0)_masked_data_0_derivative.csv,kidney_glob,P192,2023_10_29_14_58_06,P192#2023_10_29_14_58_06#CSV1,csv_spectrum,0,train
\\ces-tp3\OE0645-data-uro\TIVITA_Cat\Cat_Pig_UMM\Cat_uro_kidney\Cat_uro_kidney_glob_20m\data\P192_OP156_2023_10_29_Experiment1\2023_10_29_14_58_06\_hypergui_1\spectrum_fromCSV5_(500.0-995.0)_masked_data_0_derivative.csv,kidney_glob,P192,2023_10_29_14_58_06,P192#2023_10_29_14_58_06#CSV5,csv_spectrum,0,train
\\ces-tp3\OE0645-data-uro\TIVITA_Cat\Cat_Pig_UMM\Cat_uro_kidney\Cat_uro_kidney_glob_20m\data\P193_OP157_2023_10_30_Experiment1\2023_10_30_14_15_38\_hypergui_1\spectrum_fromCSV1_(500.0-995.0)_masked_data_0_derivative.csv,kidney_glob,P193,2023_10_30_14_15_38,P193#2023_10_30_14_15_38#CSV1,csv_spectrum,0,train
\\ces-tp3\OE0645-data-uro\TIVITA_Cat\Cat_Pig_UMM\Cat_uro_kidney\Cat_uro_kidney_glob_20m\data\P193_OP157_2023_10_30_Experiment1\2023_10_30_14_15_38\_hypergui_1\spectrum_fromCSV5_(500.0-995.0)_masked_data_0_derivative.csv,kidney_glob,P193,2023_10_30_14_15_38,P193#2023_10_30_14_15_38#CSV5,csv_spectrum,0,train
\\ces-tp3\OE0645-data-uro\TIVITA_Cat\Cat_Pig_UMM\Cat_uro_kidney\Cat_uro_kidney_glob_20m\data\P193_OP157_2023_10_30_Experiment1\2023_10_30_14_17_38\_hypergui_1\spectrum_fromCSV1_(500.0-995.0)_masked_data_0_derivative.csv,kidney_glob,P193,2023_10_30_14_17_38,P193#2023_10_30_14_17_38#CSV1,csv_spectrum,0,train
\\ces-tp3\OE0645-data-uro\TIVITA_Cat\Cat_Pig_UMM\Cat_uro_kidney\Cat_uro_kidney_glob_20m\data\P193_OP157_2023_10_30_Experiment1\2023_10_30_14_17_38\_hypergui_1\spectrum_fromCSV5_(500.0-995.0)_masked_data_0_derivative.csv,kidney_glob,P193,2023_10_30_14_17_38,P193#2023_10_30_14_17_38#CSV5,csv_spectrum,0,train
\\ces-tp3\OE0645-data-uro\TIVITA_Cat\Cat_Pig_UMM\Cat_uro_kidney\Cat_uro_kidney_glob_20m\data\P193_OP157_2023_10_30_Experiment1\2023_10_30_14_19_38\_hypergui_1\spectrum_fromCSV1_(500.0-995.0)_masked_data_0_derivative.csv,kidney_glob,P193,2023_10_30_14_19_38,P193#2023_10_30_14_19_38#CSV1,csv_spectrum,0,train
\\ces-tp3\OE0645-data-uro\TIVITA_Cat\Cat_Pig_UMM\Cat_uro_kidney\Cat_uro_kidney_glob_20m\data\P193_OP157_2023_10_30_Experiment1\2023_10_30_14_19_38\_hypergui_1\spectrum_fromCSV5_(500.0-995.0)_masked_data_0_derivative.csv,kidney_glob,P193,2023_10_30_14_19_38,P193#2023_10_30_14_19_38#CSV5,csv_spectrum,0,train
\\ces-tp3\OE0645-data-uro\TIVITA_Cat\Cat_Pig_UMM\Cat_uro_kidney\Cat_uro_kidney_glob_2m\data\P161_OP125_2023_07_05_Experiment1\2023_07_05_12_20_19\_hypergui_1\spectrum_fromCSV1_(500.0-995.0)_masked_data_0_derivative.csv,kidney_glob,P161,2023_07_05_12_20_19,P161#2023_07_05_12_20_19#CSV1,csv_spectrum,0,train
\\ces-tp3\OE0645-data-uro\TIVITA_Cat\Cat_Pig_UMM\Cat_uro_kidney\Cat_uro_kidney_glob_2m\data\P161_OP125_2023_07_05_Experiment1\2023_07_05_12_20_19\_hypergui_1\spectrum_fromCSV5_(500.0-995.0)_masked_data_0_derivative.csv,kidney_glob,P161,2023_07_05_12_20_19,P161#2023_07_05_12_20_19#CSV5,csv_spectrum,0,train
\\ces-tp3\OE0645-data-uro\TIVITA_Cat\Cat_Pig_UMM\Cat_uro_kidney\Cat_uro_kidney_glob_2m\data\P161_OP125_2023_07_05_Experiment1\2023_07_05_12_20_49\_hypergui_1\spectrum_fromCSV1_(500.0-995.0)_masked_data_0_derivative.csv,kidney_glob,P161,2023_07_05_12_20_49,P161#2023_07_05_12_20_49#CSV1,csv_spectrum,0,train
\\ces-tp3\OE0645-data-uro\TIVITA_Cat\Cat_Pig_UMM\Cat_uro_kidney\Cat_uro_kidney_glob_2m\data\P161_OP125_2023_07_05_Experiment1\2023_07_05_12_20_49\_hypergui_1\spectrum_fromCSV5_(500.0-995.0)_masked_data_0_derivative.csv,kidney_glob,P161,2023_07_05_12_20_49,P161#2023_07_05_12_20_49#CSV5,csv_spectrum,0,train
\\ces-tp3\OE0645-data-uro\TIVITA_Cat\Cat_Pig_UMM\Cat_uro_kidney\Cat_uro_kidney_glob_2m\data\P161_OP125_2023_07_05_Experiment1\2023_07_05_12_21_10\_hypergui_1\spectrum_fromCSV1_(500.0-995.0)_masked_data_0_derivative.csv,kidney_glob,P161,2023_07_05_12_21_10,P161#2023_07_05_12_21_10#CSV1,csv_spectrum,0,train
\\ces-tp3\OE0645-data-uro\TIVITA_Cat\Cat_Pig_UMM\Cat_uro_kidney\Cat_uro_kidney_glob_2m\data\P161_OP125_2023_07_05_Experiment1\2023_07_05_12_21_10\_hypergui_1\spectrum_fromCSV5_(500.0-995.0)_masked_data_0_derivative.csv,kidney_glob,P161,2023_07_05_12_21_10,P161#2023_07_05_12_21_10#CSV5,csv_spectrum,0,train
\\ces-tp3\OE0645-data-uro\TIVITA_Cat\Cat_Pig_UMM\Cat_uro_kidney\Cat_uro_kidney_glob_2m\data\P162_OP126_2023_07_06_Experiment1\2023_07_06_13_21_21\_hypergui_1\spectrum_fromCSV1_(500.0-995.0)_masked_data_0_derivative.csv,kidney_glob,P162,2023_07_06_13_21_21,P162#2023_07_06_13_21_21#CSV1,csv_spectrum,0,train
\\ces-tp3\OE0645-data-uro\TIVITA_Cat\Cat_Pig_UMM\Cat_uro_kidney\Cat_uro_kidney_glob_2m\data\P162_OP126_2023_07_06_Experiment1\2023_07_06_13_21_21\_hypergui_1\spectrum_fromCSV5_(500.0-995.0)_masked_data_0_derivative.csv,kidney_glob,P162,2023_07_06_13_21_21,P162#2023_07_06_13_21_21#CSV5,csv_spectrum,0,train
\\ces-tp3\OE0645-data-uro\TIVITA_Cat\Cat_Pig_UMM\Cat_uro_kidney\Cat_uro_kidney_glob_2m\data\P162_OP126_2023_07_06_Experiment1\2023_07_06_13_21_51\_hypergui_1\spectrum_fromCSV1_(500.0-995.0)_masked_data_0_derivative.csv,kidney_glob,P162,2023_07_06_13_21_51,P162#2023_07_06_13_21_51#CSV1,csv_spectrum,0,train
\\ces-tp3\OE0645-data-uro\TIVITA_Cat\Cat_Pig_UMM\Cat_uro_kidney\Cat_uro_kidney_glob_2m\data\P162_OP126_2023_07_06_Experiment1\2023_07_06_13_21_51\_hypergui_1\spectrum_fromCSV5_(500.0-995.0)_masked_data_0_derivative.csv,kidney_glob,P162,2023_07_06_13_21_51,P162#2023_07_06_13_21_51#CSV5,csv_spectrum,0,train
\\ces-tp3\OE0645-data-uro\TIVITA_Cat\Cat_Pig_UMM\Cat_uro_kidney\Cat_uro_kidney_glob_2m\data\P162_OP126_2023_07_06_Experiment1\2023_07_06_13_22_21\_hypergui_1\spectrum_fromCSV1_(500.0-995.0)_masked_data_0_derivative.csv,kidney_glob,P162,2023_07_06_13_22_21,P162#2023_07_06_13_22_21#CSV1,csv_spectrum,0,train
\\ces-tp3\OE0645-data-uro\TIVITA_Cat\Cat_Pig_UMM\Cat_uro_kidney\Cat_uro_kidney_glob_2m\data\P162_OP126_2023_07_06_Experiment1\2023_07_06_13_22_21\_hypergui_1\spectrum_fromCSV5_(500.0-995.0)_masked_data_0_derivative.csv,kidney_glob,P162,2023_07_06_13_22_21,P162#2023_07_06_13_22_21#CSV5,csv_spectrum,0,train
\\ces-tp3\OE0645-data-uro\TIVITA_Cat\Cat_Pig_UMM\Cat_uro_kidney\Cat_uro_kidney_glob_2m\data\P162_OP126_2023_07_06_Experiment1\2023_07_06_13_22_52\_hypergui_1\spectrum_fromCSV1_(500.0-995.0)_masked_data_0_derivative.csv,kidney_glob,P162,2023_07_06_13_22_52,P162#2023_07_06_13_22_52#CSV1,csv_spectrum,0,train
\\ces-tp3\OE0645-data-uro\TIVITA_Cat\Cat_Pig_UMM\Cat_uro_kidney\Cat_uro_kidney_glob_2m\data\P162_OP126_2023_07_06_Experiment1\2023_07_06_13_22_52\_hypergui_1\spectrum_fromCSV5_(500.0-995.0)_masked_data_0_derivative.csv,kidney_glob,P162,2023_07_06_13_22_52,P162#2023_07_06_13_22_52#CSV5,csv_spectrum,0,train
\\ces-tp3\OE0645-data-uro\TIVITA_Cat\Cat_Pig_UMM\Cat_uro_kidney\Cat_uro_kidney_glob_2m\data\P165_OP129_2023_08_16_Experiment1\2023_08_16_14_35_18\_hypergui_1\spectrum_fromCSV1_(500.0-995.0)_masked_data_0_derivative.csv,kidney_glob,P165,2023_08_16_14_35_18,P165#2023_08_16_14_35_18#CSV1,csv_spectrum,0,train
\\ces-tp3\OE0645-data-uro\TIVITA_Cat\Cat_Pig_UMM\Cat_uro_kidney\Cat_uro_kidney_glob_2m\data\P165_OP129_2023_08_16_Experiment1\2023_08_16_14_35_18\_hypergui_1\spectrum_fromCSV5_(500.0-995.0)_masked_data_0_derivative.csv,kidney_glob,P165,2023_08_16_14_35_18,P165#2023_08_16_14_35_18#CSV5,csv_spectrum,0,train
\\ces-tp3\OE0645-data-uro\TIVITA_Cat\Cat_Pig_UMM\Cat_uro_kidney\Cat_uro_kidney_glob_2m\data\P165_OP129_2023_08_16_Experiment1\2023_08_16_14_36_18\_hypergui_1\spectrum_fromCSV1_(500.0-995.0)_masked_data_0_derivative.csv,kidney_glob,P165,2023_08_16_14_36_18,P165#2023_08_16_14_36_18#CSV1,csv_spectrum,0,train
\\ces-tp3\OE0645-data-uro\TIVITA_Cat\Cat_Pig_UMM\Cat_uro_kidney\Cat_uro_kidney_glob_2m\data\P165_OP129_2023_08_16_Experiment1\2023_08_16_14_36_18\_hypergui_1\spectrum_fromCSV5_(500.0-995.0)_masked_data_0_derivative.csv,kidney_glob,P165,2023_08_16_14_36_18,P165#2023_08_16_14_36_18#CSV5,csv_spectrum,0,train
\\ces-tp3\OE0645-data-uro\TIVITA_Cat\Cat_Pig_UMM\Cat_uro_kidney\Cat_uro_kidney_glob_2m\data\P166_OP130_2023_08_17_Experiment1\2023_08_17_14_05_17\_hypergui_1\spectrum_fromCSV1_(500.0-995.0)_masked_data_0_derivative.csv,kidney_glob,P166,2023_08_17_14_05_17,P166#2023_08_17_14_05_17#CSV1,csv_spectrum,0,train
\\ces-tp3\OE0645-data-uro\TIVITA_Cat\Cat_Pig_UMM\Cat_uro_kidney\Cat_uro_kidney_glob_2m\data\P166_OP130_2023_08_17_Experiment1\2023_08_17_14_05_17\_hypergui_1\spectrum_fromCSV5_(500.0-995.0)_masked_data_0_derivative.csv,kidney_glob,P166,2023_08_17_14_05_17,P166#2023_08_17_14_05_17#CSV5,csv_spectrum,0,train
\\ces-tp3\OE0645-data-uro\TIVITA_Cat\Cat_Pig_UMM\Cat_uro_kidney\Cat_uro_kidney_glob_2m\data\P166_OP130_2023_08_17_Experiment1\2023_08_17_14_06_17\_hypergui_1\spectrum_fromCSV1_(500.0-995.0)_masked_data_0_derivative.csv,kidney_glob,P166,2023_08_17_14_06_17,P166#2023_08_17_14_06_17#CSV1,csv_spectrum,0,train
\\ces-tp3\OE0645-data-uro\TIVITA_Cat\Cat_Pig_UMM\Cat_uro_kidney\Cat_uro_kidney_glob_2m\data\P166_OP130_2023_08_17_Experiment1\2023_08_17_14_06_17\_hypergui_1\spectrum_fromCSV5_(500.0-995.0)_masked_data_0_derivative.csv,kidney_glob,P166,2023_08_17_14_06_17,P166#2023_08_17_14_06_17#CSV5,csv_spectrum,0,train
\\ces-tp3\OE0645-data-uro\TIVITA_Cat\Cat_Pig_UMM\Cat_uro_kidney\Cat_uro_kidney_glob_2m\data\P168_OP132_2023_08_23_Experiment1\2023_08_23_11_00_12\_hypergui_1\spectrum_fromCSV1_(500.0-995.0)_masked_data_0_derivative.csv,kidney_glob,P168,2023_08_23_11_00_12,P168#2023_08_23_11_00_12#CSV1,csv_spectrum,0,train
\\ces-tp3\OE0645-data-uro\TIVITA_Cat\Cat_Pig_UMM\Cat_uro_kidney\Cat_uro_kidney_glob_2m\data\P168_OP132_2023_08_23_Experiment1\2023_08_23_11_00_12\_hypergui_1\spectrum_fromCSV5_(500.0-995.0)_masked_data_0_derivative.csv,kidney_glob,P168,2023_08_23_11_00_12,P168#2023_08_23_11_00_12#CSV5,csv_spectrum,0,train
\\ces-tp3\OE0645-data-uro\TIVITA_Cat\Cat_Pig_UMM\Cat_uro_kidney\Cat_uro_kidney_glob_2m\data\P168_OP132_2023_08_23_Experiment1\2023_08_23_11_01_12\_hypergui_1\spectrum_fromCSV1_(500.0-995.0)_masked_data_0_derivative.csv,kidney_glob,P168,2023_08_23_11_01_12,P168#2023_08_23_11_01_12#CSV1,csv_spectrum,0,train
\\ces-tp3\OE0645-data-uro\TIVITA_Cat\Cat_Pig_UMM\Cat_uro_kidney\Cat_uro_kidney_glob_2m\data\P168_OP132_2023_08_23_Experiment1\2023_08_23_11_01_12\_hypergui_1\spectrum_fromCSV5_(500.0-995.0)_masked_data_0_derivative.csv,kidney_glob,P168,2023_08_23_11_01_12,P168#2023_08_23_11_01_12#CSV5,csv_spectrum,0,train
\\ces-tp3\OE0645-data-uro\TIVITA_Cat\Cat_Pig_UMM\Cat_uro_kidney\Cat_uro_kidney_glob_2m\data\P174_OP138_2023_09_21_Experiment1\2023_09_21_16_21_01\_hypergui_1\spectrum_fromCSV1_(500.0-995.0)_masked_data_0_derivative.csv,kidney_glob,P174,2023_09_21_16_21_01,P174#2023_09_21_16_21_01#CSV1,csv_spectrum,0,train
\\ces-tp3\OE0645-data-uro\TIVITA_Cat\Cat_Pig_UMM\Cat_uro_kidney\Cat_uro_kidney_glob_2m\data\P174_OP138_2023_09_21_Experiment1\2023_09_21_16_21_01\_hypergui_1\spectrum_fromCSV5_(500.0-995.0)_masked_data_0_derivative.csv,kidney_glob,P174,2023_09_21_16_21_01,P174#2023_09_21_16_21_01#CSV5,csv_spectrum,0,train
\\ces-tp3\OE0645-data-uro\TIVITA_Cat\Cat_Pig_UMM\Cat_uro_kidney\Cat_uro_kidney_glob_2m\data\P174_OP138_2023_09_21_Experiment1\2023_09_21_16_22_01\_hypergui_1\spectrum_fromCSV1_(500.0-995.0)_masked_data_0_derivative.csv,kidney_glob,P174,2023_09_21_16_22_01,P174#2023_09_21_16_22_01#CSV1,csv_spectrum,0,train
\\ces-tp3\OE0645-data-uro\TIVITA_Cat\Cat_Pig_UMM\Cat_uro_kidney\Cat_uro_kidney_glob_2m\data\P174_OP138_2023_09_21_Experiment1\2023_09_21_16_22_01\_hypergui_1\spectrum_fromCSV5_(500.0-995.0)_masked_data_0_derivative.csv,kidney_glob,P174,2023_09_21_16_22_01,P174#2023_09_21_16_22_01#CSV5,csv_spectrum,0,train
\\ces-tp3\OE0645-data-uro\TIVITA_Cat\Cat_Pig_UMM\Cat_uro_kidney\Cat_uro_kidney_glob_2m\data\P188_OP152_2023_10_22_Experiment1\2023_10_22_14_36_01\_hypergui_1\spectrum_fromCSV1_(500.0-995.0)_masked_data_0_derivative.csv,kidney_glob,P188,2023_10_22_14_36_01,P188#2023_10_22_14_36_01#CSV1,csv_spectrum,0,train
\\ces-tp3\OE0645-data-uro\TIVITA_Cat\Cat_Pig_UMM\Cat_uro_kidney\Cat_uro_kidney_glob_2m\data\P188_OP152_2023_10_22_Experiment1\2023_10_22_14_36_01\_hypergui_1\spectrum_fromCSV5_(500.0-995.0)_masked_data_0_derivative.csv,kidney_glob,P188,2023_10_22_14_36_01,P188#2023_10_22_14_36_01#CSV5,csv_spectrum,0,train
\\ces-tp3\OE0645-data-uro\TIVITA_Cat\Cat_Pig_UMM\Cat_uro_kidney\Cat_uro_kidney_glob_2m\data\P188_OP152_2023_10_22_Experiment1\2023_10_22_14_36_31\_hypergui_1\spectrum_fromCSV1_(500.0-995.0)_masked_data_0_derivative.csv,kidney_glob,P188,2023_10_22_14_36_31,P188#2023_10_22_14_36_31#CSV1,csv_spectrum,0,train
\\ces-tp3\OE0645-data-uro\TIVITA_Cat\Cat_Pig_UMM\Cat_uro_kidney\Cat_uro_kidney_glob_2m\data\P188_OP152_2023_10_22_Experiment1\2023_10_22_14_36_31\_hypergui_1\spectrum_fromCSV5_(500.0-995.0)_masked_data_0_derivative.csv,kidney_glob,P188,2023_10_22_14_36_31,P188#2023_10_22_14_36_31#CSV5,csv_spectrum,0,train
\\ces-tp3\OE0645-data-uro\TIVITA_Cat\Cat_Pig_UMM\Cat_uro_kidney\Cat_uro_kidney_glob_2m\data\P188_OP152_2023_10_22_Experiment1\2023_10_22_14_37_01\_hypergui_1\spectrum_fromCSV1_(500.0-995.0)_masked_data_0_derivative.csv,kidney_glob,P188,2023_10_22_14_37_01,P188#2023_10_22_14_37_01#CSV1,csv_spectrum,0,train
\\ces-tp3\OE0645-data-uro\TIVITA_Cat\Cat_Pig_UMM\Cat_uro_kidney\Cat_uro_kidney_glob_2m\data\P188_OP152_2023_10_22_Experiment1\2023_10_22_14_37_01\_hypergui_1\spectrum_fromCSV5_(500.0-995.0)_masked_data_0_derivative.csv,kidney_glob,P188,2023_10_22_14_37_01,P188#2023_10_22_14_37_01#CSV5,csv_spectrum,0,train
\\ces-tp3\OE0645-data-uro\TIVITA_Cat\Cat_Pig_UMM\Cat_uro_kidney\Cat_uro_kidney_glob_2m\data\P188_OP152_2023_10_22_Experiment1\2023_10_22_14_37_31\_hypergui_1\spectrum_fromCSV1_(500.0-995.0)_masked_data_0_derivative.csv,kidney_glob,P188,2023_10_22_14_37_31,P188#2023_10_22_14_37_31#CSV1,csv_spectrum,0,train
\\ces-tp3\OE0645-data-uro\TIVITA_Cat\Cat_Pig_UMM\Cat_uro_kidney\Cat_uro_kidney_glob_2m\data\P188_OP152_2023_10_22_Experiment1\2023_10_22_14_37_31\_hypergui_1\spectrum_fromCSV5_(500.0-995.0)_masked_data_0_derivative.csv,kidney_glob,P188,2023_10_22_14_37_31,P188#2023_10_22_14_37_31#CSV5,csv_spectrum,0,train
\\ces-tp3\OE0645-data-uro\TIVITA_Cat\Cat_Pig_UMM\Cat_uro_kidney\Cat_uro_kidney_glob_2m\data\P191_OP155_2023_10_28_Experiment1\2023_10_28_13_53_57\_hypergui_1\spectrum_fromCSV1_(500.0-995.0)_masked_data_0_derivative.csv,kidney_glob,P191,2023_10_28_13_53_57,P191#2023_10_28_13_53_57#CSV1,csv_spectrum,0,train
\\ces-tp3\OE0645-data-uro\TIVITA_Cat\Cat_Pig_UMM\Cat_uro_kidney\Cat_uro_kidney_glob_2m\data\P191_OP155_2023_10_28_Experiment1\2023_10_28_13_53_57\_hypergui_1\spectrum_fromCSV5_(500.0-995.0)_masked_data_0_derivative.csv,kidney_glob,P191,2023_10_28_13_53_57,P191#2023_10_28_13_53_57#CSV5,csv_spectrum,0,train
\\ces-tp3\OE0645-data-uro\TIVITA_Cat\Cat_Pig_UMM\Cat_uro_kidney\Cat_uro_kidney_glob_2m\data\P191_OP155_2023_10_28_Experiment1\2023_10_28_13_54_28\_hypergui_1\spectrum_fromCSV1_(500.0-995.0)_masked_data_0_derivative.csv,kidney_glob,P191,2023_10_28_13_54_28,P191#2023_10_28_13_54_28#CSV1,csv_spectrum,0,train
\\ces-tp3\OE0645-data-uro\TIVITA_Cat\Cat_Pig_UMM\Cat_uro_kidney\Cat_uro_kidney_glob_2m\data\P191_OP155_2023_10_28_Experiment1\2023_10_28_13_54_28\_hypergui_1\spectrum_fromCSV5_(500.0-995.0)_masked_data_0_derivative.csv,kidney_glob,P191,2023_10_28_13_54_28,P191#2023_10_28_13_54_28#CSV5,csv_spectrum,0,train
\\ces-tp3\OE0645-data-uro\TIVITA_Cat\Cat_Pig_UMM\Cat_uro_kidney\Cat_uro_kidney_glob_2m\data\P191_OP155_2023_10_28_Experiment1\2023_10_28_13_54_58\_hypergui_1\spectrum_fromCSV1_(500.0-995.0)_masked_data_0_derivative.csv,kidney_glob,P191,2023_10_28_13_54_58,P191#2023_10_28_13_54_58#CSV1,csv_spectrum,0,train
\\ces-tp3\OE0645-data-uro\TIVITA_Cat\Cat_Pig_UMM\Cat_uro_kidney\Cat_uro_kidney_glob_2m\data\P191_OP155_2023_10_28_Experiment1\2023_10_28_13_54_58\_hypergui_1\spectrum_fromCSV5_(500.0-995.0)_masked_data_0_derivative.csv,kidney_glob,P191,2023_10_28_13_54_58,P191#2023_10_28_13_54_58#CSV5,csv_spectrum,0,train
\\ces-tp3\OE0645-data-uro\TIVITA_Cat\Cat_Pig_UMM\Cat_uro_kidney\Cat_uro_kidney_glob_2m\data\P191_OP155_2023_10_28_Experiment1\2023_10_28_13_55_28\_hypergui_1\spectrum_fromCSV1_(500.0-995.0)_masked_data_0_derivative.csv,kidney_glob,P191,2023_10_28_13_55_28,P191#2023_10_28_13_55_28#CSV1,csv_spectrum,0,train
\\ces-tp3\OE0645-data-uro\TIVITA_Cat\Cat_Pig_UMM\Cat_uro_kidney\Cat_uro_kidney_glob_2m\data\P191_OP155_2023_10_28_Experiment1\2023_10_28_13_55_28\_hypergui_1\spectrum_fromCSV5_(500.0-995.0)_masked_data_0_derivative.csv,kidney_glob,P191,2023_10_28_13_55_28,P191#2023_10_28_13_55_28#CSV5,csv_spectrum,0,train
\\ces-tp3\OE0645-data-uro\TIVITA_Cat\Cat_Pig_UMM\Cat_uro_kidney\Cat_uro_kidney_glob_2m\data\P192_OP156_2023_10_29_Experiment1\2023_10_29_14_38_35\_hypergui_1\spectrum_fromCSV1_(500.0-995.0)_masked_data_0_derivative.csv,kidney_glob,P192,2023_10_29_14_38_35,P192#2023_10_29_14_38_35#CSV1,csv_spectrum,0,train
\\ces-tp3\OE0645-data-uro\TIVITA_Cat\Cat_Pig_UMM\Cat_uro_kidney\Cat_uro_kidney_glob_2m\data\P192_OP156_2023_10_29_Experiment1\2023_10_29_14_38_35\_hypergui_1\spectrum_fromCSV5_(500.0-995.0)_masked_data_0_derivative.csv,kidney_glob,P192,2023_10_29_14_38_35,P192#2023_10_29_14_38_35#CSV5,csv_spectrum,0,train
\\ces-tp3\OE0645-data-uro\TIVITA_Cat\Cat_Pig_UMM\Cat_uro_kidney\Cat_uro_kidney_glob_2m\data\P192_OP156_2023_10_29_Experiment1\2023_10_29_14_39_05\_hypergui_1\spectrum_fromCSV1_(500.0-995.0)_masked_data_0_derivative.csv,kidney_glob,P192,2023_10_29_14_39_05,P192#2023_10_29_14_39_05#CSV1,csv_spectrum,0,train
\\ces-tp3\OE0645-data-uro\TIVITA_Cat\Cat_Pig_UMM\Cat_uro_kidney\Cat_uro_kidney_glob_2m\data\P192_OP156_2023_10_29_Experiment1\2023_10_29_14_39_05\_hypergui_1\spectrum_fromCSV5_(500.0-995.0)_masked_data_0_derivative.csv,kidney_glob,P192,2023_10_29_14_39_05,P192#2023_10_29_14_39_05#CSV5,csv_spectrum,0,train
\\ces-tp3\OE0645-data-uro\TIVITA_Cat\Cat_Pig_UMM\Cat_uro_kidney\Cat_uro_kidney_glob_2m\data\P192_OP156_2023_10_29_Experiment1\2023_10_29_14_39_35\_hypergui_1\spectrum_fromCSV1_(500.0-995.0)_masked_data_0_derivative.csv,kidney_glob,P192,2023_10_29_14_39_35,P192#2023_10_29_14_39_35#CSV1,csv_spectrum,0,train
\\ces-tp3\OE0645-data-uro\TIVITA_Cat\Cat_Pig_UMM\Cat_uro_kidney\Cat_uro_kidney_glob_2m\data\P192_OP156_2023_10_29_Experiment1\2023_10_29_14_39_35\_hypergui_1\spectrum_fromCSV5_(500.0-995.0)_masked_data_0_derivative.csv,kidney_glob,P192,2023_10_29_14_39_35,P192#2023_10_29_14_39_35#CSV5,csv_spectrum,0,train
\\ces-tp3\OE0645-data-uro\TIVITA_Cat\Cat_Pig_UMM\Cat_uro_kidney\Cat_uro_kidney_glob_2m\data\P192_OP156_2023_10_29_Experiment1\2023_10_29_14_40_05\_hypergui_1\spectrum_fromCSV1_(500.0-995.0)_masked_data_0_derivative.csv,kidney_glob,P192,2023_10_29_14_40_05,P192#2023_10_29_14_40_05#CSV1,csv_spectrum,0,train
\\ces-tp3\OE0645-data-uro\TIVITA_Cat\Cat_Pig_UMM\Cat_uro_kidney\Cat_uro_kidney_glob_2m\data\P192_OP156_2023_10_29_Experiment1\2023_10_29_14_40_05\_hypergui_1\spectrum_fromCSV5_(500.0-995.0)_masked_data_0_derivative.csv,kidney_glob,P192,2023_10_29_14_40_05,P192#2023_10_29_14_40_05#CSV5,csv_spectrum,0,train
\\ces-tp3\OE0645-data-uro\TIVITA_Cat\Cat_Pig_UMM\Cat_uro_kidney\Cat_uro_kidney_glob_2m\data\P193_OP157_2023_10_30_Experiment1\2023_10_30_13_59_37\_hypergui_1\spectrum_fromCSV1_(500.0-995.0)_masked_data_0_derivative.csv,kidney_glob,P193,2023_10_30_13_59_37,P193#2023_10_30_13_59_37#CSV1,csv_spectrum,0,train
\\ces-tp3\OE0645-data-uro\TIVITA_Cat\Cat_Pig_UMM\Cat_uro_kidney\Cat_uro_kidney_glob_2m\data\P193_OP157_2023_10_30_Experiment1\2023_10_30_13_59_37\_hypergui_1\spectrum_fromCSV5_(500.0-995.0)_masked_data_0_derivative.csv,kidney_glob,P193,2023_10_30_13_59_37,P193#2023_10_30_13_59_37#CSV5,csv_spectrum,0,train
\\ces-tp3\OE0645-data-uro\TIVITA_Cat\Cat_Pig_UMM\Cat_uro_kidney\Cat_uro_kidney_glob_2m\data\P193_OP157_2023_10_30_Experiment1\2023_10_30_14_00_07\_hypergui_1\spectrum_fromCSV1_(500.0-995.0)_masked_data_0_derivative.csv,kidney_glob,P193,2023_10_30_14_00_07,P193#2023_10_30_14_00_07#CSV1,csv_spectrum,0,train
\\ces-tp3\OE0645-data-uro\TIVITA_Cat\Cat_Pig_UMM\Cat_uro_kidney\Cat_uro_kidney_glob_2m\data\P193_OP157_2023_10_30_Experiment1\2023_10_30_14_00_07\_hypergui_1\spectrum_fromCSV5_(500.0-995.0)_masked_data_0_derivative.csv,kidney_glob,P193,2023_10_30_14_00_07,P193#2023_10_30_14_00_07#CSV5,csv_spectrum,0,train
\\ces-tp3\OE0645-data-uro\TIVITA_Cat\Cat_Pig_UMM\Cat_uro_kidney\Cat_uro_kidney_glob_2m\data\P193_OP157_2023_10_30_Experiment1\2023_10_30_14_00_37\_hypergui_1\spectrum_fromCSV1_(500.0-995.0)_masked_data_0_derivative.csv,kidney_glob,P193,2023_10_30_14_00_37,P193#2023_10_30_14_00_37#CSV1,csv_spectrum,0,train
\\ces-tp3\OE0645-data-uro\TIVITA_Cat\Cat_Pig_UMM\Cat_uro_kidney\Cat_uro_kidney_glob_2m\data\P193_OP157_2023_10_30_Experiment1\2023_10_30_14_00_37\_hypergui_1\spectrum_fromCSV5_(500.0-995.0)_masked_data_0_derivative.csv,kidney_glob,P193,2023_10_30_14_00_37,P193#2023_10_30_14_00_37#CSV5,csv_spectrum,0,train
\\ces-tp3\OE0645-data-uro\TIVITA_Cat\Cat_Pig_UMM\Cat_uro_kidney\Cat_uro_kidney_glob_2m\data\P193_OP157_2023_10_30_Experiment1\2023_10_30_14_01_07\_hypergui_1\spectrum_fromCSV1_(500.0-995.0)_masked_data_0_derivative.csv,kidney_glob,P193,2023_10_30_14_01_07,P193#2023_10_30_14_01_07#CSV1,csv_spectrum,0,train
\\ces-tp3\OE0645-data-uro\TIVITA_Cat\Cat_Pig_UMM\Cat_uro_kidney\Cat_uro_kidney_glob_2m\data\P193_OP157_2023_10_30_Experiment1\2023_10_30_14_01_07\_hypergui_1\spectrum_fromCSV5_(500.0-995.0)_masked_data_0_derivative.csv,kidney_glob,P193,2023_10_30_14_01_07,P193#2023_10_30_14_01_07#CSV5,csv_spectrum,0,train
\\ces-tp3\OE0645-data-uro\TIVITA_Cat\Cat_Pig_UMM\Cat_uro_kidney\Cat_uro_kidney_glob_30m\data\P161_OP125_2023_07_05_Experiment1\2023_07_05_12_50_13\_hypergui_1\spectrum_fromCSV1_(500.0-995.0)_masked_data_0_derivative.csv,kidney_glob,P161,2023_07_05_12_50_13,P161#2023_07_05_12_50_13#CSV1,csv_spectrum,0,train
\\ces-tp3\OE0645-data-uro\TIVITA_Cat\Cat_Pig_UMM\Cat_uro_kidney\Cat_uro_kidney_glob_30m\data\P161_OP125_2023_07_05_Experiment1\2023_07_05_12_50_13\_hypergui_1\spectrum_fromCSV5_(500.0-995.0)_masked_data_0_derivative.csv,kidney_glob,P161,2023_07_05_12_50_13,P161#2023_07_05_12_50_13#CSV5,csv_spectrum,0,train
\\ces-tp3\OE0645-data-uro\TIVITA_Cat\Cat_Pig_UMM\Cat_uro_kidney\Cat_uro_kidney_glob_30m\data\P161_OP125_2023_07_05_Experiment1\2023_07_05_12_50_43\_hypergui_1\spectrum_fromCSV1_(500.0-995.0)_masked_data_0_derivative.csv,kidney_glob,P161,2023_07_05_12_50_43,P161#2023_07_05_12_50_43#CSV1,csv_spectrum,0,train
\\ces-tp3\OE0645-data-uro\TIVITA_Cat\Cat_Pig_UMM\Cat_uro_kidney\Cat_uro_kidney_glob_30m\data\P161_OP125_2023_07_05_Experiment1\2023_07_05_12_50_43\_hypergui_1\spectrum_fromCSV5_(500.0-995.0)_masked_data_0_derivative.csv,kidney_glob,P161,2023_07_05_12_50_43,P161#2023_07_05_12_50_43#CSV5,csv_spectrum,0,train
\\ces-tp3\OE0645-data-uro\TIVITA_Cat\Cat_Pig_UMM\Cat_uro_kidney\Cat_uro_kidney_glob_30m\data\P161_OP125_2023_07_05_Experiment1\2023_07_05_12_51_13\_hypergui_1\spectrum_fromCSV1_(500.0-995.0)_masked_data_0_derivative.csv,kidney_glob,P161,2023_07_05_12_51_13,P161#2023_07_05_12_51_13#CSV1,csv_spectrum,0,train
\\ces-tp3\OE0645-data-uro\TIVITA_Cat\Cat_Pig_UMM\Cat_uro_kidney\Cat_uro_kidney_glob_30m\data\P161_OP125_2023_07_05_Experiment1\2023_07_05_12_51_13\_hypergui_1\spectrum_fromCSV5_(500.0-995.0)_masked_data_0_derivative.csv,kidney_glob,P161,2023_07_05_12_51_13,P161#2023_07_05_12_51_13#CSV5,csv_spectrum,0,train
\\ces-tp3\OE0645-data-uro\TIVITA_Cat\Cat_Pig_UMM\Cat_uro_kidney\Cat_uro_kidney_glob_30m\data\P162_OP126_2023_07_06_Experiment1\2023_07_06_13_51_09\_hypergui_1\spectrum_fromCSV1_(500.0-995.0)_masked_data_0_derivative.csv,kidney_glob,P162,2023_07_06_13_51_09,P162#2023_07_06_13_51_09#CSV1,csv_spectrum,0,train
\\ces-tp3\OE0645-data-uro\TIVITA_Cat\Cat_Pig_UMM\Cat_uro_kidney\Cat_uro_kidney_glob_30m\data\P162_OP126_2023_07_06_Experiment1\2023_07_06_13_51_09\_hypergui_1\spectrum_fromCSV5_(500.0-995.0)_masked_data_0_derivative.csv,kidney_glob,P162,2023_07_06_13_51_09,P162#2023_07_06_13_51_09#CSV5,csv_spectrum,0,train
\\ces-tp3\OE0645-data-uro\TIVITA_Cat\Cat_Pig_UMM\Cat_uro_kidney\Cat_uro_kidney_glob_30m\data\P162_OP126_2023_07_06_Experiment1\2023_07_06_13_51_39\_hypergui_1\spectrum_fromCSV1_(500.0-995.0)_masked_data_0_derivative.csv,kidney_glob,P162,2023_07_06_13_51_39,P162#2023_07_06_13_51_39#CSV1,csv_spectrum,0,train
\\ces-tp3\OE0645-data-uro\TIVITA_Cat\Cat_Pig_UMM\Cat_uro_kidney\Cat_uro_kidney_glob_30m\data\P162_OP126_2023_07_06_Experiment1\2023_07_06_13_51_39\_hypergui_1\spectrum_fromCSV5_(500.0-995.0)_masked_data_0_derivative.csv,kidney_glob,P162,2023_07_06_13_51_39,P162#2023_07_06_13_51_39#CSV5,csv_spectrum,0,train
\\ces-tp3\OE0645-data-uro\TIVITA_Cat\Cat_Pig_UMM\Cat_uro_kidney\Cat_uro_kidney_glob_30m\data\P162_OP126_2023_07_06_Experiment1\2023_07_06_13_52_09\_hypergui_1\spectrum_fromCSV1_(500.0-995.0)_masked_data_0_derivative.csv,kidney_glob,P162,2023_07_06_13_52_09,P162#2023_07_06_13_52_09#CSV1,csv_spectrum,0,train
\\ces-tp3\OE0645-data-uro\TIVITA_Cat\Cat_Pig_UMM\Cat_uro_kidney\Cat_uro_kidney_glob_30m\data\P162_OP126_2023_07_06_Experiment1\2023_07_06_13_52_09\_hypergui_1\spectrum_fromCSV5_(500.0-995.0)_masked_data_0_derivative.csv,kidney_glob,P162,2023_07_06_13_52_09,P162#2023_07_06_13_52_09#CSV5,csv_spectrum,0,train
\\ces-tp3\OE0645-data-uro\TIVITA_Cat\Cat_Pig_UMM\Cat_uro_kidney\Cat_uro_kidney_glob_30m\data\P165_OP129_2023_08_16_Experiment1\2023_08_16_15_04_33\_hypergui_1\spectrum_fromCSV1_(500.0-995.0)_masked_data_0_derivative.csv,kidney_glob,P165,2023_08_16_15_04_33,P165#2023_08_16_15_04_33#CSV1,csv_spectrum,0,train
\\ces-tp3\OE0645-data-uro\TIVITA_Cat\Cat_Pig_UMM\Cat_uro_kidney\Cat_uro_kidney_glob_30m\data\P165_OP129_2023_08_16_Experiment1\2023_08_16_15_04_33\_hypergui_1\spectrum_fromCSV5_(500.0-995.0)_masked_data_0_derivative.csv,kidney_glob,P165,2023_08_16_15_04_33,P165#2023_08_16_15_04_33#CSV5,csv_spectrum,0,train
\\ces-tp3\OE0645-data-uro\TIVITA_Cat\Cat_Pig_UMM\Cat_uro_kidney\Cat_uro_kidney_glob_30m\data\P165_OP129_2023_08_16_Experiment1\2023_08_16_15_05_03\_hypergui_1\spectrum_fromCSV1_(500.0-995.0)_masked_data_0_derivative.csv,kidney_glob,P165,2023_08_16_15_05_03,P165#2023_08_16_15_05_03#CSV1,csv_spectrum,0,train
\\ces-tp3\OE0645-data-uro\TIVITA_Cat\Cat_Pig_UMM\Cat_uro_kidney\Cat_uro_kidney_glob_30m\data\P165_OP129_2023_08_16_Experiment1\2023_08_16_15_05_03\_hypergui_1\spectrum_fromCSV5_(500.0-995.0)_masked_data_0_derivative.csv,kidney_glob,P165,2023_08_16_15_05_03,P165#2023_08_16_15_05_03#CSV5,csv_spectrum,0,train
\\ces-tp3\OE0645-data-uro\TIVITA_Cat\Cat_Pig_UMM\Cat_uro_kidney\Cat_uro_kidney_glob_30m\data\P165_OP129_2023_08_16_Experiment1\2023_08_16_15_05_33\_hypergui_1\spectrum_fromCSV1_(500.0-995.0)_masked_data_0_derivative.csv,kidney_glob,P165,2023_08_16_15_05_33,P165#2023_08_16_15_05_33#CSV1,csv_spectrum,0,train
\\ces-tp3\OE0645-data-uro\TIVITA_Cat\Cat_Pig_UMM\Cat_uro_kidney\Cat_uro_kidney_glob_30m\data\P165_OP129_2023_08_16_Experiment1\2023_08_16_15_05_33\_hypergui_1\spectrum_fromCSV5_(500.0-995.0)_masked_data_0_derivative.csv,kidney_glob,P165,2023_08_16_15_05_33,P165#2023_08_16_15_05_33#CSV5,csv_spectrum,0,train
\\ces-tp3\OE0645-data-uro\TIVITA_Cat\Cat_Pig_UMM\Cat_uro_kidney\Cat_uro_kidney_glob_30m\data\P165_OP129_2023_08_16_Experiment1\2023_08_16_15_06_03\_hypergui_1\spectrum_fromCSV1_(500.0-995.0)_masked_data_0_derivative.csv,kidney_glob,P165,2023_08_16_15_06_03,P165#2023_08_16_15_06_03#CSV1,csv_spectrum,0,train
\\ces-tp3\OE0645-data-uro\TIVITA_Cat\Cat_Pig_UMM\Cat_uro_kidney\Cat_uro_kidney_glob_30m\data\P165_OP129_2023_08_16_Experiment1\2023_08_16_15_06_03\_hypergui_1\spectrum_fromCSV5_(500.0-995.0)_masked_data_0_derivative.csv,kidney_glob,P165,2023_08_16_15_06_03,P165#2023_08_16_15_06_03#CSV5,csv_spectrum,0,train
\\ces-tp3\OE0645-data-uro\TIVITA_Cat\Cat_Pig_UMM\Cat_uro_kidney\Cat_uro_kidney_glob_30m\data\P166_OP130_2023_08_17_Experiment1\2023_08_17_14_24_33\_hypergui_1\spectrum_fromCSV1_(500.0-995.0)_masked_data_0_derivative.csv,kidney_glob,P166,2023_08_17_14_24_33,P166#2023_08_17_14_24_33#CSV1,csv_spectrum,0,train
\\ces-tp3\OE0645-data-uro\TIVITA_Cat\Cat_Pig_UMM\Cat_uro_kidney\Cat_uro_kidney_glob_30m\data\P166_OP130_2023_08_17_Experiment1\2023_08_17_14_24_33\_hypergui_1\spectrum_fromCSV5_(500.0-995.0)_masked_data_0_derivative.csv,kidney_glob,P166,2023_08_17_14_24_33,P166#2023_08_17_14_24_33#CSV5,csv_spectrum,0,train
\\ces-tp3\OE0645-data-uro\TIVITA_Cat\Cat_Pig_UMM\Cat_uro_kidney\Cat_uro_kidney_glob_30m\data\P166_OP130_2023_08_17_Experiment1\2023_08_17_14_34_24\_hypergui_1\spectrum_fromCSV1_(500.0-995.0)_masked_data_0_derivative.csv,kidney_glob,P166,2023_08_17_14_34_24,P166#2023_08_17_14_34_24#CSV1,csv_spectrum,0,train
\\ces-tp3\OE0645-data-uro\TIVITA_Cat\Cat_Pig_UMM\Cat_uro_kidney\Cat_uro_kidney_glob_30m\data\P166_OP130_2023_08_17_Experiment1\2023_08_17_14_34_24\_hypergui_1\spectrum_fromCSV5_(500.0-995.0)_masked_data_0_derivative.csv,kidney_glob,P166,2023_08_17_14_34_24,P166#2023_08_17_14_34_24#CSV5,csv_spectrum,0,train
\\ces-tp3\OE0645-data-uro\TIVITA_Cat\Cat_Pig_UMM\Cat_uro_kidney\Cat_uro_kidney_glob_30m\data\P166_OP130_2023_08_17_Experiment1\2023_08_17_14_34_53\_hypergui_1\spectrum_fromCSV1_(500.0-995.0)_masked_data_0_derivative.csv,kidney_glob,P166,2023_08_17_14_34_53,P166#2023_08_17_14_34_53#CSV1,csv_spectrum,0,train
\\ces-tp3\OE0645-data-uro\TIVITA_Cat\Cat_Pig_UMM\Cat_uro_kidney\Cat_uro_kidney_glob_30m\data\P166_OP130_2023_08_17_Experiment1\2023_08_17_14_34_53\_hypergui_1\spectrum_fromCSV5_(500.0-995.0)_masked_data_0_derivative.csv,kidney_glob,P166,2023_08_17_14_34_53,P166#2023_08_17_14_34_53#CSV5,csv_spectrum,0,train
\\ces-tp3\OE0645-data-uro\TIVITA_Cat\Cat_Pig_UMM\Cat_uro_kidney\Cat_uro_kidney_glob_30m\data\P166_OP130_2023_08_17_Experiment1\2023_08_17_14_35_24\_hypergui_1\spectrum_fromCSV1_(500.0-995.0)_masked_data_0_derivative.csv,kidney_glob,P166,2023_08_17_14_35_24,P166#2023_08_17_14_35_24#CSV1,csv_spectrum,0,train
\\ces-tp3\OE0645-data-uro\TIVITA_Cat\Cat_Pig_UMM\Cat_uro_kidney\Cat_uro_kidney_glob_30m\data\P166_OP130_2023_08_17_Experiment1\2023_08_17_14_35_24\_hypergui_1\spectrum_fromCSV5_(500.0-995.0)_masked_data_0_derivative.csv,kidney_glob,P166,2023_08_17_14_35_24,P166#2023_08_17_14_35_24#CSV5,csv_spectrum,0,train
\\ces-tp3\OE0645-data-uro\TIVITA_Cat\Cat_Pig_UMM\Cat_uro_kidney\Cat_uro_kidney_glob_30m\data\P168_OP132_2023_08_23_Experiment1\2023_08_23_11_28_07\_hypergui_1\spectrum_fromCSV1_(500.0-995.0)_masked_data_0_derivative.csv,kidney_glob,P168,2023_08_23_11_28_07,P168#2023_08_23_11_28_07#CSV1,csv_spectrum,0,train
\\ces-tp3\OE0645-data-uro\TIVITA_Cat\Cat_Pig_UMM\Cat_uro_kidney\Cat_uro_kidney_glob_30m\data\P168_OP132_2023_08_23_Experiment1\2023_08_23_11_28_07\_hypergui_1\spectrum_fromCSV5_(500.0-995.0)_masked_data_0_derivative.csv,kidney_glob,P168,2023_08_23_11_28_07,P168#2023_08_23_11_28_07#CSV5,csv_spectrum,0,train
\\ces-tp3\OE0645-data-uro\TIVITA_Cat\Cat_Pig_UMM\Cat_uro_kidney\Cat_uro_kidney_glob_30m\data\P168_OP132_2023_08_23_Experiment1\2023_08_23_11_28_37\_hypergui_1\spectrum_fromCSV1_(500.0-995.0)_masked_data_0_derivative.csv,kidney_glob,P168,2023_08_23_11_28_37,P168#2023_08_23_11_28_37#CSV1,csv_spectrum,0,train
\\ces-tp3\OE0645-data-uro\TIVITA_Cat\Cat_Pig_UMM\Cat_uro_kidney\Cat_uro_kidney_glob_30m\data\P168_OP132_2023_08_23_Experiment1\2023_08_23_11_28_37\_hypergui_1\spectrum_fromCSV5_(500.0-995.0)_masked_data_0_derivative.csv,kidney_glob,P168,2023_08_23_11_28_37,P168#2023_08_23_11_28_37#CSV5,csv_spectrum,0,train
\\ces-tp3\OE0645-data-uro\TIVITA_Cat\Cat_Pig_UMM\Cat_uro_kidney\Cat_uro_kidney_glob_30m\data\P168_OP132_2023_08_23_Experiment1\2023_08_23_11_29_07\_hypergui_1\spectrum_fromCSV1_(500.0-995.0)_masked_data_0_derivative.csv,kidney_glob,P168,2023_08_23_11_29_07,P168#2023_08_23_11_29_07#CSV1,csv_spectrum,0,train
\\ces-tp3\OE0645-data-uro\TIVITA_Cat\Cat_Pig_UMM\Cat_uro_kidney\Cat_uro_kidney_glob_30m\data\P168_OP132_2023_08_23_Experiment1\2023_08_23_11_29_07\_hypergui_1\spectrum_fromCSV5_(500.0-995.0)_masked_data_0_derivative.csv,kidney_glob,P168,2023_08_23_11_29_07,P168#2023_08_23_11_29_07#CSV5,csv_spectrum,0,train
\\ces-tp3\OE0645-data-uro\TIVITA_Cat\Cat_Pig_UMM\Cat_uro_kidney\Cat_uro_kidney_glob_30m\data\P174_OP138_2023_09_21_Experiment1\2023_09_21_16_48_33\_hypergui_1\spectrum_fromCSV1_(500.0-995.0)_masked_data_0_derivative.csv,kidney_glob,P174,2023_09_21_16_48_33,P174#2023_09_21_16_48_33#CSV1,csv_spectrum,0,train
\\ces-tp3\OE0645-data-uro\TIVITA_Cat\Cat_Pig_UMM\Cat_uro_kidney\Cat_uro_kidney_glob_30m\data\P174_OP138_2023_09_21_Experiment1\2023_09_21_16_48_33\_hypergui_1\spectrum_fromCSV5_(500.0-995.0)_masked_data_0_derivative.csv,kidney_glob,P174,2023_09_21_16_48_33,P174#2023_09_21_16_48_33#CSV5,csv_spectrum,0,train
\\ces-tp3\OE0645-data-uro\TIVITA_Cat\Cat_Pig_UMM\Cat_uro_kidney\Cat_uro_kidney_glob_30m\data\P174_OP138_2023_09_21_Experiment1\2023_09_21_16_49_04\_hypergui_1\spectrum_fromCSV1_(500.0-995.0)_masked_data_0_derivative.csv,kidney_glob,P174,2023_09_21_16_49_04,P174#2023_09_21_16_49_04#CSV1,csv_spectrum,0,train
\\ces-tp3\OE0645-data-uro\TIVITA_Cat\Cat_Pig_UMM\Cat_uro_kidney\Cat_uro_kidney_glob_30m\data\P174_OP138_2023_09_21_Experiment1\2023_09_21_16_49_04\_hypergui_1\spectrum_fromCSV5_(500.0-995.0)_masked_data_0_derivative.csv,kidney_glob,P174,2023_09_21_16_49_04,P174#2023_09_21_16_49_04#CSV5,csv_spectrum,0,train
\\ces-tp3\OE0645-data-uro\TIVITA_Cat\Cat_Pig_UMM\Cat_uro_kidney\Cat_uro_kidney_glob_30m\data\P174_OP138_2023_09_21_Experiment1\2023_09_21_16_49_33\_hypergui_1\spectrum_fromCSV1_(500.0-995.0)_masked_data_0_derivative.csv,kidney_glob,P174,2023_09_21_16_49_33,P174#2023_09_21_16_49_33#CSV1,csv_spectrum,0,train
\\ces-tp3\OE0645-data-uro\TIVITA_Cat\Cat_Pig_UMM\Cat_uro_kidney\Cat_uro_kidney_glob_30m\data\P174_OP138_2023_09_21_Experiment1\2023_09_21_16_49_33\_hypergui_1\spectrum_fromCSV5_(500.0-995.0)_masked_data_0_derivative.csv,kidney_glob,P174,2023_09_21_16_49_33,P174#2023_09_21_16_49_33#CSV5,csv_spectrum,0,train
\\ces-tp3\OE0645-data-uro\TIVITA_Cat\Cat_Pig_UMM\Cat_uro_kidney\Cat_uro_kidney_glob_30m\data\P188_OP152_2023_10_22_Experiment1\2023_10_22_15_00_32\_hypergui_1\spectrum_fromCSV1_(500.0-995.0)_masked_data_0_derivative.csv,kidney_glob,P188,2023_10_22_15_00_32,P188#2023_10_22_15_00_32#CSV1,csv_spectrum,0,train
\\ces-tp3\OE0645-data-uro\TIVITA_Cat\Cat_Pig_UMM\Cat_uro_kidney\Cat_uro_kidney_glob_30m\data\P188_OP152_2023_10_22_Experiment1\2023_10_22_15_00_32\_hypergui_1\spectrum_fromCSV5_(500.0-995.0)_masked_data_0_derivative.csv,kidney_glob,P188,2023_10_22_15_00_32,P188#2023_10_22_15_00_32#CSV5,csv_spectrum,0,train
\\ces-tp3\OE0645-data-uro\TIVITA_Cat\Cat_Pig_UMM\Cat_uro_kidney\Cat_uro_kidney_glob_30m\data\P188_OP152_2023_10_22_Experiment1\2023_10_22_15_02_32\_hypergui_1\spectrum_fromCSV1_(500.0-995.0)_masked_data_0_derivative.csv,kidney_glob,P188,2023_10_22_15_02_32,P188#2023_10_22_15_02_32#CSV1,csv_spectrum,0,train
\\ces-tp3\OE0645-data-uro\TIVITA_Cat\Cat_Pig_UMM\Cat_uro_kidney\Cat_uro_kidney_glob_30m\data\P188_OP152_2023_10_22_Experiment1\2023_10_22_15_02_32\_hypergui_1\spectrum_fromCSV5_(500.0-995.0)_masked_data_0_derivative.csv,kidney_glob,P188,2023_10_22_15_02_32,P188#2023_10_22_15_02_32#CSV5,csv_spectrum,0,train
\\ces-tp3\OE0645-data-uro\TIVITA_Cat\Cat_Pig_UMM\Cat_uro_kidney\Cat_uro_kidney_glob_30m\data\P188_OP152_2023_10_22_Experiment1\2023_10_22_15_04_32\_hypergui_1\spectrum_fromCSV1_(500.0-995.0)_masked_data_0_derivative.csv,kidney_glob,P188,2023_10_22_15_04_32,P188#2023_10_22_15_04_32#CSV1,csv_spectrum,0,train
\\ces-tp3\OE0645-data-uro\TIVITA_Cat\Cat_Pig_UMM\Cat_uro_kidney\Cat_uro_kidney_glob_30m\data\P188_OP152_2023_10_22_Experiment1\2023_10_22_15_04_32\_hypergui_1\spectrum_fromCSV5_(500.0-995.0)_masked_data_0_derivative.csv,kidney_glob,P188,2023_10_22_15_04_32,P188#2023_10_22_15_04_32#CSV5,csv_spectrum,0,train
\\ces-tp3\OE0645-data-uro\TIVITA_Cat\Cat_Pig_UMM\Cat_uro_kidney\Cat_uro_kidney_glob_30m\data\P191_OP155_2023_10_28_Experiment1\2023_10_28_14_17_30\_hypergui_1\spectrum_fromCSV1_(500.0-995.0)_masked_data_0_derivative.csv,kidney_glob,P191,2023_10_28_14_17_30,P191#2023_10_28_14_17_30#CSV1,csv_spectrum,0,train
\\ces-tp3\OE0645-data-uro\TIVITA_Cat\Cat_Pig_UMM\Cat_uro_kidney\Cat_uro_kidney_glob_30m\data\P191_OP155_2023_10_28_Experiment1\2023_10_28_14_17_30\_hypergui_1\spectrum_fromCSV5_(500.0-995.0)_masked_data_0_derivative.csv,kidney_glob,P191,2023_10_28_14_17_30,P191#2023_10_28_14_17_30#CSV5,csv_spectrum,0,train
\\ces-tp3\OE0645-data-uro\TIVITA_Cat\Cat_Pig_UMM\Cat_uro_kidney\Cat_uro_kidney_glob_30m\data\P191_OP155_2023_10_28_Experiment1\2023_10_28_14_19_30\_hypergui_1\spectrum_fromCSV1_(500.0-995.0)_masked_data_0_derivative.csv,kidney_glob,P191,2023_10_28_14_19_30,P191#2023_10_28_14_19_30#CSV1,csv_spectrum,0,train
\\ces-tp3\OE0645-data-uro\TIVITA_Cat\Cat_Pig_UMM\Cat_uro_kidney\Cat_uro_kidney_glob_30m\data\P191_OP155_2023_10_28_Experiment1\2023_10_28_14_19_30\_hypergui_1\spectrum_fromCSV5_(500.0-995.0)_masked_data_0_derivative.csv,kidney_glob,P191,2023_10_28_14_19_30,P191#2023_10_28_14_19_30#CSV5,csv_spectrum,0,train
\\ces-tp3\OE0645-data-uro\TIVITA_Cat\Cat_Pig_UMM\Cat_uro_kidney\Cat_uro_kidney_glob_30m\data\P191_OP155_2023_10_28_Experiment1\2023_10_28_14_21_30\_hypergui_1\spectrum_fromCSV1_(500.0-995.0)_masked_data_0_derivative.csv,kidney_glob,P191,2023_10_28_14_21_30,P191#2023_10_28_14_21_30#CSV1,csv_spectrum,0,train
\\ces-tp3\OE0645-data-uro\TIVITA_Cat\Cat_Pig_UMM\Cat_uro_kidney\Cat_uro_kidney_glob_30m\data\P191_OP155_2023_10_28_Experiment1\2023_10_28_14_21_30\_hypergui_1\spectrum_fromCSV5_(500.0-995.0)_masked_data_0_derivative.csv,kidney_glob,P191,2023_10_28_14_21_30,P191#2023_10_28_14_21_30#CSV5,csv_spectrum,0,train
\\ces-tp3\OE0645-data-uro\TIVITA_Cat\Cat_Pig_UMM\Cat_uro_kidney\Cat_uro_kidney_glob_30m\data\P192_OP156_2023_10_29_Experiment1\2023_10_29_15_04_06\_hypergui_1\spectrum_fromCSV1_(500.0-995.0)_masked_data_0_derivative.csv,kidney_glob,P192,2023_10_29_15_04_06,P192#2023_10_29_15_04_06#CSV1,csv_spectrum,0,train
\\ces-tp3\OE0645-data-uro\TIVITA_Cat\Cat_Pig_UMM\Cat_uro_kidney\Cat_uro_kidney_glob_30m\data\P192_OP156_2023_10_29_Experiment1\2023_10_29_15_04_06\_hypergui_1\spectrum_fromCSV5_(500.0-995.0)_masked_data_0_derivative.csv,kidney_glob,P192,2023_10_29_15_04_06,P192#2023_10_29_15_04_06#CSV5,csv_spectrum,0,train
\\ces-tp3\OE0645-data-uro\TIVITA_Cat\Cat_Pig_UMM\Cat_uro_kidney\Cat_uro_kidney_glob_30m\data\P192_OP156_2023_10_29_Experiment1\2023_10_29_15_06_06\_hypergui_1\spectrum_fromCSV1_(500.0-995.0)_masked_data_0_derivative.csv,kidney_glob,P192,2023_10_29_15_06_06,P192#2023_10_29_15_06_06#CSV1,csv_spectrum,0,train
\\ces-tp3\OE0645-data-uro\TIVITA_Cat\Cat_Pig_UMM\Cat_uro_kidney\Cat_uro_kidney_glob_30m\data\P192_OP156_2023_10_29_Experiment1\2023_10_29_15_06_06\_hypergui_1\spectrum_fromCSV5_(500.0-995.0)_masked_data_0_derivative.csv,kidney_glob,P192,2023_10_29_15_06_06,P192#2023_10_29_15_06_06#CSV5,csv_spectrum,0,train
\\ces-tp3\OE0645-data-uro\TIVITA_Cat\Cat_Pig_UMM\Cat_uro_kidney\Cat_uro_kidney_glob_30m\data\P193_OP157_2023_10_30_Experiment1\2023_10_30_14_25_38\_hypergui_1\spectrum_fromCSV1_(500.0-995.0)_masked_data_0_derivative.csv,kidney_glob,P193,2023_10_30_14_25_38,P193#2023_10_30_14_25_38#CSV1,csv_spectrum,0,train
\\ces-tp3\OE0645-data-uro\TIVITA_Cat\Cat_Pig_UMM\Cat_uro_kidney\Cat_uro_kidney_glob_30m\data\P193_OP157_2023_10_30_Experiment1\2023_10_30_14_25_38\_hypergui_1\spectrum_fromCSV5_(500.0-995.0)_masked_data_0_derivative.csv,kidney_glob,P193,2023_10_30_14_25_38,P193#2023_10_30_14_25_38#CSV5,csv_spectrum,0,train
\\ces-tp3\OE0645-data-uro\TIVITA_Cat\Cat_Pig_UMM\Cat_uro_kidney\Cat_uro_kidney_glob_30m\data\P193_OP157_2023_10_30_Experiment1\2023_10_30_14_27_38\_hypergui_1\spectrum_fromCSV1_(500.0-995.0)_masked_data_0_derivative.csv,kidney_glob,P193,2023_10_30_14_27_38,P193#2023_10_30_14_27_38#CSV1,csv_spectrum,0,train
\\ces-tp3\OE0645-data-uro\TIVITA_Cat\Cat_Pig_UMM\Cat_uro_kidney\Cat_uro_kidney_glob_30m\data\P193_OP157_2023_10_30_Experiment1\2023_10_30_14_27_38\_hypergui_1\spectrum_fromCSV5_(500.0-995.0)_masked_data_0_derivative.csv,kidney_glob,P193,2023_10_30_14_27_38,P193#2023_10_30_14_27_38#CSV5,csv_spectrum,0,train
\\ces-tp3\OE0645-data-uro\TIVITA_Cat\Cat_Pig_UMM\Cat_uro_kidney\Cat_uro_kidney_glob_4m\data\P161_OP125_2023_07_05_Experiment1\2023_07_05_12_22_30\_hypergui_1\spectrum_fromCSV1_(500.0-995.0)_masked_data_0_derivative.csv,kidney_glob,P161,2023_07_05_12_22_30,P161#2023_07_05_12_22_30#CSV1,csv_spectrum,0,train
\\ces-tp3\OE0645-data-uro\TIVITA_Cat\Cat_Pig_UMM\Cat_uro_kidney\Cat_uro_kidney_glob_4m\data\P161_OP125_2023_07_05_Experiment1\2023_07_05_12_22_30\_hypergui_1\spectrum_fromCSV5_(500.0-995.0)_masked_data_0_derivative.csv,kidney_glob,P161,2023_07_05_12_22_30,P161#2023_07_05_12_22_30#CSV5,csv_spectrum,0,train
\\ces-tp3\OE0645-data-uro\TIVITA_Cat\Cat_Pig_UMM\Cat_uro_kidney\Cat_uro_kidney_glob_4m\data\P161_OP125_2023_07_05_Experiment1\2023_07_05_12_23_00\_hypergui_1\spectrum_fromCSV1_(500.0-995.0)_masked_data_0_derivative.csv,kidney_glob,P161,2023_07_05_12_23_00,P161#2023_07_05_12_23_00#CSV1,csv_spectrum,0,train
\\ces-tp3\OE0645-data-uro\TIVITA_Cat\Cat_Pig_UMM\Cat_uro_kidney\Cat_uro_kidney_glob_4m\data\P161_OP125_2023_07_05_Experiment1\2023_07_05_12_23_00\_hypergui_1\spectrum_fromCSV5_(500.0-995.0)_masked_data_0_derivative.csv,kidney_glob,P161,2023_07_05_12_23_00,P161#2023_07_05_12_23_00#CSV5,csv_spectrum,0,train
\\ces-tp3\OE0645-data-uro\TIVITA_Cat\Cat_Pig_UMM\Cat_uro_kidney\Cat_uro_kidney_glob_4m\data\P161_OP125_2023_07_05_Experiment1\2023_07_05_12_23_31\_hypergui_1\spectrum_fromCSV1_(500.0-995.0)_masked_data_0_derivative.csv,kidney_glob,P161,2023_07_05_12_23_31,P161#2023_07_05_12_23_31#CSV1,csv_spectrum,0,train
\\ces-tp3\OE0645-data-uro\TIVITA_Cat\Cat_Pig_UMM\Cat_uro_kidney\Cat_uro_kidney_glob_4m\data\P161_OP125_2023_07_05_Experiment1\2023_07_05_12_23_31\_hypergui_1\spectrum_fromCSV5_(500.0-995.0)_masked_data_0_derivative.csv,kidney_glob,P161,2023_07_05_12_23_31,P161#2023_07_05_12_23_31#CSV5,csv_spectrum,0,train
\\ces-tp3\OE0645-data-uro\TIVITA_Cat\Cat_Pig_UMM\Cat_uro_kidney\Cat_uro_kidney_glob_4m\data\P161_OP125_2023_07_05_Experiment1\2023_07_05_12_24_13\_hypergui_1\spectrum_fromCSV1_(500.0-995.0)_masked_data_0_derivative.csv,kidney_glob,P161,2023_07_05_12_24_13,P161#2023_07_05_12_24_13#CSV1,csv_spectrum,0,train
\\ces-tp3\OE0645-data-uro\TIVITA_Cat\Cat_Pig_UMM\Cat_uro_kidney\Cat_uro_kidney_glob_4m\data\P161_OP125_2023_07_05_Experiment1\2023_07_05_12_24_13\_hypergui_1\spectrum_fromCSV5_(500.0-995.0)_masked_data_0_derivative.csv,kidney_glob,P161,2023_07_05_12_24_13,P161#2023_07_05_12_24_13#CSV5,csv_spectrum,0,train
\\ces-tp3\OE0645-data-uro\TIVITA_Cat\Cat_Pig_UMM\Cat_uro_kidney\Cat_uro_kidney_glob_4m\data\P162_OP126_2023_07_06_Experiment1\2023_07_06_13_23_21\_hypergui_1\spectrum_fromCSV1_(500.0-995.0)_masked_data_0_derivative.csv,kidney_glob,P162,2023_07_06_13_23_21,P162#2023_07_06_13_23_21#CSV1,csv_spectrum,0,train
\\ces-tp3\OE0645-data-uro\TIVITA_Cat\Cat_Pig_UMM\Cat_uro_kidney\Cat_uro_kidney_glob_4m\data\P162_OP126_2023_07_06_Experiment1\2023_07_06_13_23_21\_hypergui_1\spectrum_fromCSV5_(500.0-995.0)_masked_data_0_derivative.csv,kidney_glob,P162,2023_07_06_13_23_21,P162#2023_07_06_13_23_21#CSV5,csv_spectrum,0,train
\\ces-tp3\OE0645-data-uro\TIVITA_Cat\Cat_Pig_UMM\Cat_uro_kidney\Cat_uro_kidney_glob_4m\data\P162_OP126_2023_07_06_Experiment1\2023_07_06_13_23_52\_hypergui_1\spectrum_fromCSV1_(500.0-995.0)_masked_data_0_derivative.csv,kidney_glob,P162,2023_07_06_13_23_52,P162#2023_07_06_13_23_52#CSV1,csv_spectrum,0,train
\\ces-tp3\OE0645-data-uro\TIVITA_Cat\Cat_Pig_UMM\Cat_uro_kidney\Cat_uro_kidney_glob_4m\data\P162_OP126_2023_07_06_Experiment1\2023_07_06_13_23_52\_hypergui_1\spectrum_fromCSV5_(500.0-995.0)_masked_data_0_derivative.csv,kidney_glob,P162,2023_07_06_13_23_52,P162#2023_07_06_13_23_52#CSV5,csv_spectrum,0,train
\\ces-tp3\OE0645-data-uro\TIVITA_Cat\Cat_Pig_UMM\Cat_uro_kidney\Cat_uro_kidney_glob_4m\data\P162_OP126_2023_07_06_Experiment1\2023_07_06_13_24_22\_hypergui_1\spectrum_fromCSV1_(500.0-995.0)_masked_data_0_derivative.csv,kidney_glob,P162,2023_07_06_13_24_22,P162#2023_07_06_13_24_22#CSV1,csv_spectrum,0,train
\\ces-tp3\OE0645-data-uro\TIVITA_Cat\Cat_Pig_UMM\Cat_uro_kidney\Cat_uro_kidney_glob_4m\data\P162_OP126_2023_07_06_Experiment1\2023_07_06_13_24_22\_hypergui_1\spectrum_fromCSV5_(500.0-995.0)_masked_data_0_derivative.csv,kidney_glob,P162,2023_07_06_13_24_22,P162#2023_07_06_13_24_22#CSV5,csv_spectrum,0,train
\\ces-tp3\OE0645-data-uro\TIVITA_Cat\Cat_Pig_UMM\Cat_uro_kidney\Cat_uro_kidney_glob_4m\data\P162_OP126_2023_07_06_Experiment1\2023_07_06_13_24_52\_hypergui_1\spectrum_fromCSV1_(500.0-995.0)_masked_data_0_derivative.csv,kidney_glob,P162,2023_07_06_13_24_52,P162#2023_07_06_13_24_52#CSV1,csv_spectrum,0,train
\\ces-tp3\OE0645-data-uro\TIVITA_Cat\Cat_Pig_UMM\Cat_uro_kidney\Cat_uro_kidney_glob_4m\data\P162_OP126_2023_07_06_Experiment1\2023_07_06_13_24_52\_hypergui_1\spectrum_fromCSV5_(500.0-995.0)_masked_data_0_derivative.csv,kidney_glob,P162,2023_07_06_13_24_52,P162#2023_07_06_13_24_52#CSV5,csv_spectrum,0,train
\\ces-tp3\OE0645-data-uro\TIVITA_Cat\Cat_Pig_UMM\Cat_uro_kidney\Cat_uro_kidney_glob_4m\data\P165_OP129_2023_08_16_Experiment1\2023_08_16_14_37_18\_hypergui_1\spectrum_fromCSV1_(500.0-995.0)_masked_data_0_derivative.csv,kidney_glob,P165,2023_08_16_14_37_18,P165#2023_08_16_14_37_18#CSV1,csv_spectrum,0,train
\\ces-tp3\OE0645-data-uro\TIVITA_Cat\Cat_Pig_UMM\Cat_uro_kidney\Cat_uro_kidney_glob_4m\data\P165_OP129_2023_08_16_Experiment1\2023_08_16_14_37_18\_hypergui_1\spectrum_fromCSV5_(500.0-995.0)_masked_data_0_derivative.csv,kidney_glob,P165,2023_08_16_14_37_18,P165#2023_08_16_14_37_18#CSV5,csv_spectrum,0,train
\\ces-tp3\OE0645-data-uro\TIVITA_Cat\Cat_Pig_UMM\Cat_uro_kidney\Cat_uro_kidney_glob_4m\data\P166_OP130_2023_08_17_Experiment1\2023_08_17_14_07_17\_hypergui_1\spectrum_fromCSV1_(500.0-995.0)_masked_data_0_derivative.csv,kidney_glob,P166,2023_08_17_14_07_17,P166#2023_08_17_14_07_17#CSV1,csv_spectrum,0,train
\\ces-tp3\OE0645-data-uro\TIVITA_Cat\Cat_Pig_UMM\Cat_uro_kidney\Cat_uro_kidney_glob_4m\data\P166_OP130_2023_08_17_Experiment1\2023_08_17_14_07_17\_hypergui_1\spectrum_fromCSV5_(500.0-995.0)_masked_data_0_derivative.csv,kidney_glob,P166,2023_08_17_14_07_17,P166#2023_08_17_14_07_17#CSV5,csv_spectrum,0,train
\\ces-tp3\OE0645-data-uro\TIVITA_Cat\Cat_Pig_UMM\Cat_uro_kidney\Cat_uro_kidney_glob_4m\data\P166_OP130_2023_08_17_Experiment1\2023_08_17_14_08_18\_hypergui_1\spectrum_fromCSV1_(500.0-995.0)_masked_data_0_derivative.csv,kidney_glob,P166,2023_08_17_14_08_18,P166#2023_08_17_14_08_18#CSV1,csv_spectrum,0,train
\\ces-tp3\OE0645-data-uro\TIVITA_Cat\Cat_Pig_UMM\Cat_uro_kidney\Cat_uro_kidney_glob_4m\data\P166_OP130_2023_08_17_Experiment1\2023_08_17_14_08_18\_hypergui_1\spectrum_fromCSV5_(500.0-995.0)_masked_data_0_derivative.csv,kidney_glob,P166,2023_08_17_14_08_18,P166#2023_08_17_14_08_18#CSV5,csv_spectrum,0,train
\\ces-tp3\OE0645-data-uro\TIVITA_Cat\Cat_Pig_UMM\Cat_uro_kidney\Cat_uro_kidney_glob_4m\data\P168_OP132_2023_08_23_Experiment1\2023_08_23_11_02_12\_hypergui_1\spectrum_fromCSV1_(500.0-995.0)_masked_data_0_derivative.csv,kidney_glob,P168,2023_08_23_11_02_12,P168#2023_08_23_11_02_12#CSV1,csv_spectrum,0,train
\\ces-tp3\OE0645-data-uro\TIVITA_Cat\Cat_Pig_UMM\Cat_uro_kidney\Cat_uro_kidney_glob_4m\data\P168_OP132_2023_08_23_Experiment1\2023_08_23_11_02_12\_hypergui_1\spectrum_fromCSV5_(500.0-995.0)_masked_data_0_derivative.csv,kidney_glob,P168,2023_08_23_11_02_12,P168#2023_08_23_11_02_12#CSV5,csv_spectrum,0,train
\\ces-tp3\OE0645-data-uro\TIVITA_Cat\Cat_Pig_UMM\Cat_uro_kidney\Cat_uro_kidney_glob_4m\data\P168_OP132_2023_08_23_Experiment1\2023_08_23_11_03_12\_hypergui_1\spectrum_fromCSV1_(500.0-995.0)_masked_data_0_derivative.csv,kidney_glob,P168,2023_08_23_11_03_12,P168#2023_08_23_11_03_12#CSV1,csv_spectrum,0,train
\\ces-tp3\OE0645-data-uro\TIVITA_Cat\Cat_Pig_UMM\Cat_uro_kidney\Cat_uro_kidney_glob_4m\data\P168_OP132_2023_08_23_Experiment1\2023_08_23_11_03_12\_hypergui_1\spectrum_fromCSV5_(500.0-995.0)_masked_data_0_derivative.csv,kidney_glob,P168,2023_08_23_11_03_12,P168#2023_08_23_11_03_12#CSV5,csv_spectrum,0,train
\\ces-tp3\OE0645-data-uro\TIVITA_Cat\Cat_Pig_UMM\Cat_uro_kidney\Cat_uro_kidney_glob_4m\data\P174_OP138_2023_09_21_Experiment1\2023_09_21_16_23_01\_hypergui_1\spectrum_fromCSV1_(500.0-995.0)_masked_data_0_derivative.csv,kidney_glob,P174,2023_09_21_16_23_01,P174#2023_09_21_16_23_01#CSV1,csv_spectrum,0,train
\\ces-tp3\OE0645-data-uro\TIVITA_Cat\Cat_Pig_UMM\Cat_uro_kidney\Cat_uro_kidney_glob_4m\data\P174_OP138_2023_09_21_Experiment1\2023_09_21_16_23_01\_hypergui_1\spectrum_fromCSV5_(500.0-995.0)_masked_data_0_derivative.csv,kidney_glob,P174,2023_09_21_16_23_01,P174#2023_09_21_16_23_01#CSV5,csv_spectrum,0,train
\\ces-tp3\OE0645-data-uro\TIVITA_Cat\Cat_Pig_UMM\Cat_uro_kidney\Cat_uro_kidney_glob_4m\data\P174_OP138_2023_09_21_Experiment1\2023_09_21_16_24_01\_hypergui_1\spectrum_fromCSV1_(500.0-995.0)_masked_data_0_derivative.csv,kidney_glob,P174,2023_09_21_16_24_01,P174#2023_09_21_16_24_01#CSV1,csv_spectrum,0,train
\\ces-tp3\OE0645-data-uro\TIVITA_Cat\Cat_Pig_UMM\Cat_uro_kidney\Cat_uro_kidney_glob_4m\data\P174_OP138_2023_09_21_Experiment1\2023_09_21_16_24_01\_hypergui_1\spectrum_fromCSV5_(500.0-995.0)_masked_data_0_derivative.csv,kidney_glob,P174,2023_09_21_16_24_01,P174#2023_09_21_16_24_01#CSV5,csv_spectrum,0,train
\\ces-tp3\OE0645-data-uro\TIVITA_Cat\Cat_Pig_UMM\Cat_uro_kidney\Cat_uro_kidney_glob_4m\data\P188_OP152_2023_10_22_Experiment1\2023_10_22_14_38_01\_hypergui_1\spectrum_fromCSV1_(500.0-995.0)_masked_data_0_derivative.csv,kidney_glob,P188,2023_10_22_14_38_01,P188#2023_10_22_14_38_01#CSV1,csv_spectrum,0,train
\\ces-tp3\OE0645-data-uro\TIVITA_Cat\Cat_Pig_UMM\Cat_uro_kidney\Cat_uro_kidney_glob_4m\data\P188_OP152_2023_10_22_Experiment1\2023_10_22_14_38_01\_hypergui_1\spectrum_fromCSV5_(500.0-995.0)_masked_data_0_derivative.csv,kidney_glob,P188,2023_10_22_14_38_01,P188#2023_10_22_14_38_01#CSV5,csv_spectrum,0,train
\\ces-tp3\OE0645-data-uro\TIVITA_Cat\Cat_Pig_UMM\Cat_uro_kidney\Cat_uro_kidney_glob_4m\data\P188_OP152_2023_10_22_Experiment1\2023_10_22_14_38_31\_hypergui_1\spectrum_fromCSV1_(500.0-995.0)_masked_data_0_derivative.csv,kidney_glob,P188,2023_10_22_14_38_31,P188#2023_10_22_14_38_31#CSV1,csv_spectrum,0,train
\\ces-tp3\OE0645-data-uro\TIVITA_Cat\Cat_Pig_UMM\Cat_uro_kidney\Cat_uro_kidney_glob_4m\data\P188_OP152_2023_10_22_Experiment1\2023_10_22_14_38_31\_hypergui_1\spectrum_fromCSV5_(500.0-995.0)_masked_data_0_derivative.csv,kidney_glob,P188,2023_10_22_14_38_31,P188#2023_10_22_14_38_31#CSV5,csv_spectrum,0,train
\\ces-tp3\OE0645-data-uro\TIVITA_Cat\Cat_Pig_UMM\Cat_uro_kidney\Cat_uro_kidney_glob_4m\data\P188_OP152_2023_10_22_Experiment1\2023_10_22_14_39_31\_hypergui_1\spectrum_fromCSV1_(500.0-995.0)_masked_data_0_derivative.csv,kidney_glob,P188,2023_10_22_14_39_31,P188#2023_10_22_14_39_31#CSV1,csv_spectrum,0,train
\\ces-tp3\OE0645-data-uro\TIVITA_Cat\Cat_Pig_UMM\Cat_uro_kidney\Cat_uro_kidney_glob_4m\data\P188_OP152_2023_10_22_Experiment1\2023_10_22_14_39_31\_hypergui_1\spectrum_fromCSV5_(500.0-995.0)_masked_data_0_derivative.csv,kidney_glob,P188,2023_10_22_14_39_31,P188#2023_10_22_14_39_31#CSV5,csv_spectrum,0,train
\\ces-tp3\OE0645-data-uro\TIVITA_Cat\Cat_Pig_UMM\Cat_uro_kidney\Cat_uro_kidney_glob_4m\data\P191_OP155_2023_10_28_Experiment1\2023_10_28_13_55_58\_hypergui_1\spectrum_fromCSV1_(500.0-995.0)_masked_data_0_derivative.csv,kidney_glob,P191,2023_10_28_13_55_58,P191#2023_10_28_13_55_58#CSV1,csv_spectrum,0,train
\\ces-tp3\OE0645-data-uro\TIVITA_Cat\Cat_Pig_UMM\Cat_uro_kidney\Cat_uro_kidney_glob_4m\data\P191_OP155_2023_10_28_Experiment1\2023_10_28_13_55_58\_hypergui_1\spectrum_fromCSV5_(500.0-995.0)_masked_data_0_derivative.csv,kidney_glob,P191,2023_10_28_13_55_58,P191#2023_10_28_13_55_58#CSV5,csv_spectrum,0,train
\\ces-tp3\OE0645-data-uro\TIVITA_Cat\Cat_Pig_UMM\Cat_uro_kidney\Cat_uro_kidney_glob_4m\data\P191_OP155_2023_10_28_Experiment1\2023_10_28_13_56_28\_hypergui_1\spectrum_fromCSV1_(500.0-995.0)_masked_data_0_derivative.csv,kidney_glob,P191,2023_10_28_13_56_28,P191#2023_10_28_13_56_28#CSV1,csv_spectrum,0,train
\\ces-tp3\OE0645-data-uro\TIVITA_Cat\Cat_Pig_UMM\Cat_uro_kidney\Cat_uro_kidney_glob_4m\data\P191_OP155_2023_10_28_Experiment1\2023_10_28_13_56_28\_hypergui_1\spectrum_fromCSV5_(500.0-995.0)_masked_data_0_derivative.csv,kidney_glob,P191,2023_10_28_13_56_28,P191#2023_10_28_13_56_28#CSV5,csv_spectrum,0,train
\\ces-tp3\OE0645-data-uro\TIVITA_Cat\Cat_Pig_UMM\Cat_uro_kidney\Cat_uro_kidney_glob_4m\data\P191_OP155_2023_10_28_Experiment1\2023_10_28_13_57_28\_hypergui_1\spectrum_fromCSV1_(500.0-995.0)_masked_data_0_derivative.csv,kidney_glob,P191,2023_10_28_13_57_28,P191#2023_10_28_13_57_28#CSV1,csv_spectrum,0,train
\\ces-tp3\OE0645-data-uro\TIVITA_Cat\Cat_Pig_UMM\Cat_uro_kidney\Cat_uro_kidney_glob_4m\data\P191_OP155_2023_10_28_Experiment1\2023_10_28_13_57_28\_hypergui_1\spectrum_fromCSV5_(500.0-995.0)_masked_data_0_derivative.csv,kidney_glob,P191,2023_10_28_13_57_28,P191#2023_10_28_13_57_28#CSV5,csv_spectrum,0,train
\\ces-tp3\OE0645-data-uro\TIVITA_Cat\Cat_Pig_UMM\Cat_uro_kidney\Cat_uro_kidney_glob_4m\data\P192_OP156_2023_10_29_Experiment1\2023_10_29_14_40_35\_hypergui_1\spectrum_fromCSV1_(500.0-995.0)_masked_data_0_derivative.csv,kidney_glob,P192,2023_10_29_14_40_35,P192#2023_10_29_14_40_35#CSV1,csv_spectrum,0,train
\\ces-tp3\OE0645-data-uro\TIVITA_Cat\Cat_Pig_UMM\Cat_uro_kidney\Cat_uro_kidney_glob_4m\data\P192_OP156_2023_10_29_Experiment1\2023_10_29_14_40_35\_hypergui_1\spectrum_fromCSV5_(500.0-995.0)_masked_data_0_derivative.csv,kidney_glob,P192,2023_10_29_14_40_35,P192#2023_10_29_14_40_35#CSV5,csv_spectrum,0,train
\\ces-tp3\OE0645-data-uro\TIVITA_Cat\Cat_Pig_UMM\Cat_uro_kidney\Cat_uro_kidney_glob_4m\data\P192_OP156_2023_10_29_Experiment1\2023_10_29_14_41_05\_hypergui_1\spectrum_fromCSV1_(500.0-995.0)_masked_data_0_derivative.csv,kidney_glob,P192,2023_10_29_14_41_05,P192#2023_10_29_14_41_05#CSV1,csv_spectrum,0,train
\\ces-tp3\OE0645-data-uro\TIVITA_Cat\Cat_Pig_UMM\Cat_uro_kidney\Cat_uro_kidney_glob_4m\data\P192_OP156_2023_10_29_Experiment1\2023_10_29_14_41_05\_hypergui_1\spectrum_fromCSV5_(500.0-995.0)_masked_data_0_derivative.csv,kidney_glob,P192,2023_10_29_14_41_05,P192#2023_10_29_14_41_05#CSV5,csv_spectrum,0,train
\\ces-tp3\OE0645-data-uro\TIVITA_Cat\Cat_Pig_UMM\Cat_uro_kidney\Cat_uro_kidney_glob_4m\data\P192_OP156_2023_10_29_Experiment1\2023_10_29_14_42_05\_hypergui_1\spectrum_fromCSV1_(500.0-995.0)_masked_data_0_derivative.csv,kidney_glob,P192,2023_10_29_14_42_05,P192#2023_10_29_14_42_05#CSV1,csv_spectrum,0,train
\\ces-tp3\OE0645-data-uro\TIVITA_Cat\Cat_Pig_UMM\Cat_uro_kidney\Cat_uro_kidney_glob_4m\data\P192_OP156_2023_10_29_Experiment1\2023_10_29_14_42_05\_hypergui_1\spectrum_fromCSV5_(500.0-995.0)_masked_data_0_derivative.csv,kidney_glob,P192,2023_10_29_14_42_05,P192#2023_10_29_14_42_05#CSV5,csv_spectrum,0,train
\\ces-tp3\OE0645-data-uro\TIVITA_Cat\Cat_Pig_UMM\Cat_uro_kidney\Cat_uro_kidney_glob_4m\data\P193_OP157_2023_10_30_Experiment1\2023_10_30_14_01_37\_hypergui_1\spectrum_fromCSV1_(500.0-995.0)_masked_data_0_derivative.csv,kidney_glob,P193,2023_10_30_14_01_37,P193#2023_10_30_14_01_37#CSV1,csv_spectrum,0,train
\\ces-tp3\OE0645-data-uro\TIVITA_Cat\Cat_Pig_UMM\Cat_uro_kidney\Cat_uro_kidney_glob_4m\data\P193_OP157_2023_10_30_Experiment1\2023_10_30_14_01_37\_hypergui_1\spectrum_fromCSV5_(500.0-995.0)_masked_data_0_derivative.csv,kidney_glob,P193,2023_10_30_14_01_37,P193#2023_10_30_14_01_37#CSV5,csv_spectrum,0,train
\\ces-tp3\OE0645-data-uro\TIVITA_Cat\Cat_Pig_UMM\Cat_uro_kidney\Cat_uro_kidney_glob_4m\data\P193_OP157_2023_10_30_Experiment1\2023_10_30_14_02_07\_hypergui_1\spectrum_fromCSV1_(500.0-995.0)_masked_data_0_derivative.csv,kidney_glob,P193,2023_10_30_14_02_07,P193#2023_10_30_14_02_07#CSV1,csv_spectrum,0,train
\\ces-tp3\OE0645-data-uro\TIVITA_Cat\Cat_Pig_UMM\Cat_uro_kidney\Cat_uro_kidney_glob_4m\data\P193_OP157_2023_10_30_Experiment1\2023_10_30_14_02_07\_hypergui_1\spectrum_fromCSV5_(500.0-995.0)_masked_data_0_derivative.csv,kidney_glob,P193,2023_10_30_14_02_07,P193#2023_10_30_14_02_07#CSV5,csv_spectrum,0,train
\\ces-tp3\OE0645-data-uro\TIVITA_Cat\Cat_Pig_UMM\Cat_uro_kidney\Cat_uro_kidney_glob_4m\data\P193_OP157_2023_10_30_Experiment1\2023_10_30_14_02_37\_hypergui_1\spectrum_fromCSV1_(500.0-995.0)_masked_data_0_derivative.csv,kidney_glob,P193,2023_10_30_14_02_37,P193#2023_10_30_14_02_37#CSV1,csv_spectrum,0,train
\\ces-tp3\OE0645-data-uro\TIVITA_Cat\Cat_Pig_UMM\Cat_uro_kidney\Cat_uro_kidney_glob_4m\data\P193_OP157_2023_10_30_Experiment1\2023_10_30_14_02_37\_hypergui_1\spectrum_fromCSV5_(500.0-995.0)_masked_data_0_derivative.csv,kidney_glob,P193,2023_10_30_14_02_37,P193#2023_10_30_14_02_37#CSV5,csv_spectrum,0,train
\\ces-tp3\OE0645-data-uro\TIVITA_Cat\Cat_Pig_UMM\Cat_uro_kidney\Cat_uro_kidney_glob_4m\data\P193_OP157_2023_10_30_Experiment1\2023_10_30_14_03_07\_hypergui_1\spectrum_fromCSV1_(500.0-995.0)_masked_data_0_derivative.csv,kidney_glob,P193,2023_10_30_14_03_07,P193#2023_10_30_14_03_07#CSV1,csv_spectrum,0,train
\\ces-tp3\OE0645-data-uro\TIVITA_Cat\Cat_Pig_UMM\Cat_uro_kidney\Cat_uro_kidney_glob_4m\data\P193_OP157_2023_10_30_Experiment1\2023_10_30_14_03_07\_hypergui_1\spectrum_fromCSV5_(500.0-995.0)_masked_data_0_derivative.csv,kidney_glob,P193,2023_10_30_14_03_07,P193#2023_10_30_14_03_07#CSV5,csv_spectrum,0,train
\\ces-tp3\OE0645-data-uro\TIVITA_Cat\Cat_Pig_UMM\Cat_uro_kidney\Cat_uro_kidney_glob_6m\data\P161_OP125_2023_07_05_Experiment1\2023_07_05_12_24_43\_hypergui_1\spectrum_fromCSV1_(500.0-995.0)_masked_data_0_derivative.csv,kidney_glob,P161,2023_07_05_12_24_43,P161#2023_07_05_12_24_43#CSV1,csv_spectrum,0,train
\\ces-tp3\OE0645-data-uro\TIVITA_Cat\Cat_Pig_UMM\Cat_uro_kidney\Cat_uro_kidney_glob_6m\data\P161_OP125_2023_07_05_Experiment1\2023_07_05_12_24_43\_hypergui_1\spectrum_fromCSV5_(500.0-995.0)_masked_data_0_derivative.csv,kidney_glob,P161,2023_07_05_12_24_43,P161#2023_07_05_12_24_43#CSV5,csv_spectrum,0,train
\\ces-tp3\OE0645-data-uro\TIVITA_Cat\Cat_Pig_UMM\Cat_uro_kidney\Cat_uro_kidney_glob_6m\data\P161_OP125_2023_07_05_Experiment1\2023_07_05_12_25_13\_hypergui_1\spectrum_fromCSV1_(500.0-995.0)_masked_data_0_derivative.csv,kidney_glob,P161,2023_07_05_12_25_13,P161#2023_07_05_12_25_13#CSV1,csv_spectrum,0,train
\\ces-tp3\OE0645-data-uro\TIVITA_Cat\Cat_Pig_UMM\Cat_uro_kidney\Cat_uro_kidney_glob_6m\data\P161_OP125_2023_07_05_Experiment1\2023_07_05_12_25_13\_hypergui_1\spectrum_fromCSV5_(500.0-995.0)_masked_data_0_derivative.csv,kidney_glob,P161,2023_07_05_12_25_13,P161#2023_07_05_12_25_13#CSV5,csv_spectrum,0,train
\\ces-tp3\OE0645-data-uro\TIVITA_Cat\Cat_Pig_UMM\Cat_uro_kidney\Cat_uro_kidney_glob_6m\data\P161_OP125_2023_07_05_Experiment1\2023_07_05_12_26_26\_hypergui_1\spectrum_fromCSV1_(500.0-995.0)_masked_data_0_derivative.csv,kidney_glob,P161,2023_07_05_12_26_26,P161#2023_07_05_12_26_26#CSV1,csv_spectrum,0,train
\\ces-tp3\OE0645-data-uro\TIVITA_Cat\Cat_Pig_UMM\Cat_uro_kidney\Cat_uro_kidney_glob_6m\data\P161_OP125_2023_07_05_Experiment1\2023_07_05_12_26_26\_hypergui_1\spectrum_fromCSV5_(500.0-995.0)_masked_data_0_derivative.csv,kidney_glob,P161,2023_07_05_12_26_26,P161#2023_07_05_12_26_26#CSV5,csv_spectrum,0,train
\\ces-tp3\OE0645-data-uro\TIVITA_Cat\Cat_Pig_UMM\Cat_uro_kidney\Cat_uro_kidney_glob_6m\data\P161_OP125_2023_07_05_Experiment1\2023_07_05_12_26_56\_hypergui_1\spectrum_fromCSV1_(500.0-995.0)_masked_data_0_derivative.csv,kidney_glob,P161,2023_07_05_12_26_56,P161#2023_07_05_12_26_56#CSV1,csv_spectrum,0,train
\\ces-tp3\OE0645-data-uro\TIVITA_Cat\Cat_Pig_UMM\Cat_uro_kidney\Cat_uro_kidney_glob_6m\data\P161_OP125_2023_07_05_Experiment1\2023_07_05_12_26_56\_hypergui_1\spectrum_fromCSV5_(500.0-995.0)_masked_data_0_derivative.csv,kidney_glob,P161,2023_07_05_12_26_56,P161#2023_07_05_12_26_56#CSV5,csv_spectrum,0,train
\\ces-tp3\OE0645-data-uro\TIVITA_Cat\Cat_Pig_UMM\Cat_uro_kidney\Cat_uro_kidney_glob_6m\data\P162_OP126_2023_07_06_Experiment1\2023_07_06_13_25_22\_hypergui_1\spectrum_fromCSV1_(500.0-995.0)_masked_data_0_derivative.csv,kidney_glob,P162,2023_07_06_13_25_22,P162#2023_07_06_13_25_22#CSV1,csv_spectrum,0,train
\\ces-tp3\OE0645-data-uro\TIVITA_Cat\Cat_Pig_UMM\Cat_uro_kidney\Cat_uro_kidney_glob_6m\data\P162_OP126_2023_07_06_Experiment1\2023_07_06_13_25_22\_hypergui_1\spectrum_fromCSV5_(500.0-995.0)_masked_data_0_derivative.csv,kidney_glob,P162,2023_07_06_13_25_22,P162#2023_07_06_13_25_22#CSV5,csv_spectrum,0,train
\\ces-tp3\OE0645-data-uro\TIVITA_Cat\Cat_Pig_UMM\Cat_uro_kidney\Cat_uro_kidney_glob_6m\data\P162_OP126_2023_07_06_Experiment1\2023_07_06_13_25_52\_hypergui_1\spectrum_fromCSV1_(500.0-995.0)_masked_data_0_derivative.csv,kidney_glob,P162,2023_07_06_13_25_52,P162#2023_07_06_13_25_52#CSV1,csv_spectrum,0,train
\\ces-tp3\OE0645-data-uro\TIVITA_Cat\Cat_Pig_UMM\Cat_uro_kidney\Cat_uro_kidney_glob_6m\data\P162_OP126_2023_07_06_Experiment1\2023_07_06_13_25_52\_hypergui_1\spectrum_fromCSV5_(500.0-995.0)_masked_data_0_derivative.csv,kidney_glob,P162,2023_07_06_13_25_52,P162#2023_07_06_13_25_52#CSV5,csv_spectrum,0,train
\\ces-tp3\OE0645-data-uro\TIVITA_Cat\Cat_Pig_UMM\Cat_uro_kidney\Cat_uro_kidney_glob_6m\data\P162_OP126_2023_07_06_Experiment1\2023_07_06_13_26_22\_hypergui_1\spectrum_fromCSV1_(500.0-995.0)_masked_data_0_derivative.csv,kidney_glob,P162,2023_07_06_13_26_22,P162#2023_07_06_13_26_22#CSV1,csv_spectrum,0,train
\\ces-tp3\OE0645-data-uro\TIVITA_Cat\Cat_Pig_UMM\Cat_uro_kidney\Cat_uro_kidney_glob_6m\data\P162_OP126_2023_07_06_Experiment1\2023_07_06_13_26_22\_hypergui_1\spectrum_fromCSV5_(500.0-995.0)_masked_data_0_derivative.csv,kidney_glob,P162,2023_07_06_13_26_22,P162#2023_07_06_13_26_22#CSV5,csv_spectrum,0,train
\\ces-tp3\OE0645-data-uro\TIVITA_Cat\Cat_Pig_UMM\Cat_uro_kidney\Cat_uro_kidney_glob_6m\data\P162_OP126_2023_07_06_Experiment1\2023_07_06_13_26_52\_hypergui_1\spectrum_fromCSV1_(500.0-995.0)_masked_data_0_derivative.csv,kidney_glob,P162,2023_07_06_13_26_52,P162#2023_07_06_13_26_52#CSV1,csv_spectrum,0,train
\\ces-tp3\OE0645-data-uro\TIVITA_Cat\Cat_Pig_UMM\Cat_uro_kidney\Cat_uro_kidney_glob_6m\data\P162_OP126_2023_07_06_Experiment1\2023_07_06_13_26_52\_hypergui_1\spectrum_fromCSV5_(500.0-995.0)_masked_data_0_derivative.csv,kidney_glob,P162,2023_07_06_13_26_52,P162#2023_07_06_13_26_52#CSV5,csv_spectrum,0,train
\\ces-tp3\OE0645-data-uro\TIVITA_Cat\Cat_Pig_UMM\Cat_uro_kidney\Cat_uro_kidney_glob_6m\data\P166_OP130_2023_08_17_Experiment1\2023_08_17_14_09_17\_hypergui_1\spectrum_fromCSV1_(500.0-995.0)_masked_data_0_derivative.csv,kidney_glob,P166,2023_08_17_14_09_17,P166#2023_08_17_14_09_17#CSV1,csv_spectrum,0,train
\\ces-tp3\OE0645-data-uro\TIVITA_Cat\Cat_Pig_UMM\Cat_uro_kidney\Cat_uro_kidney_glob_6m\data\P166_OP130_2023_08_17_Experiment1\2023_08_17_14_09_17\_hypergui_1\spectrum_fromCSV5_(500.0-995.0)_masked_data_0_derivative.csv,kidney_glob,P166,2023_08_17_14_09_17,P166#2023_08_17_14_09_17#CSV5,csv_spectrum,0,train
\\ces-tp3\OE0645-data-uro\TIVITA_Cat\Cat_Pig_UMM\Cat_uro_kidney\Cat_uro_kidney_glob_6m\data\P166_OP130_2023_08_17_Experiment1\2023_08_17_14_10_17\_hypergui_1\spectrum_fromCSV1_(500.0-995.0)_masked_data_0_derivative.csv,kidney_glob,P166,2023_08_17_14_10_17,P166#2023_08_17_14_10_17#CSV1,csv_spectrum,0,train
\\ces-tp3\OE0645-data-uro\TIVITA_Cat\Cat_Pig_UMM\Cat_uro_kidney\Cat_uro_kidney_glob_6m\data\P166_OP130_2023_08_17_Experiment1\2023_08_17_14_10_17\_hypergui_1\spectrum_fromCSV5_(500.0-995.0)_masked_data_0_derivative.csv,kidney_glob,P166,2023_08_17_14_10_17,P166#2023_08_17_14_10_17#CSV5,csv_spectrum,0,train
\\ces-tp3\OE0645-data-uro\TIVITA_Cat\Cat_Pig_UMM\Cat_uro_kidney\Cat_uro_kidney_glob_6m\data\P168_OP132_2023_08_23_Experiment1\2023_08_23_11_04_12\_hypergui_1\spectrum_fromCSV1_(500.0-995.0)_masked_data_0_derivative.csv,kidney_glob,P168,2023_08_23_11_04_12,P168#2023_08_23_11_04_12#CSV1,csv_spectrum,0,train
\\ces-tp3\OE0645-data-uro\TIVITA_Cat\Cat_Pig_UMM\Cat_uro_kidney\Cat_uro_kidney_glob_6m\data\P168_OP132_2023_08_23_Experiment1\2023_08_23_11_04_12\_hypergui_1\spectrum_fromCSV5_(500.0-995.0)_masked_data_0_derivative.csv,kidney_glob,P168,2023_08_23_11_04_12,P168#2023_08_23_11_04_12#CSV5,csv_spectrum,0,train
\\ces-tp3\OE0645-data-uro\TIVITA_Cat\Cat_Pig_UMM\Cat_uro_kidney\Cat_uro_kidney_glob_6m\data\P168_OP132_2023_08_23_Experiment1\2023_08_23_11_05_12\_hypergui_1\spectrum_fromCSV1_(500.0-995.0)_masked_data_0_derivative.csv,kidney_glob,P168,2023_08_23_11_05_12,P168#2023_08_23_11_05_12#CSV1,csv_spectrum,0,train
\\ces-tp3\OE0645-data-uro\TIVITA_Cat\Cat_Pig_UMM\Cat_uro_kidney\Cat_uro_kidney_glob_6m\data\P168_OP132_2023_08_23_Experiment1\2023_08_23_11_05_12\_hypergui_1\spectrum_fromCSV5_(500.0-995.0)_masked_data_0_derivative.csv,kidney_glob,P168,2023_08_23_11_05_12,P168#2023_08_23_11_05_12#CSV5,csv_spectrum,0,train
\\ces-tp3\OE0645-data-uro\TIVITA_Cat\Cat_Pig_UMM\Cat_uro_kidney\Cat_uro_kidney_glob_6m\data\P174_OP138_2023_09_21_Experiment1\2023_09_21_16_25_01\_hypergui_1\spectrum_fromCSV1_(500.0-995.0)_masked_data_0_derivative.csv,kidney_glob,P174,2023_09_21_16_25_01,P174#2023_09_21_16_25_01#CSV1,csv_spectrum,0,train
\\ces-tp3\OE0645-data-uro\TIVITA_Cat\Cat_Pig_UMM\Cat_uro_kidney\Cat_uro_kidney_glob_6m\data\P174_OP138_2023_09_21_Experiment1\2023_09_21_16_25_01\_hypergui_1\spectrum_fromCSV5_(500.0-995.0)_masked_data_0_derivative.csv,kidney_glob,P174,2023_09_21_16_25_01,P174#2023_09_21_16_25_01#CSV5,csv_spectrum,0,train
\\ces-tp3\OE0645-data-uro\TIVITA_Cat\Cat_Pig_UMM\Cat_uro_kidney\Cat_uro_kidney_glob_6m\data\P174_OP138_2023_09_21_Experiment1\2023_09_21_16_26_01\_hypergui_1\spectrum_fromCSV1_(500.0-995.0)_masked_data_0_derivative.csv,kidney_glob,P174,2023_09_21_16_26_01,P174#2023_09_21_16_26_01#CSV1,csv_spectrum,0,train
\\ces-tp3\OE0645-data-uro\TIVITA_Cat\Cat_Pig_UMM\Cat_uro_kidney\Cat_uro_kidney_glob_6m\data\P174_OP138_2023_09_21_Experiment1\2023_09_21_16_26_01\_hypergui_1\spectrum_fromCSV5_(500.0-995.0)_masked_data_0_derivative.csv,kidney_glob,P174,2023_09_21_16_26_01,P174#2023_09_21_16_26_01#CSV5,csv_spectrum,0,train
\\ces-tp3\OE0645-data-uro\TIVITA_Cat\Cat_Pig_UMM\Cat_uro_kidney\Cat_uro_kidney_glob_6m\data\P188_OP152_2023_10_22_Experiment1\2023_10_22_14_40_32\_hypergui_1\spectrum_fromCSV1_(500.0-995.0)_masked_data_0_derivative.csv,kidney_glob,P188,2023_10_22_14_40_32,P188#2023_10_22_14_40_32#CSV1,csv_spectrum,0,train
\\ces-tp3\OE0645-data-uro\TIVITA_Cat\Cat_Pig_UMM\Cat_uro_kidney\Cat_uro_kidney_glob_6m\data\P188_OP152_2023_10_22_Experiment1\2023_10_22_14_40_32\_hypergui_1\spectrum_fromCSV5_(500.0-995.0)_masked_data_0_derivative.csv,kidney_glob,P188,2023_10_22_14_40_32,P188#2023_10_22_14_40_32#CSV5,csv_spectrum,0,train
\\ces-tp3\OE0645-data-uro\TIVITA_Cat\Cat_Pig_UMM\Cat_uro_kidney\Cat_uro_kidney_glob_6m\data\P188_OP152_2023_10_22_Experiment1\2023_10_22_14_41_32\_hypergui_1\spectrum_fromCSV1_(500.0-995.0)_masked_data_0_derivative.csv,kidney_glob,P188,2023_10_22_14_41_32,P188#2023_10_22_14_41_32#CSV1,csv_spectrum,0,train
\\ces-tp3\OE0645-data-uro\TIVITA_Cat\Cat_Pig_UMM\Cat_uro_kidney\Cat_uro_kidney_glob_6m\data\P188_OP152_2023_10_22_Experiment1\2023_10_22_14_41_32\_hypergui_1\spectrum_fromCSV5_(500.0-995.0)_masked_data_0_derivative.csv,kidney_glob,P188,2023_10_22_14_41_32,P188#2023_10_22_14_41_32#CSV5,csv_spectrum,0,train
\\ces-tp3\OE0645-data-uro\TIVITA_Cat\Cat_Pig_UMM\Cat_uro_kidney\Cat_uro_kidney_glob_6m\data\P191_OP155_2023_10_28_Experiment1\2023_10_28_13_58_28\_hypergui_1\spectrum_fromCSV1_(500.0-995.0)_masked_data_0_derivative.csv,kidney_glob,P191,2023_10_28_13_58_28,P191#2023_10_28_13_58_28#CSV1,csv_spectrum,0,train
\\ces-tp3\OE0645-data-uro\TIVITA_Cat\Cat_Pig_UMM\Cat_uro_kidney\Cat_uro_kidney_glob_6m\data\P191_OP155_2023_10_28_Experiment1\2023_10_28_13_58_28\_hypergui_1\spectrum_fromCSV5_(500.0-995.0)_masked_data_0_derivative.csv,kidney_glob,P191,2023_10_28_13_58_28,P191#2023_10_28_13_58_28#CSV5,csv_spectrum,0,train
\\ces-tp3\OE0645-data-uro\TIVITA_Cat\Cat_Pig_UMM\Cat_uro_kidney\Cat_uro_kidney_glob_6m\data\P191_OP155_2023_10_28_Experiment1\2023_10_28_13_59_28\_hypergui_1\spectrum_fromCSV1_(500.0-995.0)_masked_data_0_derivative.csv,kidney_glob,P191,2023_10_28_13_59_28,P191#2023_10_28_13_59_28#CSV1,csv_spectrum,0,train
\\ces-tp3\OE0645-data-uro\TIVITA_Cat\Cat_Pig_UMM\Cat_uro_kidney\Cat_uro_kidney_glob_6m\data\P191_OP155_2023_10_28_Experiment1\2023_10_28_13_59_28\_hypergui_1\spectrum_fromCSV5_(500.0-995.0)_masked_data_0_derivative.csv,kidney_glob,P191,2023_10_28_13_59_28,P191#2023_10_28_13_59_28#CSV5,csv_spectrum,0,train
\\ces-tp3\OE0645-data-uro\TIVITA_Cat\Cat_Pig_UMM\Cat_uro_kidney\Cat_uro_kidney_glob_6m\data\P192_OP156_2023_10_29_Experiment1\2023_10_29_14_43_05\_hypergui_1\spectrum_fromCSV1_(500.0-995.0)_masked_data_0_derivative.csv,kidney_glob,P192,2023_10_29_14_43_05,P192#2023_10_29_14_43_05#CSV1,csv_spectrum,0,train
\\ces-tp3\OE0645-data-uro\TIVITA_Cat\Cat_Pig_UMM\Cat_uro_kidney\Cat_uro_kidney_glob_6m\data\P192_OP156_2023_10_29_Experiment1\2023_10_29_14_43_05\_hypergui_1\spectrum_fromCSV5_(500.0-995.0)_masked_data_0_derivative.csv,kidney_glob,P192,2023_10_29_14_43_05,P192#2023_10_29_14_43_05#CSV5,csv_spectrum,0,train
\\ces-tp3\OE0645-data-uro\TIVITA_Cat\Cat_Pig_UMM\Cat_uro_kidney\Cat_uro_kidney_glob_6m\data\P192_OP156_2023_10_29_Experiment1\2023_10_29_14_44_05\_hypergui_1\spectrum_fromCSV1_(500.0-995.0)_masked_data_0_derivative.csv,kidney_glob,P192,2023_10_29_14_44_05,P192#2023_10_29_14_44_05#CSV1,csv_spectrum,0,train
\\ces-tp3\OE0645-data-uro\TIVITA_Cat\Cat_Pig_UMM\Cat_uro_kidney\Cat_uro_kidney_glob_6m\data\P192_OP156_2023_10_29_Experiment1\2023_10_29_14_44_05\_hypergui_1\spectrum_fromCSV5_(500.0-995.0)_masked_data_0_derivative.csv,kidney_glob,P192,2023_10_29_14_44_05,P192#2023_10_29_14_44_05#CSV5,csv_spectrum,0,train
\\ces-tp3\OE0645-data-uro\TIVITA_Cat\Cat_Pig_UMM\Cat_uro_kidney\Cat_uro_kidney_glob_6m\data\P193_OP157_2023_10_30_Experiment1\2023_10_30_14_03_37\_hypergui_1\spectrum_fromCSV1_(500.0-995.0)_masked_data_0_derivative.csv,kidney_glob,P193,2023_10_30_14_03_37,P193#2023_10_30_14_03_37#CSV1,csv_spectrum,0,train
\\ces-tp3\OE0645-data-uro\TIVITA_Cat\Cat_Pig_UMM\Cat_uro_kidney\Cat_uro_kidney_glob_6m\data\P193_OP157_2023_10_30_Experiment1\2023_10_30_14_03_37\_hypergui_1\spectrum_fromCSV5_(500.0-995.0)_masked_data_0_derivative.csv,kidney_glob,P193,2023_10_30_14_03_37,P193#2023_10_30_14_03_37#CSV5,csv_spectrum,0,train
\\ces-tp3\OE0645-data-uro\TIVITA_Cat\Cat_Pig_UMM\Cat_uro_kidney\Cat_uro_kidney_glob_6m\data\P193_OP157_2023_10_30_Experiment1\2023_10_30_14_04_38\_hypergui_1\spectrum_fromCSV1_(500.0-995.0)_masked_data_0_derivative.csv,kidney_glob,P193,2023_10_30_14_04_38,P193#2023_10_30_14_04_38#CSV1,csv_spectrum,0,train
\\ces-tp3\OE0645-data-uro\TIVITA_Cat\Cat_Pig_UMM\Cat_uro_kidney\Cat_uro_kidney_glob_6m\data\P193_OP157_2023_10_30_Experiment1\2023_10_30_14_04_38\_hypergui_1\spectrum_fromCSV5_(500.0-995.0)_masked_data_0_derivative.csv,kidney_glob,P193,2023_10_30_14_04_38,P193#2023_10_30_14_04_38#CSV5,csv_spectrum,0,train
\\ces-tp3\OE0645-data-uro\TIVITA_Cat\Cat_Pig_UMM\Cat_uro_kidney\Cat_uro_kidney_glob_8m\data\P161_OP125_2023_07_05_Experiment1\2023_07_05_12_27_26\_hypergui_1\spectrum_fromCSV1_(500.0-995.0)_masked_data_0_derivative.csv,kidney_glob,P161,2023_07_05_12_27_26,P161#2023_07_05_12_27_26#CSV1,csv_spectrum,0,train
\\ces-tp3\OE0645-data-uro\TIVITA_Cat\Cat_Pig_UMM\Cat_uro_kidney\Cat_uro_kidney_glob_8m\data\P161_OP125_2023_07_05_Experiment1\2023_07_05_12_27_26\_hypergui_1\spectrum_fromCSV5_(500.0-995.0)_masked_data_0_derivative.csv,kidney_glob,P161,2023_07_05_12_27_26,P161#2023_07_05_12_27_26#CSV5,csv_spectrum,0,train
\\ces-tp3\OE0645-data-uro\TIVITA_Cat\Cat_Pig_UMM\Cat_uro_kidney\Cat_uro_kidney_glob_8m\data\P161_OP125_2023_07_05_Experiment1\2023_07_05_12_28_12\_hypergui_1\spectrum_fromCSV1_(500.0-995.0)_masked_data_0_derivative.csv,kidney_glob,P161,2023_07_05_12_28_12,P161#2023_07_05_12_28_12#CSV1,csv_spectrum,0,train
\\ces-tp3\OE0645-data-uro\TIVITA_Cat\Cat_Pig_UMM\Cat_uro_kidney\Cat_uro_kidney_glob_8m\data\P161_OP125_2023_07_05_Experiment1\2023_07_05_12_28_12\_hypergui_1\spectrum_fromCSV5_(500.0-995.0)_masked_data_0_derivative.csv,kidney_glob,P161,2023_07_05_12_28_12,P161#2023_07_05_12_28_12#CSV5,csv_spectrum,0,train
\\ces-tp3\OE0645-data-uro\TIVITA_Cat\Cat_Pig_UMM\Cat_uro_kidney\Cat_uro_kidney_glob_8m\data\P161_OP125_2023_07_05_Experiment1\2023_07_05_12_28_42\_hypergui_1\spectrum_fromCSV1_(500.0-995.0)_masked_data_0_derivative.csv,kidney_glob,P161,2023_07_05_12_28_42,P161#2023_07_05_12_28_42#CSV1,csv_spectrum,0,train
\\ces-tp3\OE0645-data-uro\TIVITA_Cat\Cat_Pig_UMM\Cat_uro_kidney\Cat_uro_kidney_glob_8m\data\P161_OP125_2023_07_05_Experiment1\2023_07_05_12_28_42\_hypergui_1\spectrum_fromCSV5_(500.0-995.0)_masked_data_0_derivative.csv,kidney_glob,P161,2023_07_05_12_28_42,P161#2023_07_05_12_28_42#CSV5,csv_spectrum,0,train
\\ces-tp3\OE0645-data-uro\TIVITA_Cat\Cat_Pig_UMM\Cat_uro_kidney\Cat_uro_kidney_glob_8m\data\P161_OP125_2023_07_05_Experiment1\2023_07_05_12_29_12\_hypergui_1\spectrum_fromCSV1_(500.0-995.0)_masked_data_0_derivative.csv,kidney_glob,P161,2023_07_05_12_29_12,P161#2023_07_05_12_29_12#CSV1,csv_spectrum,0,train
\\ces-tp3\OE0645-data-uro\TIVITA_Cat\Cat_Pig_UMM\Cat_uro_kidney\Cat_uro_kidney_glob_8m\data\P161_OP125_2023_07_05_Experiment1\2023_07_05_12_29_12\_hypergui_1\spectrum_fromCSV5_(500.0-995.0)_masked_data_0_derivative.csv,kidney_glob,P161,2023_07_05_12_29_12,P161#2023_07_05_12_29_12#CSV5,csv_spectrum,0,train
\\ces-tp3\OE0645-data-uro\TIVITA_Cat\Cat_Pig_UMM\Cat_uro_kidney\Cat_uro_kidney_glob_8m\data\P162_OP126_2023_07_06_Experiment1\2023_07_06_13_27_22\_hypergui_1\spectrum_fromCSV1_(500.0-995.0)_masked_data_0_derivative.csv,kidney_glob,P162,2023_07_06_13_27_22,P162#2023_07_06_13_27_22#CSV1,csv_spectrum,0,train
\\ces-tp3\OE0645-data-uro\TIVITA_Cat\Cat_Pig_UMM\Cat_uro_kidney\Cat_uro_kidney_glob_8m\data\P162_OP126_2023_07_06_Experiment1\2023_07_06_13_27_22\_hypergui_1\spectrum_fromCSV5_(500.0-995.0)_masked_data_0_derivative.csv,kidney_glob,P162,2023_07_06_13_27_22,P162#2023_07_06_13_27_22#CSV5,csv_spectrum,0,train
\\ces-tp3\OE0645-data-uro\TIVITA_Cat\Cat_Pig_UMM\Cat_uro_kidney\Cat_uro_kidney_glob_8m\data\P162_OP126_2023_07_06_Experiment1\2023_07_06_13_27_52\_hypergui_1\spectrum_fromCSV1_(500.0-995.0)_masked_data_0_derivative.csv,kidney_glob,P162,2023_07_06_13_27_52,P162#2023_07_06_13_27_52#CSV1,csv_spectrum,0,train
\\ces-tp3\OE0645-data-uro\TIVITA_Cat\Cat_Pig_UMM\Cat_uro_kidney\Cat_uro_kidney_glob_8m\data\P162_OP126_2023_07_06_Experiment1\2023_07_06_13_27_52\_hypergui_1\spectrum_fromCSV5_(500.0-995.0)_masked_data_0_derivative.csv,kidney_glob,P162,2023_07_06_13_27_52,P162#2023_07_06_13_27_52#CSV5,csv_spectrum,0,train
\\ces-tp3\OE0645-data-uro\TIVITA_Cat\Cat_Pig_UMM\Cat_uro_kidney\Cat_uro_kidney_glob_8m\data\P162_OP126_2023_07_06_Experiment1\2023_07_06_13_28_22\_hypergui_1\spectrum_fromCSV1_(500.0-995.0)_masked_data_0_derivative.csv,kidney_glob,P162,2023_07_06_13_28_22,P162#2023_07_06_13_28_22#CSV1,csv_spectrum,0,train
\\ces-tp3\OE0645-data-uro\TIVITA_Cat\Cat_Pig_UMM\Cat_uro_kidney\Cat_uro_kidney_glob_8m\data\P162_OP126_2023_07_06_Experiment1\2023_07_06_13_28_22\_hypergui_1\spectrum_fromCSV5_(500.0-995.0)_masked_data_0_derivative.csv,kidney_glob,P162,2023_07_06_13_28_22,P162#2023_07_06_13_28_22#CSV5,csv_spectrum,0,train
\\ces-tp3\OE0645-data-uro\TIVITA_Cat\Cat_Pig_UMM\Cat_uro_kidney\Cat_uro_kidney_glob_8m\data\P162_OP126_2023_07_06_Experiment1\2023_07_06_13_28_52\_hypergui_1\spectrum_fromCSV1_(500.0-995.0)_masked_data_0_derivative.csv,kidney_glob,P162,2023_07_06_13_28_52,P162#2023_07_06_13_28_52#CSV1,csv_spectrum,0,train
\\ces-tp3\OE0645-data-uro\TIVITA_Cat\Cat_Pig_UMM\Cat_uro_kidney\Cat_uro_kidney_glob_8m\data\P162_OP126_2023_07_06_Experiment1\2023_07_06_13_28_52\_hypergui_1\spectrum_fromCSV5_(500.0-995.0)_masked_data_0_derivative.csv,kidney_glob,P162,2023_07_06_13_28_52,P162#2023_07_06_13_28_52#CSV5,csv_spectrum,0,train
\\ces-tp3\OE0645-data-uro\TIVITA_Cat\Cat_Pig_UMM\Cat_uro_kidney\Cat_uro_kidney_glob_8m\data\P165_OP129_2023_08_16_Experiment1\2023_08_16_14_42_02\_hypergui_1\spectrum_fromCSV1_(500.0-995.0)_masked_data_0_derivative.csv,kidney_glob,P165,2023_08_16_14_42_02,P165#2023_08_16_14_42_02#CSV1,csv_spectrum,0,train
\\ces-tp3\OE0645-data-uro\TIVITA_Cat\Cat_Pig_UMM\Cat_uro_kidney\Cat_uro_kidney_glob_8m\data\P165_OP129_2023_08_16_Experiment1\2023_08_16_14_42_02\_hypergui_1\spectrum_fromCSV5_(500.0-995.0)_masked_data_0_derivative.csv,kidney_glob,P165,2023_08_16_14_42_02,P165#2023_08_16_14_42_02#CSV5,csv_spectrum,0,train
\\ces-tp3\OE0645-data-uro\TIVITA_Cat\Cat_Pig_UMM\Cat_uro_kidney\Cat_uro_kidney_glob_8m\data\P165_OP129_2023_08_16_Experiment1\2023_08_16_14_42_33\_hypergui_1\spectrum_fromCSV1_(500.0-995.0)_masked_data_0_derivative.csv,kidney_glob,P165,2023_08_16_14_42_33,P165#2023_08_16_14_42_33#CSV1,csv_spectrum,0,train
\\ces-tp3\OE0645-data-uro\TIVITA_Cat\Cat_Pig_UMM\Cat_uro_kidney\Cat_uro_kidney_glob_8m\data\P165_OP129_2023_08_16_Experiment1\2023_08_16_14_42_33\_hypergui_1\spectrum_fromCSV5_(500.0-995.0)_masked_data_0_derivative.csv,kidney_glob,P165,2023_08_16_14_42_33,P165#2023_08_16_14_42_33#CSV5,csv_spectrum,0,train
\\ces-tp3\OE0645-data-uro\TIVITA_Cat\Cat_Pig_UMM\Cat_uro_kidney\Cat_uro_kidney_glob_8m\data\P166_OP130_2023_08_17_Experiment1\2023_08_17_14_11_18\_hypergui_1\spectrum_fromCSV1_(500.0-995.0)_masked_data_0_derivative.csv,kidney_glob,P166,2023_08_17_14_11_18,P166#2023_08_17_14_11_18#CSV1,csv_spectrum,0,train
\\ces-tp3\OE0645-data-uro\TIVITA_Cat\Cat_Pig_UMM\Cat_uro_kidney\Cat_uro_kidney_glob_8m\data\P166_OP130_2023_08_17_Experiment1\2023_08_17_14_11_18\_hypergui_1\spectrum_fromCSV5_(500.0-995.0)_masked_data_0_derivative.csv,kidney_glob,P166,2023_08_17_14_11_18,P166#2023_08_17_14_11_18#CSV5,csv_spectrum,0,train
\\ces-tp3\OE0645-data-uro\TIVITA_Cat\Cat_Pig_UMM\Cat_uro_kidney\Cat_uro_kidney_glob_8m\data\P168_OP132_2023_08_23_Experiment1\2023_08_23_11_06_12\_hypergui_1\spectrum_fromCSV1_(500.0-995.0)_masked_data_0_derivative.csv,kidney_glob,P168,2023_08_23_11_06_12,P168#2023_08_23_11_06_12#CSV1,csv_spectrum,0,train
\\ces-tp3\OE0645-data-uro\TIVITA_Cat\Cat_Pig_UMM\Cat_uro_kidney\Cat_uro_kidney_glob_8m\data\P168_OP132_2023_08_23_Experiment1\2023_08_23_11_06_12\_hypergui_1\spectrum_fromCSV5_(500.0-995.0)_masked_data_0_derivative.csv,kidney_glob,P168,2023_08_23_11_06_12,P168#2023_08_23_11_06_12#CSV5,csv_spectrum,0,train
\\ces-tp3\OE0645-data-uro\TIVITA_Cat\Cat_Pig_UMM\Cat_uro_kidney\Cat_uro_kidney_glob_8m\data\P168_OP132_2023_08_23_Experiment1\2023_08_23_11_07_12\_hypergui_1\spectrum_fromCSV1_(500.0-995.0)_masked_data_0_derivative.csv,kidney_glob,P168,2023_08_23_11_07_12,P168#2023_08_23_11_07_12#CSV1,csv_spectrum,0,train
\\ces-tp3\OE0645-data-uro\TIVITA_Cat\Cat_Pig_UMM\Cat_uro_kidney\Cat_uro_kidney_glob_8m\data\P168_OP132_2023_08_23_Experiment1\2023_08_23_11_07_12\_hypergui_1\spectrum_fromCSV5_(500.0-995.0)_masked_data_0_derivative.csv,kidney_glob,P168,2023_08_23_11_07_12,P168#2023_08_23_11_07_12#CSV5,csv_spectrum,0,train
\\ces-tp3\OE0645-data-uro\TIVITA_Cat\Cat_Pig_UMM\Cat_uro_kidney\Cat_uro_kidney_glob_8m\data\P174_OP138_2023_09_21_Experiment1\2023_09_21_16_27_02\_hypergui_1\spectrum_fromCSV1_(500.0-995.0)_masked_data_0_derivative.csv,kidney_glob,P174,2023_09_21_16_27_02,P174#2023_09_21_16_27_02#CSV1,csv_spectrum,0,train
\\ces-tp3\OE0645-data-uro\TIVITA_Cat\Cat_Pig_UMM\Cat_uro_kidney\Cat_uro_kidney_glob_8m\data\P174_OP138_2023_09_21_Experiment1\2023_09_21_16_27_02\_hypergui_1\spectrum_fromCSV5_(500.0-995.0)_masked_data_0_derivative.csv,kidney_glob,P174,2023_09_21_16_27_02,P174#2023_09_21_16_27_02#CSV5,csv_spectrum,0,train
\\ces-tp3\OE0645-data-uro\TIVITA_Cat\Cat_Pig_UMM\Cat_uro_kidney\Cat_uro_kidney_glob_8m\data\P174_OP138_2023_09_21_Experiment1\2023_09_21_16_28_01\_hypergui_1\spectrum_fromCSV1_(500.0-995.0)_masked_data_0_derivative.csv,kidney_glob,P174,2023_09_21_16_28_01,P174#2023_09_21_16_28_01#CSV1,csv_spectrum,0,train
\\ces-tp3\OE0645-data-uro\TIVITA_Cat\Cat_Pig_UMM\Cat_uro_kidney\Cat_uro_kidney_glob_8m\data\P174_OP138_2023_09_21_Experiment1\2023_09_21_16_28_01\_hypergui_1\spectrum_fromCSV5_(500.0-995.0)_masked_data_0_derivative.csv,kidney_glob,P174,2023_09_21_16_28_01,P174#2023_09_21_16_28_01#CSV5,csv_spectrum,0,train
\\ces-tp3\OE0645-data-uro\TIVITA_Cat\Cat_Pig_UMM\Cat_uro_kidney\Cat_uro_kidney_glob_8m\data\P188_OP152_2023_10_22_Experiment1\2023_10_22_14_42_32\_hypergui_1\spectrum_fromCSV1_(500.0-995.0)_masked_data_0_derivative.csv,kidney_glob,P188,2023_10_22_14_42_32,P188#2023_10_22_14_42_32#CSV1,csv_spectrum,0,train
\\ces-tp3\OE0645-data-uro\TIVITA_Cat\Cat_Pig_UMM\Cat_uro_kidney\Cat_uro_kidney_glob_8m\data\P188_OP152_2023_10_22_Experiment1\2023_10_22_14_42_32\_hypergui_1\spectrum_fromCSV5_(500.0-995.0)_masked_data_0_derivative.csv,kidney_glob,P188,2023_10_22_14_42_32,P188#2023_10_22_14_42_32#CSV5,csv_spectrum,0,train
\\ces-tp3\OE0645-data-uro\TIVITA_Cat\Cat_Pig_UMM\Cat_uro_kidney\Cat_uro_kidney_glob_8m\data\P191_OP155_2023_10_28_Experiment1\2023_10_28_14_00_28\_hypergui_1\spectrum_fromCSV1_(500.0-995.0)_masked_data_0_derivative.csv,kidney_glob,P191,2023_10_28_14_00_28,P191#2023_10_28_14_00_28#CSV1,csv_spectrum,0,train
\\ces-tp3\OE0645-data-uro\TIVITA_Cat\Cat_Pig_UMM\Cat_uro_kidney\Cat_uro_kidney_glob_8m\data\P191_OP155_2023_10_28_Experiment1\2023_10_28_14_00_28\_hypergui_1\spectrum_fromCSV5_(500.0-995.0)_masked_data_0_derivative.csv,kidney_glob,P191,2023_10_28_14_00_28,P191#2023_10_28_14_00_28#CSV5,csv_spectrum,0,train
\\ces-tp3\OE0645-data-uro\TIVITA_Cat\Cat_Pig_UMM\Cat_uro_kidney\Cat_uro_kidney_glob_8m\data\P191_OP155_2023_10_28_Experiment1\2023_10_28_14_01_29\_hypergui_1\spectrum_fromCSV1_(500.0-995.0)_masked_data_0_derivative.csv,kidney_glob,P191,2023_10_28_14_01_29,P191#2023_10_28_14_01_29#CSV1,csv_spectrum,0,train
\\ces-tp3\OE0645-data-uro\TIVITA_Cat\Cat_Pig_UMM\Cat_uro_kidney\Cat_uro_kidney_glob_8m\data\P191_OP155_2023_10_28_Experiment1\2023_10_28_14_01_29\_hypergui_1\spectrum_fromCSV5_(500.0-995.0)_masked_data_0_derivative.csv,kidney_glob,P191,2023_10_28_14_01_29,P191#2023_10_28_14_01_29#CSV5,csv_spectrum,0,train
\\ces-tp3\OE0645-data-uro\TIVITA_Cat\Cat_Pig_UMM\Cat_uro_kidney\Cat_uro_kidney_glob_8m\data\P192_OP156_2023_10_29_Experiment1\2023_10_29_14_45_05\_hypergui_1\spectrum_fromCSV1_(500.0-995.0)_masked_data_0_derivative.csv,kidney_glob,P192,2023_10_29_14_45_05,P192#2023_10_29_14_45_05#CSV1,csv_spectrum,0,train
\\ces-tp3\OE0645-data-uro\TIVITA_Cat\Cat_Pig_UMM\Cat_uro_kidney\Cat_uro_kidney_glob_8m\data\P192_OP156_2023_10_29_Experiment1\2023_10_29_14_45_05\_hypergui_1\spectrum_fromCSV5_(500.0-995.0)_masked_data_0_derivative.csv,kidney_glob,P192,2023_10_29_14_45_05,P192#2023_10_29_14_45_05#CSV5,csv_spectrum,0,train
\\ces-tp3\OE0645-data-uro\TIVITA_Cat\Cat_Pig_UMM\Cat_uro_kidney\Cat_uro_kidney_glob_8m\data\P192_OP156_2023_10_29_Experiment1\2023_10_29_14_46_06\_hypergui_1\spectrum_fromCSV1_(500.0-995.0)_masked_data_0_derivative.csv,kidney_glob,P192,2023_10_29_14_46_06,P192#2023_10_29_14_46_06#CSV1,csv_spectrum,0,train
\\ces-tp3\OE0645-data-uro\TIVITA_Cat\Cat_Pig_UMM\Cat_uro_kidney\Cat_uro_kidney_glob_8m\data\P192_OP156_2023_10_29_Experiment1\2023_10_29_14_46_06\_hypergui_1\spectrum_fromCSV5_(500.0-995.0)_masked_data_0_derivative.csv,kidney_glob,P192,2023_10_29_14_46_06,P192#2023_10_29_14_46_06#CSV5,csv_spectrum,0,train
\\ces-tp3\OE0645-data-uro\TIVITA_Cat\Cat_Pig_UMM\Cat_uro_kidney\Cat_uro_kidney_glob_8m\data\P193_OP157_2023_10_30_Experiment1\2023_10_30_14_05_38\_hypergui_1\spectrum_fromCSV1_(500.0-995.0)_masked_data_0_derivative.csv,kidney_glob,P193,2023_10_30_14_05_38,P193#2023_10_30_14_05_38#CSV1,csv_spectrum,0,train
\\ces-tp3\OE0645-data-uro\TIVITA_Cat\Cat_Pig_UMM\Cat_uro_kidney\Cat_uro_kidney_glob_8m\data\P193_OP157_2023_10_30_Experiment1\2023_10_30_14_05_38\_hypergui_1\spectrum_fromCSV5_(500.0-995.0)_masked_data_0_derivative.csv,kidney_glob,P193,2023_10_30_14_05_38,P193#2023_10_30_14_05_38#CSV5,csv_spectrum,0,train
\\ces-tp3\OE0645-data-uro\TIVITA_Cat\Cat_Pig_UMM\Cat_uro_kidney\Cat_uro_kidney_glob_8m\data\P193_OP157_2023_10_30_Experiment1\2023_10_30_14_06_38\_hypergui_1\spectrum_fromCSV1_(500.0-995.0)_masked_data_0_derivative.csv,kidney_glob,P193,2023_10_30_14_06_38,P193#2023_10_30_14_06_38#CSV1,csv_spectrum,0,train
\\ces-tp3\OE0645-data-uro\TIVITA_Cat\Cat_Pig_UMM\Cat_uro_kidney\Cat_uro_kidney_glob_8m\data\P193_OP157_2023_10_30_Experiment1\2023_10_30_14_06_38\_hypergui_1\spectrum_fromCSV5_(500.0-995.0)_masked_data_0_derivative.csv,kidney_glob,P193,2023_10_30_14_06_38,P193#2023_10_30_14_06_38#CSV5,csv_spectrum,0,train
\\ces-tp3\OE0645-data-uro\TIVITA_Cat\Cat_Pig_UMM\Cat_uro_kidney\Cat_uro_kidney_glob__base\data\P161_OP125_2023_07_05_Experiment1\2023_07_05_12_10_00\_hypergui_1\spectrum_fromCSV1_(500.0-995.0)_masked_data_0_derivative.csv,kidney_glob,P161,2023_07_05_12_10_00,P161#2023_07_05_12_10_00#CSV1,csv_spectrum,0,train
\\ces-tp3\OE0645-data-uro\TIVITA_Cat\Cat_Pig_UMM\Cat_uro_kidney\Cat_uro_kidney_glob__base\data\P161_OP125_2023_07_05_Experiment1\2023_07_05_12_10_00\_hypergui_1\spectrum_fromCSV5_(500.0-995.0)_masked_data_0_derivative.csv,kidney_glob,P161,2023_07_05_12_10_00,P161#2023_07_05_12_10_00#CSV5,csv_spectrum,0,train
\\ces-tp3\OE0645-data-uro\TIVITA_Cat\Cat_Pig_UMM\Cat_uro_kidney\Cat_uro_kidney_glob__base\data\P161_OP125_2023_07_05_Experiment1\2023_07_05_12_10_30\_hypergui_1\spectrum_fromCSV1_(500.0-995.0)_masked_data_0_derivative.csv,kidney_glob,P161,2023_07_05_12_10_30,P161#2023_07_05_12_10_30#CSV1,csv_spectrum,0,train
\\ces-tp3\OE0645-data-uro\TIVITA_Cat\Cat_Pig_UMM\Cat_uro_kidney\Cat_uro_kidney_glob__base\data\P161_OP125_2023_07_05_Experiment1\2023_07_05_12_10_30\_hypergui_1\spectrum_fromCSV5_(500.0-995.0)_masked_data_0_derivative.csv,kidney_glob,P161,2023_07_05_12_10_30,P161#2023_07_05_12_10_30#CSV5,csv_spectrum,0,train
\\ces-tp3\OE0645-data-uro\TIVITA_Cat\Cat_Pig_UMM\Cat_uro_kidney\Cat_uro_kidney_glob__base\data\P161_OP125_2023_07_05_Experiment1\2023_07_05_12_11_00\_hypergui_1\spectrum_fromCSV1_(500.0-995.0)_masked_data_0_derivative.csv,kidney_glob,P161,2023_07_05_12_11_00,P161#2023_07_05_12_11_00#CSV1,csv_spectrum,0,train
\\ces-tp3\OE0645-data-uro\TIVITA_Cat\Cat_Pig_UMM\Cat_uro_kidney\Cat_uro_kidney_glob__base\data\P161_OP125_2023_07_05_Experiment1\2023_07_05_12_11_00\_hypergui_1\spectrum_fromCSV5_(500.0-995.0)_masked_data_0_derivative.csv,kidney_glob,P161,2023_07_05_12_11_00,P161#2023_07_05_12_11_00#CSV5,csv_spectrum,0,train
\\ces-tp3\OE0645-data-uro\TIVITA_Cat\Cat_Pig_UMM\Cat_uro_kidney\Cat_uro_kidney_glob__base\data\P161_OP125_2023_07_05_Experiment1\2023_07_05_12_11_30\_hypergui_1\spectrum_fromCSV1_(500.0-995.0)_masked_data_0_derivative.csv,kidney_glob,P161,2023_07_05_12_11_30,P161#2023_07_05_12_11_30#CSV1,csv_spectrum,0,train
\\ces-tp3\OE0645-data-uro\TIVITA_Cat\Cat_Pig_UMM\Cat_uro_kidney\Cat_uro_kidney_glob__base\data\P161_OP125_2023_07_05_Experiment1\2023_07_05_12_11_30\_hypergui_1\spectrum_fromCSV5_(500.0-995.0)_masked_data_0_derivative.csv,kidney_glob,P161,2023_07_05_12_11_30,P161#2023_07_05_12_11_30#CSV5,csv_spectrum,0,train
\\ces-tp3\OE0645-data-uro\TIVITA_Cat\Cat_Pig_UMM\Cat_uro_kidney\Cat_uro_kidney_glob__base\data\P162_OP126_2023_07_06_Experiment1\2023_07_06_13_13_35\_hypergui_1\spectrum_fromCSV1_(500.0-995.0)_masked_data_0_derivative.csv,kidney_glob,P162,2023_07_06_13_13_35,P162#2023_07_06_13_13_35#CSV1,csv_spectrum,0,train
\\ces-tp3\OE0645-data-uro\TIVITA_Cat\Cat_Pig_UMM\Cat_uro_kidney\Cat_uro_kidney_glob__base\data\P162_OP126_2023_07_06_Experiment1\2023_07_06_13_13_35\_hypergui_1\spectrum_fromCSV5_(500.0-995.0)_masked_data_0_derivative.csv,kidney_glob,P162,2023_07_06_13_13_35,P162#2023_07_06_13_13_35#CSV5,csv_spectrum,0,train
\\ces-tp3\OE0645-data-uro\TIVITA_Cat\Cat_Pig_UMM\Cat_uro_kidney\Cat_uro_kidney_glob__base\data\P162_OP126_2023_07_06_Experiment1\2023_07_06_13_14_05\_hypergui_1\spectrum_fromCSV1_(500.0-995.0)_masked_data_0_derivative.csv,kidney_glob,P162,2023_07_06_13_14_05,P162#2023_07_06_13_14_05#CSV1,csv_spectrum,0,train
\\ces-tp3\OE0645-data-uro\TIVITA_Cat\Cat_Pig_UMM\Cat_uro_kidney\Cat_uro_kidney_glob__base\data\P162_OP126_2023_07_06_Experiment1\2023_07_06_13_14_05\_hypergui_1\spectrum_fromCSV5_(500.0-995.0)_masked_data_0_derivative.csv,kidney_glob,P162,2023_07_06_13_14_05,P162#2023_07_06_13_14_05#CSV5,csv_spectrum,0,train
\\ces-tp3\OE0645-data-uro\TIVITA_Cat\Cat_Pig_UMM\Cat_uro_kidney\Cat_uro_kidney_glob__base\data\P162_OP126_2023_07_06_Experiment1\2023_07_06_13_14_36\_hypergui_1\spectrum_fromCSV1_(500.0-995.0)_masked_data_0_derivative.csv,kidney_glob,P162,2023_07_06_13_14_36,P162#2023_07_06_13_14_36#CSV1,csv_spectrum,0,train
\\ces-tp3\OE0645-data-uro\TIVITA_Cat\Cat_Pig_UMM\Cat_uro_kidney\Cat_uro_kidney_glob__base\data\P162_OP126_2023_07_06_Experiment1\2023_07_06_13_14_36\_hypergui_1\spectrum_fromCSV5_(500.0-995.0)_masked_data_0_derivative.csv,kidney_glob,P162,2023_07_06_13_14_36,P162#2023_07_06_13_14_36#CSV5,csv_spectrum,0,train
\\ces-tp3\OE0645-data-uro\TIVITA_Cat\Cat_Pig_UMM\Cat_uro_kidney\Cat_uro_kidney_glob__base\data\P165_OP129_2023_08_16_Experiment1\2023_08_16_14_29_25\_hypergui_1\spectrum_fromCSV1_(500.0-995.0)_masked_data_0_derivative.csv,kidney_glob,P165,2023_08_16_14_29_25,P165#2023_08_16_14_29_25#CSV1,csv_spectrum,0,train
\\ces-tp3\OE0645-data-uro\TIVITA_Cat\Cat_Pig_UMM\Cat_uro_kidney\Cat_uro_kidney_glob__base\data\P165_OP129_2023_08_16_Experiment1\2023_08_16_14_29_25\_hypergui_1\spectrum_fromCSV5_(500.0-995.0)_masked_data_0_derivative.csv,kidney_glob,P165,2023_08_16_14_29_25,P165#2023_08_16_14_29_25#CSV5,csv_spectrum,0,train
\\ces-tp3\OE0645-data-uro\TIVITA_Cat\Cat_Pig_UMM\Cat_uro_kidney\Cat_uro_kidney_glob__base\data\P165_OP129_2023_08_16_Experiment1\2023_08_16_14_29_55\_hypergui_1\spectrum_fromCSV1_(500.0-995.0)_masked_data_0_derivative.csv,kidney_glob,P165,2023_08_16_14_29_55,P165#2023_08_16_14_29_55#CSV1,csv_spectrum,0,train
\\ces-tp3\OE0645-data-uro\TIVITA_Cat\Cat_Pig_UMM\Cat_uro_kidney\Cat_uro_kidney_glob__base\data\P165_OP129_2023_08_16_Experiment1\2023_08_16_14_29_55\_hypergui_1\spectrum_fromCSV5_(500.0-995.0)_masked_data_0_derivative.csv,kidney_glob,P165,2023_08_16_14_29_55,P165#2023_08_16_14_29_55#CSV5,csv_spectrum,0,train
\\ces-tp3\OE0645-data-uro\TIVITA_Cat\Cat_Pig_UMM\Cat_uro_kidney\Cat_uro_kidney_glob__base\data\P165_OP129_2023_08_16_Experiment1\2023_08_16_14_30_25\_hypergui_1\spectrum_fromCSV1_(500.0-995.0)_masked_data_0_derivative.csv,kidney_glob,P165,2023_08_16_14_30_25,P165#2023_08_16_14_30_25#CSV1,csv_spectrum,0,train
\\ces-tp3\OE0645-data-uro\TIVITA_Cat\Cat_Pig_UMM\Cat_uro_kidney\Cat_uro_kidney_glob__base\data\P165_OP129_2023_08_16_Experiment1\2023_08_16_14_30_25\_hypergui_1\spectrum_fromCSV5_(500.0-995.0)_masked_data_0_derivative.csv,kidney_glob,P165,2023_08_16_14_30_25,P165#2023_08_16_14_30_25#CSV5,csv_spectrum,0,train
\\ces-tp3\OE0645-data-uro\TIVITA_Cat\Cat_Pig_UMM\Cat_uro_kidney\Cat_uro_kidney_glob__base\data\P166_OP130_2023_08_17_Experiment1\2023_08_17_13_54_19\_hypergui_1\spectrum_fromCSV1_(500.0-995.0)_masked_data_0_derivative.csv,kidney_glob,P166,2023_08_17_13_54_19,P166#2023_08_17_13_54_19#CSV1,csv_spectrum,0,train
\\ces-tp3\OE0645-data-uro\TIVITA_Cat\Cat_Pig_UMM\Cat_uro_kidney\Cat_uro_kidney_glob__base\data\P166_OP130_2023_08_17_Experiment1\2023_08_17_13_54_19\_hypergui_1\spectrum_fromCSV5_(500.0-995.0)_masked_data_0_derivative.csv,kidney_glob,P166,2023_08_17_13_54_19,P166#2023_08_17_13_54_19#CSV5,csv_spectrum,0,train
\\ces-tp3\OE0645-data-uro\TIVITA_Cat\Cat_Pig_UMM\Cat_uro_kidney\Cat_uro_kidney_glob__base\data\P166_OP130_2023_08_17_Experiment1\2023_08_17_13_54_49\_hypergui_1\spectrum_fromCSV1_(500.0-995.0)_masked_data_0_derivative.csv,kidney_glob,P166,2023_08_17_13_54_49,P166#2023_08_17_13_54_49#CSV1,csv_spectrum,0,train
\\ces-tp3\OE0645-data-uro\TIVITA_Cat\Cat_Pig_UMM\Cat_uro_kidney\Cat_uro_kidney_glob__base\data\P166_OP130_2023_08_17_Experiment1\2023_08_17_13_54_49\_hypergui_1\spectrum_fromCSV5_(500.0-995.0)_masked_data_0_derivative.csv,kidney_glob,P166,2023_08_17_13_54_49,P166#2023_08_17_13_54_49#CSV5,csv_spectrum,0,train
\\ces-tp3\OE0645-data-uro\TIVITA_Cat\Cat_Pig_UMM\Cat_uro_kidney\Cat_uro_kidney_glob__base\data\P166_OP130_2023_08_17_Experiment1\2023_08_17_13_55_19\_hypergui_1\spectrum_fromCSV1_(500.0-995.0)_masked_data_0_derivative.csv,kidney_glob,P166,2023_08_17_13_55_19,P166#2023_08_17_13_55_19#CSV1,csv_spectrum,0,train
\\ces-tp3\OE0645-data-uro\TIVITA_Cat\Cat_Pig_UMM\Cat_uro_kidney\Cat_uro_kidney_glob__base\data\P166_OP130_2023_08_17_Experiment1\2023_08_17_13_55_19\_hypergui_1\spectrum_fromCSV5_(500.0-995.0)_masked_data_0_derivative.csv,kidney_glob,P166,2023_08_17_13_55_19,P166#2023_08_17_13_55_19#CSV5,csv_spectrum,0,train
\\ces-tp3\OE0645-data-uro\TIVITA_Cat\Cat_Pig_UMM\Cat_uro_kidney\Cat_uro_kidney_glob__base\data\P166_OP130_2023_08_17_Experiment1\2023_08_17_13_55_49\_hypergui_1\spectrum_fromCSV1_(500.0-995.0)_masked_data_0_derivative.csv,kidney_glob,P166,2023_08_17_13_55_49,P166#2023_08_17_13_55_49#CSV1,csv_spectrum,0,train
\\ces-tp3\OE0645-data-uro\TIVITA_Cat\Cat_Pig_UMM\Cat_uro_kidney\Cat_uro_kidney_glob__base\data\P166_OP130_2023_08_17_Experiment1\2023_08_17_13_55_49\_hypergui_1\spectrum_fromCSV5_(500.0-995.0)_masked_data_0_derivative.csv,kidney_glob,P166,2023_08_17_13_55_49,P166#2023_08_17_13_55_49#CSV5,csv_spectrum,0,train
\\ces-tp3\OE0645-data-uro\TIVITA_Cat\Cat_Pig_UMM\Cat_uro_kidney\Cat_uro_kidney_glob__base\data\P168_OP132_2023_08_23_Experiment1\2023_08_23_10_54_29\_hypergui_1\spectrum_fromCSV1_(500.0-995.0)_masked_data_0_derivative.csv,kidney_glob,P168,2023_08_23_10_54_29,P168#2023_08_23_10_54_29#CSV1,csv_spectrum,0,train
\\ces-tp3\OE0645-data-uro\TIVITA_Cat\Cat_Pig_UMM\Cat_uro_kidney\Cat_uro_kidney_glob__base\data\P168_OP132_2023_08_23_Experiment1\2023_08_23_10_54_29\_hypergui_1\spectrum_fromCSV5_(500.0-995.0)_masked_data_0_derivative.csv,kidney_glob,P168,2023_08_23_10_54_29,P168#2023_08_23_10_54_29#CSV5,csv_spectrum,0,train
\\ces-tp3\OE0645-data-uro\TIVITA_Cat\Cat_Pig_UMM\Cat_uro_kidney\Cat_uro_kidney_glob__base\data\P168_OP132_2023_08_23_Experiment1\2023_08_23_10_54_59\_hypergui_1\spectrum_fromCSV1_(500.0-995.0)_masked_data_0_derivative.csv,kidney_glob,P168,2023_08_23_10_54_59,P168#2023_08_23_10_54_59#CSV1,csv_spectrum,0,train
\\ces-tp3\OE0645-data-uro\TIVITA_Cat\Cat_Pig_UMM\Cat_uro_kidney\Cat_uro_kidney_glob__base\data\P168_OP132_2023_08_23_Experiment1\2023_08_23_10_54_59\_hypergui_1\spectrum_fromCSV5_(500.0-995.0)_masked_data_0_derivative.csv,kidney_glob,P168,2023_08_23_10_54_59,P168#2023_08_23_10_54_59#CSV5,csv_spectrum,0,train
\\ces-tp3\OE0645-data-uro\TIVITA_Cat\Cat_Pig_UMM\Cat_uro_kidney\Cat_uro_kidney_glob__base\data\P168_OP132_2023_08_23_Experiment1\2023_08_23_10_55_29\_hypergui_1\spectrum_fromCSV1_(500.0-995.0)_masked_data_0_derivative.csv,kidney_glob,P168,2023_08_23_10_55_29,P168#2023_08_23_10_55_29#CSV1,csv_spectrum,0,train
\\ces-tp3\OE0645-data-uro\TIVITA_Cat\Cat_Pig_UMM\Cat_uro_kidney\Cat_uro_kidney_glob__base\data\P168_OP132_2023_08_23_Experiment1\2023_08_23_10_55_29\_hypergui_1\spectrum_fromCSV5_(500.0-995.0)_masked_data_0_derivative.csv,kidney_glob,P168,2023_08_23_10_55_29,P168#2023_08_23_10_55_29#CSV5,csv_spectrum,0,train
\\ces-tp3\OE0645-data-uro\TIVITA_Cat\Cat_Pig_UMM\Cat_uro_kidney\Cat_uro_kidney_glob__base\data\P174_OP138_2023_09_21_Experiment1\2023_09_21_16_17_03\_hypergui_1\spectrum_fromCSV1_(500.0-995.0)_masked_data_0_derivative.csv,kidney_glob,P174,2023_09_21_16_17_03,P174#2023_09_21_16_17_03#CSV1,csv_spectrum,0,train
\\ces-tp3\OE0645-data-uro\TIVITA_Cat\Cat_Pig_UMM\Cat_uro_kidney\Cat_uro_kidney_glob__base\data\P174_OP138_2023_09_21_Experiment1\2023_09_21_16_17_03\_hypergui_1\spectrum_fromCSV5_(500.0-995.0)_masked_data_0_derivative.csv,kidney_glob,P174,2023_09_21_16_17_03,P174#2023_09_21_16_17_03#CSV5,csv_spectrum,0,train
\\ces-tp3\OE0645-data-uro\TIVITA_Cat\Cat_Pig_UMM\Cat_uro_kidney\Cat_uro_kidney_glob__base\data\P174_OP138_2023_09_21_Experiment1\2023_09_21_16_17_34\_hypergui_1\spectrum_fromCSV1_(500.0-995.0)_masked_data_0_derivative.csv,kidney_glob,P174,2023_09_21_16_17_34,P174#2023_09_21_16_17_34#CSV1,csv_spectrum,0,train
\\ces-tp3\OE0645-data-uro\TIVITA_Cat\Cat_Pig_UMM\Cat_uro_kidney\Cat_uro_kidney_glob__base\data\P174_OP138_2023_09_21_Experiment1\2023_09_21_16_17_34\_hypergui_1\spectrum_fromCSV5_(500.0-995.0)_masked_data_0_derivative.csv,kidney_glob,P174,2023_09_21_16_17_34,P174#2023_09_21_16_17_34#CSV5,csv_spectrum,0,train
\\ces-tp3\OE0645-data-uro\TIVITA_Cat\Cat_Pig_UMM\Cat_uro_kidney\Cat_uro_kidney_glob__base\data\P174_OP138_2023_09_21_Experiment1\2023_09_21_16_18_04\_hypergui_1\spectrum_fromCSV1_(500.0-995.0)_masked_data_0_derivative.csv,kidney_glob,P174,2023_09_21_16_18_04,P174#2023_09_21_16_18_04#CSV1,csv_spectrum,0,train
\\ces-tp3\OE0645-data-uro\TIVITA_Cat\Cat_Pig_UMM\Cat_uro_kidney\Cat_uro_kidney_glob__base\data\P174_OP138_2023_09_21_Experiment1\2023_09_21_16_18_04\_hypergui_1\spectrum_fromCSV5_(500.0-995.0)_masked_data_0_derivative.csv,kidney_glob,P174,2023_09_21_16_18_04,P174#2023_09_21_16_18_04#CSV5,csv_spectrum,0,train
\\ces-tp3\OE0645-data-uro\TIVITA_Cat\Cat_Pig_UMM\Cat_uro_kidney\Cat_uro_kidney_glob__base\data\P188_OP152_2023_10_22_Experiment1\2023_10_22_14_30_32\_hypergui_1\spectrum_fromCSV1_(500.0-995.0)_masked_data_0_derivative.csv,kidney_glob,P188,2023_10_22_14_30_32,P188#2023_10_22_14_30_32#CSV1,csv_spectrum,0,train
\\ces-tp3\OE0645-data-uro\TIVITA_Cat\Cat_Pig_UMM\Cat_uro_kidney\Cat_uro_kidney_glob__base\data\P188_OP152_2023_10_22_Experiment1\2023_10_22_14_30_32\_hypergui_1\spectrum_fromCSV5_(500.0-995.0)_masked_data_0_derivative.csv,kidney_glob,P188,2023_10_22_14_30_32,P188#2023_10_22_14_30_32#CSV5,csv_spectrum,0,train
\\ces-tp3\OE0645-data-uro\TIVITA_Cat\Cat_Pig_UMM\Cat_uro_kidney\Cat_uro_kidney_glob__base\data\P188_OP152_2023_10_22_Experiment1\2023_10_22_14_31_02\_hypergui_1\spectrum_fromCSV1_(500.0-995.0)_masked_data_0_derivative.csv,kidney_glob,P188,2023_10_22_14_31_02,P188#2023_10_22_14_31_02#CSV1,csv_spectrum,0,train
\\ces-tp3\OE0645-data-uro\TIVITA_Cat\Cat_Pig_UMM\Cat_uro_kidney\Cat_uro_kidney_glob__base\data\P188_OP152_2023_10_22_Experiment1\2023_10_22_14_31_02\_hypergui_1\spectrum_fromCSV5_(500.0-995.0)_masked_data_0_derivative.csv,kidney_glob,P188,2023_10_22_14_31_02,P188#2023_10_22_14_31_02#CSV5,csv_spectrum,0,train
\\ces-tp3\OE0645-data-uro\TIVITA_Cat\Cat_Pig_UMM\Cat_uro_kidney\Cat_uro_kidney_glob__base\data\P188_OP152_2023_10_22_Experiment1\2023_10_22_14_31_32\_hypergui_1\spectrum_fromCSV1_(500.0-995.0)_masked_data_0_derivative.csv,kidney_glob,P188,2023_10_22_14_31_32,P188#2023_10_22_14_31_32#CSV1,csv_spectrum,0,train
\\ces-tp3\OE0645-data-uro\TIVITA_Cat\Cat_Pig_UMM\Cat_uro_kidney\Cat_uro_kidney_glob__base\data\P188_OP152_2023_10_22_Experiment1\2023_10_22_14_31_32\_hypergui_1\spectrum_fromCSV5_(500.0-995.0)_masked_data_0_derivative.csv,kidney_glob,P188,2023_10_22_14_31_32,P188#2023_10_22_14_31_32#CSV5,csv_spectrum,0,train
\\ces-tp3\OE0645-data-uro\TIVITA_Cat\Cat_Pig_UMM\Cat_uro_kidney\Cat_uro_kidney_glob__base\data\P191_OP155_2023_10_28_Experiment1\2023_10_28_13_48_28\_hypergui_1\spectrum_fromCSV1_(500.0-995.0)_masked_data_0_derivative.csv,kidney_glob,P191,2023_10_28_13_48_28,P191#2023_10_28_13_48_28#CSV1,csv_spectrum,0,train
\\ces-tp3\OE0645-data-uro\TIVITA_Cat\Cat_Pig_UMM\Cat_uro_kidney\Cat_uro_kidney_glob__base\data\P191_OP155_2023_10_28_Experiment1\2023_10_28_13_48_28\_hypergui_1\spectrum_fromCSV5_(500.0-995.0)_masked_data_0_derivative.csv,kidney_glob,P191,2023_10_28_13_48_28,P191#2023_10_28_13_48_28#CSV5,csv_spectrum,0,train
\\ces-tp3\OE0645-data-uro\TIVITA_Cat\Cat_Pig_UMM\Cat_uro_kidney\Cat_uro_kidney_glob__base\data\P191_OP155_2023_10_28_Experiment1\2023_10_28_13_48_58\_hypergui_1\spectrum_fromCSV1_(500.0-995.0)_masked_data_0_derivative.csv,kidney_glob,P191,2023_10_28_13_48_58,P191#2023_10_28_13_48_58#CSV1,csv_spectrum,0,train
\\ces-tp3\OE0645-data-uro\TIVITA_Cat\Cat_Pig_UMM\Cat_uro_kidney\Cat_uro_kidney_glob__base\data\P191_OP155_2023_10_28_Experiment1\2023_10_28_13_48_58\_hypergui_1\spectrum_fromCSV5_(500.0-995.0)_masked_data_0_derivative.csv,kidney_glob,P191,2023_10_28_13_48_58,P191#2023_10_28_13_48_58#CSV5,csv_spectrum,0,train
\\ces-tp3\OE0645-data-uro\TIVITA_Cat\Cat_Pig_UMM\Cat_uro_kidney\Cat_uro_kidney_glob__base\data\P191_OP155_2023_10_28_Experiment1\2023_10_28_13_49_28\_hypergui_1\spectrum_fromCSV1_(500.0-995.0)_masked_data_0_derivative.csv,kidney_glob,P191,2023_10_28_13_49_28,P191#2023_10_28_13_49_28#CSV1,csv_spectrum,0,train
\\ces-tp3\OE0645-data-uro\TIVITA_Cat\Cat_Pig_UMM\Cat_uro_kidney\Cat_uro_kidney_glob__base\data\P191_OP155_2023_10_28_Experiment1\2023_10_28_13_49_28\_hypergui_1\spectrum_fromCSV5_(500.0-995.0)_masked_data_0_derivative.csv,kidney_glob,P191,2023_10_28_13_49_28,P191#2023_10_28_13_49_28#CSV5,csv_spectrum,0,train
\\ces-tp3\OE0645-data-uro\TIVITA_Cat\Cat_Pig_UMM\Cat_uro_kidney\Cat_uro_kidney_glob__base\data\P192_OP156_2023_10_29_Experiment1\2023_10_29_14_33_33\_hypergui_1\spectrum_fromCSV1_(500.0-995.0)_masked_data_0_derivative.csv,kidney_glob,P192,2023_10_29_14_33_33,P192#2023_10_29_14_33_33#CSV1,csv_spectrum,0,train
\\ces-tp3\OE0645-data-uro\TIVITA_Cat\Cat_Pig_UMM\Cat_uro_kidney\Cat_uro_kidney_glob__base\data\P192_OP156_2023_10_29_Experiment1\2023_10_29_14_33_33\_hypergui_1\spectrum_fromCSV5_(500.0-995.0)_masked_data_0_derivative.csv,kidney_glob,P192,2023_10_29_14_33_33,P192#2023_10_29_14_33_33#CSV5,csv_spectrum,0,train
\\ces-tp3\OE0645-data-uro\TIVITA_Cat\Cat_Pig_UMM\Cat_uro_kidney\Cat_uro_kidney_glob__base\data\P192_OP156_2023_10_29_Experiment1\2023_10_29_14_34_03\_hypergui_1\spectrum_fromCSV1_(500.0-995.0)_masked_data_0_derivative.csv,kidney_glob,P192,2023_10_29_14_34_03,P192#2023_10_29_14_34_03#CSV1,csv_spectrum,0,train
\\ces-tp3\OE0645-data-uro\TIVITA_Cat\Cat_Pig_UMM\Cat_uro_kidney\Cat_uro_kidney_glob__base\data\P192_OP156_2023_10_29_Experiment1\2023_10_29_14_34_03\_hypergui_1\spectrum_fromCSV5_(500.0-995.0)_masked_data_0_derivative.csv,kidney_glob,P192,2023_10_29_14_34_03,P192#2023_10_29_14_34_03#CSV5,csv_spectrum,0,train
\\ces-tp3\OE0645-data-uro\TIVITA_Cat\Cat_Pig_UMM\Cat_uro_kidney\Cat_uro_kidney_glob__base\data\P192_OP156_2023_10_29_Experiment1\2023_10_29_14_34_33\_hypergui_1\spectrum_fromCSV1_(500.0-995.0)_masked_data_0_derivative.csv,kidney_glob,P192,2023_10_29_14_34_33,P192#2023_10_29_14_34_33#CSV1,csv_spectrum,0,train
\\ces-tp3\OE0645-data-uro\TIVITA_Cat\Cat_Pig_UMM\Cat_uro_kidney\Cat_uro_kidney_glob__base\data\P192_OP156_2023_10_29_Experiment1\2023_10_29_14_34_33\_hypergui_1\spectrum_fromCSV5_(500.0-995.0)_masked_data_0_derivative.csv,kidney_glob,P192,2023_10_29_14_34_33,P192#2023_10_29_14_34_33#CSV5,csv_spectrum,0,train
\\ces-tp3\OE0645-data-uro\TIVITA_Cat\Cat_Pig_UMM\Cat_uro_kidney\Cat_uro_kidney_glob__base\data\P193_OP157_2023_10_30_Experiment1\2023_10_30_13_55_15\_hypergui_1\spectrum_fromCSV1_(500.0-995.0)_masked_data_0_derivative.csv,kidney_glob,P193,2023_10_30_13_55_15,P193#2023_10_30_13_55_15#CSV1,csv_spectrum,0,train
\\ces-tp3\OE0645-data-uro\TIVITA_Cat\Cat_Pig_UMM\Cat_uro_kidney\Cat_uro_kidney_glob__base\data\P193_OP157_2023_10_30_Experiment1\2023_10_30_13_55_15\_hypergui_1\spectrum_fromCSV5_(500.0-995.0)_masked_data_0_derivative.csv,kidney_glob,P193,2023_10_30_13_55_15,P193#2023_10_30_13_55_15#CSV5,csv_spectrum,0,train
\\ces-tp3\OE0645-data-uro\TIVITA_Cat\Cat_Pig_UMM\Cat_uro_kidney\Cat_uro_kidney_glob__base\data\P193_OP157_2023_10_30_Experiment1\2023_10_30_13_55_45\_hypergui_1\spectrum_fromCSV1_(500.0-995.0)_masked_data_0_derivative.csv,kidney_glob,P193,2023_10_30_13_55_45,P193#2023_10_30_13_55_45#CSV1,csv_spectrum,0,train
\\ces-tp3\OE0645-data-uro\TIVITA_Cat\Cat_Pig_UMM\Cat_uro_kidney\Cat_uro_kidney_glob__base\data\P193_OP157_2023_10_30_Experiment1\2023_10_30_13_55_45\_hypergui_1\spectrum_fromCSV5_(500.0-995.0)_masked_data_0_derivative.csv,kidney_glob,P193,2023_10_30_13_55_45,P193#2023_10_30_13_55_45#CSV5,csv_spectrum,0,train
\\ces-tp3\OE0645-data-uro\TIVITA_Cat\Cat_Pig_UMM\Cat_uro_kidney\Cat_uro_kidney_glob__base\data\P193_OP157_2023_10_30_Experiment1\2023_10_30_13_56_15\_hypergui_1\spectrum_fromCSV1_(500.0-995.0)_masked_data_0_derivative.csv,kidney_glob,P193,2023_10_30_13_56_15,P193#2023_10_30_13_56_15#CSV1,csv_spectrum,0,train
\\ces-tp3\OE0645-data-uro\TIVITA_Cat\Cat_Pig_UMM\Cat_uro_kidney\Cat_uro_kidney_glob__base\data\P193_OP157_2023_10_30_Experiment1\2023_10_30_13_56_15\_hypergui_1\spectrum_fromCSV5_(500.0-995.0)_masked_data_0_derivative.csv,kidney_glob,P193,2023_10_30_13_56_15,P193#2023_10_30_13_56_15#CSV5,csv_spectrum,0,train
\\ces-tp3\OE0645-data-uro\TIVITA_Cat\Cat_Pig_UMM\Cat_uro_kidney\Cat_uro_kidney_glob_reperfusion30_0m\data\P188_OP152_2023_10_22_Experiment1\2023_10_22_15_05_30\_hypergui_1\spectrum_fromCSV1_(500.0-995.0)_masked_data_0_derivative.csv,kidney_glob_reperfusion,P188,2023_10_22_15_05_30,P188#2023_10_22_15_05_30#CSV1,csv_spectrum,1,train
\\ces-tp3\OE0645-data-uro\TIVITA_Cat\Cat_Pig_UMM\Cat_uro_kidney\Cat_uro_kidney_glob_reperfusion30_0m\data\P188_OP152_2023_10_22_Experiment1\2023_10_22_15_05_30\_hypergui_1\spectrum_fromCSV5_(500.0-995.0)_masked_data_0_derivative.csv,kidney_glob_reperfusion,P188,2023_10_22_15_05_30,P188#2023_10_22_15_05_30#CSV5,csv_spectrum,1,train
\\ces-tp3\OE0645-data-uro\TIVITA_Cat\Cat_Pig_UMM\Cat_uro_kidney\Cat_uro_kidney_glob_reperfusion30_0m\data\P188_OP152_2023_10_22_Experiment1\2023_10_22_15_06_00\_hypergui_1\spectrum_fromCSV1_(500.0-995.0)_masked_data_0_derivative.csv,kidney_glob_reperfusion,P188,2023_10_22_15_06_00,P188#2023_10_22_15_06_00#CSV1,csv_spectrum,1,train
\\ces-tp3\OE0645-data-uro\TIVITA_Cat\Cat_Pig_UMM\Cat_uro_kidney\Cat_uro_kidney_glob_reperfusion30_0m\data\P188_OP152_2023_10_22_Experiment1\2023_10_22_15_06_00\_hypergui_1\spectrum_fromCSV5_(500.0-995.0)_masked_data_0_derivative.csv,kidney_glob_reperfusion,P188,2023_10_22_15_06_00,P188#2023_10_22_15_06_00#CSV5,csv_spectrum,1,train
\\ces-tp3\OE0645-data-uro\TIVITA_Cat\Cat_Pig_UMM\Cat_uro_kidney\Cat_uro_kidney_glob_reperfusion30_0m\data\P191_OP155_2023_10_28_Experiment1\2023_10_28_14_21_56\_hypergui_1\spectrum_fromCSV1_(500.0-995.0)_masked_data_0_derivative.csv,kidney_glob_reperfusion,P191,2023_10_28_14_21_56,P191#2023_10_28_14_21_56#CSV1,csv_spectrum,1,train
\\ces-tp3\OE0645-data-uro\TIVITA_Cat\Cat_Pig_UMM\Cat_uro_kidney\Cat_uro_kidney_glob_reperfusion30_0m\data\P191_OP155_2023_10_28_Experiment1\2023_10_28_14_21_56\_hypergui_1\spectrum_fromCSV5_(500.0-995.0)_masked_data_0_derivative.csv,kidney_glob_reperfusion,P191,2023_10_28_14_21_56,P191#2023_10_28_14_21_56#CSV5,csv_spectrum,1,train
\\ces-tp3\OE0645-data-uro\TIVITA_Cat\Cat_Pig_UMM\Cat_uro_kidney\Cat_uro_kidney_glob_reperfusion30_0m\data\P191_OP155_2023_10_28_Experiment1\2023_10_28_14_22_27\_hypergui_1\spectrum_fromCSV1_(500.0-995.0)_masked_data_0_derivative.csv,kidney_glob_reperfusion,P191,2023_10_28_14_22_27,P191#2023_10_28_14_22_27#CSV1,csv_spectrum,1,train
\\ces-tp3\OE0645-data-uro\TIVITA_Cat\Cat_Pig_UMM\Cat_uro_kidney\Cat_uro_kidney_glob_reperfusion30_0m\data\P191_OP155_2023_10_28_Experiment1\2023_10_28_14_22_27\_hypergui_1\spectrum_fromCSV5_(500.0-995.0)_masked_data_0_derivative.csv,kidney_glob_reperfusion,P191,2023_10_28_14_22_27,P191#2023_10_28_14_22_27#CSV5,csv_spectrum,1,train
\\ces-tp3\OE0645-data-uro\TIVITA_Cat\Cat_Pig_UMM\Cat_uro_kidney\Cat_uro_kidney_glob_reperfusion30_0m\data\P192_OP156_2023_10_29_Experiment1\2023_10_29_15_07_00\_hypergui_1\spectrum_fromCSV1_(500.0-995.0)_masked_data_0_derivative.csv,kidney_glob_reperfusion,P192,2023_10_29_15_07_00,P192#2023_10_29_15_07_00#CSV1,csv_spectrum,1,train
\\ces-tp3\OE0645-data-uro\TIVITA_Cat\Cat_Pig_UMM\Cat_uro_kidney\Cat_uro_kidney_glob_reperfusion30_0m\data\P192_OP156_2023_10_29_Experiment1\2023_10_29_15_07_00\_hypergui_1\spectrum_fromCSV5_(500.0-995.0)_masked_data_0_derivative.csv,kidney_glob_reperfusion,P192,2023_10_29_15_07_00,P192#2023_10_29_15_07_00#CSV5,csv_spectrum,1,train
\\ces-tp3\OE0645-data-uro\TIVITA_Cat\Cat_Pig_UMM\Cat_uro_kidney\Cat_uro_kidney_glob_reperfusion30_0m\data\P192_OP156_2023_10_29_Experiment1\2023_10_29_15_07_30\_hypergui_1\spectrum_fromCSV1_(500.0-995.0)_masked_data_0_derivative.csv,kidney_glob_reperfusion,P192,2023_10_29_15_07_30,P192#2023_10_29_15_07_30#CSV1,csv_spectrum,1,train
\\ces-tp3\OE0645-data-uro\TIVITA_Cat\Cat_Pig_UMM\Cat_uro_kidney\Cat_uro_kidney_glob_reperfusion30_0m\data\P192_OP156_2023_10_29_Experiment1\2023_10_29_15_07_30\_hypergui_1\spectrum_fromCSV5_(500.0-995.0)_masked_data_0_derivative.csv,kidney_glob_reperfusion,P192,2023_10_29_15_07_30,P192#2023_10_29_15_07_30#CSV5,csv_spectrum,1,train
\\ces-tp3\OE0645-data-uro\TIVITA_Cat\Cat_Pig_UMM\Cat_uro_kidney\Cat_uro_kidney_glob_reperfusion30_0m\data\P192_OP156_2023_10_29_Experiment1\2023_10_29_15_08_00\_hypergui_1\spectrum_fromCSV1_(500.0-995.0)_masked_data_0_derivative.csv,kidney_glob_reperfusion,P192,2023_10_29_15_08_00,P192#2023_10_29_15_08_00#CSV1,csv_spectrum,1,train
\\ces-tp3\OE0645-data-uro\TIVITA_Cat\Cat_Pig_UMM\Cat_uro_kidney\Cat_uro_kidney_glob_reperfusion30_0m\data\P192_OP156_2023_10_29_Experiment1\2023_10_29_15_08_00\_hypergui_1\spectrum_fromCSV5_(500.0-995.0)_masked_data_0_derivative.csv,kidney_glob_reperfusion,P192,2023_10_29_15_08_00,P192#2023_10_29_15_08_00#CSV5,csv_spectrum,1,train
\\ces-tp3\OE0645-data-uro\TIVITA_Cat\Cat_Pig_UMM\Cat_uro_kidney\Cat_uro_kidney_glob_reperfusion30_0m\data\P193_OP157_2023_10_30_Experiment1\2023_10_30_14_28_30\_hypergui_1\spectrum_fromCSV1_(500.0-995.0)_masked_data_0_derivative.csv,kidney_glob_reperfusion,P193,2023_10_30_14_28_30,P193#2023_10_30_14_28_30#CSV1,csv_spectrum,1,train
\\ces-tp3\OE0645-data-uro\TIVITA_Cat\Cat_Pig_UMM\Cat_uro_kidney\Cat_uro_kidney_glob_reperfusion30_0m\data\P193_OP157_2023_10_30_Experiment1\2023_10_30_14_28_30\_hypergui_1\spectrum_fromCSV5_(500.0-995.0)_masked_data_0_derivative.csv,kidney_glob_reperfusion,P193,2023_10_30_14_28_30,P193#2023_10_30_14_28_30#CSV5,csv_spectrum,1,train
\\ces-tp3\OE0645-data-uro\TIVITA_Cat\Cat_Pig_UMM\Cat_uro_kidney\Cat_uro_kidney_glob_reperfusion30_0m\data\P193_OP157_2023_10_30_Experiment1\2023_10_30_14_29_00\_hypergui_1\spectrum_fromCSV1_(500.0-995.0)_masked_data_0_derivative.csv,kidney_glob_reperfusion,P193,2023_10_30_14_29_00,P193#2023_10_30_14_29_00#CSV1,csv_spectrum,1,train
\\ces-tp3\OE0645-data-uro\TIVITA_Cat\Cat_Pig_UMM\Cat_uro_kidney\Cat_uro_kidney_glob_reperfusion30_0m\data\P193_OP157_2023_10_30_Experiment1\2023_10_30_14_29_00\_hypergui_1\spectrum_fromCSV5_(500.0-995.0)_masked_data_0_derivative.csv,kidney_glob_reperfusion,P193,2023_10_30_14_29_00,P193#2023_10_30_14_29_00#CSV5,csv_spectrum,1,train
\\ces-tp3\OE0645-data-uro\TIVITA_Cat\Cat_Pig_UMM\Cat_uro_kidney\Cat_uro_kidney_glob_reperfusion30_10m\data\P188_OP152_2023_10_22_Experiment1\2023_10_22_15_16_01\_hypergui_1\spectrum_fromCSV1_(500.0-995.0)_masked_data_0_derivative.csv,kidney_glob_reperfusion,P188,2023_10_22_15_16_01,P188#2023_10_22_15_16_01#CSV1,csv_spectrum,1,train
\\ces-tp3\OE0645-data-uro\TIVITA_Cat\Cat_Pig_UMM\Cat_uro_kidney\Cat_uro_kidney_glob_reperfusion30_10m\data\P188_OP152_2023_10_22_Experiment1\2023_10_22_15_16_01\_hypergui_1\spectrum_fromCSV5_(500.0-995.0)_masked_data_0_derivative.csv,kidney_glob_reperfusion,P188,2023_10_22_15_16_01,P188#2023_10_22_15_16_01#CSV5,csv_spectrum,1,train
\\ces-tp3\OE0645-data-uro\TIVITA_Cat\Cat_Pig_UMM\Cat_uro_kidney\Cat_uro_kidney_glob_reperfusion30_10m\data\P188_OP152_2023_10_22_Experiment1\2023_10_22_15_17_01\_hypergui_1\spectrum_fromCSV1_(500.0-995.0)_masked_data_0_derivative.csv,kidney_glob_reperfusion,P188,2023_10_22_15_17_01,P188#2023_10_22_15_17_01#CSV1,csv_spectrum,1,train
\\ces-tp3\OE0645-data-uro\TIVITA_Cat\Cat_Pig_UMM\Cat_uro_kidney\Cat_uro_kidney_glob_reperfusion30_10m\data\P188_OP152_2023_10_22_Experiment1\2023_10_22_15_17_01\_hypergui_1\spectrum_fromCSV5_(500.0-995.0)_masked_data_0_derivative.csv,kidney_glob_reperfusion,P188,2023_10_22_15_17_01,P188#2023_10_22_15_17_01#CSV5,csv_spectrum,1,train
\\ces-tp3\OE0645-data-uro\TIVITA_Cat\Cat_Pig_UMM\Cat_uro_kidney\Cat_uro_kidney_glob_reperfusion30_10m\data\P188_OP152_2023_10_22_Experiment1\2023_10_22_15_18_01\_hypergui_1\spectrum_fromCSV1_(500.0-995.0)_masked_data_0_derivative.csv,kidney_glob_reperfusion,P188,2023_10_22_15_18_01,P188#2023_10_22_15_18_01#CSV1,csv_spectrum,1,train
\\ces-tp3\OE0645-data-uro\TIVITA_Cat\Cat_Pig_UMM\Cat_uro_kidney\Cat_uro_kidney_glob_reperfusion30_10m\data\P188_OP152_2023_10_22_Experiment1\2023_10_22_15_18_01\_hypergui_1\spectrum_fromCSV5_(500.0-995.0)_masked_data_0_derivative.csv,kidney_glob_reperfusion,P188,2023_10_22_15_18_01,P188#2023_10_22_15_18_01#CSV5,csv_spectrum,1,train
\\ces-tp3\OE0645-data-uro\TIVITA_Cat\Cat_Pig_UMM\Cat_uro_kidney\Cat_uro_kidney_glob_reperfusion30_10m\data\P191_OP155_2023_10_28_Experiment1\2023_10_28_14_32_27\_hypergui_1\spectrum_fromCSV1_(500.0-995.0)_masked_data_0_derivative.csv,kidney_glob_reperfusion,P191,2023_10_28_14_32_27,P191#2023_10_28_14_32_27#CSV1,csv_spectrum,1,train
\\ces-tp3\OE0645-data-uro\TIVITA_Cat\Cat_Pig_UMM\Cat_uro_kidney\Cat_uro_kidney_glob_reperfusion30_10m\data\P191_OP155_2023_10_28_Experiment1\2023_10_28_14_32_27\_hypergui_1\spectrum_fromCSV5_(500.0-995.0)_masked_data_0_derivative.csv,kidney_glob_reperfusion,P191,2023_10_28_14_32_27,P191#2023_10_28_14_32_27#CSV5,csv_spectrum,1,train
\\ces-tp3\OE0645-data-uro\TIVITA_Cat\Cat_Pig_UMM\Cat_uro_kidney\Cat_uro_kidney_glob_reperfusion30_10m\data\P191_OP155_2023_10_28_Experiment1\2023_10_28_14_33_27\_hypergui_1\spectrum_fromCSV1_(500.0-995.0)_masked_data_0_derivative.csv,kidney_glob_reperfusion,P191,2023_10_28_14_33_27,P191#2023_10_28_14_33_27#CSV1,csv_spectrum,1,train
\\ces-tp3\OE0645-data-uro\TIVITA_Cat\Cat_Pig_UMM\Cat_uro_kidney\Cat_uro_kidney_glob_reperfusion30_10m\data\P191_OP155_2023_10_28_Experiment1\2023_10_28_14_33_27\_hypergui_1\spectrum_fromCSV5_(500.0-995.0)_masked_data_0_derivative.csv,kidney_glob_reperfusion,P191,2023_10_28_14_33_27,P191#2023_10_28_14_33_27#CSV5,csv_spectrum,1,train
\\ces-tp3\OE0645-data-uro\TIVITA_Cat\Cat_Pig_UMM\Cat_uro_kidney\Cat_uro_kidney_glob_reperfusion30_10m\data\P191_OP155_2023_10_28_Experiment1\2023_10_28_14_34_28\_hypergui_1\spectrum_fromCSV1_(500.0-995.0)_masked_data_0_derivative.csv,kidney_glob_reperfusion,P191,2023_10_28_14_34_28,P191#2023_10_28_14_34_28#CSV1,csv_spectrum,1,train
\\ces-tp3\OE0645-data-uro\TIVITA_Cat\Cat_Pig_UMM\Cat_uro_kidney\Cat_uro_kidney_glob_reperfusion30_10m\data\P191_OP155_2023_10_28_Experiment1\2023_10_28_14_34_28\_hypergui_1\spectrum_fromCSV5_(500.0-995.0)_masked_data_0_derivative.csv,kidney_glob_reperfusion,P191,2023_10_28_14_34_28,P191#2023_10_28_14_34_28#CSV5,csv_spectrum,1,train
\\ces-tp3\OE0645-data-uro\TIVITA_Cat\Cat_Pig_UMM\Cat_uro_kidney\Cat_uro_kidney_glob_reperfusion30_10m\data\P192_OP156_2023_10_29_Experiment1\2023_10_29_15_17_21\_hypergui_1\spectrum_fromCSV1_(500.0-995.0)_masked_data_0_derivative.csv,kidney_glob_reperfusion,P192,2023_10_29_15_17_21,P192#2023_10_29_15_17_21#CSV1,csv_spectrum,1,train
\\ces-tp3\OE0645-data-uro\TIVITA_Cat\Cat_Pig_UMM\Cat_uro_kidney\Cat_uro_kidney_glob_reperfusion30_10m\data\P192_OP156_2023_10_29_Experiment1\2023_10_29_15_17_21\_hypergui_1\spectrum_fromCSV5_(500.0-995.0)_masked_data_0_derivative.csv,kidney_glob_reperfusion,P192,2023_10_29_15_17_21,P192#2023_10_29_15_17_21#CSV5,csv_spectrum,1,train
\\ces-tp3\OE0645-data-uro\TIVITA_Cat\Cat_Pig_UMM\Cat_uro_kidney\Cat_uro_kidney_glob_reperfusion30_10m\data\P192_OP156_2023_10_29_Experiment1\2023_10_29_15_19_01\_hypergui_1\spectrum_fromCSV1_(500.0-995.0)_masked_data_0_derivative.csv,kidney_glob_reperfusion,P192,2023_10_29_15_19_01,P192#2023_10_29_15_19_01#CSV1,csv_spectrum,1,train
\\ces-tp3\OE0645-data-uro\TIVITA_Cat\Cat_Pig_UMM\Cat_uro_kidney\Cat_uro_kidney_glob_reperfusion30_10m\data\P192_OP156_2023_10_29_Experiment1\2023_10_29_15_19_01\_hypergui_1\spectrum_fromCSV5_(500.0-995.0)_masked_data_0_derivative.csv,kidney_glob_reperfusion,P192,2023_10_29_15_19_01,P192#2023_10_29_15_19_01#CSV5,csv_spectrum,1,train
\\ces-tp3\OE0645-data-uro\TIVITA_Cat\Cat_Pig_UMM\Cat_uro_kidney\Cat_uro_kidney_glob_reperfusion30_10m\data\P192_OP156_2023_10_29_Experiment1\2023_10_29_15_21_01\_hypergui_1\spectrum_fromCSV1_(500.0-995.0)_masked_data_0_derivative.csv,kidney_glob_reperfusion,P192,2023_10_29_15_21_01,P192#2023_10_29_15_21_01#CSV1,csv_spectrum,1,train
\\ces-tp3\OE0645-data-uro\TIVITA_Cat\Cat_Pig_UMM\Cat_uro_kidney\Cat_uro_kidney_glob_reperfusion30_10m\data\P192_OP156_2023_10_29_Experiment1\2023_10_29_15_21_01\_hypergui_1\spectrum_fromCSV5_(500.0-995.0)_masked_data_0_derivative.csv,kidney_glob_reperfusion,P192,2023_10_29_15_21_01,P192#2023_10_29_15_21_01#CSV5,csv_spectrum,1,train
\\ces-tp3\OE0645-data-uro\TIVITA_Cat\Cat_Pig_UMM\Cat_uro_kidney\Cat_uro_kidney_glob_reperfusion30_10m\data\P193_OP157_2023_10_30_Experiment1\2023_10_30_14_39_01\_hypergui_1\spectrum_fromCSV1_(500.0-995.0)_masked_data_0_derivative.csv,kidney_glob_reperfusion,P193,2023_10_30_14_39_01,P193#2023_10_30_14_39_01#CSV1,csv_spectrum,1,train
\\ces-tp3\OE0645-data-uro\TIVITA_Cat\Cat_Pig_UMM\Cat_uro_kidney\Cat_uro_kidney_glob_reperfusion30_10m\data\P193_OP157_2023_10_30_Experiment1\2023_10_30_14_39_01\_hypergui_1\spectrum_fromCSV5_(500.0-995.0)_masked_data_0_derivative.csv,kidney_glob_reperfusion,P193,2023_10_30_14_39_01,P193#2023_10_30_14_39_01#CSV5,csv_spectrum,1,train
\\ces-tp3\OE0645-data-uro\TIVITA_Cat\Cat_Pig_UMM\Cat_uro_kidney\Cat_uro_kidney_glob_reperfusion30_10m\data\P193_OP157_2023_10_30_Experiment1\2023_10_30_14_40_01\_hypergui_1\spectrum_fromCSV1_(500.0-995.0)_masked_data_0_derivative.csv,kidney_glob_reperfusion,P193,2023_10_30_14_40_01,P193#2023_10_30_14_40_01#CSV1,csv_spectrum,1,train
\\ces-tp3\OE0645-data-uro\TIVITA_Cat\Cat_Pig_UMM\Cat_uro_kidney\Cat_uro_kidney_glob_reperfusion30_10m\data\P193_OP157_2023_10_30_Experiment1\2023_10_30_14_40_01\_hypergui_1\spectrum_fromCSV5_(500.0-995.0)_masked_data_0_derivative.csv,kidney_glob_reperfusion,P193,2023_10_30_14_40_01,P193#2023_10_30_14_40_01#CSV5,csv_spectrum,1,train
\\ces-tp3\OE0645-data-uro\TIVITA_Cat\Cat_Pig_UMM\Cat_uro_kidney\Cat_uro_kidney_glob_reperfusion30_10m\data\P193_OP157_2023_10_30_Experiment1\2023_10_30_14_41_01\_hypergui_1\spectrum_fromCSV1_(500.0-995.0)_masked_data_0_derivative.csv,kidney_glob_reperfusion,P193,2023_10_30_14_41_01,P193#2023_10_30_14_41_01#CSV1,csv_spectrum,1,train
\\ces-tp3\OE0645-data-uro\TIVITA_Cat\Cat_Pig_UMM\Cat_uro_kidney\Cat_uro_kidney_glob_reperfusion30_10m\data\P193_OP157_2023_10_30_Experiment1\2023_10_30_14_41_01\_hypergui_1\spectrum_fromCSV5_(500.0-995.0)_masked_data_0_derivative.csv,kidney_glob_reperfusion,P193,2023_10_30_14_41_01,P193#2023_10_30_14_41_01#CSV5,csv_spectrum,1,train
\\ces-tp3\OE0645-data-uro\TIVITA_Cat\Cat_Pig_UMM\Cat_uro_kidney\Cat_uro_kidney_glob_reperfusion30_1m\data\P188_OP152_2023_10_22_Experiment1\2023_10_22_15_06_30\_hypergui_1\spectrum_fromCSV1_(500.0-995.0)_masked_data_0_derivative.csv,kidney_glob_reperfusion,P188,2023_10_22_15_06_30,P188#2023_10_22_15_06_30#CSV1,csv_spectrum,1,train
\\ces-tp3\OE0645-data-uro\TIVITA_Cat\Cat_Pig_UMM\Cat_uro_kidney\Cat_uro_kidney_glob_reperfusion30_1m\data\P188_OP152_2023_10_22_Experiment1\2023_10_22_15_06_30\_hypergui_1\spectrum_fromCSV5_(500.0-995.0)_masked_data_0_derivative.csv,kidney_glob_reperfusion,P188,2023_10_22_15_06_30,P188#2023_10_22_15_06_30#CSV5,csv_spectrum,1,train
\\ces-tp3\OE0645-data-uro\TIVITA_Cat\Cat_Pig_UMM\Cat_uro_kidney\Cat_uro_kidney_glob_reperfusion30_1m\data\P188_OP152_2023_10_22_Experiment1\2023_10_22_15_07_01\_hypergui_1\spectrum_fromCSV1_(500.0-995.0)_masked_data_0_derivative.csv,kidney_glob_reperfusion,P188,2023_10_22_15_07_01,P188#2023_10_22_15_07_01#CSV1,csv_spectrum,1,train
\\ces-tp3\OE0645-data-uro\TIVITA_Cat\Cat_Pig_UMM\Cat_uro_kidney\Cat_uro_kidney_glob_reperfusion30_1m\data\P188_OP152_2023_10_22_Experiment1\2023_10_22_15_07_01\_hypergui_1\spectrum_fromCSV5_(500.0-995.0)_masked_data_0_derivative.csv,kidney_glob_reperfusion,P188,2023_10_22_15_07_01,P188#2023_10_22_15_07_01#CSV5,csv_spectrum,1,train
\\ces-tp3\OE0645-data-uro\TIVITA_Cat\Cat_Pig_UMM\Cat_uro_kidney\Cat_uro_kidney_glob_reperfusion30_1m\data\P191_OP155_2023_10_28_Experiment1\2023_10_28_14_22_57\_hypergui_1\spectrum_fromCSV1_(500.0-995.0)_masked_data_0_derivative.csv,kidney_glob_reperfusion,P191,2023_10_28_14_22_57,P191#2023_10_28_14_22_57#CSV1,csv_spectrum,1,train
\\ces-tp3\OE0645-data-uro\TIVITA_Cat\Cat_Pig_UMM\Cat_uro_kidney\Cat_uro_kidney_glob_reperfusion30_1m\data\P191_OP155_2023_10_28_Experiment1\2023_10_28_14_22_57\_hypergui_1\spectrum_fromCSV5_(500.0-995.0)_masked_data_0_derivative.csv,kidney_glob_reperfusion,P191,2023_10_28_14_22_57,P191#2023_10_28_14_22_57#CSV5,csv_spectrum,1,train
\\ces-tp3\OE0645-data-uro\TIVITA_Cat\Cat_Pig_UMM\Cat_uro_kidney\Cat_uro_kidney_glob_reperfusion30_1m\data\P191_OP155_2023_10_28_Experiment1\2023_10_28_14_23_27\_hypergui_1\spectrum_fromCSV1_(500.0-995.0)_masked_data_0_derivative.csv,kidney_glob_reperfusion,P191,2023_10_28_14_23_27,P191#2023_10_28_14_23_27#CSV1,csv_spectrum,1,train
\\ces-tp3\OE0645-data-uro\TIVITA_Cat\Cat_Pig_UMM\Cat_uro_kidney\Cat_uro_kidney_glob_reperfusion30_1m\data\P191_OP155_2023_10_28_Experiment1\2023_10_28_14_23_27\_hypergui_1\spectrum_fromCSV5_(500.0-995.0)_masked_data_0_derivative.csv,kidney_glob_reperfusion,P191,2023_10_28_14_23_27,P191#2023_10_28_14_23_27#CSV5,csv_spectrum,1,train
\\ces-tp3\OE0645-data-uro\TIVITA_Cat\Cat_Pig_UMM\Cat_uro_kidney\Cat_uro_kidney_glob_reperfusion30_1m\data\P192_OP156_2023_10_29_Experiment1\2023_10_29_15_08_30\_hypergui_1\spectrum_fromCSV1_(500.0-995.0)_masked_data_0_derivative.csv,kidney_glob_reperfusion,P192,2023_10_29_15_08_30,P192#2023_10_29_15_08_30#CSV1,csv_spectrum,1,train
\\ces-tp3\OE0645-data-uro\TIVITA_Cat\Cat_Pig_UMM\Cat_uro_kidney\Cat_uro_kidney_glob_reperfusion30_1m\data\P192_OP156_2023_10_29_Experiment1\2023_10_29_15_08_30\_hypergui_1\spectrum_fromCSV5_(500.0-995.0)_masked_data_0_derivative.csv,kidney_glob_reperfusion,P192,2023_10_29_15_08_30,P192#2023_10_29_15_08_30#CSV5,csv_spectrum,1,train
\\ces-tp3\OE0645-data-uro\TIVITA_Cat\Cat_Pig_UMM\Cat_uro_kidney\Cat_uro_kidney_glob_reperfusion30_1m\data\P192_OP156_2023_10_29_Experiment1\2023_10_29_15_09_00\_hypergui_1\spectrum_fromCSV1_(500.0-995.0)_masked_data_0_derivative.csv,kidney_glob_reperfusion,P192,2023_10_29_15_09_00,P192#2023_10_29_15_09_00#CSV1,csv_spectrum,1,train
\\ces-tp3\OE0645-data-uro\TIVITA_Cat\Cat_Pig_UMM\Cat_uro_kidney\Cat_uro_kidney_glob_reperfusion30_1m\data\P192_OP156_2023_10_29_Experiment1\2023_10_29_15_09_00\_hypergui_1\spectrum_fromCSV5_(500.0-995.0)_masked_data_0_derivative.csv,kidney_glob_reperfusion,P192,2023_10_29_15_09_00,P192#2023_10_29_15_09_00#CSV5,csv_spectrum,1,train
\\ces-tp3\OE0645-data-uro\TIVITA_Cat\Cat_Pig_UMM\Cat_uro_kidney\Cat_uro_kidney_glob_reperfusion30_1m\data\P193_OP157_2023_10_30_Experiment1\2023_10_30_14_29_30\_hypergui_1\spectrum_fromCSV1_(500.0-995.0)_masked_data_0_derivative.csv,kidney_glob_reperfusion,P193,2023_10_30_14_29_30,P193#2023_10_30_14_29_30#CSV1,csv_spectrum,1,train
\\ces-tp3\OE0645-data-uro\TIVITA_Cat\Cat_Pig_UMM\Cat_uro_kidney\Cat_uro_kidney_glob_reperfusion30_1m\data\P193_OP157_2023_10_30_Experiment1\2023_10_30_14_29_30\_hypergui_1\spectrum_fromCSV5_(500.0-995.0)_masked_data_0_derivative.csv,kidney_glob_reperfusion,P193,2023_10_30_14_29_30,P193#2023_10_30_14_29_30#CSV5,csv_spectrum,1,train
\\ces-tp3\OE0645-data-uro\TIVITA_Cat\Cat_Pig_UMM\Cat_uro_kidney\Cat_uro_kidney_glob_reperfusion30_1m\data\P193_OP157_2023_10_30_Experiment1\2023_10_30_14_30_00\_hypergui_1\spectrum_fromCSV1_(500.0-995.0)_masked_data_0_derivative.csv,kidney_glob_reperfusion,P193,2023_10_30_14_30_00,P193#2023_10_30_14_30_00#CSV1,csv_spectrum,1,train
\\ces-tp3\OE0645-data-uro\TIVITA_Cat\Cat_Pig_UMM\Cat_uro_kidney\Cat_uro_kidney_glob_reperfusion30_1m\data\P193_OP157_2023_10_30_Experiment1\2023_10_30_14_30_00\_hypergui_1\spectrum_fromCSV5_(500.0-995.0)_masked_data_0_derivative.csv,kidney_glob_reperfusion,P193,2023_10_30_14_30_00,P193#2023_10_30_14_30_00#CSV5,csv_spectrum,1,train
\\ces-tp3\OE0645-data-uro\TIVITA_Cat\Cat_Pig_UMM\Cat_uro_kidney\Cat_uro_kidney_glob_reperfusion30_20m\data\P188_OP152_2023_10_22_Experiment1\2023_10_22_15_24_02\_hypergui_1\spectrum_fromCSV1_(500.0-995.0)_masked_data_0_derivative.csv,kidney_glob_reperfusion,P188,2023_10_22_15_24_02,P188#2023_10_22_15_24_02#CSV1,csv_spectrum,1,train
\\ces-tp3\OE0645-data-uro\TIVITA_Cat\Cat_Pig_UMM\Cat_uro_kidney\Cat_uro_kidney_glob_reperfusion30_20m\data\P188_OP152_2023_10_22_Experiment1\2023_10_22_15_24_02\_hypergui_1\spectrum_fromCSV5_(500.0-995.0)_masked_data_0_derivative.csv,kidney_glob_reperfusion,P188,2023_10_22_15_24_02,P188#2023_10_22_15_24_02#CSV5,csv_spectrum,1,train
\\ces-tp3\OE0645-data-uro\TIVITA_Cat\Cat_Pig_UMM\Cat_uro_kidney\Cat_uro_kidney_glob_reperfusion30_20m\data\P188_OP152_2023_10_22_Experiment1\2023_10_22_15_26_02\_hypergui_1\spectrum_fromCSV1_(500.0-995.0)_masked_data_0_derivative.csv,kidney_glob_reperfusion,P188,2023_10_22_15_26_02,P188#2023_10_22_15_26_02#CSV1,csv_spectrum,1,train
\\ces-tp3\OE0645-data-uro\TIVITA_Cat\Cat_Pig_UMM\Cat_uro_kidney\Cat_uro_kidney_glob_reperfusion30_20m\data\P188_OP152_2023_10_22_Experiment1\2023_10_22_15_26_02\_hypergui_1\spectrum_fromCSV5_(500.0-995.0)_masked_data_0_derivative.csv,kidney_glob_reperfusion,P188,2023_10_22_15_26_02,P188#2023_10_22_15_26_02#CSV5,csv_spectrum,1,train
\\ces-tp3\OE0645-data-uro\TIVITA_Cat\Cat_Pig_UMM\Cat_uro_kidney\Cat_uro_kidney_glob_reperfusion30_20m\data\P188_OP152_2023_10_22_Experiment1\2023_10_22_15_28_02\_hypergui_1\spectrum_fromCSV1_(500.0-995.0)_masked_data_0_derivative.csv,kidney_glob_reperfusion,P188,2023_10_22_15_28_02,P188#2023_10_22_15_28_02#CSV1,csv_spectrum,1,train
\\ces-tp3\OE0645-data-uro\TIVITA_Cat\Cat_Pig_UMM\Cat_uro_kidney\Cat_uro_kidney_glob_reperfusion30_20m\data\P188_OP152_2023_10_22_Experiment1\2023_10_22_15_28_02\_hypergui_1\spectrum_fromCSV5_(500.0-995.0)_masked_data_0_derivative.csv,kidney_glob_reperfusion,P188,2023_10_22_15_28_02,P188#2023_10_22_15_28_02#CSV5,csv_spectrum,1,train
\\ces-tp3\OE0645-data-uro\TIVITA_Cat\Cat_Pig_UMM\Cat_uro_kidney\Cat_uro_kidney_glob_reperfusion30_20m\data\P191_OP155_2023_10_28_Experiment1\2023_10_28_14_39_28\_hypergui_1\spectrum_fromCSV1_(500.0-995.0)_masked_data_0_derivative.csv,kidney_glob_reperfusion,P191,2023_10_28_14_39_28,P191#2023_10_28_14_39_28#CSV1,csv_spectrum,1,train
\\ces-tp3\OE0645-data-uro\TIVITA_Cat\Cat_Pig_UMM\Cat_uro_kidney\Cat_uro_kidney_glob_reperfusion30_20m\data\P191_OP155_2023_10_28_Experiment1\2023_10_28_14_39_28\_hypergui_1\spectrum_fromCSV5_(500.0-995.0)_masked_data_0_derivative.csv,kidney_glob_reperfusion,P191,2023_10_28_14_39_28,P191#2023_10_28_14_39_28#CSV5,csv_spectrum,1,train
\\ces-tp3\OE0645-data-uro\TIVITA_Cat\Cat_Pig_UMM\Cat_uro_kidney\Cat_uro_kidney_glob_reperfusion30_20m\data\P191_OP155_2023_10_28_Experiment1\2023_10_28_14_41_28\_hypergui_1\spectrum_fromCSV1_(500.0-995.0)_masked_data_0_derivative.csv,kidney_glob_reperfusion,P191,2023_10_28_14_41_28,P191#2023_10_28_14_41_28#CSV1,csv_spectrum,1,train
\\ces-tp3\OE0645-data-uro\TIVITA_Cat\Cat_Pig_UMM\Cat_uro_kidney\Cat_uro_kidney_glob_reperfusion30_20m\data\P191_OP155_2023_10_28_Experiment1\2023_10_28_14_41_28\_hypergui_1\spectrum_fromCSV5_(500.0-995.0)_masked_data_0_derivative.csv,kidney_glob_reperfusion,P191,2023_10_28_14_41_28,P191#2023_10_28_14_41_28#CSV5,csv_spectrum,1,train
\\ces-tp3\OE0645-data-uro\TIVITA_Cat\Cat_Pig_UMM\Cat_uro_kidney\Cat_uro_kidney_glob_reperfusion30_20m\data\P191_OP155_2023_10_28_Experiment1\2023_10_28_14_43_28\_hypergui_1\spectrum_fromCSV1_(500.0-995.0)_masked_data_0_derivative.csv,kidney_glob_reperfusion,P191,2023_10_28_14_43_28,P191#2023_10_28_14_43_28#CSV1,csv_spectrum,1,train
\\ces-tp3\OE0645-data-uro\TIVITA_Cat\Cat_Pig_UMM\Cat_uro_kidney\Cat_uro_kidney_glob_reperfusion30_20m\data\P191_OP155_2023_10_28_Experiment1\2023_10_28_14_43_28\_hypergui_1\spectrum_fromCSV5_(500.0-995.0)_masked_data_0_derivative.csv,kidney_glob_reperfusion,P191,2023_10_28_14_43_28,P191#2023_10_28_14_43_28#CSV5,csv_spectrum,1,train
\\ces-tp3\OE0645-data-uro\TIVITA_Cat\Cat_Pig_UMM\Cat_uro_kidney\Cat_uro_kidney_glob_reperfusion30_20m\data\P191_OP155_2023_10_28_Experiment1\2023_10_28_14_45_28\_hypergui_1\spectrum_fromCSV1_(500.0-995.0)_masked_data_0_derivative.csv,kidney_glob_reperfusion,P191,2023_10_28_14_45_28,P191#2023_10_28_14_45_28#CSV1,csv_spectrum,1,train
\\ces-tp3\OE0645-data-uro\TIVITA_Cat\Cat_Pig_UMM\Cat_uro_kidney\Cat_uro_kidney_glob_reperfusion30_20m\data\P191_OP155_2023_10_28_Experiment1\2023_10_28_14_45_28\_hypergui_1\spectrum_fromCSV5_(500.0-995.0)_masked_data_0_derivative.csv,kidney_glob_reperfusion,P191,2023_10_28_14_45_28,P191#2023_10_28_14_45_28#CSV5,csv_spectrum,1,train
\\ces-tp3\OE0645-data-uro\TIVITA_Cat\Cat_Pig_UMM\Cat_uro_kidney\Cat_uro_kidney_glob_reperfusion30_20m\data\P193_OP157_2023_10_30_Experiment1\2023_10_30_14_47_01\_hypergui_1\spectrum_fromCSV1_(500.0-995.0)_masked_data_0_derivative.csv,kidney_glob_reperfusion,P193,2023_10_30_14_47_01,P193#2023_10_30_14_47_01#CSV1,csv_spectrum,1,train
\\ces-tp3\OE0645-data-uro\TIVITA_Cat\Cat_Pig_UMM\Cat_uro_kidney\Cat_uro_kidney_glob_reperfusion30_20m\data\P193_OP157_2023_10_30_Experiment1\2023_10_30_14_47_01\_hypergui_1\spectrum_fromCSV5_(500.0-995.0)_masked_data_0_derivative.csv,kidney_glob_reperfusion,P193,2023_10_30_14_47_01,P193#2023_10_30_14_47_01#CSV5,csv_spectrum,1,train
\\ces-tp3\OE0645-data-uro\TIVITA_Cat\Cat_Pig_UMM\Cat_uro_kidney\Cat_uro_kidney_glob_reperfusion30_20m\data\P193_OP157_2023_10_30_Experiment1\2023_10_30_14_49_01\_hypergui_1\spectrum_fromCSV1_(500.0-995.0)_masked_data_0_derivative.csv,kidney_glob_reperfusion,P193,2023_10_30_14_49_01,P193#2023_10_30_14_49_01#CSV1,csv_spectrum,1,train
\\ces-tp3\OE0645-data-uro\TIVITA_Cat\Cat_Pig_UMM\Cat_uro_kidney\Cat_uro_kidney_glob_reperfusion30_20m\data\P193_OP157_2023_10_30_Experiment1\2023_10_30_14_49_01\_hypergui_1\spectrum_fromCSV5_(500.0-995.0)_masked_data_0_derivative.csv,kidney_glob_reperfusion,P193,2023_10_30_14_49_01,P193#2023_10_30_14_49_01#CSV5,csv_spectrum,1,train
\\ces-tp3\OE0645-data-uro\TIVITA_Cat\Cat_Pig_UMM\Cat_uro_kidney\Cat_uro_kidney_glob_reperfusion30_20m\data\P193_OP157_2023_10_30_Experiment1\2023_10_30_14_51_02\_hypergui_1\spectrum_fromCSV1_(500.0-995.0)_masked_data_0_derivative.csv,kidney_glob_reperfusion,P193,2023_10_30_14_51_02,P193#2023_10_30_14_51_02#CSV1,csv_spectrum,1,train
\\ces-tp3\OE0645-data-uro\TIVITA_Cat\Cat_Pig_UMM\Cat_uro_kidney\Cat_uro_kidney_glob_reperfusion30_20m\data\P193_OP157_2023_10_30_Experiment1\2023_10_30_14_51_02\_hypergui_1\spectrum_fromCSV5_(500.0-995.0)_masked_data_0_derivative.csv,kidney_glob_reperfusion,P193,2023_10_30_14_51_02,P193#2023_10_30_14_51_02#CSV5,csv_spectrum,1,train
\\ces-tp3\OE0645-data-uro\TIVITA_Cat\Cat_Pig_UMM\Cat_uro_kidney\Cat_uro_kidney_glob_reperfusion30_2m\data\P188_OP152_2023_10_22_Experiment1\2023_10_22_15_07_31\_hypergui_1\spectrum_fromCSV1_(500.0-995.0)_masked_data_0_derivative.csv,kidney_glob_reperfusion,P188,2023_10_22_15_07_31,P188#2023_10_22_15_07_31#CSV1,csv_spectrum,1,train
\\ces-tp3\OE0645-data-uro\TIVITA_Cat\Cat_Pig_UMM\Cat_uro_kidney\Cat_uro_kidney_glob_reperfusion30_2m\data\P188_OP152_2023_10_22_Experiment1\2023_10_22_15_07_31\_hypergui_1\spectrum_fromCSV5_(500.0-995.0)_masked_data_0_derivative.csv,kidney_glob_reperfusion,P188,2023_10_22_15_07_31,P188#2023_10_22_15_07_31#CSV5,csv_spectrum,1,train
\\ces-tp3\OE0645-data-uro\TIVITA_Cat\Cat_Pig_UMM\Cat_uro_kidney\Cat_uro_kidney_glob_reperfusion30_2m\data\P188_OP152_2023_10_22_Experiment1\2023_10_22_15_08_01\_hypergui_1\spectrum_fromCSV1_(500.0-995.0)_masked_data_0_derivative.csv,kidney_glob_reperfusion,P188,2023_10_22_15_08_01,P188#2023_10_22_15_08_01#CSV1,csv_spectrum,1,train
\\ces-tp3\OE0645-data-uro\TIVITA_Cat\Cat_Pig_UMM\Cat_uro_kidney\Cat_uro_kidney_glob_reperfusion30_2m\data\P188_OP152_2023_10_22_Experiment1\2023_10_22_15_08_01\_hypergui_1\spectrum_fromCSV5_(500.0-995.0)_masked_data_0_derivative.csv,kidney_glob_reperfusion,P188,2023_10_22_15_08_01,P188#2023_10_22_15_08_01#CSV5,csv_spectrum,1,train
\\ces-tp3\OE0645-data-uro\TIVITA_Cat\Cat_Pig_UMM\Cat_uro_kidney\Cat_uro_kidney_glob_reperfusion30_2m\data\P188_OP152_2023_10_22_Experiment1\2023_10_22_15_08_31\_hypergui_1\spectrum_fromCSV1_(500.0-995.0)_masked_data_0_derivative.csv,kidney_glob_reperfusion,P188,2023_10_22_15_08_31,P188#2023_10_22_15_08_31#CSV1,csv_spectrum,1,train
\\ces-tp3\OE0645-data-uro\TIVITA_Cat\Cat_Pig_UMM\Cat_uro_kidney\Cat_uro_kidney_glob_reperfusion30_2m\data\P188_OP152_2023_10_22_Experiment1\2023_10_22_15_08_31\_hypergui_1\spectrum_fromCSV5_(500.0-995.0)_masked_data_0_derivative.csv,kidney_glob_reperfusion,P188,2023_10_22_15_08_31,P188#2023_10_22_15_08_31#CSV5,csv_spectrum,1,train
\\ces-tp3\OE0645-data-uro\TIVITA_Cat\Cat_Pig_UMM\Cat_uro_kidney\Cat_uro_kidney_glob_reperfusion30_2m\data\P188_OP152_2023_10_22_Experiment1\2023_10_22_15_09_01\_hypergui_1\spectrum_fromCSV1_(500.0-995.0)_masked_data_0_derivative.csv,kidney_glob_reperfusion,P188,2023_10_22_15_09_01,P188#2023_10_22_15_09_01#CSV1,csv_spectrum,1,train
\\ces-tp3\OE0645-data-uro\TIVITA_Cat\Cat_Pig_UMM\Cat_uro_kidney\Cat_uro_kidney_glob_reperfusion30_2m\data\P188_OP152_2023_10_22_Experiment1\2023_10_22_15_09_01\_hypergui_1\spectrum_fromCSV5_(500.0-995.0)_masked_data_0_derivative.csv,kidney_glob_reperfusion,P188,2023_10_22_15_09_01,P188#2023_10_22_15_09_01#CSV5,csv_spectrum,1,train
\\ces-tp3\OE0645-data-uro\TIVITA_Cat\Cat_Pig_UMM\Cat_uro_kidney\Cat_uro_kidney_glob_reperfusion30_2m\data\P191_OP155_2023_10_28_Experiment1\2023_10_28_14_23_57\_hypergui_1\spectrum_fromCSV1_(500.0-995.0)_masked_data_0_derivative.csv,kidney_glob_reperfusion,P191,2023_10_28_14_23_57,P191#2023_10_28_14_23_57#CSV1,csv_spectrum,1,train
\\ces-tp3\OE0645-data-uro\TIVITA_Cat\Cat_Pig_UMM\Cat_uro_kidney\Cat_uro_kidney_glob_reperfusion30_2m\data\P191_OP155_2023_10_28_Experiment1\2023_10_28_14_23_57\_hypergui_1\spectrum_fromCSV5_(500.0-995.0)_masked_data_0_derivative.csv,kidney_glob_reperfusion,P191,2023_10_28_14_23_57,P191#2023_10_28_14_23_57#CSV5,csv_spectrum,1,train
\\ces-tp3\OE0645-data-uro\TIVITA_Cat\Cat_Pig_UMM\Cat_uro_kidney\Cat_uro_kidney_glob_reperfusion30_2m\data\P191_OP155_2023_10_28_Experiment1\2023_10_28_14_24_27\_hypergui_1\spectrum_fromCSV1_(500.0-995.0)_masked_data_0_derivative.csv,kidney_glob_reperfusion,P191,2023_10_28_14_24_27,P191#2023_10_28_14_24_27#CSV1,csv_spectrum,1,train
\\ces-tp3\OE0645-data-uro\TIVITA_Cat\Cat_Pig_UMM\Cat_uro_kidney\Cat_uro_kidney_glob_reperfusion30_2m\data\P191_OP155_2023_10_28_Experiment1\2023_10_28_14_24_27\_hypergui_1\spectrum_fromCSV5_(500.0-995.0)_masked_data_0_derivative.csv,kidney_glob_reperfusion,P191,2023_10_28_14_24_27,P191#2023_10_28_14_24_27#CSV5,csv_spectrum,1,train
\\ces-tp3\OE0645-data-uro\TIVITA_Cat\Cat_Pig_UMM\Cat_uro_kidney\Cat_uro_kidney_glob_reperfusion30_2m\data\P191_OP155_2023_10_28_Experiment1\2023_10_28_14_24_57\_hypergui_1\spectrum_fromCSV1_(500.0-995.0)_masked_data_0_derivative.csv,kidney_glob_reperfusion,P191,2023_10_28_14_24_57,P191#2023_10_28_14_24_57#CSV1,csv_spectrum,1,train
\\ces-tp3\OE0645-data-uro\TIVITA_Cat\Cat_Pig_UMM\Cat_uro_kidney\Cat_uro_kidney_glob_reperfusion30_2m\data\P191_OP155_2023_10_28_Experiment1\2023_10_28_14_24_57\_hypergui_1\spectrum_fromCSV5_(500.0-995.0)_masked_data_0_derivative.csv,kidney_glob_reperfusion,P191,2023_10_28_14_24_57,P191#2023_10_28_14_24_57#CSV5,csv_spectrum,1,train
\\ces-tp3\OE0645-data-uro\TIVITA_Cat\Cat_Pig_UMM\Cat_uro_kidney\Cat_uro_kidney_glob_reperfusion30_2m\data\P191_OP155_2023_10_28_Experiment1\2023_10_28_14_25_27\_hypergui_1\spectrum_fromCSV1_(500.0-995.0)_masked_data_0_derivative.csv,kidney_glob_reperfusion,P191,2023_10_28_14_25_27,P191#2023_10_28_14_25_27#CSV1,csv_spectrum,1,train
\\ces-tp3\OE0645-data-uro\TIVITA_Cat\Cat_Pig_UMM\Cat_uro_kidney\Cat_uro_kidney_glob_reperfusion30_2m\data\P191_OP155_2023_10_28_Experiment1\2023_10_28_14_25_27\_hypergui_1\spectrum_fromCSV5_(500.0-995.0)_masked_data_0_derivative.csv,kidney_glob_reperfusion,P191,2023_10_28_14_25_27,P191#2023_10_28_14_25_27#CSV5,csv_spectrum,1,train
\\ces-tp3\OE0645-data-uro\TIVITA_Cat\Cat_Pig_UMM\Cat_uro_kidney\Cat_uro_kidney_glob_reperfusion30_2m\data\P192_OP156_2023_10_29_Experiment1\2023_10_29_15_09_30\_hypergui_1\spectrum_fromCSV1_(500.0-995.0)_masked_data_0_derivative.csv,kidney_glob_reperfusion,P192,2023_10_29_15_09_30,P192#2023_10_29_15_09_30#CSV1,csv_spectrum,1,train
\\ces-tp3\OE0645-data-uro\TIVITA_Cat\Cat_Pig_UMM\Cat_uro_kidney\Cat_uro_kidney_glob_reperfusion30_2m\data\P192_OP156_2023_10_29_Experiment1\2023_10_29_15_09_30\_hypergui_1\spectrum_fromCSV5_(500.0-995.0)_masked_data_0_derivative.csv,kidney_glob_reperfusion,P192,2023_10_29_15_09_30,P192#2023_10_29_15_09_30#CSV5,csv_spectrum,1,train
\\ces-tp3\OE0645-data-uro\TIVITA_Cat\Cat_Pig_UMM\Cat_uro_kidney\Cat_uro_kidney_glob_reperfusion30_2m\data\P192_OP156_2023_10_29_Experiment1\2023_10_29_15_10_00\_hypergui_1\spectrum_fromCSV1_(500.0-995.0)_masked_data_0_derivative.csv,kidney_glob_reperfusion,P192,2023_10_29_15_10_00,P192#2023_10_29_15_10_00#CSV1,csv_spectrum,1,train
\\ces-tp3\OE0645-data-uro\TIVITA_Cat\Cat_Pig_UMM\Cat_uro_kidney\Cat_uro_kidney_glob_reperfusion30_2m\data\P192_OP156_2023_10_29_Experiment1\2023_10_29_15_10_00\_hypergui_1\spectrum_fromCSV5_(500.0-995.0)_masked_data_0_derivative.csv,kidney_glob_reperfusion,P192,2023_10_29_15_10_00,P192#2023_10_29_15_10_00#CSV5,csv_spectrum,1,train
\\ces-tp3\OE0645-data-uro\TIVITA_Cat\Cat_Pig_UMM\Cat_uro_kidney\Cat_uro_kidney_glob_reperfusion30_2m\data\P192_OP156_2023_10_29_Experiment1\2023_10_29_15_10_30\_hypergui_1\spectrum_fromCSV1_(500.0-995.0)_masked_data_0_derivative.csv,kidney_glob_reperfusion,P192,2023_10_29_15_10_30,P192#2023_10_29_15_10_30#CSV1,csv_spectrum,1,train
\\ces-tp3\OE0645-data-uro\TIVITA_Cat\Cat_Pig_UMM\Cat_uro_kidney\Cat_uro_kidney_glob_reperfusion30_2m\data\P192_OP156_2023_10_29_Experiment1\2023_10_29_15_10_30\_hypergui_1\spectrum_fromCSV5_(500.0-995.0)_masked_data_0_derivative.csv,kidney_glob_reperfusion,P192,2023_10_29_15_10_30,P192#2023_10_29_15_10_30#CSV5,csv_spectrum,1,train
\\ces-tp3\OE0645-data-uro\TIVITA_Cat\Cat_Pig_UMM\Cat_uro_kidney\Cat_uro_kidney_glob_reperfusion30_2m\data\P192_OP156_2023_10_29_Experiment1\2023_10_29_15_11_00\_hypergui_1\spectrum_fromCSV1_(500.0-995.0)_masked_data_0_derivative.csv,kidney_glob_reperfusion,P192,2023_10_29_15_11_00,P192#2023_10_29_15_11_00#CSV1,csv_spectrum,1,train
\\ces-tp3\OE0645-data-uro\TIVITA_Cat\Cat_Pig_UMM\Cat_uro_kidney\Cat_uro_kidney_glob_reperfusion30_2m\data\P192_OP156_2023_10_29_Experiment1\2023_10_29_15_11_00\_hypergui_1\spectrum_fromCSV5_(500.0-995.0)_masked_data_0_derivative.csv,kidney_glob_reperfusion,P192,2023_10_29_15_11_00,P192#2023_10_29_15_11_00#CSV5,csv_spectrum,1,train
\\ces-tp3\OE0645-data-uro\TIVITA_Cat\Cat_Pig_UMM\Cat_uro_kidney\Cat_uro_kidney_glob_reperfusion30_2m\data\P193_OP157_2023_10_30_Experiment1\2023_10_30_14_30_30\_hypergui_1\spectrum_fromCSV1_(500.0-995.0)_masked_data_0_derivative.csv,kidney_glob_reperfusion,P193,2023_10_30_14_30_30,P193#2023_10_30_14_30_30#CSV1,csv_spectrum,1,train
\\ces-tp3\OE0645-data-uro\TIVITA_Cat\Cat_Pig_UMM\Cat_uro_kidney\Cat_uro_kidney_glob_reperfusion30_2m\data\P193_OP157_2023_10_30_Experiment1\2023_10_30_14_30_30\_hypergui_1\spectrum_fromCSV5_(500.0-995.0)_masked_data_0_derivative.csv,kidney_glob_reperfusion,P193,2023_10_30_14_30_30,P193#2023_10_30_14_30_30#CSV5,csv_spectrum,1,train
\\ces-tp3\OE0645-data-uro\TIVITA_Cat\Cat_Pig_UMM\Cat_uro_kidney\Cat_uro_kidney_glob_reperfusion30_2m\data\P193_OP157_2023_10_30_Experiment1\2023_10_30_14_31_00\_hypergui_1\spectrum_fromCSV1_(500.0-995.0)_masked_data_0_derivative.csv,kidney_glob_reperfusion,P193,2023_10_30_14_31_00,P193#2023_10_30_14_31_00#CSV1,csv_spectrum,1,train
\\ces-tp3\OE0645-data-uro\TIVITA_Cat\Cat_Pig_UMM\Cat_uro_kidney\Cat_uro_kidney_glob_reperfusion30_2m\data\P193_OP157_2023_10_30_Experiment1\2023_10_30_14_31_00\_hypergui_1\spectrum_fromCSV5_(500.0-995.0)_masked_data_0_derivative.csv,kidney_glob_reperfusion,P193,2023_10_30_14_31_00,P193#2023_10_30_14_31_00#CSV5,csv_spectrum,1,train
\\ces-tp3\OE0645-data-uro\TIVITA_Cat\Cat_Pig_UMM\Cat_uro_kidney\Cat_uro_kidney_glob_reperfusion30_2m\data\P193_OP157_2023_10_30_Experiment1\2023_10_30_14_31_30\_hypergui_1\spectrum_fromCSV1_(500.0-995.0)_masked_data_0_derivative.csv,kidney_glob_reperfusion,P193,2023_10_30_14_31_30,P193#2023_10_30_14_31_30#CSV1,csv_spectrum,1,train
\\ces-tp3\OE0645-data-uro\TIVITA_Cat\Cat_Pig_UMM\Cat_uro_kidney\Cat_uro_kidney_glob_reperfusion30_2m\data\P193_OP157_2023_10_30_Experiment1\2023_10_30_14_31_30\_hypergui_1\spectrum_fromCSV5_(500.0-995.0)_masked_data_0_derivative.csv,kidney_glob_reperfusion,P193,2023_10_30_14_31_30,P193#2023_10_30_14_31_30#CSV5,csv_spectrum,1,train
\\ces-tp3\OE0645-data-uro\TIVITA_Cat\Cat_Pig_UMM\Cat_uro_kidney\Cat_uro_kidney_glob_reperfusion30_2m\data\P193_OP157_2023_10_30_Experiment1\2023_10_30_14_32_01\_hypergui_1\spectrum_fromCSV1_(500.0-995.0)_masked_data_0_derivative.csv,kidney_glob_reperfusion,P193,2023_10_30_14_32_01,P193#2023_10_30_14_32_01#CSV1,csv_spectrum,1,train
\\ces-tp3\OE0645-data-uro\TIVITA_Cat\Cat_Pig_UMM\Cat_uro_kidney\Cat_uro_kidney_glob_reperfusion30_2m\data\P193_OP157_2023_10_30_Experiment1\2023_10_30_14_32_01\_hypergui_1\spectrum_fromCSV5_(500.0-995.0)_masked_data_0_derivative.csv,kidney_glob_reperfusion,P193,2023_10_30_14_32_01,P193#2023_10_30_14_32_01#CSV5,csv_spectrum,1,train
\\ces-tp3\OE0645-data-uro\TIVITA_Cat\Cat_Pig_UMM\Cat_uro_kidney\Cat_uro_kidney_glob_reperfusion30_30m\data\P188_OP152_2023_10_22_Experiment1\2023_10_22_15_30_02\_hypergui_1\spectrum_fromCSV1_(500.0-995.0)_masked_data_0_derivative.csv,kidney_glob_reperfusion,P188,2023_10_22_15_30_02,P188#2023_10_22_15_30_02#CSV1,csv_spectrum,1,train
\\ces-tp3\OE0645-data-uro\TIVITA_Cat\Cat_Pig_UMM\Cat_uro_kidney\Cat_uro_kidney_glob_reperfusion30_30m\data\P188_OP152_2023_10_22_Experiment1\2023_10_22_15_30_02\_hypergui_1\spectrum_fromCSV5_(500.0-995.0)_masked_data_0_derivative.csv,kidney_glob_reperfusion,P188,2023_10_22_15_30_02,P188#2023_10_22_15_30_02#CSV5,csv_spectrum,1,train
\\ces-tp3\OE0645-data-uro\TIVITA_Cat\Cat_Pig_UMM\Cat_uro_kidney\Cat_uro_kidney_glob_reperfusion30_30m\data\P188_OP152_2023_10_22_Experiment1\2023_10_22_15_32_02\_hypergui_1\spectrum_fromCSV1_(500.0-995.0)_masked_data_0_derivative.csv,kidney_glob_reperfusion,P188,2023_10_22_15_32_02,P188#2023_10_22_15_32_02#CSV1,csv_spectrum,1,train
\\ces-tp3\OE0645-data-uro\TIVITA_Cat\Cat_Pig_UMM\Cat_uro_kidney\Cat_uro_kidney_glob_reperfusion30_30m\data\P188_OP152_2023_10_22_Experiment1\2023_10_22_15_32_02\_hypergui_1\spectrum_fromCSV5_(500.0-995.0)_masked_data_0_derivative.csv,kidney_glob_reperfusion,P188,2023_10_22_15_32_02,P188#2023_10_22_15_32_02#CSV5,csv_spectrum,1,train
\\ces-tp3\OE0645-data-uro\TIVITA_Cat\Cat_Pig_UMM\Cat_uro_kidney\Cat_uro_kidney_glob_reperfusion30_30m\data\P188_OP152_2023_10_22_Experiment1\2023_10_22_15_34_02\_hypergui_1\spectrum_fromCSV1_(500.0-995.0)_masked_data_0_derivative.csv,kidney_glob_reperfusion,P188,2023_10_22_15_34_02,P188#2023_10_22_15_34_02#CSV1,csv_spectrum,1,train
\\ces-tp3\OE0645-data-uro\TIVITA_Cat\Cat_Pig_UMM\Cat_uro_kidney\Cat_uro_kidney_glob_reperfusion30_30m\data\P188_OP152_2023_10_22_Experiment1\2023_10_22_15_34_02\_hypergui_1\spectrum_fromCSV5_(500.0-995.0)_masked_data_0_derivative.csv,kidney_glob_reperfusion,P188,2023_10_22_15_34_02,P188#2023_10_22_15_34_02#CSV5,csv_spectrum,1,train
\\ces-tp3\OE0645-data-uro\TIVITA_Cat\Cat_Pig_UMM\Cat_uro_kidney\Cat_uro_kidney_glob_reperfusion30_30m\data\P191_OP155_2023_10_28_Experiment1\2023_10_28_14_49_28\_hypergui_1\spectrum_fromCSV1_(500.0-995.0)_masked_data_0_derivative.csv,kidney_glob_reperfusion,P191,2023_10_28_14_49_28,P191#2023_10_28_14_49_28#CSV1,csv_spectrum,1,train
\\ces-tp3\OE0645-data-uro\TIVITA_Cat\Cat_Pig_UMM\Cat_uro_kidney\Cat_uro_kidney_glob_reperfusion30_30m\data\P191_OP155_2023_10_28_Experiment1\2023_10_28_14_49_28\_hypergui_1\spectrum_fromCSV5_(500.0-995.0)_masked_data_0_derivative.csv,kidney_glob_reperfusion,P191,2023_10_28_14_49_28,P191#2023_10_28_14_49_28#CSV5,csv_spectrum,1,train
\\ces-tp3\OE0645-data-uro\TIVITA_Cat\Cat_Pig_UMM\Cat_uro_kidney\Cat_uro_kidney_glob_reperfusion30_30m\data\P191_OP155_2023_10_28_Experiment1\2023_10_28_14_51_28\_hypergui_1\spectrum_fromCSV1_(500.0-995.0)_masked_data_0_derivative.csv,kidney_glob_reperfusion,P191,2023_10_28_14_51_28,P191#2023_10_28_14_51_28#CSV1,csv_spectrum,1,train
\\ces-tp3\OE0645-data-uro\TIVITA_Cat\Cat_Pig_UMM\Cat_uro_kidney\Cat_uro_kidney_glob_reperfusion30_30m\data\P191_OP155_2023_10_28_Experiment1\2023_10_28_14_51_28\_hypergui_1\spectrum_fromCSV5_(500.0-995.0)_masked_data_0_derivative.csv,kidney_glob_reperfusion,P191,2023_10_28_14_51_28,P191#2023_10_28_14_51_28#CSV5,csv_spectrum,1,train
\\ces-tp3\OE0645-data-uro\TIVITA_Cat\Cat_Pig_UMM\Cat_uro_kidney\Cat_uro_kidney_glob_reperfusion30_30m\data\P191_OP155_2023_10_28_Experiment1\2023_10_28_14_53_28\_hypergui_1\spectrum_fromCSV1_(500.0-995.0)_masked_data_0_derivative.csv,kidney_glob_reperfusion,P191,2023_10_28_14_53_28,P191#2023_10_28_14_53_28#CSV1,csv_spectrum,1,train
\\ces-tp3\OE0645-data-uro\TIVITA_Cat\Cat_Pig_UMM\Cat_uro_kidney\Cat_uro_kidney_glob_reperfusion30_30m\data\P191_OP155_2023_10_28_Experiment1\2023_10_28_14_53_28\_hypergui_1\spectrum_fromCSV5_(500.0-995.0)_masked_data_0_derivative.csv,kidney_glob_reperfusion,P191,2023_10_28_14_53_28,P191#2023_10_28_14_53_28#CSV5,csv_spectrum,1,train
\\ces-tp3\OE0645-data-uro\TIVITA_Cat\Cat_Pig_UMM\Cat_uro_kidney\Cat_uro_kidney_glob_reperfusion30_30m\data\P192_OP156_2023_10_29_Experiment1\2023_10_29_15_31_01\_hypergui_1\spectrum_fromCSV1_(500.0-995.0)_masked_data_0_derivative.csv,kidney_glob_reperfusion,P192,2023_10_29_15_31_01,P192#2023_10_29_15_31_01#CSV1,csv_spectrum,1,train
\\ces-tp3\OE0645-data-uro\TIVITA_Cat\Cat_Pig_UMM\Cat_uro_kidney\Cat_uro_kidney_glob_reperfusion30_30m\data\P192_OP156_2023_10_29_Experiment1\2023_10_29_15_31_01\_hypergui_1\spectrum_fromCSV5_(500.0-995.0)_masked_data_0_derivative.csv,kidney_glob_reperfusion,P192,2023_10_29_15_31_01,P192#2023_10_29_15_31_01#CSV5,csv_spectrum,1,train
\\ces-tp3\OE0645-data-uro\TIVITA_Cat\Cat_Pig_UMM\Cat_uro_kidney\Cat_uro_kidney_glob_reperfusion30_30m\data\P192_OP156_2023_10_29_Experiment1\2023_10_29_15_33_01\_hypergui_1\spectrum_fromCSV1_(500.0-995.0)_masked_data_0_derivative.csv,kidney_glob_reperfusion,P192,2023_10_29_15_33_01,P192#2023_10_29_15_33_01#CSV1,csv_spectrum,1,train
\\ces-tp3\OE0645-data-uro\TIVITA_Cat\Cat_Pig_UMM\Cat_uro_kidney\Cat_uro_kidney_glob_reperfusion30_30m\data\P192_OP156_2023_10_29_Experiment1\2023_10_29_15_33_01\_hypergui_1\spectrum_fromCSV5_(500.0-995.0)_masked_data_0_derivative.csv,kidney_glob_reperfusion,P192,2023_10_29_15_33_01,P192#2023_10_29_15_33_01#CSV5,csv_spectrum,1,train
\\ces-tp3\OE0645-data-uro\TIVITA_Cat\Cat_Pig_UMM\Cat_uro_kidney\Cat_uro_kidney_glob_reperfusion30_30m\data\P192_OP156_2023_10_29_Experiment1\2023_10_29_15_35_01\_hypergui_1\spectrum_fromCSV1_(500.0-995.0)_masked_data_0_derivative.csv,kidney_glob_reperfusion,P192,2023_10_29_15_35_01,P192#2023_10_29_15_35_01#CSV1,csv_spectrum,1,train
\\ces-tp3\OE0645-data-uro\TIVITA_Cat\Cat_Pig_UMM\Cat_uro_kidney\Cat_uro_kidney_glob_reperfusion30_30m\data\P192_OP156_2023_10_29_Experiment1\2023_10_29_15_35_01\_hypergui_1\spectrum_fromCSV5_(500.0-995.0)_masked_data_0_derivative.csv,kidney_glob_reperfusion,P192,2023_10_29_15_35_01,P192#2023_10_29_15_35_01#CSV5,csv_spectrum,1,train
\\ces-tp3\OE0645-data-uro\TIVITA_Cat\Cat_Pig_UMM\Cat_uro_kidney\Cat_uro_kidney_glob_reperfusion30_30m\data\P193_OP157_2023_10_30_Experiment1\2023_10_30_14_57_02\_hypergui_1\spectrum_fromCSV1_(500.0-995.0)_masked_data_0_derivative.csv,kidney_glob_reperfusion,P193,2023_10_30_14_57_02,P193#2023_10_30_14_57_02#CSV1,csv_spectrum,1,train
\\ces-tp3\OE0645-data-uro\TIVITA_Cat\Cat_Pig_UMM\Cat_uro_kidney\Cat_uro_kidney_glob_reperfusion30_30m\data\P193_OP157_2023_10_30_Experiment1\2023_10_30_14_57_02\_hypergui_1\spectrum_fromCSV5_(500.0-995.0)_masked_data_0_derivative.csv,kidney_glob_reperfusion,P193,2023_10_30_14_57_02,P193#2023_10_30_14_57_02#CSV5,csv_spectrum,1,train
\\ces-tp3\OE0645-data-uro\TIVITA_Cat\Cat_Pig_UMM\Cat_uro_kidney\Cat_uro_kidney_glob_reperfusion30_30m\data\P193_OP157_2023_10_30_Experiment1\2023_10_30_14_59_02\_hypergui_1\spectrum_fromCSV1_(500.0-995.0)_masked_data_0_derivative.csv,kidney_glob_reperfusion,P193,2023_10_30_14_59_02,P193#2023_10_30_14_59_02#CSV1,csv_spectrum,1,train
\\ces-tp3\OE0645-data-uro\TIVITA_Cat\Cat_Pig_UMM\Cat_uro_kidney\Cat_uro_kidney_glob_reperfusion30_30m\data\P193_OP157_2023_10_30_Experiment1\2023_10_30_14_59_02\_hypergui_1\spectrum_fromCSV5_(500.0-995.0)_masked_data_0_derivative.csv,kidney_glob_reperfusion,P193,2023_10_30_14_59_02,P193#2023_10_30_14_59_02#CSV5,csv_spectrum,1,train
\\ces-tp3\OE0645-data-uro\TIVITA_Cat\Cat_Pig_UMM\Cat_uro_kidney\Cat_uro_kidney_glob_reperfusion30_30m\data\P193_OP157_2023_10_30_Experiment1\2023_10_30_15_01_02\_hypergui_1\spectrum_fromCSV1_(500.0-995.0)_masked_data_0_derivative.csv,kidney_glob_reperfusion,P193,2023_10_30_15_01_02,P193#2023_10_30_15_01_02#CSV1,csv_spectrum,1,train
\\ces-tp3\OE0645-data-uro\TIVITA_Cat\Cat_Pig_UMM\Cat_uro_kidney\Cat_uro_kidney_glob_reperfusion30_30m\data\P193_OP157_2023_10_30_Experiment1\2023_10_30_15_01_02\_hypergui_1\spectrum_fromCSV5_(500.0-995.0)_masked_data_0_derivative.csv,kidney_glob_reperfusion,P193,2023_10_30_15_01_02,P193#2023_10_30_15_01_02#CSV5,csv_spectrum,1,train
\\ces-tp3\OE0645-data-uro\TIVITA_Cat\Cat_Pig_UMM\Cat_uro_kidney\Cat_uro_kidney_glob_reperfusion30_4m\data\P188_OP152_2023_10_22_Experiment1\2023_10_22_15_09_31\_hypergui_1\spectrum_fromCSV1_(500.0-995.0)_masked_data_0_derivative.csv,kidney_glob_reperfusion,P188,2023_10_22_15_09_31,P188#2023_10_22_15_09_31#CSV1,csv_spectrum,1,train
\\ces-tp3\OE0645-data-uro\TIVITA_Cat\Cat_Pig_UMM\Cat_uro_kidney\Cat_uro_kidney_glob_reperfusion30_4m\data\P188_OP152_2023_10_22_Experiment1\2023_10_22_15_09_31\_hypergui_1\spectrum_fromCSV5_(500.0-995.0)_masked_data_0_derivative.csv,kidney_glob_reperfusion,P188,2023_10_22_15_09_31,P188#2023_10_22_15_09_31#CSV5,csv_spectrum,1,train
\\ces-tp3\OE0645-data-uro\TIVITA_Cat\Cat_Pig_UMM\Cat_uro_kidney\Cat_uro_kidney_glob_reperfusion30_4m\data\P188_OP152_2023_10_22_Experiment1\2023_10_22_15_10_01\_hypergui_1\spectrum_fromCSV1_(500.0-995.0)_masked_data_0_derivative.csv,kidney_glob_reperfusion,P188,2023_10_22_15_10_01,P188#2023_10_22_15_10_01#CSV1,csv_spectrum,1,train
\\ces-tp3\OE0645-data-uro\TIVITA_Cat\Cat_Pig_UMM\Cat_uro_kidney\Cat_uro_kidney_glob_reperfusion30_4m\data\P188_OP152_2023_10_22_Experiment1\2023_10_22_15_10_01\_hypergui_1\spectrum_fromCSV5_(500.0-995.0)_masked_data_0_derivative.csv,kidney_glob_reperfusion,P188,2023_10_22_15_10_01,P188#2023_10_22_15_10_01#CSV5,csv_spectrum,1,train
\\ces-tp3\OE0645-data-uro\TIVITA_Cat\Cat_Pig_UMM\Cat_uro_kidney\Cat_uro_kidney_glob_reperfusion30_4m\data\P188_OP152_2023_10_22_Experiment1\2023_10_22_15_11_01\_hypergui_1\spectrum_fromCSV1_(500.0-995.0)_masked_data_0_derivative.csv,kidney_glob_reperfusion,P188,2023_10_22_15_11_01,P188#2023_10_22_15_11_01#CSV1,csv_spectrum,1,train
\\ces-tp3\OE0645-data-uro\TIVITA_Cat\Cat_Pig_UMM\Cat_uro_kidney\Cat_uro_kidney_glob_reperfusion30_4m\data\P188_OP152_2023_10_22_Experiment1\2023_10_22_15_11_01\_hypergui_1\spectrum_fromCSV5_(500.0-995.0)_masked_data_0_derivative.csv,kidney_glob_reperfusion,P188,2023_10_22_15_11_01,P188#2023_10_22_15_11_01#CSV5,csv_spectrum,1,train
\\ces-tp3\OE0645-data-uro\TIVITA_Cat\Cat_Pig_UMM\Cat_uro_kidney\Cat_uro_kidney_glob_reperfusion30_4m\data\P191_OP155_2023_10_28_Experiment1\2023_10_28_14_25_57\_hypergui_1\spectrum_fromCSV1_(500.0-995.0)_masked_data_0_derivative.csv,kidney_glob_reperfusion,P191,2023_10_28_14_25_57,P191#2023_10_28_14_25_57#CSV1,csv_spectrum,1,train
\\ces-tp3\OE0645-data-uro\TIVITA_Cat\Cat_Pig_UMM\Cat_uro_kidney\Cat_uro_kidney_glob_reperfusion30_4m\data\P191_OP155_2023_10_28_Experiment1\2023_10_28_14_25_57\_hypergui_1\spectrum_fromCSV5_(500.0-995.0)_masked_data_0_derivative.csv,kidney_glob_reperfusion,P191,2023_10_28_14_25_57,P191#2023_10_28_14_25_57#CSV5,csv_spectrum,1,train
\\ces-tp3\OE0645-data-uro\TIVITA_Cat\Cat_Pig_UMM\Cat_uro_kidney\Cat_uro_kidney_glob_reperfusion30_4m\data\P191_OP155_2023_10_28_Experiment1\2023_10_28_14_26_27\_hypergui_1\spectrum_fromCSV1_(500.0-995.0)_masked_data_0_derivative.csv,kidney_glob_reperfusion,P191,2023_10_28_14_26_27,P191#2023_10_28_14_26_27#CSV1,csv_spectrum,1,train
\\ces-tp3\OE0645-data-uro\TIVITA_Cat\Cat_Pig_UMM\Cat_uro_kidney\Cat_uro_kidney_glob_reperfusion30_4m\data\P191_OP155_2023_10_28_Experiment1\2023_10_28_14_26_27\_hypergui_1\spectrum_fromCSV5_(500.0-995.0)_masked_data_0_derivative.csv,kidney_glob_reperfusion,P191,2023_10_28_14_26_27,P191#2023_10_28_14_26_27#CSV5,csv_spectrum,1,train
\\ces-tp3\OE0645-data-uro\TIVITA_Cat\Cat_Pig_UMM\Cat_uro_kidney\Cat_uro_kidney_glob_reperfusion30_4m\data\P191_OP155_2023_10_28_Experiment1\2023_10_28_14_27_27\_hypergui_1\spectrum_fromCSV1_(500.0-995.0)_masked_data_0_derivative.csv,kidney_glob_reperfusion,P191,2023_10_28_14_27_27,P191#2023_10_28_14_27_27#CSV1,csv_spectrum,1,train
\\ces-tp3\OE0645-data-uro\TIVITA_Cat\Cat_Pig_UMM\Cat_uro_kidney\Cat_uro_kidney_glob_reperfusion30_4m\data\P191_OP155_2023_10_28_Experiment1\2023_10_28_14_27_27\_hypergui_1\spectrum_fromCSV5_(500.0-995.0)_masked_data_0_derivative.csv,kidney_glob_reperfusion,P191,2023_10_28_14_27_27,P191#2023_10_28_14_27_27#CSV5,csv_spectrum,1,train
\\ces-tp3\OE0645-data-uro\TIVITA_Cat\Cat_Pig_UMM\Cat_uro_kidney\Cat_uro_kidney_glob_reperfusion30_4m\data\P192_OP156_2023_10_29_Experiment1\2023_10_29_15_11_30\_hypergui_1\spectrum_fromCSV1_(500.0-995.0)_masked_data_0_derivative.csv,kidney_glob_reperfusion,P192,2023_10_29_15_11_30,P192#2023_10_29_15_11_30#CSV1,csv_spectrum,1,train
\\ces-tp3\OE0645-data-uro\TIVITA_Cat\Cat_Pig_UMM\Cat_uro_kidney\Cat_uro_kidney_glob_reperfusion30_4m\data\P192_OP156_2023_10_29_Experiment1\2023_10_29_15_11_30\_hypergui_1\spectrum_fromCSV5_(500.0-995.0)_masked_data_0_derivative.csv,kidney_glob_reperfusion,P192,2023_10_29_15_11_30,P192#2023_10_29_15_11_30#CSV5,csv_spectrum,1,train
\\ces-tp3\OE0645-data-uro\TIVITA_Cat\Cat_Pig_UMM\Cat_uro_kidney\Cat_uro_kidney_glob_reperfusion30_4m\data\P192_OP156_2023_10_29_Experiment1\2023_10_29_15_12_00\_hypergui_1\spectrum_fromCSV1_(500.0-995.0)_masked_data_0_derivative.csv,kidney_glob_reperfusion,P192,2023_10_29_15_12_00,P192#2023_10_29_15_12_00#CSV1,csv_spectrum,1,train
\\ces-tp3\OE0645-data-uro\TIVITA_Cat\Cat_Pig_UMM\Cat_uro_kidney\Cat_uro_kidney_glob_reperfusion30_4m\data\P192_OP156_2023_10_29_Experiment1\2023_10_29_15_12_00\_hypergui_1\spectrum_fromCSV5_(500.0-995.0)_masked_data_0_derivative.csv,kidney_glob_reperfusion,P192,2023_10_29_15_12_00,P192#2023_10_29_15_12_00#CSV5,csv_spectrum,1,train
\\ces-tp3\OE0645-data-uro\TIVITA_Cat\Cat_Pig_UMM\Cat_uro_kidney\Cat_uro_kidney_glob_reperfusion30_4m\data\P192_OP156_2023_10_29_Experiment1\2023_10_29_15_13_01\_hypergui_1\spectrum_fromCSV1_(500.0-995.0)_masked_data_0_derivative.csv,kidney_glob_reperfusion,P192,2023_10_29_15_13_01,P192#2023_10_29_15_13_01#CSV1,csv_spectrum,1,train
\\ces-tp3\OE0645-data-uro\TIVITA_Cat\Cat_Pig_UMM\Cat_uro_kidney\Cat_uro_kidney_glob_reperfusion30_4m\data\P192_OP156_2023_10_29_Experiment1\2023_10_29_15_13_01\_hypergui_1\spectrum_fromCSV5_(500.0-995.0)_masked_data_0_derivative.csv,kidney_glob_reperfusion,P192,2023_10_29_15_13_01,P192#2023_10_29_15_13_01#CSV5,csv_spectrum,1,train
\\ces-tp3\OE0645-data-uro\TIVITA_Cat\Cat_Pig_UMM\Cat_uro_kidney\Cat_uro_kidney_glob_reperfusion30_4m\data\P193_OP157_2023_10_30_Experiment1\2023_10_30_14_32_31\_hypergui_1\spectrum_fromCSV1_(500.0-995.0)_masked_data_0_derivative.csv,kidney_glob_reperfusion,P193,2023_10_30_14_32_31,P193#2023_10_30_14_32_31#CSV1,csv_spectrum,1,train
\\ces-tp3\OE0645-data-uro\TIVITA_Cat\Cat_Pig_UMM\Cat_uro_kidney\Cat_uro_kidney_glob_reperfusion30_4m\data\P193_OP157_2023_10_30_Experiment1\2023_10_30_14_32_31\_hypergui_1\spectrum_fromCSV5_(500.0-995.0)_masked_data_0_derivative.csv,kidney_glob_reperfusion,P193,2023_10_30_14_32_31,P193#2023_10_30_14_32_31#CSV5,csv_spectrum,1,train
\\ces-tp3\OE0645-data-uro\TIVITA_Cat\Cat_Pig_UMM\Cat_uro_kidney\Cat_uro_kidney_glob_reperfusion30_4m\data\P193_OP157_2023_10_30_Experiment1\2023_10_30_14_33_01\_hypergui_1\spectrum_fromCSV1_(500.0-995.0)_masked_data_0_derivative.csv,kidney_glob_reperfusion,P193,2023_10_30_14_33_01,P193#2023_10_30_14_33_01#CSV1,csv_spectrum,1,train
\\ces-tp3\OE0645-data-uro\TIVITA_Cat\Cat_Pig_UMM\Cat_uro_kidney\Cat_uro_kidney_glob_reperfusion30_4m\data\P193_OP157_2023_10_30_Experiment1\2023_10_30_14_33_01\_hypergui_1\spectrum_fromCSV5_(500.0-995.0)_masked_data_0_derivative.csv,kidney_glob_reperfusion,P193,2023_10_30_14_33_01,P193#2023_10_30_14_33_01#CSV5,csv_spectrum,1,train
\\ces-tp3\OE0645-data-uro\TIVITA_Cat\Cat_Pig_UMM\Cat_uro_kidney\Cat_uro_kidney_glob_reperfusion30_4m\data\P193_OP157_2023_10_30_Experiment1\2023_10_30_14_34_01\_hypergui_1\spectrum_fromCSV1_(500.0-995.0)_masked_data_0_derivative.csv,kidney_glob_reperfusion,P193,2023_10_30_14_34_01,P193#2023_10_30_14_34_01#CSV1,csv_spectrum,1,train
\\ces-tp3\OE0645-data-uro\TIVITA_Cat\Cat_Pig_UMM\Cat_uro_kidney\Cat_uro_kidney_glob_reperfusion30_4m\data\P193_OP157_2023_10_30_Experiment1\2023_10_30_14_34_01\_hypergui_1\spectrum_fromCSV5_(500.0-995.0)_masked_data_0_derivative.csv,kidney_glob_reperfusion,P193,2023_10_30_14_34_01,P193#2023_10_30_14_34_01#CSV5,csv_spectrum,1,train
\\ces-tp3\OE0645-data-uro\TIVITA_Cat\Cat_Pig_UMM\Cat_uro_kidney\Cat_uro_kidney_glob_reperfusion30_6m\data\P188_OP152_2023_10_22_Experiment1\2023_10_22_15_12_01\_hypergui_1\spectrum_fromCSV1_(500.0-995.0)_masked_data_0_derivative.csv,kidney_glob_reperfusion,P188,2023_10_22_15_12_01,P188#2023_10_22_15_12_01#CSV1,csv_spectrum,1,train
\\ces-tp3\OE0645-data-uro\TIVITA_Cat\Cat_Pig_UMM\Cat_uro_kidney\Cat_uro_kidney_glob_reperfusion30_6m\data\P188_OP152_2023_10_22_Experiment1\2023_10_22_15_12_01\_hypergui_1\spectrum_fromCSV5_(500.0-995.0)_masked_data_0_derivative.csv,kidney_glob_reperfusion,P188,2023_10_22_15_12_01,P188#2023_10_22_15_12_01#CSV5,csv_spectrum,1,train
\\ces-tp3\OE0645-data-uro\TIVITA_Cat\Cat_Pig_UMM\Cat_uro_kidney\Cat_uro_kidney_glob_reperfusion30_6m\data\P188_OP152_2023_10_22_Experiment1\2023_10_22_15_13_01\_hypergui_1\spectrum_fromCSV1_(500.0-995.0)_masked_data_0_derivative.csv,kidney_glob_reperfusion,P188,2023_10_22_15_13_01,P188#2023_10_22_15_13_01#CSV1,csv_spectrum,1,train
\\ces-tp3\OE0645-data-uro\TIVITA_Cat\Cat_Pig_UMM\Cat_uro_kidney\Cat_uro_kidney_glob_reperfusion30_6m\data\P188_OP152_2023_10_22_Experiment1\2023_10_22_15_13_01\_hypergui_1\spectrum_fromCSV5_(500.0-995.0)_masked_data_0_derivative.csv,kidney_glob_reperfusion,P188,2023_10_22_15_13_01,P188#2023_10_22_15_13_01#CSV5,csv_spectrum,1,train
\\ces-tp3\OE0645-data-uro\TIVITA_Cat\Cat_Pig_UMM\Cat_uro_kidney\Cat_uro_kidney_glob_reperfusion30_6m\data\P191_OP155_2023_10_28_Experiment1\2023_10_28_14_28_27\_hypergui_1\spectrum_fromCSV1_(500.0-995.0)_masked_data_0_derivative.csv,kidney_glob_reperfusion,P191,2023_10_28_14_28_27,P191#2023_10_28_14_28_27#CSV1,csv_spectrum,1,train
\\ces-tp3\OE0645-data-uro\TIVITA_Cat\Cat_Pig_UMM\Cat_uro_kidney\Cat_uro_kidney_glob_reperfusion30_6m\data\P191_OP155_2023_10_28_Experiment1\2023_10_28_14_28_27\_hypergui_1\spectrum_fromCSV5_(500.0-995.0)_masked_data_0_derivative.csv,kidney_glob_reperfusion,P191,2023_10_28_14_28_27,P191#2023_10_28_14_28_27#CSV5,csv_spectrum,1,train
\\ces-tp3\OE0645-data-uro\TIVITA_Cat\Cat_Pig_UMM\Cat_uro_kidney\Cat_uro_kidney_glob_reperfusion30_6m\data\P191_OP155_2023_10_28_Experiment1\2023_10_28_14_29_27\_hypergui_1\spectrum_fromCSV1_(500.0-995.0)_masked_data_0_derivative.csv,kidney_glob_reperfusion,P191,2023_10_28_14_29_27,P191#2023_10_28_14_29_27#CSV1,csv_spectrum,1,train
\\ces-tp3\OE0645-data-uro\TIVITA_Cat\Cat_Pig_UMM\Cat_uro_kidney\Cat_uro_kidney_glob_reperfusion30_6m\data\P191_OP155_2023_10_28_Experiment1\2023_10_28_14_29_27\_hypergui_1\spectrum_fromCSV5_(500.0-995.0)_masked_data_0_derivative.csv,kidney_glob_reperfusion,P191,2023_10_28_14_29_27,P191#2023_10_28_14_29_27#CSV5,csv_spectrum,1,train
\\ces-tp3\OE0645-data-uro\TIVITA_Cat\Cat_Pig_UMM\Cat_uro_kidney\Cat_uro_kidney_glob_reperfusion30_6m\data\P192_OP156_2023_10_29_Experiment1\2023_10_29_15_14_01\_hypergui_1\spectrum_fromCSV1_(500.0-995.0)_masked_data_0_derivative.csv,kidney_glob_reperfusion,P192,2023_10_29_15_14_01,P192#2023_10_29_15_14_01#CSV1,csv_spectrum,1,train
\\ces-tp3\OE0645-data-uro\TIVITA_Cat\Cat_Pig_UMM\Cat_uro_kidney\Cat_uro_kidney_glob_reperfusion30_6m\data\P192_OP156_2023_10_29_Experiment1\2023_10_29_15_14_01\_hypergui_1\spectrum_fromCSV5_(500.0-995.0)_masked_data_0_derivative.csv,kidney_glob_reperfusion,P192,2023_10_29_15_14_01,P192#2023_10_29_15_14_01#CSV5,csv_spectrum,1,train
\\ces-tp3\OE0645-data-uro\TIVITA_Cat\Cat_Pig_UMM\Cat_uro_kidney\Cat_uro_kidney_glob_reperfusion30_6m\data\P192_OP156_2023_10_29_Experiment1\2023_10_29_15_15_01\_hypergui_1\spectrum_fromCSV1_(500.0-995.0)_masked_data_0_derivative.csv,kidney_glob_reperfusion,P192,2023_10_29_15_15_01,P192#2023_10_29_15_15_01#CSV1,csv_spectrum,1,train
\\ces-tp3\OE0645-data-uro\TIVITA_Cat\Cat_Pig_UMM\Cat_uro_kidney\Cat_uro_kidney_glob_reperfusion30_6m\data\P192_OP156_2023_10_29_Experiment1\2023_10_29_15_15_01\_hypergui_1\spectrum_fromCSV5_(500.0-995.0)_masked_data_0_derivative.csv,kidney_glob_reperfusion,P192,2023_10_29_15_15_01,P192#2023_10_29_15_15_01#CSV5,csv_spectrum,1,train
\\ces-tp3\OE0645-data-uro\TIVITA_Cat\Cat_Pig_UMM\Cat_uro_kidney\Cat_uro_kidney_glob_reperfusion30_6m\data\P193_OP157_2023_10_30_Experiment1\2023_10_30_14_35_01\_hypergui_1\spectrum_fromCSV1_(500.0-995.0)_masked_data_0_derivative.csv,kidney_glob_reperfusion,P193,2023_10_30_14_35_01,P193#2023_10_30_14_35_01#CSV1,csv_spectrum,1,train
\\ces-tp3\OE0645-data-uro\TIVITA_Cat\Cat_Pig_UMM\Cat_uro_kidney\Cat_uro_kidney_glob_reperfusion30_6m\data\P193_OP157_2023_10_30_Experiment1\2023_10_30_14_35_01\_hypergui_1\spectrum_fromCSV5_(500.0-995.0)_masked_data_0_derivative.csv,kidney_glob_reperfusion,P193,2023_10_30_14_35_01,P193#2023_10_30_14_35_01#CSV5,csv_spectrum,1,train
\\ces-tp3\OE0645-data-uro\TIVITA_Cat\Cat_Pig_UMM\Cat_uro_kidney\Cat_uro_kidney_glob_reperfusion30_6m\data\P193_OP157_2023_10_30_Experiment1\2023_10_30_14_36_01\_hypergui_1\spectrum_fromCSV1_(500.0-995.0)_masked_data_0_derivative.csv,kidney_glob_reperfusion,P193,2023_10_30_14_36_01,P193#2023_10_30_14_36_01#CSV1,csv_spectrum,1,train
\\ces-tp3\OE0645-data-uro\TIVITA_Cat\Cat_Pig_UMM\Cat_uro_kidney\Cat_uro_kidney_glob_reperfusion30_6m\data\P193_OP157_2023_10_30_Experiment1\2023_10_30_14_36_01\_hypergui_1\spectrum_fromCSV5_(500.0-995.0)_masked_data_0_derivative.csv,kidney_glob_reperfusion,P193,2023_10_30_14_36_01,P193#2023_10_30_14_36_01#CSV5,csv_spectrum,1,train
\\ces-tp3\OE0645-data-uro\TIVITA_Cat\Cat_Pig_UMM\Cat_uro_kidney\Cat_uro_kidney_glob_reperfusion30_8m\data\P188_OP152_2023_10_22_Experiment1\2023_10_22_15_14_01\_hypergui_1\spectrum_fromCSV1_(500.0-995.0)_masked_data_0_derivative.csv,kidney_glob_reperfusion,P188,2023_10_22_15_14_01,P188#2023_10_22_15_14_01#CSV1,csv_spectrum,1,train
\\ces-tp3\OE0645-data-uro\TIVITA_Cat\Cat_Pig_UMM\Cat_uro_kidney\Cat_uro_kidney_glob_reperfusion30_8m\data\P188_OP152_2023_10_22_Experiment1\2023_10_22_15_14_01\_hypergui_1\spectrum_fromCSV5_(500.0-995.0)_masked_data_0_derivative.csv,kidney_glob_reperfusion,P188,2023_10_22_15_14_01,P188#2023_10_22_15_14_01#CSV5,csv_spectrum,1,train
\\ces-tp3\OE0645-data-uro\TIVITA_Cat\Cat_Pig_UMM\Cat_uro_kidney\Cat_uro_kidney_glob_reperfusion30_8m\data\P188_OP152_2023_10_22_Experiment1\2023_10_22_15_15_01\_hypergui_1\spectrum_fromCSV1_(500.0-995.0)_masked_data_0_derivative.csv,kidney_glob_reperfusion,P188,2023_10_22_15_15_01,P188#2023_10_22_15_15_01#CSV1,csv_spectrum,1,train
\\ces-tp3\OE0645-data-uro\TIVITA_Cat\Cat_Pig_UMM\Cat_uro_kidney\Cat_uro_kidney_glob_reperfusion30_8m\data\P188_OP152_2023_10_22_Experiment1\2023_10_22_15_15_01\_hypergui_1\spectrum_fromCSV5_(500.0-995.0)_masked_data_0_derivative.csv,kidney_glob_reperfusion,P188,2023_10_22_15_15_01,P188#2023_10_22_15_15_01#CSV5,csv_spectrum,1,train
\\ces-tp3\OE0645-data-uro\TIVITA_Cat\Cat_Pig_UMM\Cat_uro_kidney\Cat_uro_kidney_glob_reperfusion30_8m\data\P191_OP155_2023_10_28_Experiment1\2023_10_28_14_30_27\_hypergui_1\spectrum_fromCSV1_(500.0-995.0)_masked_data_0_derivative.csv,kidney_glob_reperfusion,P191,2023_10_28_14_30_27,P191#2023_10_28_14_30_27#CSV1,csv_spectrum,1,train
\\ces-tp3\OE0645-data-uro\TIVITA_Cat\Cat_Pig_UMM\Cat_uro_kidney\Cat_uro_kidney_glob_reperfusion30_8m\data\P191_OP155_2023_10_28_Experiment1\2023_10_28_14_30_27\_hypergui_1\spectrum_fromCSV5_(500.0-995.0)_masked_data_0_derivative.csv,kidney_glob_reperfusion,P191,2023_10_28_14_30_27,P191#2023_10_28_14_30_27#CSV5,csv_spectrum,1,train
\\ces-tp3\OE0645-data-uro\TIVITA_Cat\Cat_Pig_UMM\Cat_uro_kidney\Cat_uro_kidney_glob_reperfusion30_8m\data\P191_OP155_2023_10_28_Experiment1\2023_10_28_14_31_27\_hypergui_1\spectrum_fromCSV1_(500.0-995.0)_masked_data_0_derivative.csv,kidney_glob_reperfusion,P191,2023_10_28_14_31_27,P191#2023_10_28_14_31_27#CSV1,csv_spectrum,1,train
\\ces-tp3\OE0645-data-uro\TIVITA_Cat\Cat_Pig_UMM\Cat_uro_kidney\Cat_uro_kidney_glob_reperfusion30_8m\data\P191_OP155_2023_10_28_Experiment1\2023_10_28_14_31_27\_hypergui_1\spectrum_fromCSV5_(500.0-995.0)_masked_data_0_derivative.csv,kidney_glob_reperfusion,P191,2023_10_28_14_31_27,P191#2023_10_28_14_31_27#CSV5,csv_spectrum,1,train
\\ces-tp3\OE0645-data-uro\TIVITA_Cat\Cat_Pig_UMM\Cat_uro_kidney\Cat_uro_kidney_glob_reperfusion30_8m\data\P192_OP156_2023_10_29_Experiment1\2023_10_29_15_16_01\_hypergui_1\spectrum_fromCSV1_(500.0-995.0)_masked_data_0_derivative.csv,kidney_glob_reperfusion,P192,2023_10_29_15_16_01,P192#2023_10_29_15_16_01#CSV1,csv_spectrum,1,train
\\ces-tp3\OE0645-data-uro\TIVITA_Cat\Cat_Pig_UMM\Cat_uro_kidney\Cat_uro_kidney_glob_reperfusion30_8m\data\P192_OP156_2023_10_29_Experiment1\2023_10_29_15_16_01\_hypergui_1\spectrum_fromCSV5_(500.0-995.0)_masked_data_0_derivative.csv,kidney_glob_reperfusion,P192,2023_10_29_15_16_01,P192#2023_10_29_15_16_01#CSV5,csv_spectrum,1,train
\\ces-tp3\OE0645-data-uro\TIVITA_Cat\Cat_Pig_UMM\Cat_uro_kidney\Cat_uro_kidney_glob_reperfusion30_8m\data\P192_OP156_2023_10_29_Experiment1\2023_10_29_15_17_01\_hypergui_1\spectrum_fromCSV1_(500.0-995.0)_masked_data_0_derivative.csv,kidney_glob_reperfusion,P192,2023_10_29_15_17_01,P192#2023_10_29_15_17_01#CSV1,csv_spectrum,1,train
\\ces-tp3\OE0645-data-uro\TIVITA_Cat\Cat_Pig_UMM\Cat_uro_kidney\Cat_uro_kidney_glob_reperfusion30_8m\data\P192_OP156_2023_10_29_Experiment1\2023_10_29_15_17_01\_hypergui_1\spectrum_fromCSV5_(500.0-995.0)_masked_data_0_derivative.csv,kidney_glob_reperfusion,P192,2023_10_29_15_17_01,P192#2023_10_29_15_17_01#CSV5,csv_spectrum,1,train
\\ces-tp3\OE0645-data-uro\TIVITA_Cat\Cat_Pig_UMM\Cat_uro_kidney\Cat_uro_kidney_glob_reperfusion30_8m\data\P193_OP157_2023_10_30_Experiment1\2023_10_30_14_37_01\_hypergui_1\spectrum_fromCSV1_(500.0-995.0)_masked_data_0_derivative.csv,kidney_glob_reperfusion,P193,2023_10_30_14_37_01,P193#2023_10_30_14_37_01#CSV1,csv_spectrum,1,train
\\ces-tp3\OE0645-data-uro\TIVITA_Cat\Cat_Pig_UMM\Cat_uro_kidney\Cat_uro_kidney_glob_reperfusion30_8m\data\P193_OP157_2023_10_30_Experiment1\2023_10_30_14_37_01\_hypergui_1\spectrum_fromCSV5_(500.0-995.0)_masked_data_0_derivative.csv,kidney_glob_reperfusion,P193,2023_10_30_14_37_01,P193#2023_10_30_14_37_01#CSV5,csv_spectrum,1,train
\\ces-tp3\OE0645-data-uro\TIVITA_Cat\Cat_Pig_UMM\Cat_uro_kidney\Cat_uro_kidney_glob_reperfusion30_8m\data\P193_OP157_2023_10_30_Experiment1\2023_10_30_14_38_01\_hypergui_1\spectrum_fromCSV1_(500.0-995.0)_masked_data_0_derivative.csv,kidney_glob_reperfusion,P193,2023_10_30_14_38_01,P193#2023_10_30_14_38_01#CSV1,csv_spectrum,1,train
\\ces-tp3\OE0645-data-uro\TIVITA_Cat\Cat_Pig_UMM\Cat_uro_kidney\Cat_uro_kidney_glob_reperfusion30_8m\data\P193_OP157_2023_10_30_Experiment1\2023_10_30_14_38_01\_hypergui_1\spectrum_fromCSV5_(500.0-995.0)_masked_data_0_derivative.csv,kidney_glob_reperfusion,P193,2023_10_30_14_38_01,P193#2023_10_30_14_38_01#CSV5,csv_spectrum,1,train
\\ces-tp3\OE0645-data-uro\TIVITA_Cat\Cat_Pig_UMM\Cat_uro_kidney\Cat_uro_kidney_glob_reperfusion_0m\data\P165_OP129_2023_08_16_Experiment1\2023_08_16_16_35_30\_hypergui_1\spectrum_fromCSV1_(500.0-995.0)_masked_data_0_derivative.csv,kidney_glob_reperfusion,P165,2023_08_16_16_35_30,P165#2023_08_16_16_35_30#CSV1,csv_spectrum,1,train
\\ces-tp3\OE0645-data-uro\TIVITA_Cat\Cat_Pig_UMM\Cat_uro_kidney\Cat_uro_kidney_glob_reperfusion_0m\data\P165_OP129_2023_08_16_Experiment1\2023_08_16_16_35_30\_hypergui_1\spectrum_fromCSV5_(500.0-995.0)_masked_data_0_derivative.csv,kidney_glob_reperfusion,P165,2023_08_16_16_35_30,P165#2023_08_16_16_35_30#CSV5,csv_spectrum,1,train
\\ces-tp3\OE0645-data-uro\TIVITA_Cat\Cat_Pig_UMM\Cat_uro_kidney\Cat_uro_kidney_glob_reperfusion_0m\data\P165_OP129_2023_08_16_Experiment1\2023_08_16_16_36_00\_hypergui_1\spectrum_fromCSV1_(500.0-995.0)_masked_data_0_derivative.csv,kidney_glob_reperfusion,P165,2023_08_16_16_36_00,P165#2023_08_16_16_36_00#CSV1,csv_spectrum,1,train
\\ces-tp3\OE0645-data-uro\TIVITA_Cat\Cat_Pig_UMM\Cat_uro_kidney\Cat_uro_kidney_glob_reperfusion_0m\data\P165_OP129_2023_08_16_Experiment1\2023_08_16_16_36_00\_hypergui_1\spectrum_fromCSV5_(500.0-995.0)_masked_data_0_derivative.csv,kidney_glob_reperfusion,P165,2023_08_16_16_36_00,P165#2023_08_16_16_36_00#CSV5,csv_spectrum,1,train
\\ces-tp3\OE0645-data-uro\TIVITA_Cat\Cat_Pig_UMM\Cat_uro_kidney\Cat_uro_kidney_glob_reperfusion_0m\data\P166_OP130_2023_08_17_Experiment1\2023_08_17_16_06_04\_hypergui_1\spectrum_fromCSV1_(500.0-995.0)_masked_data_0_derivative.csv,kidney_glob_reperfusion,P166,2023_08_17_16_06_04,P166#2023_08_17_16_06_04#CSV1,csv_spectrum,1,train
\\ces-tp3\OE0645-data-uro\TIVITA_Cat\Cat_Pig_UMM\Cat_uro_kidney\Cat_uro_kidney_glob_reperfusion_0m\data\P166_OP130_2023_08_17_Experiment1\2023_08_17_16_06_04\_hypergui_1\spectrum_fromCSV5_(500.0-995.0)_masked_data_0_derivative.csv,kidney_glob_reperfusion,P166,2023_08_17_16_06_04,P166#2023_08_17_16_06_04#CSV5,csv_spectrum,1,train
\\ces-tp3\OE0645-data-uro\TIVITA_Cat\Cat_Pig_UMM\Cat_uro_kidney\Cat_uro_kidney_glob_reperfusion_0m\data\P168_OP132_2023_08_23_Experiment1\2023_08_23_13_12_24\_hypergui_1\spectrum_fromCSV1_(500.0-995.0)_masked_data_0_derivative.csv,kidney_glob_reperfusion,P168,2023_08_23_13_12_24,P168#2023_08_23_13_12_24#CSV1,csv_spectrum,1,train
\\ces-tp3\OE0645-data-uro\TIVITA_Cat\Cat_Pig_UMM\Cat_uro_kidney\Cat_uro_kidney_glob_reperfusion_0m\data\P168_OP132_2023_08_23_Experiment1\2023_08_23_13_12_24\_hypergui_1\spectrum_fromCSV5_(500.0-995.0)_masked_data_0_derivative.csv,kidney_glob_reperfusion,P168,2023_08_23_13_12_24,P168#2023_08_23_13_12_24#CSV5,csv_spectrum,1,train
\\ces-tp3\OE0645-data-uro\TIVITA_Cat\Cat_Pig_UMM\Cat_uro_kidney\Cat_uro_kidney_glob_reperfusion_0m\data\P174_OP138_2023_09_21_Experiment1\2023_09_21_18_18_45\_hypergui_1\spectrum_fromCSV1_(500.0-995.0)_masked_data_0_derivative.csv,kidney_glob_reperfusion,P174,2023_09_21_18_18_45,P174#2023_09_21_18_18_45#CSV1,csv_spectrum,1,train
\\ces-tp3\OE0645-data-uro\TIVITA_Cat\Cat_Pig_UMM\Cat_uro_kidney\Cat_uro_kidney_glob_reperfusion_0m\data\P174_OP138_2023_09_21_Experiment1\2023_09_21_18_18_45\_hypergui_1\spectrum_fromCSV5_(500.0-995.0)_masked_data_0_derivative.csv,kidney_glob_reperfusion,P174,2023_09_21_18_18_45,P174#2023_09_21_18_18_45#CSV5,csv_spectrum,1,train
\\ces-tp3\OE0645-data-uro\TIVITA_Cat\Cat_Pig_UMM\Cat_uro_kidney\Cat_uro_kidney_glob_reperfusion_10m\data\P165_OP129_2023_08_16_Experiment1\2023_08_16_16_45_13\_hypergui_1\spectrum_fromCSV1_(500.0-995.0)_masked_data_0_derivative.csv,kidney_glob_reperfusion,P165,2023_08_16_16_45_13,P165#2023_08_16_16_45_13#CSV1,csv_spectrum,1,train
\\ces-tp3\OE0645-data-uro\TIVITA_Cat\Cat_Pig_UMM\Cat_uro_kidney\Cat_uro_kidney_glob_reperfusion_10m\data\P165_OP129_2023_08_16_Experiment1\2023_08_16_16_45_13\_hypergui_1\spectrum_fromCSV5_(500.0-995.0)_masked_data_0_derivative.csv,kidney_glob_reperfusion,P165,2023_08_16_16_45_13,P165#2023_08_16_16_45_13#CSV5,csv_spectrum,1,train
\\ces-tp3\OE0645-data-uro\TIVITA_Cat\Cat_Pig_UMM\Cat_uro_kidney\Cat_uro_kidney_glob_reperfusion_10m\data\P165_OP129_2023_08_16_Experiment1\2023_08_16_16_46_13\_hypergui_1\spectrum_fromCSV1_(500.0-995.0)_masked_data_0_derivative.csv,kidney_glob_reperfusion,P165,2023_08_16_16_46_13,P165#2023_08_16_16_46_13#CSV1,csv_spectrum,1,train
\\ces-tp3\OE0645-data-uro\TIVITA_Cat\Cat_Pig_UMM\Cat_uro_kidney\Cat_uro_kidney_glob_reperfusion_10m\data\P165_OP129_2023_08_16_Experiment1\2023_08_16_16_46_13\_hypergui_1\spectrum_fromCSV5_(500.0-995.0)_masked_data_0_derivative.csv,kidney_glob_reperfusion,P165,2023_08_16_16_46_13,P165#2023_08_16_16_46_13#CSV5,csv_spectrum,1,train
\\ces-tp3\OE0645-data-uro\TIVITA_Cat\Cat_Pig_UMM\Cat_uro_kidney\Cat_uro_kidney_glob_reperfusion_10m\data\P165_OP129_2023_08_16_Experiment1\2023_08_16_16_47_13\_hypergui_1\spectrum_fromCSV1_(500.0-995.0)_masked_data_0_derivative.csv,kidney_glob_reperfusion,P165,2023_08_16_16_47_13,P165#2023_08_16_16_47_13#CSV1,csv_spectrum,1,train
\\ces-tp3\OE0645-data-uro\TIVITA_Cat\Cat_Pig_UMM\Cat_uro_kidney\Cat_uro_kidney_glob_reperfusion_10m\data\P165_OP129_2023_08_16_Experiment1\2023_08_16_16_47_13\_hypergui_1\spectrum_fromCSV5_(500.0-995.0)_masked_data_0_derivative.csv,kidney_glob_reperfusion,P165,2023_08_16_16_47_13,P165#2023_08_16_16_47_13#CSV5,csv_spectrum,1,train
\\ces-tp3\OE0645-data-uro\TIVITA_Cat\Cat_Pig_UMM\Cat_uro_kidney\Cat_uro_kidney_glob_reperfusion_10m\data\P166_OP130_2023_08_17_Experiment1\2023_08_17_16_14_05\_hypergui_1\spectrum_fromCSV1_(500.0-995.0)_masked_data_0_derivative.csv,kidney_glob_reperfusion,P166,2023_08_17_16_14_05,P166#2023_08_17_16_14_05#CSV1,csv_spectrum,1,train
\\ces-tp3\OE0645-data-uro\TIVITA_Cat\Cat_Pig_UMM\Cat_uro_kidney\Cat_uro_kidney_glob_reperfusion_10m\data\P166_OP130_2023_08_17_Experiment1\2023_08_17_16_14_05\_hypergui_1\spectrum_fromCSV5_(500.0-995.0)_masked_data_0_derivative.csv,kidney_glob_reperfusion,P166,2023_08_17_16_14_05,P166#2023_08_17_16_14_05#CSV5,csv_spectrum,1,train
\\ces-tp3\OE0645-data-uro\TIVITA_Cat\Cat_Pig_UMM\Cat_uro_kidney\Cat_uro_kidney_glob_reperfusion_10m\data\P166_OP130_2023_08_17_Experiment1\2023_08_17_16_15_05\_hypergui_1\spectrum_fromCSV1_(500.0-995.0)_masked_data_0_derivative.csv,kidney_glob_reperfusion,P166,2023_08_17_16_15_05,P166#2023_08_17_16_15_05#CSV1,csv_spectrum,1,train
\\ces-tp3\OE0645-data-uro\TIVITA_Cat\Cat_Pig_UMM\Cat_uro_kidney\Cat_uro_kidney_glob_reperfusion_10m\data\P166_OP130_2023_08_17_Experiment1\2023_08_17_16_15_05\_hypergui_1\spectrum_fromCSV5_(500.0-995.0)_masked_data_0_derivative.csv,kidney_glob_reperfusion,P166,2023_08_17_16_15_05,P166#2023_08_17_16_15_05#CSV5,csv_spectrum,1,train
\\ces-tp3\OE0645-data-uro\TIVITA_Cat\Cat_Pig_UMM\Cat_uro_kidney\Cat_uro_kidney_glob_reperfusion_10m\data\P166_OP130_2023_08_17_Experiment1\2023_08_17_16_16_05\_hypergui_1\spectrum_fromCSV1_(500.0-995.0)_masked_data_0_derivative.csv,kidney_glob_reperfusion,P166,2023_08_17_16_16_05,P166#2023_08_17_16_16_05#CSV1,csv_spectrum,1,train
\\ces-tp3\OE0645-data-uro\TIVITA_Cat\Cat_Pig_UMM\Cat_uro_kidney\Cat_uro_kidney_glob_reperfusion_10m\data\P166_OP130_2023_08_17_Experiment1\2023_08_17_16_16_05\_hypergui_1\spectrum_fromCSV5_(500.0-995.0)_masked_data_0_derivative.csv,kidney_glob_reperfusion,P166,2023_08_17_16_16_05,P166#2023_08_17_16_16_05#CSV5,csv_spectrum,1,train
\\ces-tp3\OE0645-data-uro\TIVITA_Cat\Cat_Pig_UMM\Cat_uro_kidney\Cat_uro_kidney_glob_reperfusion_1m\data\P165_OP129_2023_08_16_Experiment1\2023_08_16_16_36_30\_hypergui_1\spectrum_fromCSV1_(500.0-995.0)_masked_data_0_derivative.csv,kidney_glob_reperfusion,P165,2023_08_16_16_36_30,P165#2023_08_16_16_36_30#CSV1,csv_spectrum,1,train
\\ces-tp3\OE0645-data-uro\TIVITA_Cat\Cat_Pig_UMM\Cat_uro_kidney\Cat_uro_kidney_glob_reperfusion_1m\data\P165_OP129_2023_08_16_Experiment1\2023_08_16_16_36_30\_hypergui_1\spectrum_fromCSV5_(500.0-995.0)_masked_data_0_derivative.csv,kidney_glob_reperfusion,P165,2023_08_16_16_36_30,P165#2023_08_16_16_36_30#CSV5,csv_spectrum,1,train
\\ces-tp3\OE0645-data-uro\TIVITA_Cat\Cat_Pig_UMM\Cat_uro_kidney\Cat_uro_kidney_glob_reperfusion_1m\data\P165_OP129_2023_08_16_Experiment1\2023_08_16_16_36_54\_hypergui_1\spectrum_fromCSV1_(500.0-995.0)_masked_data_0_derivative.csv,kidney_glob_reperfusion,P165,2023_08_16_16_36_54,P165#2023_08_16_16_36_54#CSV1,csv_spectrum,1,train
\\ces-tp3\OE0645-data-uro\TIVITA_Cat\Cat_Pig_UMM\Cat_uro_kidney\Cat_uro_kidney_glob_reperfusion_1m\data\P165_OP129_2023_08_16_Experiment1\2023_08_16_16_36_54\_hypergui_1\spectrum_fromCSV5_(500.0-995.0)_masked_data_0_derivative.csv,kidney_glob_reperfusion,P165,2023_08_16_16_36_54,P165#2023_08_16_16_36_54#CSV5,csv_spectrum,1,train
\\ces-tp3\OE0645-data-uro\TIVITA_Cat\Cat_Pig_UMM\Cat_uro_kidney\Cat_uro_kidney_glob_reperfusion_1m\data\P166_OP130_2023_08_17_Experiment1\2023_08_17_16_07_04\_hypergui_1\spectrum_fromCSV1_(500.0-995.0)_masked_data_0_derivative.csv,kidney_glob_reperfusion,P166,2023_08_17_16_07_04,P166#2023_08_17_16_07_04#CSV1,csv_spectrum,1,train
\\ces-tp3\OE0645-data-uro\TIVITA_Cat\Cat_Pig_UMM\Cat_uro_kidney\Cat_uro_kidney_glob_reperfusion_1m\data\P166_OP130_2023_08_17_Experiment1\2023_08_17_16_07_04\_hypergui_1\spectrum_fromCSV5_(500.0-995.0)_masked_data_0_derivative.csv,kidney_glob_reperfusion,P166,2023_08_17_16_07_04,P166#2023_08_17_16_07_04#CSV5,csv_spectrum,1,train
\\ces-tp3\OE0645-data-uro\TIVITA_Cat\Cat_Pig_UMM\Cat_uro_kidney\Cat_uro_kidney_glob_reperfusion_1m\data\P168_OP132_2023_08_23_Experiment1\2023_08_23_13_13_24\_hypergui_1\spectrum_fromCSV1_(500.0-995.0)_masked_data_0_derivative.csv,kidney_glob_reperfusion,P168,2023_08_23_13_13_24,P168#2023_08_23_13_13_24#CSV1,csv_spectrum,1,train
\\ces-tp3\OE0645-data-uro\TIVITA_Cat\Cat_Pig_UMM\Cat_uro_kidney\Cat_uro_kidney_glob_reperfusion_1m\data\P168_OP132_2023_08_23_Experiment1\2023_08_23_13_13_24\_hypergui_1\spectrum_fromCSV5_(500.0-995.0)_masked_data_0_derivative.csv,kidney_glob_reperfusion,P168,2023_08_23_13_13_24,P168#2023_08_23_13_13_24#CSV5,csv_spectrum,1,train
\\ces-tp3\OE0645-data-uro\TIVITA_Cat\Cat_Pig_UMM\Cat_uro_kidney\Cat_uro_kidney_glob_reperfusion_1m\data\P174_OP138_2023_09_21_Experiment1\2023_09_21_18_19_45\_hypergui_1\spectrum_fromCSV1_(500.0-995.0)_masked_data_0_derivative.csv,kidney_glob_reperfusion,P174,2023_09_21_18_19_45,P174#2023_09_21_18_19_45#CSV1,csv_spectrum,1,train
\\ces-tp3\OE0645-data-uro\TIVITA_Cat\Cat_Pig_UMM\Cat_uro_kidney\Cat_uro_kidney_glob_reperfusion_1m\data\P174_OP138_2023_09_21_Experiment1\2023_09_21_18_19_45\_hypergui_1\spectrum_fromCSV5_(500.0-995.0)_masked_data_0_derivative.csv,kidney_glob_reperfusion,P174,2023_09_21_18_19_45,P174#2023_09_21_18_19_45#CSV5,csv_spectrum,1,train
\\ces-tp3\OE0645-data-uro\TIVITA_Cat\Cat_Pig_UMM\Cat_uro_kidney\Cat_uro_kidney_glob_reperfusion_2m\data\P165_OP129_2023_08_16_Experiment1\2023_08_16_16_37_54\_hypergui_1\spectrum_fromCSV1_(500.0-995.0)_masked_data_0_derivative.csv,kidney_glob_reperfusion,P165,2023_08_16_16_37_54,P165#2023_08_16_16_37_54#CSV1,csv_spectrum,1,train
\\ces-tp3\OE0645-data-uro\TIVITA_Cat\Cat_Pig_UMM\Cat_uro_kidney\Cat_uro_kidney_glob_reperfusion_2m\data\P165_OP129_2023_08_16_Experiment1\2023_08_16_16_37_54\_hypergui_1\spectrum_fromCSV5_(500.0-995.0)_masked_data_0_derivative.csv,kidney_glob_reperfusion,P165,2023_08_16_16_37_54,P165#2023_08_16_16_37_54#CSV5,csv_spectrum,1,train
\\ces-tp3\OE0645-data-uro\TIVITA_Cat\Cat_Pig_UMM\Cat_uro_kidney\Cat_uro_kidney_glob_reperfusion_2m\data\P165_OP129_2023_08_16_Experiment1\2023_08_16_16_38_55\_hypergui_1\spectrum_fromCSV1_(500.0-995.0)_masked_data_0_derivative.csv,kidney_glob_reperfusion,P165,2023_08_16_16_38_55,P165#2023_08_16_16_38_55#CSV1,csv_spectrum,1,train
\\ces-tp3\OE0645-data-uro\TIVITA_Cat\Cat_Pig_UMM\Cat_uro_kidney\Cat_uro_kidney_glob_reperfusion_2m\data\P165_OP129_2023_08_16_Experiment1\2023_08_16_16_38_55\_hypergui_1\spectrum_fromCSV5_(500.0-995.0)_masked_data_0_derivative.csv,kidney_glob_reperfusion,P165,2023_08_16_16_38_55,P165#2023_08_16_16_38_55#CSV5,csv_spectrum,1,train
\\ces-tp3\OE0645-data-uro\TIVITA_Cat\Cat_Pig_UMM\Cat_uro_kidney\Cat_uro_kidney_glob_reperfusion_2m\data\P166_OP130_2023_08_17_Experiment1\2023_08_17_16_08_04\_hypergui_1\spectrum_fromCSV1_(500.0-995.0)_masked_data_0_derivative.csv,kidney_glob_reperfusion,P166,2023_08_17_16_08_04,P166#2023_08_17_16_08_04#CSV1,csv_spectrum,1,train
\\ces-tp3\OE0645-data-uro\TIVITA_Cat\Cat_Pig_UMM\Cat_uro_kidney\Cat_uro_kidney_glob_reperfusion_2m\data\P166_OP130_2023_08_17_Experiment1\2023_08_17_16_08_04\_hypergui_1\spectrum_fromCSV5_(500.0-995.0)_masked_data_0_derivative.csv,kidney_glob_reperfusion,P166,2023_08_17_16_08_04,P166#2023_08_17_16_08_04#CSV5,csv_spectrum,1,train
\\ces-tp3\OE0645-data-uro\TIVITA_Cat\Cat_Pig_UMM\Cat_uro_kidney\Cat_uro_kidney_glob_reperfusion_2m\data\P166_OP130_2023_08_17_Experiment1\2023_08_17_16_09_04\_hypergui_1\spectrum_fromCSV1_(500.0-995.0)_masked_data_0_derivative.csv,kidney_glob_reperfusion,P166,2023_08_17_16_09_04,P166#2023_08_17_16_09_04#CSV1,csv_spectrum,1,train
\\ces-tp3\OE0645-data-uro\TIVITA_Cat\Cat_Pig_UMM\Cat_uro_kidney\Cat_uro_kidney_glob_reperfusion_2m\data\P166_OP130_2023_08_17_Experiment1\2023_08_17_16_09_04\_hypergui_1\spectrum_fromCSV5_(500.0-995.0)_masked_data_0_derivative.csv,kidney_glob_reperfusion,P166,2023_08_17_16_09_04,P166#2023_08_17_16_09_04#CSV5,csv_spectrum,1,train
\\ces-tp3\OE0645-data-uro\TIVITA_Cat\Cat_Pig_UMM\Cat_uro_kidney\Cat_uro_kidney_glob_reperfusion_2m\data\P168_OP132_2023_08_23_Experiment1\2023_08_23_13_14_24\_hypergui_1\spectrum_fromCSV1_(500.0-995.0)_masked_data_0_derivative.csv,kidney_glob_reperfusion,P168,2023_08_23_13_14_24,P168#2023_08_23_13_14_24#CSV1,csv_spectrum,1,train
\\ces-tp3\OE0645-data-uro\TIVITA_Cat\Cat_Pig_UMM\Cat_uro_kidney\Cat_uro_kidney_glob_reperfusion_2m\data\P168_OP132_2023_08_23_Experiment1\2023_08_23_13_14_24\_hypergui_1\spectrum_fromCSV5_(500.0-995.0)_masked_data_0_derivative.csv,kidney_glob_reperfusion,P168,2023_08_23_13_14_24,P168#2023_08_23_13_14_24#CSV5,csv_spectrum,1,train
\\ces-tp3\OE0645-data-uro\TIVITA_Cat\Cat_Pig_UMM\Cat_uro_kidney\Cat_uro_kidney_glob_reperfusion_2m\data\P168_OP132_2023_08_23_Experiment1\2023_08_23_13_15_25\_hypergui_1\spectrum_fromCSV1_(500.0-995.0)_masked_data_0_derivative.csv,kidney_glob_reperfusion,P168,2023_08_23_13_15_25,P168#2023_08_23_13_15_25#CSV1,csv_spectrum,1,train
\\ces-tp3\OE0645-data-uro\TIVITA_Cat\Cat_Pig_UMM\Cat_uro_kidney\Cat_uro_kidney_glob_reperfusion_2m\data\P168_OP132_2023_08_23_Experiment1\2023_08_23_13_15_25\_hypergui_1\spectrum_fromCSV5_(500.0-995.0)_masked_data_0_derivative.csv,kidney_glob_reperfusion,P168,2023_08_23_13_15_25,P168#2023_08_23_13_15_25#CSV5,csv_spectrum,1,train
\\ces-tp3\OE0645-data-uro\TIVITA_Cat\Cat_Pig_UMM\Cat_uro_kidney\Cat_uro_kidney_glob_reperfusion_2m\data\P174_OP138_2023_09_21_Experiment1\2023_09_21_18_20_45\_hypergui_1\spectrum_fromCSV1_(500.0-995.0)_masked_data_0_derivative.csv,kidney_glob_reperfusion,P174,2023_09_21_18_20_45,P174#2023_09_21_18_20_45#CSV1,csv_spectrum,1,train
\\ces-tp3\OE0645-data-uro\TIVITA_Cat\Cat_Pig_UMM\Cat_uro_kidney\Cat_uro_kidney_glob_reperfusion_2m\data\P174_OP138_2023_09_21_Experiment1\2023_09_21_18_20_45\_hypergui_1\spectrum_fromCSV5_(500.0-995.0)_masked_data_0_derivative.csv,kidney_glob_reperfusion,P174,2023_09_21_18_20_45,P174#2023_09_21_18_20_45#CSV5,csv_spectrum,1,train
\\ces-tp3\OE0645-data-uro\TIVITA_Cat\Cat_Pig_UMM\Cat_uro_kidney\Cat_uro_kidney_glob_reperfusion_2m\data\P174_OP138_2023_09_21_Experiment1\2023_09_21_18_21_45\_hypergui_1\spectrum_fromCSV1_(500.0-995.0)_masked_data_0_derivative.csv,kidney_glob_reperfusion,P174,2023_09_21_18_21_45,P174#2023_09_21_18_21_45#CSV1,csv_spectrum,1,train
\\ces-tp3\OE0645-data-uro\TIVITA_Cat\Cat_Pig_UMM\Cat_uro_kidney\Cat_uro_kidney_glob_reperfusion_2m\data\P174_OP138_2023_09_21_Experiment1\2023_09_21_18_21_45\_hypergui_1\spectrum_fromCSV5_(500.0-995.0)_masked_data_0_derivative.csv,kidney_glob_reperfusion,P174,2023_09_21_18_21_45,P174#2023_09_21_18_21_45#CSV5,csv_spectrum,1,train
\\ces-tp3\OE0645-data-uro\TIVITA_Cat\Cat_Pig_UMM\Cat_uro_kidney\Cat_uro_kidney_glob_reperfusion_30m\data\P165_OP129_2023_08_16_Experiment1\2023_08_16_17_10_47\_hypergui_1\spectrum_fromCSV1_(500.0-995.0)_masked_data_0_derivative.csv,kidney_glob_reperfusion,P165,2023_08_16_17_10_47,P165#2023_08_16_17_10_47#CSV1,csv_spectrum,1,train
\\ces-tp3\OE0645-data-uro\TIVITA_Cat\Cat_Pig_UMM\Cat_uro_kidney\Cat_uro_kidney_glob_reperfusion_30m\data\P165_OP129_2023_08_16_Experiment1\2023_08_16_17_10_47\_hypergui_1\spectrum_fromCSV5_(500.0-995.0)_masked_data_0_derivative.csv,kidney_glob_reperfusion,P165,2023_08_16_17_10_47,P165#2023_08_16_17_10_47#CSV5,csv_spectrum,1,train
\\ces-tp3\OE0645-data-uro\TIVITA_Cat\Cat_Pig_UMM\Cat_uro_kidney\Cat_uro_kidney_glob_reperfusion_30m\data\P165_OP129_2023_08_16_Experiment1\2023_08_16_17_11_17\_hypergui_1\spectrum_fromCSV1_(500.0-995.0)_masked_data_0_derivative.csv,kidney_glob_reperfusion,P165,2023_08_16_17_11_17,P165#2023_08_16_17_11_17#CSV1,csv_spectrum,1,train
\\ces-tp3\OE0645-data-uro\TIVITA_Cat\Cat_Pig_UMM\Cat_uro_kidney\Cat_uro_kidney_glob_reperfusion_30m\data\P165_OP129_2023_08_16_Experiment1\2023_08_16_17_11_17\_hypergui_1\spectrum_fromCSV5_(500.0-995.0)_masked_data_0_derivative.csv,kidney_glob_reperfusion,P165,2023_08_16_17_11_17,P165#2023_08_16_17_11_17#CSV5,csv_spectrum,1,train
\\ces-tp3\OE0645-data-uro\TIVITA_Cat\Cat_Pig_UMM\Cat_uro_kidney\Cat_uro_kidney_glob_reperfusion_30m\data\P165_OP129_2023_08_16_Experiment1\2023_08_16_17_11_47\_hypergui_1\spectrum_fromCSV1_(500.0-995.0)_masked_data_0_derivative.csv,kidney_glob_reperfusion,P165,2023_08_16_17_11_47,P165#2023_08_16_17_11_47#CSV1,csv_spectrum,1,train
\\ces-tp3\OE0645-data-uro\TIVITA_Cat\Cat_Pig_UMM\Cat_uro_kidney\Cat_uro_kidney_glob_reperfusion_30m\data\P165_OP129_2023_08_16_Experiment1\2023_08_16_17_11_47\_hypergui_1\spectrum_fromCSV5_(500.0-995.0)_masked_data_0_derivative.csv,kidney_glob_reperfusion,P165,2023_08_16_17_11_47,P165#2023_08_16_17_11_47#CSV5,csv_spectrum,1,train
\\ces-tp3\OE0645-data-uro\TIVITA_Cat\Cat_Pig_UMM\Cat_uro_kidney\Cat_uro_kidney_glob_reperfusion_30m\data\P166_OP130_2023_08_17_Experiment1\2023_08_17_16_37_56\_hypergui_1\spectrum_fromCSV1_(500.0-995.0)_masked_data_0_derivative.csv,kidney_glob_reperfusion,P166,2023_08_17_16_37_56,P166#2023_08_17_16_37_56#CSV1,csv_spectrum,1,train
\\ces-tp3\OE0645-data-uro\TIVITA_Cat\Cat_Pig_UMM\Cat_uro_kidney\Cat_uro_kidney_glob_reperfusion_30m\data\P166_OP130_2023_08_17_Experiment1\2023_08_17_16_37_56\_hypergui_1\spectrum_fromCSV5_(500.0-995.0)_masked_data_0_derivative.csv,kidney_glob_reperfusion,P166,2023_08_17_16_37_56,P166#2023_08_17_16_37_56#CSV5,csv_spectrum,1,train
\\ces-tp3\OE0645-data-uro\TIVITA_Cat\Cat_Pig_UMM\Cat_uro_kidney\Cat_uro_kidney_glob_reperfusion_30m\data\P166_OP130_2023_08_17_Experiment1\2023_08_17_16_38_17\_hypergui_1\spectrum_fromCSV1_(500.0-995.0)_masked_data_0_derivative.csv,kidney_glob_reperfusion,P166,2023_08_17_16_38_17,P166#2023_08_17_16_38_17#CSV1,csv_spectrum,1,train
\\ces-tp3\OE0645-data-uro\TIVITA_Cat\Cat_Pig_UMM\Cat_uro_kidney\Cat_uro_kidney_glob_reperfusion_30m\data\P166_OP130_2023_08_17_Experiment1\2023_08_17_16_38_17\_hypergui_1\spectrum_fromCSV5_(500.0-995.0)_masked_data_0_derivative.csv,kidney_glob_reperfusion,P166,2023_08_17_16_38_17,P166#2023_08_17_16_38_17#CSV5,csv_spectrum,1,train
\\ces-tp3\OE0645-data-uro\TIVITA_Cat\Cat_Pig_UMM\Cat_uro_kidney\Cat_uro_kidney_glob_reperfusion_30m\data\P166_OP130_2023_08_17_Experiment1\2023_08_17_16_38_39\_hypergui_1\spectrum_fromCSV1_(500.0-995.0)_masked_data_0_derivative.csv,kidney_glob_reperfusion,P166,2023_08_17_16_38_39,P166#2023_08_17_16_38_39#CSV1,csv_spectrum,1,train
\\ces-tp3\OE0645-data-uro\TIVITA_Cat\Cat_Pig_UMM\Cat_uro_kidney\Cat_uro_kidney_glob_reperfusion_30m\data\P166_OP130_2023_08_17_Experiment1\2023_08_17_16_38_39\_hypergui_1\spectrum_fromCSV5_(500.0-995.0)_masked_data_0_derivative.csv,kidney_glob_reperfusion,P166,2023_08_17_16_38_39,P166#2023_08_17_16_38_39#CSV5,csv_spectrum,1,train
\\ces-tp3\OE0645-data-uro\TIVITA_Cat\Cat_Pig_UMM\Cat_uro_kidney\Cat_uro_kidney_glob_reperfusion_30m\data\P168_OP132_2023_08_23_Experiment1\2023_08_23_13_46_55\_hypergui_1\spectrum_fromCSV1_(500.0-995.0)_masked_data_0_derivative.csv,kidney_glob_reperfusion,P168,2023_08_23_13_46_55,P168#2023_08_23_13_46_55#CSV1,csv_spectrum,1,train
\\ces-tp3\OE0645-data-uro\TIVITA_Cat\Cat_Pig_UMM\Cat_uro_kidney\Cat_uro_kidney_glob_reperfusion_30m\data\P168_OP132_2023_08_23_Experiment1\2023_08_23_13_46_55\_hypergui_1\spectrum_fromCSV5_(500.0-995.0)_masked_data_0_derivative.csv,kidney_glob_reperfusion,P168,2023_08_23_13_46_55,P168#2023_08_23_13_46_55#CSV5,csv_spectrum,1,train
\\ces-tp3\OE0645-data-uro\TIVITA_Cat\Cat_Pig_UMM\Cat_uro_kidney\Cat_uro_kidney_glob_reperfusion_30m\data\P168_OP132_2023_08_23_Experiment1\2023_08_23_13_47_25\_hypergui_1\spectrum_fromCSV1_(500.0-995.0)_masked_data_0_derivative.csv,kidney_glob_reperfusion,P168,2023_08_23_13_47_25,P168#2023_08_23_13_47_25#CSV1,csv_spectrum,1,train
\\ces-tp3\OE0645-data-uro\TIVITA_Cat\Cat_Pig_UMM\Cat_uro_kidney\Cat_uro_kidney_glob_reperfusion_30m\data\P168_OP132_2023_08_23_Experiment1\2023_08_23_13_47_25\_hypergui_1\spectrum_fromCSV5_(500.0-995.0)_masked_data_0_derivative.csv,kidney_glob_reperfusion,P168,2023_08_23_13_47_25,P168#2023_08_23_13_47_25#CSV5,csv_spectrum,1,train
\\ces-tp3\OE0645-data-uro\TIVITA_Cat\Cat_Pig_UMM\Cat_uro_kidney\Cat_uro_kidney_glob_reperfusion_30m\data\P168_OP132_2023_08_23_Experiment1\2023_08_23_13_47_55\_hypergui_1\spectrum_fromCSV1_(500.0-995.0)_masked_data_0_derivative.csv,kidney_glob_reperfusion,P168,2023_08_23_13_47_55,P168#2023_08_23_13_47_55#CSV1,csv_spectrum,1,train
\\ces-tp3\OE0645-data-uro\TIVITA_Cat\Cat_Pig_UMM\Cat_uro_kidney\Cat_uro_kidney_glob_reperfusion_30m\data\P168_OP132_2023_08_23_Experiment1\2023_08_23_13_47_55\_hypergui_1\spectrum_fromCSV5_(500.0-995.0)_masked_data_0_derivative.csv,kidney_glob_reperfusion,P168,2023_08_23_13_47_55,P168#2023_08_23_13_47_55#CSV5,csv_spectrum,1,train
\\ces-tp3\OE0645-data-uro\TIVITA_Cat\Cat_Pig_UMM\Cat_uro_kidney\Cat_uro_kidney_glob_reperfusion_30m\data\P174_OP138_2023_09_21_Experiment1\2023_09_21_18_47_10\_hypergui_1\spectrum_fromCSV1_(500.0-995.0)_masked_data_0_derivative.csv,kidney_glob_reperfusion,P174,2023_09_21_18_47_10,P174#2023_09_21_18_47_10#CSV1,csv_spectrum,1,train
\\ces-tp3\OE0645-data-uro\TIVITA_Cat\Cat_Pig_UMM\Cat_uro_kidney\Cat_uro_kidney_glob_reperfusion_30m\data\P174_OP138_2023_09_21_Experiment1\2023_09_21_18_47_10\_hypergui_1\spectrum_fromCSV5_(500.0-995.0)_masked_data_0_derivative.csv,kidney_glob_reperfusion,P174,2023_09_21_18_47_10,P174#2023_09_21_18_47_10#CSV5,csv_spectrum,1,train
\\ces-tp3\OE0645-data-uro\TIVITA_Cat\Cat_Pig_UMM\Cat_uro_kidney\Cat_uro_kidney_glob_reperfusion_30m\data\P174_OP138_2023_09_21_Experiment1\2023_09_21_18_47_40\_hypergui_1\spectrum_fromCSV1_(500.0-995.0)_masked_data_0_derivative.csv,kidney_glob_reperfusion,P174,2023_09_21_18_47_40,P174#2023_09_21_18_47_40#CSV1,csv_spectrum,1,train
\\ces-tp3\OE0645-data-uro\TIVITA_Cat\Cat_Pig_UMM\Cat_uro_kidney\Cat_uro_kidney_glob_reperfusion_30m\data\P174_OP138_2023_09_21_Experiment1\2023_09_21_18_47_40\_hypergui_1\spectrum_fromCSV5_(500.0-995.0)_masked_data_0_derivative.csv,kidney_glob_reperfusion,P174,2023_09_21_18_47_40,P174#2023_09_21_18_47_40#CSV5,csv_spectrum,1,train
\\ces-tp3\OE0645-data-uro\TIVITA_Cat\Cat_Pig_UMM\Cat_uro_kidney\Cat_uro_kidney_glob_reperfusion_30m\data\P174_OP138_2023_09_21_Experiment1\2023_09_21_18_48_10\_hypergui_1\spectrum_fromCSV1_(500.0-995.0)_masked_data_0_derivative.csv,kidney_glob_reperfusion,P174,2023_09_21_18_48_10,P174#2023_09_21_18_48_10#CSV1,csv_spectrum,1,train
\\ces-tp3\OE0645-data-uro\TIVITA_Cat\Cat_Pig_UMM\Cat_uro_kidney\Cat_uro_kidney_glob_reperfusion_30m\data\P174_OP138_2023_09_21_Experiment1\2023_09_21_18_48_10\_hypergui_1\spectrum_fromCSV5_(500.0-995.0)_masked_data_0_derivative.csv,kidney_glob_reperfusion,P174,2023_09_21_18_48_10,P174#2023_09_21_18_48_10#CSV5,csv_spectrum,1,train
\\ces-tp3\OE0645-data-uro\TIVITA_Cat\Cat_Pig_UMM\Cat_uro_kidney\Cat_uro_kidney_glob_reperfusion_4m\data\P165_OP129_2023_08_16_Experiment1\2023_08_16_16_39_55\_hypergui_1\spectrum_fromCSV1_(500.0-995.0)_masked_data_0_derivative.csv,kidney_glob_reperfusion,P165,2023_08_16_16_39_55,P165#2023_08_16_16_39_55#CSV1,csv_spectrum,1,train
\\ces-tp3\OE0645-data-uro\TIVITA_Cat\Cat_Pig_UMM\Cat_uro_kidney\Cat_uro_kidney_glob_reperfusion_4m\data\P165_OP129_2023_08_16_Experiment1\2023_08_16_16_39_55\_hypergui_1\spectrum_fromCSV5_(500.0-995.0)_masked_data_0_derivative.csv,kidney_glob_reperfusion,P165,2023_08_16_16_39_55,P165#2023_08_16_16_39_55#CSV5,csv_spectrum,1,train
\\ces-tp3\OE0645-data-uro\TIVITA_Cat\Cat_Pig_UMM\Cat_uro_kidney\Cat_uro_kidney_glob_reperfusion_4m\data\P165_OP129_2023_08_16_Experiment1\2023_08_16_16_40_55\_hypergui_1\spectrum_fromCSV1_(500.0-995.0)_masked_data_0_derivative.csv,kidney_glob_reperfusion,P165,2023_08_16_16_40_55,P165#2023_08_16_16_40_55#CSV1,csv_spectrum,1,train
\\ces-tp3\OE0645-data-uro\TIVITA_Cat\Cat_Pig_UMM\Cat_uro_kidney\Cat_uro_kidney_glob_reperfusion_4m\data\P165_OP129_2023_08_16_Experiment1\2023_08_16_16_40_55\_hypergui_1\spectrum_fromCSV5_(500.0-995.0)_masked_data_0_derivative.csv,kidney_glob_reperfusion,P165,2023_08_16_16_40_55,P165#2023_08_16_16_40_55#CSV5,csv_spectrum,1,train
\\ces-tp3\OE0645-data-uro\TIVITA_Cat\Cat_Pig_UMM\Cat_uro_kidney\Cat_uro_kidney_glob_reperfusion_4m\data\P166_OP130_2023_08_17_Experiment1\2023_08_17_16_10_04\_hypergui_1\spectrum_fromCSV1_(500.0-995.0)_masked_data_0_derivative.csv,kidney_glob_reperfusion,P166,2023_08_17_16_10_04,P166#2023_08_17_16_10_04#CSV1,csv_spectrum,1,train
\\ces-tp3\OE0645-data-uro\TIVITA_Cat\Cat_Pig_UMM\Cat_uro_kidney\Cat_uro_kidney_glob_reperfusion_4m\data\P166_OP130_2023_08_17_Experiment1\2023_08_17_16_10_04\_hypergui_1\spectrum_fromCSV5_(500.0-995.0)_masked_data_0_derivative.csv,kidney_glob_reperfusion,P166,2023_08_17_16_10_04,P166#2023_08_17_16_10_04#CSV5,csv_spectrum,1,train
\\ces-tp3\OE0645-data-uro\TIVITA_Cat\Cat_Pig_UMM\Cat_uro_kidney\Cat_uro_kidney_glob_reperfusion_4m\data\P166_OP130_2023_08_17_Experiment1\2023_08_17_16_11_04\_hypergui_1\spectrum_fromCSV1_(500.0-995.0)_masked_data_0_derivative.csv,kidney_glob_reperfusion,P166,2023_08_17_16_11_04,P166#2023_08_17_16_11_04#CSV1,csv_spectrum,1,train
\\ces-tp3\OE0645-data-uro\TIVITA_Cat\Cat_Pig_UMM\Cat_uro_kidney\Cat_uro_kidney_glob_reperfusion_4m\data\P166_OP130_2023_08_17_Experiment1\2023_08_17_16_11_04\_hypergui_1\spectrum_fromCSV5_(500.0-995.0)_masked_data_0_derivative.csv,kidney_glob_reperfusion,P166,2023_08_17_16_11_04,P166#2023_08_17_16_11_04#CSV5,csv_spectrum,1,train
\\ces-tp3\OE0645-data-uro\TIVITA_Cat\Cat_Pig_UMM\Cat_uro_kidney\Cat_uro_kidney_glob_reperfusion_4m\data\P168_OP132_2023_08_23_Experiment1\2023_08_23_13_16_25\_hypergui_1\spectrum_fromCSV1_(500.0-995.0)_masked_data_0_derivative.csv,kidney_glob_reperfusion,P168,2023_08_23_13_16_25,P168#2023_08_23_13_16_25#CSV1,csv_spectrum,1,train
\\ces-tp3\OE0645-data-uro\TIVITA_Cat\Cat_Pig_UMM\Cat_uro_kidney\Cat_uro_kidney_glob_reperfusion_4m\data\P168_OP132_2023_08_23_Experiment1\2023_08_23_13_16_25\_hypergui_1\spectrum_fromCSV5_(500.0-995.0)_masked_data_0_derivative.csv,kidney_glob_reperfusion,P168,2023_08_23_13_16_25,P168#2023_08_23_13_16_25#CSV5,csv_spectrum,1,train
\\ces-tp3\OE0645-data-uro\TIVITA_Cat\Cat_Pig_UMM\Cat_uro_kidney\Cat_uro_kidney_glob_reperfusion_4m\data\P174_OP138_2023_09_21_Experiment1\2023_09_21_18_22_45\_hypergui_1\spectrum_fromCSV1_(500.0-995.0)_masked_data_0_derivative.csv,kidney_glob_reperfusion,P174,2023_09_21_18_22_45,P174#2023_09_21_18_22_45#CSV1,csv_spectrum,1,train
\\ces-tp3\OE0645-data-uro\TIVITA_Cat\Cat_Pig_UMM\Cat_uro_kidney\Cat_uro_kidney_glob_reperfusion_4m\data\P174_OP138_2023_09_21_Experiment1\2023_09_21_18_22_45\_hypergui_1\spectrum_fromCSV5_(500.0-995.0)_masked_data_0_derivative.csv,kidney_glob_reperfusion,P174,2023_09_21_18_22_45,P174#2023_09_21_18_22_45#CSV5,csv_spectrum,1,train
\\ces-tp3\OE0645-data-uro\TIVITA_Cat\Cat_Pig_UMM\Cat_uro_kidney\Cat_uro_kidney_glob_reperfusion_4m\data\P174_OP138_2023_09_21_Experiment1\2023_09_21_18_23_45\_hypergui_1\spectrum_fromCSV1_(500.0-995.0)_masked_data_0_derivative.csv,kidney_glob_reperfusion,P174,2023_09_21_18_23_45,P174#2023_09_21_18_23_45#CSV1,csv_spectrum,1,train
\\ces-tp3\OE0645-data-uro\TIVITA_Cat\Cat_Pig_UMM\Cat_uro_kidney\Cat_uro_kidney_glob_reperfusion_4m\data\P174_OP138_2023_09_21_Experiment1\2023_09_21_18_23_45\_hypergui_1\spectrum_fromCSV5_(500.0-995.0)_masked_data_0_derivative.csv,kidney_glob_reperfusion,P174,2023_09_21_18_23_45,P174#2023_09_21_18_23_45#CSV5,csv_spectrum,1,train
\\ces-tp3\OE0645-data-uro\TIVITA_Cat\Cat_Pig_UMM\Cat_uro_kidney\Cat_uro_kidney_glob_reperfusion_6m\data\P166_OP130_2023_08_17_Experiment1\2023_08_17_16_12_04\_hypergui_1\spectrum_fromCSV1_(500.0-995.0)_masked_data_0_derivative.csv,kidney_glob_reperfusion,P166,2023_08_17_16_12_04,P166#2023_08_17_16_12_04#CSV1,csv_spectrum,1,train
\\ces-tp3\OE0645-data-uro\TIVITA_Cat\Cat_Pig_UMM\Cat_uro_kidney\Cat_uro_kidney_glob_reperfusion_6m\data\P166_OP130_2023_08_17_Experiment1\2023_08_17_16_12_04\_hypergui_1\spectrum_fromCSV5_(500.0-995.0)_masked_data_0_derivative.csv,kidney_glob_reperfusion,P166,2023_08_17_16_12_04,P166#2023_08_17_16_12_04#CSV5,csv_spectrum,1,train
\\ces-tp3\OE0645-data-uro\TIVITA_Cat\Cat_Pig_UMM\Cat_uro_kidney\Cat_uro_kidney_glob_reperfusion_6m\data\P166_OP130_2023_08_17_Experiment1\2023_08_17_16_13_04\_hypergui_1\spectrum_fromCSV1_(500.0-995.0)_masked_data_0_derivative.csv,kidney_glob_reperfusion,P166,2023_08_17_16_13_04,P166#2023_08_17_16_13_04#CSV1,csv_spectrum,1,train
\\ces-tp3\OE0645-data-uro\TIVITA_Cat\Cat_Pig_UMM\Cat_uro_kidney\Cat_uro_kidney_glob_reperfusion_6m\data\P166_OP130_2023_08_17_Experiment1\2023_08_17_16_13_04\_hypergui_1\spectrum_fromCSV5_(500.0-995.0)_masked_data_0_derivative.csv,kidney_glob_reperfusion,P166,2023_08_17_16_13_04,P166#2023_08_17_16_13_04#CSV5,csv_spectrum,1,train
\\ces-tp3\OE0645-data-uro\TIVITA_Cat\Cat_Pig_UMM\Cat_uro_kidney\Cat_uro_kidney_glob_reperfusion_6m\data\P174_OP138_2023_09_21_Experiment1\2023_09_21_18_24_45\_hypergui_1\spectrum_fromCSV1_(500.0-995.0)_masked_data_0_derivative.csv,kidney_glob_reperfusion,P174,2023_09_21_18_24_45,P174#2023_09_21_18_24_45#CSV1,csv_spectrum,1,train
\\ces-tp3\OE0645-data-uro\TIVITA_Cat\Cat_Pig_UMM\Cat_uro_kidney\Cat_uro_kidney_glob_reperfusion_6m\data\P174_OP138_2023_09_21_Experiment1\2023_09_21_18_24_45\_hypergui_1\spectrum_fromCSV5_(500.0-995.0)_masked_data_0_derivative.csv,kidney_glob_reperfusion,P174,2023_09_21_18_24_45,P174#2023_09_21_18_24_45#CSV5,csv_spectrum,1,train
\\ces-tp3\OE0645-data-uro\TIVITA_Cat\Cat_Pig_UMM\Cat_uro_kidney\Cat_uro_kidney_glob_reperfusion_6m\data\P174_OP138_2023_09_21_Experiment1\2023_09_21_18_25_45\_hypergui_1\spectrum_fromCSV1_(500.0-995.0)_masked_data_0_derivative.csv,kidney_glob_reperfusion,P174,2023_09_21_18_25_45,P174#2023_09_21_18_25_45#CSV1,csv_spectrum,1,train
\\ces-tp3\OE0645-data-uro\TIVITA_Cat\Cat_Pig_UMM\Cat_uro_kidney\Cat_uro_kidney_glob_reperfusion_6m\data\P174_OP138_2023_09_21_Experiment1\2023_09_21_18_25_45\_hypergui_1\spectrum_fromCSV5_(500.0-995.0)_masked_data_0_derivative.csv,kidney_glob_reperfusion,P174,2023_09_21_18_25_45,P174#2023_09_21_18_25_45#CSV5,csv_spectrum,1,train
\\ces-tp3\OE0645-data-uro\TIVITA_Cat\Cat_Pig_UMM\Cat_uro_kidney\Cat_uro_kidney_sel_0m\data\P161_OP125_2023_07_05_Experiment1\2023_07_05_11_08_11\_hypergui_1\spectrum_fromCSV1_(500.0-995.0)_masked_data_0_derivative.csv,kidney_sel,P161,2023_07_05_11_08_11,P161#2023_07_05_11_08_11#CSV1,csv_spectrum,2,train
\\ces-tp3\OE0645-data-uro\TIVITA_Cat\Cat_Pig_UMM\Cat_uro_kidney\Cat_uro_kidney_sel_0m\data\P161_OP125_2023_07_05_Experiment1\2023_07_05_11_08_11\_hypergui_1\spectrum_fromCSV5_(500.0-995.0)_masked_data_0_derivative.csv,kidney_sel,P161,2023_07_05_11_08_11,P161#2023_07_05_11_08_11#CSV5,csv_spectrum,2,train
\\ces-tp3\OE0645-data-uro\TIVITA_Cat\Cat_Pig_UMM\Cat_uro_kidney\Cat_uro_kidney_sel_0m\data\P161_OP125_2023_07_05_Experiment1\2023_07_05_11_08_11\_hypergui_2\spectrum_fromCSV1_(500.0-995.0)_masked_data_0_derivative.csv,kidney_sel,P161,2023_07_05_11_08_11,P161#2023_07_05_11_08_11#CSV1,csv_spectrum,2,train
\\ces-tp3\OE0645-data-uro\TIVITA_Cat\Cat_Pig_UMM\Cat_uro_kidney\Cat_uro_kidney_sel_0m\data\P161_OP125_2023_07_05_Experiment1\2023_07_05_11_08_11\_hypergui_2\spectrum_fromCSV5_(500.0-995.0)_masked_data_0_derivative.csv,kidney_sel,P161,2023_07_05_11_08_11,P161#2023_07_05_11_08_11#CSV5,csv_spectrum,2,train
\\ces-tp3\OE0645-data-uro\TIVITA_Cat\Cat_Pig_UMM\Cat_uro_kidney\Cat_uro_kidney_sel_0m\data\P161_OP125_2023_07_05_Experiment1\2023_07_05_11_08_41\_hypergui_1\spectrum_fromCSV1_(500.0-995.0)_masked_data_0_derivative.csv,kidney_sel,P161,2023_07_05_11_08_41,P161#2023_07_05_11_08_41#CSV1,csv_spectrum,2,train
\\ces-tp3\OE0645-data-uro\TIVITA_Cat\Cat_Pig_UMM\Cat_uro_kidney\Cat_uro_kidney_sel_0m\data\P161_OP125_2023_07_05_Experiment1\2023_07_05_11_08_41\_hypergui_1\spectrum_fromCSV5_(500.0-995.0)_masked_data_0_derivative.csv,kidney_sel,P161,2023_07_05_11_08_41,P161#2023_07_05_11_08_41#CSV5,csv_spectrum,2,train
\\ces-tp3\OE0645-data-uro\TIVITA_Cat\Cat_Pig_UMM\Cat_uro_kidney\Cat_uro_kidney_sel_0m\data\P161_OP125_2023_07_05_Experiment1\2023_07_05_11_08_41\_hypergui_2\spectrum_fromCSV1_(500.0-995.0)_masked_data_0_derivative.csv,kidney_sel,P161,2023_07_05_11_08_41,P161#2023_07_05_11_08_41#CSV1,csv_spectrum,2,train
\\ces-tp3\OE0645-data-uro\TIVITA_Cat\Cat_Pig_UMM\Cat_uro_kidney\Cat_uro_kidney_sel_0m\data\P161_OP125_2023_07_05_Experiment1\2023_07_05_11_08_41\_hypergui_2\spectrum_fromCSV5_(500.0-995.0)_masked_data_0_derivative.csv,kidney_sel,P161,2023_07_05_11_08_41,P161#2023_07_05_11_08_41#CSV5,csv_spectrum,2,train
\\ces-tp3\OE0645-data-uro\TIVITA_Cat\Cat_Pig_UMM\Cat_uro_kidney\Cat_uro_kidney_sel_0m\data\P162_OP126_2023_07_06_Experiment1\2023_07_06_12_37_22\_hypergui_1\spectrum_fromCSV1_(500.0-995.0)_masked_data_0_derivative.csv,kidney_sel,P162,2023_07_06_12_37_22,P162#2023_07_06_12_37_22#CSV1,csv_spectrum,2,train
\\ces-tp3\OE0645-data-uro\TIVITA_Cat\Cat_Pig_UMM\Cat_uro_kidney\Cat_uro_kidney_sel_0m\data\P162_OP126_2023_07_06_Experiment1\2023_07_06_12_37_22\_hypergui_1\spectrum_fromCSV5_(500.0-995.0)_masked_data_0_derivative.csv,kidney_sel,P162,2023_07_06_12_37_22,P162#2023_07_06_12_37_22#CSV5,csv_spectrum,2,train
\\ces-tp3\OE0645-data-uro\TIVITA_Cat\Cat_Pig_UMM\Cat_uro_kidney\Cat_uro_kidney_sel_0m\data\P162_OP126_2023_07_06_Experiment1\2023_07_06_12_37_22\_hypergui_2\spectrum_fromCSV1_(500.0-995.0)_masked_data_0_derivative.csv,kidney_sel,P162,2023_07_06_12_37_22,P162#2023_07_06_12_37_22#CSV1,csv_spectrum,2,train
\\ces-tp3\OE0645-data-uro\TIVITA_Cat\Cat_Pig_UMM\Cat_uro_kidney\Cat_uro_kidney_sel_0m\data\P162_OP126_2023_07_06_Experiment1\2023_07_06_12_37_22\_hypergui_2\spectrum_fromCSV5_(500.0-995.0)_masked_data_0_derivative.csv,kidney_sel,P162,2023_07_06_12_37_22,P162#2023_07_06_12_37_22#CSV5,csv_spectrum,2,train
\\ces-tp3\OE0645-data-uro\TIVITA_Cat\Cat_Pig_UMM\Cat_uro_kidney\Cat_uro_kidney_sel_0m\data\P162_OP126_2023_07_06_Experiment1\2023_07_06_12_37_52\_hypergui_1\spectrum_fromCSV1_(500.0-995.0)_masked_data_0_derivative.csv,kidney_sel,P162,2023_07_06_12_37_52,P162#2023_07_06_12_37_52#CSV1,csv_spectrum,2,train
\\ces-tp3\OE0645-data-uro\TIVITA_Cat\Cat_Pig_UMM\Cat_uro_kidney\Cat_uro_kidney_sel_0m\data\P162_OP126_2023_07_06_Experiment1\2023_07_06_12_37_52\_hypergui_1\spectrum_fromCSV5_(500.0-995.0)_masked_data_0_derivative.csv,kidney_sel,P162,2023_07_06_12_37_52,P162#2023_07_06_12_37_52#CSV5,csv_spectrum,2,train
\\ces-tp3\OE0645-data-uro\TIVITA_Cat\Cat_Pig_UMM\Cat_uro_kidney\Cat_uro_kidney_sel_0m\data\P162_OP126_2023_07_06_Experiment1\2023_07_06_12_37_52\_hypergui_2\spectrum_fromCSV1_(500.0-995.0)_masked_data_0_derivative.csv,kidney_sel,P162,2023_07_06_12_37_52,P162#2023_07_06_12_37_52#CSV1,csv_spectrum,2,train
\\ces-tp3\OE0645-data-uro\TIVITA_Cat\Cat_Pig_UMM\Cat_uro_kidney\Cat_uro_kidney_sel_0m\data\P162_OP126_2023_07_06_Experiment1\2023_07_06_12_37_52\_hypergui_2\spectrum_fromCSV5_(500.0-995.0)_masked_data_0_derivative.csv,kidney_sel,P162,2023_07_06_12_37_52,P162#2023_07_06_12_37_52#CSV5,csv_spectrum,2,train
\\ces-tp3\OE0645-data-uro\TIVITA_Cat\Cat_Pig_UMM\Cat_uro_kidney\Cat_uro_kidney_sel_0m\data\P165_OP129_2023_08_16_Experiment1\2023_08_16_12_07_11\_hypergui_1\spectrum_fromCSV1_(500.0-995.0)_masked_data_0_derivative.csv,kidney_sel,P165,2023_08_16_12_07_11,P165#2023_08_16_12_07_11#CSV1,csv_spectrum,2,train
\\ces-tp3\OE0645-data-uro\TIVITA_Cat\Cat_Pig_UMM\Cat_uro_kidney\Cat_uro_kidney_sel_0m\data\P165_OP129_2023_08_16_Experiment1\2023_08_16_12_07_11\_hypergui_1\spectrum_fromCSV5_(500.0-995.0)_masked_data_0_derivative.csv,kidney_sel,P165,2023_08_16_12_07_11,P165#2023_08_16_12_07_11#CSV5,csv_spectrum,2,train
\\ces-tp3\OE0645-data-uro\TIVITA_Cat\Cat_Pig_UMM\Cat_uro_kidney\Cat_uro_kidney_sel_0m\data\P165_OP129_2023_08_16_Experiment1\2023_08_16_12_07_11\_hypergui_2\spectrum_fromCSV1_(500.0-995.0)_masked_data_0_derivative.csv,kidney_sel,P165,2023_08_16_12_07_11,P165#2023_08_16_12_07_11#CSV1,csv_spectrum,2,train
\\ces-tp3\OE0645-data-uro\TIVITA_Cat\Cat_Pig_UMM\Cat_uro_kidney\Cat_uro_kidney_sel_0m\data\P165_OP129_2023_08_16_Experiment1\2023_08_16_12_07_11\_hypergui_2\spectrum_fromCSV5_(500.0-995.0)_masked_data_0_derivative.csv,kidney_sel,P165,2023_08_16_12_07_11,P165#2023_08_16_12_07_11#CSV5,csv_spectrum,2,train
\\ces-tp3\OE0645-data-uro\TIVITA_Cat\Cat_Pig_UMM\Cat_uro_kidney\Cat_uro_kidney_sel_0m\data\P165_OP129_2023_08_16_Experiment1\2023_08_16_12_08_11\_hypergui_1\spectrum_fromCSV1_(500.0-995.0)_masked_data_0_derivative.csv,kidney_sel,P165,2023_08_16_12_08_11,P165#2023_08_16_12_08_11#CSV1,csv_spectrum,2,train
\\ces-tp3\OE0645-data-uro\TIVITA_Cat\Cat_Pig_UMM\Cat_uro_kidney\Cat_uro_kidney_sel_0m\data\P165_OP129_2023_08_16_Experiment1\2023_08_16_12_08_11\_hypergui_1\spectrum_fromCSV5_(500.0-995.0)_masked_data_0_derivative.csv,kidney_sel,P165,2023_08_16_12_08_11,P165#2023_08_16_12_08_11#CSV5,csv_spectrum,2,train
\\ces-tp3\OE0645-data-uro\TIVITA_Cat\Cat_Pig_UMM\Cat_uro_kidney\Cat_uro_kidney_sel_0m\data\P165_OP129_2023_08_16_Experiment1\2023_08_16_12_08_11\_hypergui_2\spectrum_fromCSV1_(500.0-995.0)_masked_data_0_derivative.csv,kidney_sel,P165,2023_08_16_12_08_11,P165#2023_08_16_12_08_11#CSV1,csv_spectrum,2,train
\\ces-tp3\OE0645-data-uro\TIVITA_Cat\Cat_Pig_UMM\Cat_uro_kidney\Cat_uro_kidney_sel_0m\data\P165_OP129_2023_08_16_Experiment1\2023_08_16_12_08_11\_hypergui_2\spectrum_fromCSV5_(500.0-995.0)_masked_data_0_derivative.csv,kidney_sel,P165,2023_08_16_12_08_11,P165#2023_08_16_12_08_11#CSV5,csv_spectrum,2,train
\\ces-tp3\OE0645-data-uro\TIVITA_Cat\Cat_Pig_UMM\Cat_uro_kidney\Cat_uro_kidney_sel_0m\data\P166_OP130_2023_08_17_Experiment1\2023_08_17_11_36_45\_hypergui_1\spectrum_fromCSV1_(500.0-995.0)_masked_data_0_derivative.csv,kidney_sel,P166,2023_08_17_11_36_45,P166#2023_08_17_11_36_45#CSV1,csv_spectrum,2,train
\\ces-tp3\OE0645-data-uro\TIVITA_Cat\Cat_Pig_UMM\Cat_uro_kidney\Cat_uro_kidney_sel_0m\data\P166_OP130_2023_08_17_Experiment1\2023_08_17_11_36_45\_hypergui_1\spectrum_fromCSV5_(500.0-995.0)_masked_data_0_derivative.csv,kidney_sel,P166,2023_08_17_11_36_45,P166#2023_08_17_11_36_45#CSV5,csv_spectrum,2,train
\\ces-tp3\OE0645-data-uro\TIVITA_Cat\Cat_Pig_UMM\Cat_uro_kidney\Cat_uro_kidney_sel_0m\data\P166_OP130_2023_08_17_Experiment1\2023_08_17_11_36_45\_hypergui_2\spectrum_fromCSV1_(500.0-995.0)_masked_data_0_derivative.csv,kidney_sel,P166,2023_08_17_11_36_45,P166#2023_08_17_11_36_45#CSV1,csv_spectrum,2,train
\\ces-tp3\OE0645-data-uro\TIVITA_Cat\Cat_Pig_UMM\Cat_uro_kidney\Cat_uro_kidney_sel_0m\data\P166_OP130_2023_08_17_Experiment1\2023_08_17_11_36_45\_hypergui_2\spectrum_fromCSV5_(500.0-995.0)_masked_data_0_derivative.csv,kidney_sel,P166,2023_08_17_11_36_45,P166#2023_08_17_11_36_45#CSV5,csv_spectrum,2,train
\\ces-tp3\OE0645-data-uro\TIVITA_Cat\Cat_Pig_UMM\Cat_uro_kidney\Cat_uro_kidney_sel_0m\data\P166_OP130_2023_08_17_Experiment1\2023_08_17_11_37_15\_hypergui_1\spectrum_fromCSV1_(500.0-995.0)_masked_data_0_derivative.csv,kidney_sel,P166,2023_08_17_11_37_15,P166#2023_08_17_11_37_15#CSV1,csv_spectrum,2,train
\\ces-tp3\OE0645-data-uro\TIVITA_Cat\Cat_Pig_UMM\Cat_uro_kidney\Cat_uro_kidney_sel_0m\data\P166_OP130_2023_08_17_Experiment1\2023_08_17_11_37_15\_hypergui_1\spectrum_fromCSV5_(500.0-995.0)_masked_data_0_derivative.csv,kidney_sel,P166,2023_08_17_11_37_15,P166#2023_08_17_11_37_15#CSV5,csv_spectrum,2,train
\\ces-tp3\OE0645-data-uro\TIVITA_Cat\Cat_Pig_UMM\Cat_uro_kidney\Cat_uro_kidney_sel_0m\data\P166_OP130_2023_08_17_Experiment1\2023_08_17_11_37_15\_hypergui_2\spectrum_fromCSV1_(500.0-995.0)_masked_data_0_derivative.csv,kidney_sel,P166,2023_08_17_11_37_15,P166#2023_08_17_11_37_15#CSV1,csv_spectrum,2,train
\\ces-tp3\OE0645-data-uro\TIVITA_Cat\Cat_Pig_UMM\Cat_uro_kidney\Cat_uro_kidney_sel_0m\data\P166_OP130_2023_08_17_Experiment1\2023_08_17_11_37_15\_hypergui_2\spectrum_fromCSV5_(500.0-995.0)_masked_data_0_derivative.csv,kidney_sel,P166,2023_08_17_11_37_15,P166#2023_08_17_11_37_15#CSV5,csv_spectrum,2,train
\\ces-tp3\OE0645-data-uro\TIVITA_Cat\Cat_Pig_UMM\Cat_uro_kidney\Cat_uro_kidney_sel_0m\data\P168_OP132_2023_08_23_Experiment1\2023_08_23_12_47_23\_hypergui_1\spectrum_fromCSV1_(500.0-995.0)_masked_data_0_derivative.csv,kidney_sel,P168,2023_08_23_12_47_23,P168#2023_08_23_12_47_23#CSV1,csv_spectrum,2,train
\\ces-tp3\OE0645-data-uro\TIVITA_Cat\Cat_Pig_UMM\Cat_uro_kidney\Cat_uro_kidney_sel_0m\data\P168_OP132_2023_08_23_Experiment1\2023_08_23_12_47_23\_hypergui_1\spectrum_fromCSV5_(500.0-995.0)_masked_data_0_derivative.csv,kidney_sel,P168,2023_08_23_12_47_23,P168#2023_08_23_12_47_23#CSV5,csv_spectrum,2,train
\\ces-tp3\OE0645-data-uro\TIVITA_Cat\Cat_Pig_UMM\Cat_uro_kidney\Cat_uro_kidney_sel_0m\data\P168_OP132_2023_08_23_Experiment1\2023_08_23_12_47_23\_hypergui_2\spectrum_fromCSV1_(500.0-995.0)_masked_data_0_derivative.csv,kidney_sel,P168,2023_08_23_12_47_23,P168#2023_08_23_12_47_23#CSV1,csv_spectrum,2,train
\\ces-tp3\OE0645-data-uro\TIVITA_Cat\Cat_Pig_UMM\Cat_uro_kidney\Cat_uro_kidney_sel_0m\data\P168_OP132_2023_08_23_Experiment1\2023_08_23_12_47_23\_hypergui_2\spectrum_fromCSV5_(500.0-995.0)_masked_data_0_derivative.csv,kidney_sel,P168,2023_08_23_12_47_23,P168#2023_08_23_12_47_23#CSV5,csv_spectrum,2,train
\\ces-tp3\OE0645-data-uro\TIVITA_Cat\Cat_Pig_UMM\Cat_uro_kidney\Cat_uro_kidney_sel_0m\data\P168_OP132_2023_08_23_Experiment1\2023_08_23_12_47_53\_hypergui_1\spectrum_fromCSV1_(500.0-995.0)_masked_data_0_derivative.csv,kidney_sel,P168,2023_08_23_12_47_53,P168#2023_08_23_12_47_53#CSV1,csv_spectrum,2,train
\\ces-tp3\OE0645-data-uro\TIVITA_Cat\Cat_Pig_UMM\Cat_uro_kidney\Cat_uro_kidney_sel_0m\data\P168_OP132_2023_08_23_Experiment1\2023_08_23_12_47_53\_hypergui_1\spectrum_fromCSV5_(500.0-995.0)_masked_data_0_derivative.csv,kidney_sel,P168,2023_08_23_12_47_53,P168#2023_08_23_12_47_53#CSV5,csv_spectrum,2,train
\\ces-tp3\OE0645-data-uro\TIVITA_Cat\Cat_Pig_UMM\Cat_uro_kidney\Cat_uro_kidney_sel_0m\data\P168_OP132_2023_08_23_Experiment1\2023_08_23_12_47_53\_hypergui_2\spectrum_fromCSV1_(500.0-995.0)_masked_data_0_derivative.csv,kidney_sel,P168,2023_08_23_12_47_53,P168#2023_08_23_12_47_53#CSV1,csv_spectrum,2,train
\\ces-tp3\OE0645-data-uro\TIVITA_Cat\Cat_Pig_UMM\Cat_uro_kidney\Cat_uro_kidney_sel_0m\data\P168_OP132_2023_08_23_Experiment1\2023_08_23_12_47_53\_hypergui_2\spectrum_fromCSV5_(500.0-995.0)_masked_data_0_derivative.csv,kidney_sel,P168,2023_08_23_12_47_53,P168#2023_08_23_12_47_53#CSV5,csv_spectrum,2,train
\\ces-tp3\OE0645-data-uro\TIVITA_Cat\Cat_Pig_UMM\Cat_uro_kidney\Cat_uro_kidney_sel_0m\data\P174_OP138_2023_09_21_Experiment1\2023_09_21_13_23_25\_hypergui_1\spectrum_fromCSV1_(500.0-995.0)_masked_data_0_derivative.csv,kidney_sel,P174,2023_09_21_13_23_25,P174#2023_09_21_13_23_25#CSV1,csv_spectrum,2,train
\\ces-tp3\OE0645-data-uro\TIVITA_Cat\Cat_Pig_UMM\Cat_uro_kidney\Cat_uro_kidney_sel_0m\data\P174_OP138_2023_09_21_Experiment1\2023_09_21_13_23_25\_hypergui_1\spectrum_fromCSV5_(500.0-995.0)_masked_data_0_derivative.csv,kidney_sel,P174,2023_09_21_13_23_25,P174#2023_09_21_13_23_25#CSV5,csv_spectrum,2,train
\\ces-tp3\OE0645-data-uro\TIVITA_Cat\Cat_Pig_UMM\Cat_uro_kidney\Cat_uro_kidney_sel_0m\data\P174_OP138_2023_09_21_Experiment1\2023_09_21_13_23_25\_hypergui_2\spectrum_fromCSV1_(500.0-995.0)_masked_data_0_derivative.csv,kidney_sel,P174,2023_09_21_13_23_25,P174#2023_09_21_13_23_25#CSV1,csv_spectrum,2,train
\\ces-tp3\OE0645-data-uro\TIVITA_Cat\Cat_Pig_UMM\Cat_uro_kidney\Cat_uro_kidney_sel_0m\data\P174_OP138_2023_09_21_Experiment1\2023_09_21_13_23_25\_hypergui_2\spectrum_fromCSV5_(500.0-995.0)_masked_data_0_derivative.csv,kidney_sel,P174,2023_09_21_13_23_25,P174#2023_09_21_13_23_25#CSV5,csv_spectrum,2,train
\\ces-tp3\OE0645-data-uro\TIVITA_Cat\Cat_Pig_UMM\Cat_uro_kidney\Cat_uro_kidney_sel_0m\data\P175_OP139_2023_09_22_Experiment1\2023_09_22_11_14_31\_hypergui_1\spectrum_fromCSV1_(500.0-995.0)_masked_data_0_derivative.csv,kidney_sel,P175,2023_09_22_11_14_31,P175#2023_09_22_11_14_31#CSV1,csv_spectrum,2,train
\\ces-tp3\OE0645-data-uro\TIVITA_Cat\Cat_Pig_UMM\Cat_uro_kidney\Cat_uro_kidney_sel_0m\data\P175_OP139_2023_09_22_Experiment1\2023_09_22_11_14_31\_hypergui_1\spectrum_fromCSV5_(500.0-995.0)_masked_data_0_derivative.csv,kidney_sel,P175,2023_09_22_11_14_31,P175#2023_09_22_11_14_31#CSV5,csv_spectrum,2,train
\\ces-tp3\OE0645-data-uro\TIVITA_Cat\Cat_Pig_UMM\Cat_uro_kidney\Cat_uro_kidney_sel_0m\data\P175_OP139_2023_09_22_Experiment1\2023_09_22_11_14_31\_hypergui_2\spectrum_fromCSV1_(500.0-995.0)_masked_data_0_derivative.csv,kidney_sel,P175,2023_09_22_11_14_31,P175#2023_09_22_11_14_31#CSV1,csv_spectrum,2,train
\\ces-tp3\OE0645-data-uro\TIVITA_Cat\Cat_Pig_UMM\Cat_uro_kidney\Cat_uro_kidney_sel_0m\data\P175_OP139_2023_09_22_Experiment1\2023_09_22_11_14_31\_hypergui_2\spectrum_fromCSV5_(500.0-995.0)_masked_data_0_derivative.csv,kidney_sel,P175,2023_09_22_11_14_31,P175#2023_09_22_11_14_31#CSV5,csv_spectrum,2,train
\\ces-tp3\OE0645-data-uro\TIVITA_Cat\Cat_Pig_UMM\Cat_uro_kidney\Cat_uro_kidney_sel_0m\data\P175_OP139_2023_09_22_Experiment1\2023_09_22_13_36_55\_hypergui_1\spectrum_fromCSV1_(500.0-995.0)_masked_data_0_derivative.csv,kidney_sel,P175,2023_09_22_13_36_55,P175#2023_09_22_13_36_55#CSV1,csv_spectrum,2,train
\\ces-tp3\OE0645-data-uro\TIVITA_Cat\Cat_Pig_UMM\Cat_uro_kidney\Cat_uro_kidney_sel_0m\data\P175_OP139_2023_09_22_Experiment1\2023_09_22_13_36_55\_hypergui_1\spectrum_fromCSV5_(500.0-995.0)_masked_data_0_derivative.csv,kidney_sel,P175,2023_09_22_13_36_55,P175#2023_09_22_13_36_55#CSV5,csv_spectrum,2,train
\\ces-tp3\OE0645-data-uro\TIVITA_Cat\Cat_Pig_UMM\Cat_uro_kidney\Cat_uro_kidney_sel_0m\data\P175_OP139_2023_09_22_Experiment1\2023_09_22_13_36_55\_hypergui_2\spectrum_fromCSV1_(500.0-995.0)_masked_data_0_derivative.csv,kidney_sel,P175,2023_09_22_13_36_55,P175#2023_09_22_13_36_55#CSV1,csv_spectrum,2,train
\\ces-tp3\OE0645-data-uro\TIVITA_Cat\Cat_Pig_UMM\Cat_uro_kidney\Cat_uro_kidney_sel_0m\data\P175_OP139_2023_09_22_Experiment1\2023_09_22_13_36_55\_hypergui_2\spectrum_fromCSV5_(500.0-995.0)_masked_data_0_derivative.csv,kidney_sel,P175,2023_09_22_13_36_55,P175#2023_09_22_13_36_55#CSV5,csv_spectrum,2,train
\\ces-tp3\OE0645-data-uro\TIVITA_Cat\Cat_Pig_UMM\Cat_uro_kidney\Cat_uro_kidney_sel_0m\data\P188_OP152_2023_10_22_Experiment1\2023_10_22_12_04_40\_hypergui_1\spectrum_fromCSV1_(500.0-995.0)_masked_data_0_derivative.csv,kidney_sel,P188,2023_10_22_12_04_40,P188#2023_10_22_12_04_40#CSV1,csv_spectrum,2,train
\\ces-tp3\OE0645-data-uro\TIVITA_Cat\Cat_Pig_UMM\Cat_uro_kidney\Cat_uro_kidney_sel_0m\data\P188_OP152_2023_10_22_Experiment1\2023_10_22_12_04_40\_hypergui_1\spectrum_fromCSV5_(500.0-995.0)_masked_data_0_derivative.csv,kidney_sel,P188,2023_10_22_12_04_40,P188#2023_10_22_12_04_40#CSV5,csv_spectrum,2,train
\\ces-tp3\OE0645-data-uro\TIVITA_Cat\Cat_Pig_UMM\Cat_uro_kidney\Cat_uro_kidney_sel_0m\data\P188_OP152_2023_10_22_Experiment1\2023_10_22_12_04_40\_hypergui_2\spectrum_fromCSV1_(500.0-995.0)_masked_data_0_derivative.csv,kidney_sel,P188,2023_10_22_12_04_40,P188#2023_10_22_12_04_40#CSV1,csv_spectrum,2,train
\\ces-tp3\OE0645-data-uro\TIVITA_Cat\Cat_Pig_UMM\Cat_uro_kidney\Cat_uro_kidney_sel_0m\data\P188_OP152_2023_10_22_Experiment1\2023_10_22_12_04_40\_hypergui_2\spectrum_fromCSV5_(500.0-995.0)_masked_data_0_derivative.csv,kidney_sel,P188,2023_10_22_12_04_40,P188#2023_10_22_12_04_40#CSV5,csv_spectrum,2,train
\\ces-tp3\OE0645-data-uro\TIVITA_Cat\Cat_Pig_UMM\Cat_uro_kidney\Cat_uro_kidney_sel_0m\data\P188_OP152_2023_10_22_Experiment1\2023_10_22_12_05_10\_hypergui_1\spectrum_fromCSV1_(500.0-995.0)_masked_data_0_derivative.csv,kidney_sel,P188,2023_10_22_12_05_10,P188#2023_10_22_12_05_10#CSV1,csv_spectrum,2,train
\\ces-tp3\OE0645-data-uro\TIVITA_Cat\Cat_Pig_UMM\Cat_uro_kidney\Cat_uro_kidney_sel_0m\data\P188_OP152_2023_10_22_Experiment1\2023_10_22_12_05_10\_hypergui_1\spectrum_fromCSV5_(500.0-995.0)_masked_data_0_derivative.csv,kidney_sel,P188,2023_10_22_12_05_10,P188#2023_10_22_12_05_10#CSV5,csv_spectrum,2,train
\\ces-tp3\OE0645-data-uro\TIVITA_Cat\Cat_Pig_UMM\Cat_uro_kidney\Cat_uro_kidney_sel_0m\data\P188_OP152_2023_10_22_Experiment1\2023_10_22_12_05_10\_hypergui_2\spectrum_fromCSV1_(500.0-995.0)_masked_data_0_derivative.csv,kidney_sel,P188,2023_10_22_12_05_10,P188#2023_10_22_12_05_10#CSV1,csv_spectrum,2,train
\\ces-tp3\OE0645-data-uro\TIVITA_Cat\Cat_Pig_UMM\Cat_uro_kidney\Cat_uro_kidney_sel_0m\data\P188_OP152_2023_10_22_Experiment1\2023_10_22_12_05_10\_hypergui_2\spectrum_fromCSV5_(500.0-995.0)_masked_data_0_derivative.csv,kidney_sel,P188,2023_10_22_12_05_10,P188#2023_10_22_12_05_10#CSV5,csv_spectrum,2,train
\\ces-tp3\OE0645-data-uro\TIVITA_Cat\Cat_Pig_UMM\Cat_uro_kidney\Cat_uro_kidney_sel_0m\data\P191_OP155_2023_10_28_Experiment1\2023_10_28_11_26_55\_hypergui_1\spectrum_fromCSV1_(500.0-995.0)_masked_data_0_derivative.csv,kidney_sel,P191,2023_10_28_11_26_55,P191#2023_10_28_11_26_55#CSV1,csv_spectrum,2,train
\\ces-tp3\OE0645-data-uro\TIVITA_Cat\Cat_Pig_UMM\Cat_uro_kidney\Cat_uro_kidney_sel_0m\data\P191_OP155_2023_10_28_Experiment1\2023_10_28_11_26_55\_hypergui_1\spectrum_fromCSV5_(500.0-995.0)_masked_data_0_derivative.csv,kidney_sel,P191,2023_10_28_11_26_55,P191#2023_10_28_11_26_55#CSV5,csv_spectrum,2,train
\\ces-tp3\OE0645-data-uro\TIVITA_Cat\Cat_Pig_UMM\Cat_uro_kidney\Cat_uro_kidney_sel_0m\data\P191_OP155_2023_10_28_Experiment1\2023_10_28_11_26_55\_hypergui_2\spectrum_fromCSV1_(500.0-995.0)_masked_data_0_derivative.csv,kidney_sel,P191,2023_10_28_11_26_55,P191#2023_10_28_11_26_55#CSV1,csv_spectrum,2,train
\\ces-tp3\OE0645-data-uro\TIVITA_Cat\Cat_Pig_UMM\Cat_uro_kidney\Cat_uro_kidney_sel_0m\data\P191_OP155_2023_10_28_Experiment1\2023_10_28_11_26_55\_hypergui_2\spectrum_fromCSV5_(500.0-995.0)_masked_data_0_derivative.csv,kidney_sel,P191,2023_10_28_11_26_55,P191#2023_10_28_11_26_55#CSV5,csv_spectrum,2,train
\\ces-tp3\OE0645-data-uro\TIVITA_Cat\Cat_Pig_UMM\Cat_uro_kidney\Cat_uro_kidney_sel_0m\data\P191_OP155_2023_10_28_Experiment1\2023_10_28_11_27_25\_hypergui_1\spectrum_fromCSV1_(500.0-995.0)_masked_data_0_derivative.csv,kidney_sel,P191,2023_10_28_11_27_25,P191#2023_10_28_11_27_25#CSV1,csv_spectrum,2,train
\\ces-tp3\OE0645-data-uro\TIVITA_Cat\Cat_Pig_UMM\Cat_uro_kidney\Cat_uro_kidney_sel_0m\data\P191_OP155_2023_10_28_Experiment1\2023_10_28_11_27_25\_hypergui_1\spectrum_fromCSV5_(500.0-995.0)_masked_data_0_derivative.csv,kidney_sel,P191,2023_10_28_11_27_25,P191#2023_10_28_11_27_25#CSV5,csv_spectrum,2,train
\\ces-tp3\OE0645-data-uro\TIVITA_Cat\Cat_Pig_UMM\Cat_uro_kidney\Cat_uro_kidney_sel_0m\data\P191_OP155_2023_10_28_Experiment1\2023_10_28_11_27_25\_hypergui_2\spectrum_fromCSV1_(500.0-995.0)_masked_data_0_derivative.csv,kidney_sel,P191,2023_10_28_11_27_25,P191#2023_10_28_11_27_25#CSV1,csv_spectrum,2,train
\\ces-tp3\OE0645-data-uro\TIVITA_Cat\Cat_Pig_UMM\Cat_uro_kidney\Cat_uro_kidney_sel_0m\data\P191_OP155_2023_10_28_Experiment1\2023_10_28_11_27_25\_hypergui_2\spectrum_fromCSV5_(500.0-995.0)_masked_data_0_derivative.csv,kidney_sel,P191,2023_10_28_11_27_25,P191#2023_10_28_11_27_25#CSV5,csv_spectrum,2,train
\\ces-tp3\OE0645-data-uro\TIVITA_Cat\Cat_Pig_UMM\Cat_uro_kidney\Cat_uro_kidney_sel_0m\data\P192_OP156_2023_10_29_Experiment1\2023_10_29_11_54_42\_hypergui_1\spectrum_fromCSV1_(500.0-995.0)_masked_data_0_derivative.csv,kidney_sel,P192,2023_10_29_11_54_42,P192#2023_10_29_11_54_42#CSV1,csv_spectrum,2,train
\\ces-tp3\OE0645-data-uro\TIVITA_Cat\Cat_Pig_UMM\Cat_uro_kidney\Cat_uro_kidney_sel_0m\data\P192_OP156_2023_10_29_Experiment1\2023_10_29_11_54_42\_hypergui_1\spectrum_fromCSV5_(500.0-995.0)_masked_data_0_derivative.csv,kidney_sel,P192,2023_10_29_11_54_42,P192#2023_10_29_11_54_42#CSV5,csv_spectrum,2,train
\\ces-tp3\OE0645-data-uro\TIVITA_Cat\Cat_Pig_UMM\Cat_uro_kidney\Cat_uro_kidney_sel_0m\data\P192_OP156_2023_10_29_Experiment1\2023_10_29_11_54_42\_hypergui_2\spectrum_fromCSV1_(500.0-995.0)_masked_data_0_derivative.csv,kidney_sel,P192,2023_10_29_11_54_42,P192#2023_10_29_11_54_42#CSV1,csv_spectrum,2,train
\\ces-tp3\OE0645-data-uro\TIVITA_Cat\Cat_Pig_UMM\Cat_uro_kidney\Cat_uro_kidney_sel_0m\data\P192_OP156_2023_10_29_Experiment1\2023_10_29_11_54_42\_hypergui_2\spectrum_fromCSV5_(500.0-995.0)_masked_data_0_derivative.csv,kidney_sel,P192,2023_10_29_11_54_42,P192#2023_10_29_11_54_42#CSV5,csv_spectrum,2,train
\\ces-tp3\OE0645-data-uro\TIVITA_Cat\Cat_Pig_UMM\Cat_uro_kidney\Cat_uro_kidney_sel_0m\data\P192_OP156_2023_10_29_Experiment1\2023_10_29_11_55_12\_hypergui_1\spectrum_fromCSV1_(500.0-995.0)_masked_data_0_derivative.csv,kidney_sel,P192,2023_10_29_11_55_12,P192#2023_10_29_11_55_12#CSV1,csv_spectrum,2,train
\\ces-tp3\OE0645-data-uro\TIVITA_Cat\Cat_Pig_UMM\Cat_uro_kidney\Cat_uro_kidney_sel_0m\data\P192_OP156_2023_10_29_Experiment1\2023_10_29_11_55_12\_hypergui_1\spectrum_fromCSV5_(500.0-995.0)_masked_data_0_derivative.csv,kidney_sel,P192,2023_10_29_11_55_12,P192#2023_10_29_11_55_12#CSV5,csv_spectrum,2,train
\\ces-tp3\OE0645-data-uro\TIVITA_Cat\Cat_Pig_UMM\Cat_uro_kidney\Cat_uro_kidney_sel_0m\data\P192_OP156_2023_10_29_Experiment1\2023_10_29_11_55_12\_hypergui_2\spectrum_fromCSV1_(500.0-995.0)_masked_data_0_derivative.csv,kidney_sel,P192,2023_10_29_11_55_12,P192#2023_10_29_11_55_12#CSV1,csv_spectrum,2,train
\\ces-tp3\OE0645-data-uro\TIVITA_Cat\Cat_Pig_UMM\Cat_uro_kidney\Cat_uro_kidney_sel_0m\data\P192_OP156_2023_10_29_Experiment1\2023_10_29_11_55_12\_hypergui_2\spectrum_fromCSV5_(500.0-995.0)_masked_data_0_derivative.csv,kidney_sel,P192,2023_10_29_11_55_12,P192#2023_10_29_11_55_12#CSV5,csv_spectrum,2,train
\\ces-tp3\OE0645-data-uro\TIVITA_Cat\Cat_Pig_UMM\Cat_uro_kidney\Cat_uro_kidney_sel_0m\data\P193_OP157_2023_10_30_Experiment1\2023_10_30_11_21_10\_hypergui_1\spectrum_fromCSV1_(500.0-995.0)_masked_data_0_derivative.csv,kidney_sel,P193,2023_10_30_11_21_10,P193#2023_10_30_11_21_10#CSV1,csv_spectrum,2,train
\\ces-tp3\OE0645-data-uro\TIVITA_Cat\Cat_Pig_UMM\Cat_uro_kidney\Cat_uro_kidney_sel_0m\data\P193_OP157_2023_10_30_Experiment1\2023_10_30_11_21_10\_hypergui_1\spectrum_fromCSV5_(500.0-995.0)_masked_data_0_derivative.csv,kidney_sel,P193,2023_10_30_11_21_10,P193#2023_10_30_11_21_10#CSV5,csv_spectrum,2,train
\\ces-tp3\OE0645-data-uro\TIVITA_Cat\Cat_Pig_UMM\Cat_uro_kidney\Cat_uro_kidney_sel_0m\data\P193_OP157_2023_10_30_Experiment1\2023_10_30_11_21_10\_hypergui_2\spectrum_fromCSV1_(500.0-995.0)_masked_data_0_derivative.csv,kidney_sel,P193,2023_10_30_11_21_10,P193#2023_10_30_11_21_10#CSV1,csv_spectrum,2,train
\\ces-tp3\OE0645-data-uro\TIVITA_Cat\Cat_Pig_UMM\Cat_uro_kidney\Cat_uro_kidney_sel_0m\data\P193_OP157_2023_10_30_Experiment1\2023_10_30_11_21_10\_hypergui_2\spectrum_fromCSV5_(500.0-995.0)_masked_data_0_derivative.csv,kidney_sel,P193,2023_10_30_11_21_10,P193#2023_10_30_11_21_10#CSV5,csv_spectrum,2,train
\\ces-tp3\OE0645-data-uro\TIVITA_Cat\Cat_Pig_UMM\Cat_uro_kidney\Cat_uro_kidney_sel_0m\data\P193_OP157_2023_10_30_Experiment1\2023_10_30_11_21_40\_hypergui_1\spectrum_fromCSV1_(500.0-995.0)_masked_data_0_derivative.csv,kidney_sel,P193,2023_10_30_11_21_40,P193#2023_10_30_11_21_40#CSV1,csv_spectrum,2,train
\\ces-tp3\OE0645-data-uro\TIVITA_Cat\Cat_Pig_UMM\Cat_uro_kidney\Cat_uro_kidney_sel_0m\data\P193_OP157_2023_10_30_Experiment1\2023_10_30_11_21_40\_hypergui_1\spectrum_fromCSV5_(500.0-995.0)_masked_data_0_derivative.csv,kidney_sel,P193,2023_10_30_11_21_40,P193#2023_10_30_11_21_40#CSV5,csv_spectrum,2,train
\\ces-tp3\OE0645-data-uro\TIVITA_Cat\Cat_Pig_UMM\Cat_uro_kidney\Cat_uro_kidney_sel_0m\data\P193_OP157_2023_10_30_Experiment1\2023_10_30_11_21_40\_hypergui_2\spectrum_fromCSV1_(500.0-995.0)_masked_data_0_derivative.csv,kidney_sel,P193,2023_10_30_11_21_40,P193#2023_10_30_11_21_40#CSV1,csv_spectrum,2,train
\\ces-tp3\OE0645-data-uro\TIVITA_Cat\Cat_Pig_UMM\Cat_uro_kidney\Cat_uro_kidney_sel_0m\data\P193_OP157_2023_10_30_Experiment1\2023_10_30_11_21_40\_hypergui_2\spectrum_fromCSV5_(500.0-995.0)_masked_data_0_derivative.csv,kidney_sel,P193,2023_10_30_11_21_40,P193#2023_10_30_11_21_40#CSV5,csv_spectrum,2,train
\\ces-tp3\OE0645-data-uro\TIVITA_Cat\Cat_Pig_UMM\Cat_uro_kidney\Cat_uro_kidney_sel_10m\data\P161_OP125_2023_07_05_Experiment1\2023_07_05_11_17_32\_hypergui_1\spectrum_fromCSV1_(500.0-995.0)_masked_data_0_derivative.csv,kidney_sel,P161,2023_07_05_11_17_32,P161#2023_07_05_11_17_32#CSV1,csv_spectrum,2,train
\\ces-tp3\OE0645-data-uro\TIVITA_Cat\Cat_Pig_UMM\Cat_uro_kidney\Cat_uro_kidney_sel_10m\data\P161_OP125_2023_07_05_Experiment1\2023_07_05_11_17_32\_hypergui_1\spectrum_fromCSV5_(500.0-995.0)_masked_data_0_derivative.csv,kidney_sel,P161,2023_07_05_11_17_32,P161#2023_07_05_11_17_32#CSV5,csv_spectrum,2,train
\\ces-tp3\OE0645-data-uro\TIVITA_Cat\Cat_Pig_UMM\Cat_uro_kidney\Cat_uro_kidney_sel_10m\data\P161_OP125_2023_07_05_Experiment1\2023_07_05_11_17_32\_hypergui_2\spectrum_fromCSV1_(500.0-995.0)_masked_data_0_derivative.csv,kidney_sel,P161,2023_07_05_11_17_32,P161#2023_07_05_11_17_32#CSV1,csv_spectrum,2,train
\\ces-tp3\OE0645-data-uro\TIVITA_Cat\Cat_Pig_UMM\Cat_uro_kidney\Cat_uro_kidney_sel_10m\data\P161_OP125_2023_07_05_Experiment1\2023_07_05_11_17_32\_hypergui_2\spectrum_fromCSV5_(500.0-995.0)_masked_data_0_derivative.csv,kidney_sel,P161,2023_07_05_11_17_32,P161#2023_07_05_11_17_32#CSV5,csv_spectrum,2,train
\\ces-tp3\OE0645-data-uro\TIVITA_Cat\Cat_Pig_UMM\Cat_uro_kidney\Cat_uro_kidney_sel_10m\data\P161_OP125_2023_07_05_Experiment1\2023_07_05_11_18_02\_hypergui_1\spectrum_fromCSV1_(500.0-995.0)_masked_data_0_derivative.csv,kidney_sel,P161,2023_07_05_11_18_02,P161#2023_07_05_11_18_02#CSV1,csv_spectrum,2,train
\\ces-tp3\OE0645-data-uro\TIVITA_Cat\Cat_Pig_UMM\Cat_uro_kidney\Cat_uro_kidney_sel_10m\data\P161_OP125_2023_07_05_Experiment1\2023_07_05_11_18_02\_hypergui_1\spectrum_fromCSV5_(500.0-995.0)_masked_data_0_derivative.csv,kidney_sel,P161,2023_07_05_11_18_02,P161#2023_07_05_11_18_02#CSV5,csv_spectrum,2,train
\\ces-tp3\OE0645-data-uro\TIVITA_Cat\Cat_Pig_UMM\Cat_uro_kidney\Cat_uro_kidney_sel_10m\data\P161_OP125_2023_07_05_Experiment1\2023_07_05_11_18_02\_hypergui_2\spectrum_fromCSV1_(500.0-995.0)_masked_data_0_derivative.csv,kidney_sel,P161,2023_07_05_11_18_02,P161#2023_07_05_11_18_02#CSV1,csv_spectrum,2,train
\\ces-tp3\OE0645-data-uro\TIVITA_Cat\Cat_Pig_UMM\Cat_uro_kidney\Cat_uro_kidney_sel_10m\data\P161_OP125_2023_07_05_Experiment1\2023_07_05_11_18_02\_hypergui_2\spectrum_fromCSV5_(500.0-995.0)_masked_data_0_derivative.csv,kidney_sel,P161,2023_07_05_11_18_02,P161#2023_07_05_11_18_02#CSV5,csv_spectrum,2,train
\\ces-tp3\OE0645-data-uro\TIVITA_Cat\Cat_Pig_UMM\Cat_uro_kidney\Cat_uro_kidney_sel_10m\data\P161_OP125_2023_07_05_Experiment1\2023_07_05_11_18_32\_hypergui_1\spectrum_fromCSV1_(500.0-995.0)_masked_data_0_derivative.csv,kidney_sel,P161,2023_07_05_11_18_32,P161#2023_07_05_11_18_32#CSV1,csv_spectrum,2,train
\\ces-tp3\OE0645-data-uro\TIVITA_Cat\Cat_Pig_UMM\Cat_uro_kidney\Cat_uro_kidney_sel_10m\data\P161_OP125_2023_07_05_Experiment1\2023_07_05_11_18_32\_hypergui_1\spectrum_fromCSV5_(500.0-995.0)_masked_data_0_derivative.csv,kidney_sel,P161,2023_07_05_11_18_32,P161#2023_07_05_11_18_32#CSV5,csv_spectrum,2,train
\\ces-tp3\OE0645-data-uro\TIVITA_Cat\Cat_Pig_UMM\Cat_uro_kidney\Cat_uro_kidney_sel_10m\data\P161_OP125_2023_07_05_Experiment1\2023_07_05_11_18_32\_hypergui_2\spectrum_fromCSV1_(500.0-995.0)_masked_data_0_derivative.csv,kidney_sel,P161,2023_07_05_11_18_32,P161#2023_07_05_11_18_32#CSV1,csv_spectrum,2,train
\\ces-tp3\OE0645-data-uro\TIVITA_Cat\Cat_Pig_UMM\Cat_uro_kidney\Cat_uro_kidney_sel_10m\data\P161_OP125_2023_07_05_Experiment1\2023_07_05_11_18_32\_hypergui_2\spectrum_fromCSV5_(500.0-995.0)_masked_data_0_derivative.csv,kidney_sel,P161,2023_07_05_11_18_32,P161#2023_07_05_11_18_32#CSV5,csv_spectrum,2,train
\\ces-tp3\OE0645-data-uro\TIVITA_Cat\Cat_Pig_UMM\Cat_uro_kidney\Cat_uro_kidney_sel_10m\data\P162_OP126_2023_07_06_Experiment1\2023_07_06_12_47_23\_hypergui_1\spectrum_fromCSV1_(500.0-995.0)_masked_data_0_derivative.csv,kidney_sel,P162,2023_07_06_12_47_23,P162#2023_07_06_12_47_23#CSV1,csv_spectrum,2,train
\\ces-tp3\OE0645-data-uro\TIVITA_Cat\Cat_Pig_UMM\Cat_uro_kidney\Cat_uro_kidney_sel_10m\data\P162_OP126_2023_07_06_Experiment1\2023_07_06_12_47_23\_hypergui_1\spectrum_fromCSV5_(500.0-995.0)_masked_data_0_derivative.csv,kidney_sel,P162,2023_07_06_12_47_23,P162#2023_07_06_12_47_23#CSV5,csv_spectrum,2,train
\\ces-tp3\OE0645-data-uro\TIVITA_Cat\Cat_Pig_UMM\Cat_uro_kidney\Cat_uro_kidney_sel_10m\data\P162_OP126_2023_07_06_Experiment1\2023_07_06_12_47_23\_hypergui_2\spectrum_fromCSV1_(500.0-995.0)_masked_data_0_derivative.csv,kidney_sel,P162,2023_07_06_12_47_23,P162#2023_07_06_12_47_23#CSV1,csv_spectrum,2,train
\\ces-tp3\OE0645-data-uro\TIVITA_Cat\Cat_Pig_UMM\Cat_uro_kidney\Cat_uro_kidney_sel_10m\data\P162_OP126_2023_07_06_Experiment1\2023_07_06_12_47_23\_hypergui_2\spectrum_fromCSV5_(500.0-995.0)_masked_data_0_derivative.csv,kidney_sel,P162,2023_07_06_12_47_23,P162#2023_07_06_12_47_23#CSV5,csv_spectrum,2,train
\\ces-tp3\OE0645-data-uro\TIVITA_Cat\Cat_Pig_UMM\Cat_uro_kidney\Cat_uro_kidney_sel_10m\data\P162_OP126_2023_07_06_Experiment1\2023_07_06_12_47_53\_hypergui_1\spectrum_fromCSV1_(500.0-995.0)_masked_data_0_derivative.csv,kidney_sel,P162,2023_07_06_12_47_53,P162#2023_07_06_12_47_53#CSV1,csv_spectrum,2,train
\\ces-tp3\OE0645-data-uro\TIVITA_Cat\Cat_Pig_UMM\Cat_uro_kidney\Cat_uro_kidney_sel_10m\data\P162_OP126_2023_07_06_Experiment1\2023_07_06_12_47_53\_hypergui_1\spectrum_fromCSV5_(500.0-995.0)_masked_data_0_derivative.csv,kidney_sel,P162,2023_07_06_12_47_53,P162#2023_07_06_12_47_53#CSV5,csv_spectrum,2,train
\\ces-tp3\OE0645-data-uro\TIVITA_Cat\Cat_Pig_UMM\Cat_uro_kidney\Cat_uro_kidney_sel_10m\data\P162_OP126_2023_07_06_Experiment1\2023_07_06_12_47_53\_hypergui_2\spectrum_fromCSV1_(500.0-995.0)_masked_data_0_derivative.csv,kidney_sel,P162,2023_07_06_12_47_53,P162#2023_07_06_12_47_53#CSV1,csv_spectrum,2,train
\\ces-tp3\OE0645-data-uro\TIVITA_Cat\Cat_Pig_UMM\Cat_uro_kidney\Cat_uro_kidney_sel_10m\data\P162_OP126_2023_07_06_Experiment1\2023_07_06_12_47_53\_hypergui_2\spectrum_fromCSV5_(500.0-995.0)_masked_data_0_derivative.csv,kidney_sel,P162,2023_07_06_12_47_53,P162#2023_07_06_12_47_53#CSV5,csv_spectrum,2,train
\\ces-tp3\OE0645-data-uro\TIVITA_Cat\Cat_Pig_UMM\Cat_uro_kidney\Cat_uro_kidney_sel_10m\data\P162_OP126_2023_07_06_Experiment1\2023_07_06_12_48_23\_hypergui_1\spectrum_fromCSV1_(500.0-995.0)_masked_data_0_derivative.csv,kidney_sel,P162,2023_07_06_12_48_23,P162#2023_07_06_12_48_23#CSV1,csv_spectrum,2,train
\\ces-tp3\OE0645-data-uro\TIVITA_Cat\Cat_Pig_UMM\Cat_uro_kidney\Cat_uro_kidney_sel_10m\data\P162_OP126_2023_07_06_Experiment1\2023_07_06_12_48_23\_hypergui_1\spectrum_fromCSV5_(500.0-995.0)_masked_data_0_derivative.csv,kidney_sel,P162,2023_07_06_12_48_23,P162#2023_07_06_12_48_23#CSV5,csv_spectrum,2,train
\\ces-tp3\OE0645-data-uro\TIVITA_Cat\Cat_Pig_UMM\Cat_uro_kidney\Cat_uro_kidney_sel_10m\data\P162_OP126_2023_07_06_Experiment1\2023_07_06_12_48_23\_hypergui_2\spectrum_fromCSV1_(500.0-995.0)_masked_data_0_derivative.csv,kidney_sel,P162,2023_07_06_12_48_23,P162#2023_07_06_12_48_23#CSV1,csv_spectrum,2,train
\\ces-tp3\OE0645-data-uro\TIVITA_Cat\Cat_Pig_UMM\Cat_uro_kidney\Cat_uro_kidney_sel_10m\data\P162_OP126_2023_07_06_Experiment1\2023_07_06_12_48_23\_hypergui_2\spectrum_fromCSV5_(500.0-995.0)_masked_data_0_derivative.csv,kidney_sel,P162,2023_07_06_12_48_23,P162#2023_07_06_12_48_23#CSV5,csv_spectrum,2,train
\\ces-tp3\OE0645-data-uro\TIVITA_Cat\Cat_Pig_UMM\Cat_uro_kidney\Cat_uro_kidney_sel_10m\data\P165_OP129_2023_08_16_Experiment1\2023_08_16_12_18_38\_hypergui_1\spectrum_fromCSV1_(500.0-995.0)_masked_data_0_derivative.csv,kidney_sel,P165,2023_08_16_12_18_38,P165#2023_08_16_12_18_38#CSV1,csv_spectrum,2,train
\\ces-tp3\OE0645-data-uro\TIVITA_Cat\Cat_Pig_UMM\Cat_uro_kidney\Cat_uro_kidney_sel_10m\data\P165_OP129_2023_08_16_Experiment1\2023_08_16_12_18_38\_hypergui_1\spectrum_fromCSV5_(500.0-995.0)_masked_data_0_derivative.csv,kidney_sel,P165,2023_08_16_12_18_38,P165#2023_08_16_12_18_38#CSV5,csv_spectrum,2,train
\\ces-tp3\OE0645-data-uro\TIVITA_Cat\Cat_Pig_UMM\Cat_uro_kidney\Cat_uro_kidney_sel_10m\data\P165_OP129_2023_08_16_Experiment1\2023_08_16_12_18_38\_hypergui_2\spectrum_fromCSV1_(500.0-995.0)_masked_data_0_derivative.csv,kidney_sel,P165,2023_08_16_12_18_38,P165#2023_08_16_12_18_38#CSV1,csv_spectrum,2,train
\\ces-tp3\OE0645-data-uro\TIVITA_Cat\Cat_Pig_UMM\Cat_uro_kidney\Cat_uro_kidney_sel_10m\data\P165_OP129_2023_08_16_Experiment1\2023_08_16_12_18_38\_hypergui_2\spectrum_fromCSV5_(500.0-995.0)_masked_data_0_derivative.csv,kidney_sel,P165,2023_08_16_12_18_38,P165#2023_08_16_12_18_38#CSV5,csv_spectrum,2,train
\\ces-tp3\OE0645-data-uro\TIVITA_Cat\Cat_Pig_UMM\Cat_uro_kidney\Cat_uro_kidney_sel_10m\data\P165_OP129_2023_08_16_Experiment1\2023_08_16_12_19_08\_hypergui_1\spectrum_fromCSV1_(500.0-995.0)_masked_data_0_derivative.csv,kidney_sel,P165,2023_08_16_12_19_08,P165#2023_08_16_12_19_08#CSV1,csv_spectrum,2,train
\\ces-tp3\OE0645-data-uro\TIVITA_Cat\Cat_Pig_UMM\Cat_uro_kidney\Cat_uro_kidney_sel_10m\data\P165_OP129_2023_08_16_Experiment1\2023_08_16_12_19_08\_hypergui_1\spectrum_fromCSV5_(500.0-995.0)_masked_data_0_derivative.csv,kidney_sel,P165,2023_08_16_12_19_08,P165#2023_08_16_12_19_08#CSV5,csv_spectrum,2,train
\\ces-tp3\OE0645-data-uro\TIVITA_Cat\Cat_Pig_UMM\Cat_uro_kidney\Cat_uro_kidney_sel_10m\data\P165_OP129_2023_08_16_Experiment1\2023_08_16_12_19_08\_hypergui_2\spectrum_fromCSV1_(500.0-995.0)_masked_data_0_derivative.csv,kidney_sel,P165,2023_08_16_12_19_08,P165#2023_08_16_12_19_08#CSV1,csv_spectrum,2,train
\\ces-tp3\OE0645-data-uro\TIVITA_Cat\Cat_Pig_UMM\Cat_uro_kidney\Cat_uro_kidney_sel_10m\data\P165_OP129_2023_08_16_Experiment1\2023_08_16_12_19_08\_hypergui_2\spectrum_fromCSV5_(500.0-995.0)_masked_data_0_derivative.csv,kidney_sel,P165,2023_08_16_12_19_08,P165#2023_08_16_12_19_08#CSV5,csv_spectrum,2,train
\\ces-tp3\OE0645-data-uro\TIVITA_Cat\Cat_Pig_UMM\Cat_uro_kidney\Cat_uro_kidney_sel_10m\data\P165_OP129_2023_08_16_Experiment1\2023_08_16_12_19_38\_hypergui_1\spectrum_fromCSV1_(500.0-995.0)_masked_data_0_derivative.csv,kidney_sel,P165,2023_08_16_12_19_38,P165#2023_08_16_12_19_38#CSV1,csv_spectrum,2,train
\\ces-tp3\OE0645-data-uro\TIVITA_Cat\Cat_Pig_UMM\Cat_uro_kidney\Cat_uro_kidney_sel_10m\data\P165_OP129_2023_08_16_Experiment1\2023_08_16_12_19_38\_hypergui_1\spectrum_fromCSV5_(500.0-995.0)_masked_data_0_derivative.csv,kidney_sel,P165,2023_08_16_12_19_38,P165#2023_08_16_12_19_38#CSV5,csv_spectrum,2,train
\\ces-tp3\OE0645-data-uro\TIVITA_Cat\Cat_Pig_UMM\Cat_uro_kidney\Cat_uro_kidney_sel_10m\data\P165_OP129_2023_08_16_Experiment1\2023_08_16_12_19_38\_hypergui_2\spectrum_fromCSV1_(500.0-995.0)_masked_data_0_derivative.csv,kidney_sel,P165,2023_08_16_12_19_38,P165#2023_08_16_12_19_38#CSV1,csv_spectrum,2,train
\\ces-tp3\OE0645-data-uro\TIVITA_Cat\Cat_Pig_UMM\Cat_uro_kidney\Cat_uro_kidney_sel_10m\data\P165_OP129_2023_08_16_Experiment1\2023_08_16_12_19_38\_hypergui_2\spectrum_fromCSV5_(500.0-995.0)_masked_data_0_derivative.csv,kidney_sel,P165,2023_08_16_12_19_38,P165#2023_08_16_12_19_38#CSV5,csv_spectrum,2,train
\\ces-tp3\OE0645-data-uro\TIVITA_Cat\Cat_Pig_UMM\Cat_uro_kidney\Cat_uro_kidney_sel_10m\data\P166_OP130_2023_08_17_Experiment1\2023_08_17_11_45_43\_hypergui_1\spectrum_fromCSV1_(500.0-995.0)_masked_data_0_derivative.csv,kidney_sel,P166,2023_08_17_11_45_43,P166#2023_08_17_11_45_43#CSV1,csv_spectrum,2,train
\\ces-tp3\OE0645-data-uro\TIVITA_Cat\Cat_Pig_UMM\Cat_uro_kidney\Cat_uro_kidney_sel_10m\data\P166_OP130_2023_08_17_Experiment1\2023_08_17_11_45_43\_hypergui_1\spectrum_fromCSV5_(500.0-995.0)_masked_data_0_derivative.csv,kidney_sel,P166,2023_08_17_11_45_43,P166#2023_08_17_11_45_43#CSV5,csv_spectrum,2,train
\\ces-tp3\OE0645-data-uro\TIVITA_Cat\Cat_Pig_UMM\Cat_uro_kidney\Cat_uro_kidney_sel_10m\data\P166_OP130_2023_08_17_Experiment1\2023_08_17_11_45_43\_hypergui_2\spectrum_fromCSV1_(500.0-995.0)_masked_data_0_derivative.csv,kidney_sel,P166,2023_08_17_11_45_43,P166#2023_08_17_11_45_43#CSV1,csv_spectrum,2,train
\\ces-tp3\OE0645-data-uro\TIVITA_Cat\Cat_Pig_UMM\Cat_uro_kidney\Cat_uro_kidney_sel_10m\data\P166_OP130_2023_08_17_Experiment1\2023_08_17_11_45_43\_hypergui_2\spectrum_fromCSV5_(500.0-995.0)_masked_data_0_derivative.csv,kidney_sel,P166,2023_08_17_11_45_43,P166#2023_08_17_11_45_43#CSV5,csv_spectrum,2,train
\\ces-tp3\OE0645-data-uro\TIVITA_Cat\Cat_Pig_UMM\Cat_uro_kidney\Cat_uro_kidney_sel_10m\data\P175_OP139_2023_09_22_Experiment1\2023_09_22_11_24_39\_hypergui_1\spectrum_fromCSV1_(500.0-995.0)_masked_data_0_derivative.csv,kidney_sel,P175,2023_09_22_11_24_39,P175#2023_09_22_11_24_39#CSV1,csv_spectrum,2,train
\\ces-tp3\OE0645-data-uro\TIVITA_Cat\Cat_Pig_UMM\Cat_uro_kidney\Cat_uro_kidney_sel_10m\data\P175_OP139_2023_09_22_Experiment1\2023_09_22_11_24_39\_hypergui_1\spectrum_fromCSV5_(500.0-995.0)_masked_data_0_derivative.csv,kidney_sel,P175,2023_09_22_11_24_39,P175#2023_09_22_11_24_39#CSV5,csv_spectrum,2,train
\\ces-tp3\OE0645-data-uro\TIVITA_Cat\Cat_Pig_UMM\Cat_uro_kidney\Cat_uro_kidney_sel_10m\data\P175_OP139_2023_09_22_Experiment1\2023_09_22_11_24_39\_hypergui_2\spectrum_fromCSV1_(500.0-995.0)_masked_data_0_derivative.csv,kidney_sel,P175,2023_09_22_11_24_39,P175#2023_09_22_11_24_39#CSV1,csv_spectrum,2,train
\\ces-tp3\OE0645-data-uro\TIVITA_Cat\Cat_Pig_UMM\Cat_uro_kidney\Cat_uro_kidney_sel_10m\data\P175_OP139_2023_09_22_Experiment1\2023_09_22_11_24_39\_hypergui_2\spectrum_fromCSV5_(500.0-995.0)_masked_data_0_derivative.csv,kidney_sel,P175,2023_09_22_11_24_39,P175#2023_09_22_11_24_39#CSV5,csv_spectrum,2,train
\\ces-tp3\OE0645-data-uro\TIVITA_Cat\Cat_Pig_UMM\Cat_uro_kidney\Cat_uro_kidney_sel_10m\data\P188_OP152_2023_10_22_Experiment1\2023_10_22_12_14_41\_hypergui_1\spectrum_fromCSV1_(500.0-995.0)_masked_data_0_derivative.csv,kidney_sel,P188,2023_10_22_12_14_41,P188#2023_10_22_12_14_41#CSV1,csv_spectrum,2,train
\\ces-tp3\OE0645-data-uro\TIVITA_Cat\Cat_Pig_UMM\Cat_uro_kidney\Cat_uro_kidney_sel_10m\data\P188_OP152_2023_10_22_Experiment1\2023_10_22_12_14_41\_hypergui_1\spectrum_fromCSV5_(500.0-995.0)_masked_data_0_derivative.csv,kidney_sel,P188,2023_10_22_12_14_41,P188#2023_10_22_12_14_41#CSV5,csv_spectrum,2,train
\\ces-tp3\OE0645-data-uro\TIVITA_Cat\Cat_Pig_UMM\Cat_uro_kidney\Cat_uro_kidney_sel_10m\data\P188_OP152_2023_10_22_Experiment1\2023_10_22_12_14_41\_hypergui_2\spectrum_fromCSV1_(500.0-995.0)_masked_data_0_derivative.csv,kidney_sel,P188,2023_10_22_12_14_41,P188#2023_10_22_12_14_41#CSV1,csv_spectrum,2,train
\\ces-tp3\OE0645-data-uro\TIVITA_Cat\Cat_Pig_UMM\Cat_uro_kidney\Cat_uro_kidney_sel_10m\data\P188_OP152_2023_10_22_Experiment1\2023_10_22_12_14_41\_hypergui_2\spectrum_fromCSV5_(500.0-995.0)_masked_data_0_derivative.csv,kidney_sel,P188,2023_10_22_12_14_41,P188#2023_10_22_12_14_41#CSV5,csv_spectrum,2,train
\\ces-tp3\OE0645-data-uro\TIVITA_Cat\Cat_Pig_UMM\Cat_uro_kidney\Cat_uro_kidney_sel_10m\data\P188_OP152_2023_10_22_Experiment1\2023_10_22_12_16_41\_hypergui_1\spectrum_fromCSV1_(500.0-995.0)_masked_data_0_derivative.csv,kidney_sel,P188,2023_10_22_12_16_41,P188#2023_10_22_12_16_41#CSV1,csv_spectrum,2,train
\\ces-tp3\OE0645-data-uro\TIVITA_Cat\Cat_Pig_UMM\Cat_uro_kidney\Cat_uro_kidney_sel_10m\data\P188_OP152_2023_10_22_Experiment1\2023_10_22_12_16_41\_hypergui_1\spectrum_fromCSV5_(500.0-995.0)_masked_data_0_derivative.csv,kidney_sel,P188,2023_10_22_12_16_41,P188#2023_10_22_12_16_41#CSV5,csv_spectrum,2,train
\\ces-tp3\OE0645-data-uro\TIVITA_Cat\Cat_Pig_UMM\Cat_uro_kidney\Cat_uro_kidney_sel_10m\data\P188_OP152_2023_10_22_Experiment1\2023_10_22_12_16_41\_hypergui_2\spectrum_fromCSV1_(500.0-995.0)_masked_data_0_derivative.csv,kidney_sel,P188,2023_10_22_12_16_41,P188#2023_10_22_12_16_41#CSV1,csv_spectrum,2,train
\\ces-tp3\OE0645-data-uro\TIVITA_Cat\Cat_Pig_UMM\Cat_uro_kidney\Cat_uro_kidney_sel_10m\data\P188_OP152_2023_10_22_Experiment1\2023_10_22_12_16_41\_hypergui_2\spectrum_fromCSV5_(500.0-995.0)_masked_data_0_derivative.csv,kidney_sel,P188,2023_10_22_12_16_41,P188#2023_10_22_12_16_41#CSV5,csv_spectrum,2,train
\\ces-tp3\OE0645-data-uro\TIVITA_Cat\Cat_Pig_UMM\Cat_uro_kidney\Cat_uro_kidney_sel_10m\data\P191_OP155_2023_10_28_Experiment1\2023_10_28_11_36_56\_hypergui_1\spectrum_fromCSV1_(500.0-995.0)_masked_data_0_derivative.csv,kidney_sel,P191,2023_10_28_11_36_56,P191#2023_10_28_11_36_56#CSV1,csv_spectrum,2,train
\\ces-tp3\OE0645-data-uro\TIVITA_Cat\Cat_Pig_UMM\Cat_uro_kidney\Cat_uro_kidney_sel_10m\data\P191_OP155_2023_10_28_Experiment1\2023_10_28_11_36_56\_hypergui_1\spectrum_fromCSV5_(500.0-995.0)_masked_data_0_derivative.csv,kidney_sel,P191,2023_10_28_11_36_56,P191#2023_10_28_11_36_56#CSV5,csv_spectrum,2,train
\\ces-tp3\OE0645-data-uro\TIVITA_Cat\Cat_Pig_UMM\Cat_uro_kidney\Cat_uro_kidney_sel_10m\data\P191_OP155_2023_10_28_Experiment1\2023_10_28_11_36_56\_hypergui_2\spectrum_fromCSV1_(500.0-995.0)_masked_data_0_derivative.csv,kidney_sel,P191,2023_10_28_11_36_56,P191#2023_10_28_11_36_56#CSV1,csv_spectrum,2,train
\\ces-tp3\OE0645-data-uro\TIVITA_Cat\Cat_Pig_UMM\Cat_uro_kidney\Cat_uro_kidney_sel_10m\data\P191_OP155_2023_10_28_Experiment1\2023_10_28_11_36_56\_hypergui_2\spectrum_fromCSV5_(500.0-995.0)_masked_data_0_derivative.csv,kidney_sel,P191,2023_10_28_11_36_56,P191#2023_10_28_11_36_56#CSV5,csv_spectrum,2,train
\\ces-tp3\OE0645-data-uro\TIVITA_Cat\Cat_Pig_UMM\Cat_uro_kidney\Cat_uro_kidney_sel_10m\data\P191_OP155_2023_10_28_Experiment1\2023_10_28_11_38_56\_hypergui_1\spectrum_fromCSV1_(500.0-995.0)_masked_data_0_derivative.csv,kidney_sel,P191,2023_10_28_11_38_56,P191#2023_10_28_11_38_56#CSV1,csv_spectrum,2,train
\\ces-tp3\OE0645-data-uro\TIVITA_Cat\Cat_Pig_UMM\Cat_uro_kidney\Cat_uro_kidney_sel_10m\data\P191_OP155_2023_10_28_Experiment1\2023_10_28_11_38_56\_hypergui_1\spectrum_fromCSV5_(500.0-995.0)_masked_data_0_derivative.csv,kidney_sel,P191,2023_10_28_11_38_56,P191#2023_10_28_11_38_56#CSV5,csv_spectrum,2,train
\\ces-tp3\OE0645-data-uro\TIVITA_Cat\Cat_Pig_UMM\Cat_uro_kidney\Cat_uro_kidney_sel_10m\data\P191_OP155_2023_10_28_Experiment1\2023_10_28_11_38_56\_hypergui_2\spectrum_fromCSV1_(500.0-995.0)_masked_data_0_derivative.csv,kidney_sel,P191,2023_10_28_11_38_56,P191#2023_10_28_11_38_56#CSV1,csv_spectrum,2,train
\\ces-tp3\OE0645-data-uro\TIVITA_Cat\Cat_Pig_UMM\Cat_uro_kidney\Cat_uro_kidney_sel_10m\data\P191_OP155_2023_10_28_Experiment1\2023_10_28_11_38_56\_hypergui_2\spectrum_fromCSV5_(500.0-995.0)_masked_data_0_derivative.csv,kidney_sel,P191,2023_10_28_11_38_56,P191#2023_10_28_11_38_56#CSV5,csv_spectrum,2,train
\\ces-tp3\OE0645-data-uro\TIVITA_Cat\Cat_Pig_UMM\Cat_uro_kidney\Cat_uro_kidney_sel_10m\data\P191_OP155_2023_10_28_Experiment1\2023_10_28_11_40_56\_hypergui_1\spectrum_fromCSV1_(500.0-995.0)_masked_data_0_derivative.csv,kidney_sel,P191,2023_10_28_11_40_56,P191#2023_10_28_11_40_56#CSV1,csv_spectrum,2,train
\\ces-tp3\OE0645-data-uro\TIVITA_Cat\Cat_Pig_UMM\Cat_uro_kidney\Cat_uro_kidney_sel_10m\data\P191_OP155_2023_10_28_Experiment1\2023_10_28_11_40_56\_hypergui_1\spectrum_fromCSV5_(500.0-995.0)_masked_data_0_derivative.csv,kidney_sel,P191,2023_10_28_11_40_56,P191#2023_10_28_11_40_56#CSV5,csv_spectrum,2,train
\\ces-tp3\OE0645-data-uro\TIVITA_Cat\Cat_Pig_UMM\Cat_uro_kidney\Cat_uro_kidney_sel_10m\data\P191_OP155_2023_10_28_Experiment1\2023_10_28_11_40_56\_hypergui_2\spectrum_fromCSV1_(500.0-995.0)_masked_data_0_derivative.csv,kidney_sel,P191,2023_10_28_11_40_56,P191#2023_10_28_11_40_56#CSV1,csv_spectrum,2,train
\\ces-tp3\OE0645-data-uro\TIVITA_Cat\Cat_Pig_UMM\Cat_uro_kidney\Cat_uro_kidney_sel_10m\data\P191_OP155_2023_10_28_Experiment1\2023_10_28_11_40_56\_hypergui_2\spectrum_fromCSV5_(500.0-995.0)_masked_data_0_derivative.csv,kidney_sel,P191,2023_10_28_11_40_56,P191#2023_10_28_11_40_56#CSV5,csv_spectrum,2,train
\\ces-tp3\OE0645-data-uro\TIVITA_Cat\Cat_Pig_UMM\Cat_uro_kidney\Cat_uro_kidney_sel_10m\data\P192_OP156_2023_10_29_Experiment1\2023_10_29_12_04_43\_hypergui_1\spectrum_fromCSV1_(500.0-995.0)_masked_data_0_derivative.csv,kidney_sel,P192,2023_10_29_12_04_43,P192#2023_10_29_12_04_43#CSV1,csv_spectrum,2,train
\\ces-tp3\OE0645-data-uro\TIVITA_Cat\Cat_Pig_UMM\Cat_uro_kidney\Cat_uro_kidney_sel_10m\data\P192_OP156_2023_10_29_Experiment1\2023_10_29_12_04_43\_hypergui_1\spectrum_fromCSV5_(500.0-995.0)_masked_data_0_derivative.csv,kidney_sel,P192,2023_10_29_12_04_43,P192#2023_10_29_12_04_43#CSV5,csv_spectrum,2,train
\\ces-tp3\OE0645-data-uro\TIVITA_Cat\Cat_Pig_UMM\Cat_uro_kidney\Cat_uro_kidney_sel_10m\data\P192_OP156_2023_10_29_Experiment1\2023_10_29_12_04_43\_hypergui_2\spectrum_fromCSV1_(500.0-995.0)_masked_data_0_derivative.csv,kidney_sel,P192,2023_10_29_12_04_43,P192#2023_10_29_12_04_43#CSV1,csv_spectrum,2,train
\\ces-tp3\OE0645-data-uro\TIVITA_Cat\Cat_Pig_UMM\Cat_uro_kidney\Cat_uro_kidney_sel_10m\data\P192_OP156_2023_10_29_Experiment1\2023_10_29_12_04_43\_hypergui_2\spectrum_fromCSV5_(500.0-995.0)_masked_data_0_derivative.csv,kidney_sel,P192,2023_10_29_12_04_43,P192#2023_10_29_12_04_43#CSV5,csv_spectrum,2,train
\\ces-tp3\OE0645-data-uro\TIVITA_Cat\Cat_Pig_UMM\Cat_uro_kidney\Cat_uro_kidney_sel_10m\data\P192_OP156_2023_10_29_Experiment1\2023_10_29_12_05_43\_hypergui_1\spectrum_fromCSV1_(500.0-995.0)_masked_data_0_derivative.csv,kidney_sel,P192,2023_10_29_12_05_43,P192#2023_10_29_12_05_43#CSV1,csv_spectrum,2,train
\\ces-tp3\OE0645-data-uro\TIVITA_Cat\Cat_Pig_UMM\Cat_uro_kidney\Cat_uro_kidney_sel_10m\data\P192_OP156_2023_10_29_Experiment1\2023_10_29_12_05_43\_hypergui_1\spectrum_fromCSV5_(500.0-995.0)_masked_data_0_derivative.csv,kidney_sel,P192,2023_10_29_12_05_43,P192#2023_10_29_12_05_43#CSV5,csv_spectrum,2,train
\\ces-tp3\OE0645-data-uro\TIVITA_Cat\Cat_Pig_UMM\Cat_uro_kidney\Cat_uro_kidney_sel_10m\data\P192_OP156_2023_10_29_Experiment1\2023_10_29_12_05_43\_hypergui_2\spectrum_fromCSV1_(500.0-995.0)_masked_data_0_derivative.csv,kidney_sel,P192,2023_10_29_12_05_43,P192#2023_10_29_12_05_43#CSV1,csv_spectrum,2,train
\\ces-tp3\OE0645-data-uro\TIVITA_Cat\Cat_Pig_UMM\Cat_uro_kidney\Cat_uro_kidney_sel_10m\data\P192_OP156_2023_10_29_Experiment1\2023_10_29_12_05_43\_hypergui_2\spectrum_fromCSV5_(500.0-995.0)_masked_data_0_derivative.csv,kidney_sel,P192,2023_10_29_12_05_43,P192#2023_10_29_12_05_43#CSV5,csv_spectrum,2,train
\\ces-tp3\OE0645-data-uro\TIVITA_Cat\Cat_Pig_UMM\Cat_uro_kidney\Cat_uro_kidney_sel_10m\data\P192_OP156_2023_10_29_Experiment1\2023_10_29_12_07_43\_hypergui_1\spectrum_fromCSV1_(500.0-995.0)_masked_data_0_derivative.csv,kidney_sel,P192,2023_10_29_12_07_43,P192#2023_10_29_12_07_43#CSV1,csv_spectrum,2,train
\\ces-tp3\OE0645-data-uro\TIVITA_Cat\Cat_Pig_UMM\Cat_uro_kidney\Cat_uro_kidney_sel_10m\data\P192_OP156_2023_10_29_Experiment1\2023_10_29_12_07_43\_hypergui_1\spectrum_fromCSV5_(500.0-995.0)_masked_data_0_derivative.csv,kidney_sel,P192,2023_10_29_12_07_43,P192#2023_10_29_12_07_43#CSV5,csv_spectrum,2,train
\\ces-tp3\OE0645-data-uro\TIVITA_Cat\Cat_Pig_UMM\Cat_uro_kidney\Cat_uro_kidney_sel_10m\data\P192_OP156_2023_10_29_Experiment1\2023_10_29_12_07_43\_hypergui_2\spectrum_fromCSV1_(500.0-995.0)_masked_data_0_derivative.csv,kidney_sel,P192,2023_10_29_12_07_43,P192#2023_10_29_12_07_43#CSV1,csv_spectrum,2,train
\\ces-tp3\OE0645-data-uro\TIVITA_Cat\Cat_Pig_UMM\Cat_uro_kidney\Cat_uro_kidney_sel_10m\data\P192_OP156_2023_10_29_Experiment1\2023_10_29_12_07_43\_hypergui_2\spectrum_fromCSV5_(500.0-995.0)_masked_data_0_derivative.csv,kidney_sel,P192,2023_10_29_12_07_43,P192#2023_10_29_12_07_43#CSV5,csv_spectrum,2,train
\\ces-tp3\OE0645-data-uro\TIVITA_Cat\Cat_Pig_UMM\Cat_uro_kidney\Cat_uro_kidney_sel_10m\data\P193_OP157_2023_10_30_Experiment1\2023_10_30_11_31_11\_hypergui_1\spectrum_fromCSV1_(500.0-995.0)_masked_data_0_derivative.csv,kidney_sel,P193,2023_10_30_11_31_11,P193#2023_10_30_11_31_11#CSV1,csv_spectrum,2,train
\\ces-tp3\OE0645-data-uro\TIVITA_Cat\Cat_Pig_UMM\Cat_uro_kidney\Cat_uro_kidney_sel_10m\data\P193_OP157_2023_10_30_Experiment1\2023_10_30_11_31_11\_hypergui_1\spectrum_fromCSV5_(500.0-995.0)_masked_data_0_derivative.csv,kidney_sel,P193,2023_10_30_11_31_11,P193#2023_10_30_11_31_11#CSV5,csv_spectrum,2,train
\\ces-tp3\OE0645-data-uro\TIVITA_Cat\Cat_Pig_UMM\Cat_uro_kidney\Cat_uro_kidney_sel_10m\data\P193_OP157_2023_10_30_Experiment1\2023_10_30_11_31_11\_hypergui_2\spectrum_fromCSV1_(500.0-995.0)_masked_data_0_derivative.csv,kidney_sel,P193,2023_10_30_11_31_11,P193#2023_10_30_11_31_11#CSV1,csv_spectrum,2,train
\\ces-tp3\OE0645-data-uro\TIVITA_Cat\Cat_Pig_UMM\Cat_uro_kidney\Cat_uro_kidney_sel_10m\data\P193_OP157_2023_10_30_Experiment1\2023_10_30_11_31_11\_hypergui_2\spectrum_fromCSV5_(500.0-995.0)_masked_data_0_derivative.csv,kidney_sel,P193,2023_10_30_11_31_11,P193#2023_10_30_11_31_11#CSV5,csv_spectrum,2,train
\\ces-tp3\OE0645-data-uro\TIVITA_Cat\Cat_Pig_UMM\Cat_uro_kidney\Cat_uro_kidney_sel_10m\data\P193_OP157_2023_10_30_Experiment1\2023_10_30_11_33_11\_hypergui_1\spectrum_fromCSV1_(500.0-995.0)_masked_data_0_derivative.csv,kidney_sel,P193,2023_10_30_11_33_11,P193#2023_10_30_11_33_11#CSV1,csv_spectrum,2,train
\\ces-tp3\OE0645-data-uro\TIVITA_Cat\Cat_Pig_UMM\Cat_uro_kidney\Cat_uro_kidney_sel_10m\data\P193_OP157_2023_10_30_Experiment1\2023_10_30_11_33_11\_hypergui_1\spectrum_fromCSV5_(500.0-995.0)_masked_data_0_derivative.csv,kidney_sel,P193,2023_10_30_11_33_11,P193#2023_10_30_11_33_11#CSV5,csv_spectrum,2,train
\\ces-tp3\OE0645-data-uro\TIVITA_Cat\Cat_Pig_UMM\Cat_uro_kidney\Cat_uro_kidney_sel_10m\data\P193_OP157_2023_10_30_Experiment1\2023_10_30_11_33_11\_hypergui_2\spectrum_fromCSV1_(500.0-995.0)_masked_data_0_derivative.csv,kidney_sel,P193,2023_10_30_11_33_11,P193#2023_10_30_11_33_11#CSV1,csv_spectrum,2,train
\\ces-tp3\OE0645-data-uro\TIVITA_Cat\Cat_Pig_UMM\Cat_uro_kidney\Cat_uro_kidney_sel_10m\data\P193_OP157_2023_10_30_Experiment1\2023_10_30_11_33_11\_hypergui_2\spectrum_fromCSV5_(500.0-995.0)_masked_data_0_derivative.csv,kidney_sel,P193,2023_10_30_11_33_11,P193#2023_10_30_11_33_11#CSV5,csv_spectrum,2,train
\\ces-tp3\OE0645-data-uro\TIVITA_Cat\Cat_Pig_UMM\Cat_uro_kidney\Cat_uro_kidney_sel_120m\data\P161_OP125_2023_07_05_Experiment1\2023_07_05_13_14_07\_hypergui_1\spectrum_fromCSV1_(500.0-995.0)_masked_data_0_derivative.csv,kidney_sel,P161,2023_07_05_13_14_07,P161#2023_07_05_13_14_07#CSV1,csv_spectrum,2,train
\\ces-tp3\OE0645-data-uro\TIVITA_Cat\Cat_Pig_UMM\Cat_uro_kidney\Cat_uro_kidney_sel_120m\data\P161_OP125_2023_07_05_Experiment1\2023_07_05_13_14_07\_hypergui_1\spectrum_fromCSV5_(500.0-995.0)_masked_data_0_derivative.csv,kidney_sel,P161,2023_07_05_13_14_07,P161#2023_07_05_13_14_07#CSV5,csv_spectrum,2,train
\\ces-tp3\OE0645-data-uro\TIVITA_Cat\Cat_Pig_UMM\Cat_uro_kidney\Cat_uro_kidney_sel_120m\data\P161_OP125_2023_07_05_Experiment1\2023_07_05_13_14_07\_hypergui_2\spectrum_fromCSV1_(500.0-995.0)_masked_data_0_derivative.csv,kidney_sel,P161,2023_07_05_13_14_07,P161#2023_07_05_13_14_07#CSV1,csv_spectrum,2,train
\\ces-tp3\OE0645-data-uro\TIVITA_Cat\Cat_Pig_UMM\Cat_uro_kidney\Cat_uro_kidney_sel_120m\data\P161_OP125_2023_07_05_Experiment1\2023_07_05_13_14_07\_hypergui_2\spectrum_fromCSV5_(500.0-995.0)_masked_data_0_derivative.csv,kidney_sel,P161,2023_07_05_13_14_07,P161#2023_07_05_13_14_07#CSV5,csv_spectrum,2,train
\\ces-tp3\OE0645-data-uro\TIVITA_Cat\Cat_Pig_UMM\Cat_uro_kidney\Cat_uro_kidney_sel_120m\data\P161_OP125_2023_07_05_Experiment1\2023_07_05_13_14_37\_hypergui_1\spectrum_fromCSV1_(500.0-995.0)_masked_data_0_derivative.csv,kidney_sel,P161,2023_07_05_13_14_37,P161#2023_07_05_13_14_37#CSV1,csv_spectrum,2,train
\\ces-tp3\OE0645-data-uro\TIVITA_Cat\Cat_Pig_UMM\Cat_uro_kidney\Cat_uro_kidney_sel_120m\data\P161_OP125_2023_07_05_Experiment1\2023_07_05_13_14_37\_hypergui_1\spectrum_fromCSV5_(500.0-995.0)_masked_data_0_derivative.csv,kidney_sel,P161,2023_07_05_13_14_37,P161#2023_07_05_13_14_37#CSV5,csv_spectrum,2,train
\\ces-tp3\OE0645-data-uro\TIVITA_Cat\Cat_Pig_UMM\Cat_uro_kidney\Cat_uro_kidney_sel_120m\data\P161_OP125_2023_07_05_Experiment1\2023_07_05_13_14_37\_hypergui_2\spectrum_fromCSV1_(500.0-995.0)_masked_data_0_derivative.csv,kidney_sel,P161,2023_07_05_13_14_37,P161#2023_07_05_13_14_37#CSV1,csv_spectrum,2,train
\\ces-tp3\OE0645-data-uro\TIVITA_Cat\Cat_Pig_UMM\Cat_uro_kidney\Cat_uro_kidney_sel_120m\data\P161_OP125_2023_07_05_Experiment1\2023_07_05_13_14_37\_hypergui_2\spectrum_fromCSV5_(500.0-995.0)_masked_data_0_derivative.csv,kidney_sel,P161,2023_07_05_13_14_37,P161#2023_07_05_13_14_37#CSV5,csv_spectrum,2,train
\\ces-tp3\OE0645-data-uro\TIVITA_Cat\Cat_Pig_UMM\Cat_uro_kidney\Cat_uro_kidney_sel_120m\data\P161_OP125_2023_07_05_Experiment1\2023_07_05_13_15_07\_hypergui_1\spectrum_fromCSV1_(500.0-995.0)_masked_data_0_derivative.csv,kidney_sel,P161,2023_07_05_13_15_07,P161#2023_07_05_13_15_07#CSV1,csv_spectrum,2,train
\\ces-tp3\OE0645-data-uro\TIVITA_Cat\Cat_Pig_UMM\Cat_uro_kidney\Cat_uro_kidney_sel_120m\data\P161_OP125_2023_07_05_Experiment1\2023_07_05_13_15_07\_hypergui_1\spectrum_fromCSV5_(500.0-995.0)_masked_data_0_derivative.csv,kidney_sel,P161,2023_07_05_13_15_07,P161#2023_07_05_13_15_07#CSV5,csv_spectrum,2,train
\\ces-tp3\OE0645-data-uro\TIVITA_Cat\Cat_Pig_UMM\Cat_uro_kidney\Cat_uro_kidney_sel_120m\data\P161_OP125_2023_07_05_Experiment1\2023_07_05_13_15_07\_hypergui_2\spectrum_fromCSV1_(500.0-995.0)_masked_data_0_derivative.csv,kidney_sel,P161,2023_07_05_13_15_07,P161#2023_07_05_13_15_07#CSV1,csv_spectrum,2,train
\\ces-tp3\OE0645-data-uro\TIVITA_Cat\Cat_Pig_UMM\Cat_uro_kidney\Cat_uro_kidney_sel_120m\data\P161_OP125_2023_07_05_Experiment1\2023_07_05_13_15_07\_hypergui_2\spectrum_fromCSV5_(500.0-995.0)_masked_data_0_derivative.csv,kidney_sel,P161,2023_07_05_13_15_07,P161#2023_07_05_13_15_07#CSV5,csv_spectrum,2,train
\\ces-tp3\OE0645-data-uro\TIVITA_Cat\Cat_Pig_UMM\Cat_uro_kidney\Cat_uro_kidney_sel_120m\data\P162_OP126_2023_07_06_Experiment1\2023_07_06_14_43_48\_hypergui_1\spectrum_fromCSV1_(500.0-995.0)_masked_data_0_derivative.csv,kidney_sel,P162,2023_07_06_14_43_48,P162#2023_07_06_14_43_48#CSV1,csv_spectrum,2,train
\\ces-tp3\OE0645-data-uro\TIVITA_Cat\Cat_Pig_UMM\Cat_uro_kidney\Cat_uro_kidney_sel_120m\data\P162_OP126_2023_07_06_Experiment1\2023_07_06_14_43_48\_hypergui_1\spectrum_fromCSV5_(500.0-995.0)_masked_data_0_derivative.csv,kidney_sel,P162,2023_07_06_14_43_48,P162#2023_07_06_14_43_48#CSV5,csv_spectrum,2,train
\\ces-tp3\OE0645-data-uro\TIVITA_Cat\Cat_Pig_UMM\Cat_uro_kidney\Cat_uro_kidney_sel_120m\data\P162_OP126_2023_07_06_Experiment1\2023_07_06_14_43_48\_hypergui_2\spectrum_fromCSV1_(500.0-995.0)_masked_data_0_derivative.csv,kidney_sel,P162,2023_07_06_14_43_48,P162#2023_07_06_14_43_48#CSV1,csv_spectrum,2,train
\\ces-tp3\OE0645-data-uro\TIVITA_Cat\Cat_Pig_UMM\Cat_uro_kidney\Cat_uro_kidney_sel_120m\data\P162_OP126_2023_07_06_Experiment1\2023_07_06_14_43_48\_hypergui_2\spectrum_fromCSV5_(500.0-995.0)_masked_data_0_derivative.csv,kidney_sel,P162,2023_07_06_14_43_48,P162#2023_07_06_14_43_48#CSV5,csv_spectrum,2,train
\\ces-tp3\OE0645-data-uro\TIVITA_Cat\Cat_Pig_UMM\Cat_uro_kidney\Cat_uro_kidney_sel_120m\data\P162_OP126_2023_07_06_Experiment1\2023_07_06_14_44_18\_hypergui_1\spectrum_fromCSV1_(500.0-995.0)_masked_data_0_derivative.csv,kidney_sel,P162,2023_07_06_14_44_18,P162#2023_07_06_14_44_18#CSV1,csv_spectrum,2,train
\\ces-tp3\OE0645-data-uro\TIVITA_Cat\Cat_Pig_UMM\Cat_uro_kidney\Cat_uro_kidney_sel_120m\data\P162_OP126_2023_07_06_Experiment1\2023_07_06_14_44_18\_hypergui_1\spectrum_fromCSV5_(500.0-995.0)_masked_data_0_derivative.csv,kidney_sel,P162,2023_07_06_14_44_18,P162#2023_07_06_14_44_18#CSV5,csv_spectrum,2,train
\\ces-tp3\OE0645-data-uro\TIVITA_Cat\Cat_Pig_UMM\Cat_uro_kidney\Cat_uro_kidney_sel_120m\data\P162_OP126_2023_07_06_Experiment1\2023_07_06_14_44_18\_hypergui_2\spectrum_fromCSV1_(500.0-995.0)_masked_data_0_derivative.csv,kidney_sel,P162,2023_07_06_14_44_18,P162#2023_07_06_14_44_18#CSV1,csv_spectrum,2,train
\\ces-tp3\OE0645-data-uro\TIVITA_Cat\Cat_Pig_UMM\Cat_uro_kidney\Cat_uro_kidney_sel_120m\data\P162_OP126_2023_07_06_Experiment1\2023_07_06_14_44_18\_hypergui_2\spectrum_fromCSV5_(500.0-995.0)_masked_data_0_derivative.csv,kidney_sel,P162,2023_07_06_14_44_18,P162#2023_07_06_14_44_18#CSV5,csv_spectrum,2,train
\\ces-tp3\OE0645-data-uro\TIVITA_Cat\Cat_Pig_UMM\Cat_uro_kidney\Cat_uro_kidney_sel_120m\data\P162_OP126_2023_07_06_Experiment1\2023_07_06_14_44_48\_hypergui_1\spectrum_fromCSV1_(500.0-995.0)_masked_data_0_derivative.csv,kidney_sel,P162,2023_07_06_14_44_48,P162#2023_07_06_14_44_48#CSV1,csv_spectrum,2,train
\\ces-tp3\OE0645-data-uro\TIVITA_Cat\Cat_Pig_UMM\Cat_uro_kidney\Cat_uro_kidney_sel_120m\data\P162_OP126_2023_07_06_Experiment1\2023_07_06_14_44_48\_hypergui_1\spectrum_fromCSV5_(500.0-995.0)_masked_data_0_derivative.csv,kidney_sel,P162,2023_07_06_14_44_48,P162#2023_07_06_14_44_48#CSV5,csv_spectrum,2,train
\\ces-tp3\OE0645-data-uro\TIVITA_Cat\Cat_Pig_UMM\Cat_uro_kidney\Cat_uro_kidney_sel_120m\data\P162_OP126_2023_07_06_Experiment1\2023_07_06_14_44_48\_hypergui_2\spectrum_fromCSV1_(500.0-995.0)_masked_data_0_derivative.csv,kidney_sel,P162,2023_07_06_14_44_48,P162#2023_07_06_14_44_48#CSV1,csv_spectrum,2,train
\\ces-tp3\OE0645-data-uro\TIVITA_Cat\Cat_Pig_UMM\Cat_uro_kidney\Cat_uro_kidney_sel_120m\data\P162_OP126_2023_07_06_Experiment1\2023_07_06_14_44_48\_hypergui_2\spectrum_fromCSV5_(500.0-995.0)_masked_data_0_derivative.csv,kidney_sel,P162,2023_07_06_14_44_48,P162#2023_07_06_14_44_48#CSV5,csv_spectrum,2,train
\\ces-tp3\OE0645-data-uro\TIVITA_Cat\Cat_Pig_UMM\Cat_uro_kidney\Cat_uro_kidney_sel_120m\data\P165_OP129_2023_08_16_Experiment1\2023_08_16_14_12_39\_hypergui_1\spectrum_fromCSV1_(500.0-995.0)_masked_data_0_derivative.csv,kidney_sel,P165,2023_08_16_14_12_39,P165#2023_08_16_14_12_39#CSV1,csv_spectrum,2,train
\\ces-tp3\OE0645-data-uro\TIVITA_Cat\Cat_Pig_UMM\Cat_uro_kidney\Cat_uro_kidney_sel_120m\data\P165_OP129_2023_08_16_Experiment1\2023_08_16_14_12_39\_hypergui_1\spectrum_fromCSV5_(500.0-995.0)_masked_data_0_derivative.csv,kidney_sel,P165,2023_08_16_14_12_39,P165#2023_08_16_14_12_39#CSV5,csv_spectrum,2,train
\\ces-tp3\OE0645-data-uro\TIVITA_Cat\Cat_Pig_UMM\Cat_uro_kidney\Cat_uro_kidney_sel_120m\data\P165_OP129_2023_08_16_Experiment1\2023_08_16_14_12_39\_hypergui_2\spectrum_fromCSV1_(500.0-995.0)_masked_data_0_derivative.csv,kidney_sel,P165,2023_08_16_14_12_39,P165#2023_08_16_14_12_39#CSV1,csv_spectrum,2,train
\\ces-tp3\OE0645-data-uro\TIVITA_Cat\Cat_Pig_UMM\Cat_uro_kidney\Cat_uro_kidney_sel_120m\data\P165_OP129_2023_08_16_Experiment1\2023_08_16_14_12_39\_hypergui_2\spectrum_fromCSV5_(500.0-995.0)_masked_data_0_derivative.csv,kidney_sel,P165,2023_08_16_14_12_39,P165#2023_08_16_14_12_39#CSV5,csv_spectrum,2,train
\\ces-tp3\OE0645-data-uro\TIVITA_Cat\Cat_Pig_UMM\Cat_uro_kidney\Cat_uro_kidney_sel_120m\data\P165_OP129_2023_08_16_Experiment1\2023_08_16_14_13_09\_hypergui_1\spectrum_fromCSV1_(500.0-995.0)_masked_data_0_derivative.csv,kidney_sel,P165,2023_08_16_14_13_09,P165#2023_08_16_14_13_09#CSV1,csv_spectrum,2,train
\\ces-tp3\OE0645-data-uro\TIVITA_Cat\Cat_Pig_UMM\Cat_uro_kidney\Cat_uro_kidney_sel_120m\data\P165_OP129_2023_08_16_Experiment1\2023_08_16_14_13_09\_hypergui_1\spectrum_fromCSV5_(500.0-995.0)_masked_data_0_derivative.csv,kidney_sel,P165,2023_08_16_14_13_09,P165#2023_08_16_14_13_09#CSV5,csv_spectrum,2,train
\\ces-tp3\OE0645-data-uro\TIVITA_Cat\Cat_Pig_UMM\Cat_uro_kidney\Cat_uro_kidney_sel_120m\data\P165_OP129_2023_08_16_Experiment1\2023_08_16_14_13_09\_hypergui_2\spectrum_fromCSV1_(500.0-995.0)_masked_data_0_derivative.csv,kidney_sel,P165,2023_08_16_14_13_09,P165#2023_08_16_14_13_09#CSV1,csv_spectrum,2,train
\\ces-tp3\OE0645-data-uro\TIVITA_Cat\Cat_Pig_UMM\Cat_uro_kidney\Cat_uro_kidney_sel_120m\data\P165_OP129_2023_08_16_Experiment1\2023_08_16_14_13_09\_hypergui_2\spectrum_fromCSV5_(500.0-995.0)_masked_data_0_derivative.csv,kidney_sel,P165,2023_08_16_14_13_09,P165#2023_08_16_14_13_09#CSV5,csv_spectrum,2,train
\\ces-tp3\OE0645-data-uro\TIVITA_Cat\Cat_Pig_UMM\Cat_uro_kidney\Cat_uro_kidney_sel_120m\data\P165_OP129_2023_08_16_Experiment1\2023_08_16_14_13_40\_hypergui_1\spectrum_fromCSV1_(500.0-995.0)_masked_data_0_derivative.csv,kidney_sel,P165,2023_08_16_14_13_40,P165#2023_08_16_14_13_40#CSV1,csv_spectrum,2,train
\\ces-tp3\OE0645-data-uro\TIVITA_Cat\Cat_Pig_UMM\Cat_uro_kidney\Cat_uro_kidney_sel_120m\data\P165_OP129_2023_08_16_Experiment1\2023_08_16_14_13_40\_hypergui_1\spectrum_fromCSV5_(500.0-995.0)_masked_data_0_derivative.csv,kidney_sel,P165,2023_08_16_14_13_40,P165#2023_08_16_14_13_40#CSV5,csv_spectrum,2,train
\\ces-tp3\OE0645-data-uro\TIVITA_Cat\Cat_Pig_UMM\Cat_uro_kidney\Cat_uro_kidney_sel_120m\data\P165_OP129_2023_08_16_Experiment1\2023_08_16_14_13_40\_hypergui_2\spectrum_fromCSV1_(500.0-995.0)_masked_data_0_derivative.csv,kidney_sel,P165,2023_08_16_14_13_40,P165#2023_08_16_14_13_40#CSV1,csv_spectrum,2,train
\\ces-tp3\OE0645-data-uro\TIVITA_Cat\Cat_Pig_UMM\Cat_uro_kidney\Cat_uro_kidney_sel_120m\data\P165_OP129_2023_08_16_Experiment1\2023_08_16_14_13_40\_hypergui_2\spectrum_fromCSV5_(500.0-995.0)_masked_data_0_derivative.csv,kidney_sel,P165,2023_08_16_14_13_40,P165#2023_08_16_14_13_40#CSV5,csv_spectrum,2,train
\\ces-tp3\OE0645-data-uro\TIVITA_Cat\Cat_Pig_UMM\Cat_uro_kidney\Cat_uro_kidney_sel_120m\data\P165_OP129_2023_08_16_Experiment1\2023_08_16_14_13_57\_hypergui_1\spectrum_fromCSV1_(500.0-995.0)_masked_data_0_derivative.csv,kidney_sel,P165,2023_08_16_14_13_57,P165#2023_08_16_14_13_57#CSV1,csv_spectrum,2,train
\\ces-tp3\OE0645-data-uro\TIVITA_Cat\Cat_Pig_UMM\Cat_uro_kidney\Cat_uro_kidney_sel_120m\data\P165_OP129_2023_08_16_Experiment1\2023_08_16_14_13_57\_hypergui_1\spectrum_fromCSV5_(500.0-995.0)_masked_data_0_derivative.csv,kidney_sel,P165,2023_08_16_14_13_57,P165#2023_08_16_14_13_57#CSV5,csv_spectrum,2,train
\\ces-tp3\OE0645-data-uro\TIVITA_Cat\Cat_Pig_UMM\Cat_uro_kidney\Cat_uro_kidney_sel_120m\data\P165_OP129_2023_08_16_Experiment1\2023_08_16_14_13_57\_hypergui_2\spectrum_fromCSV1_(500.0-995.0)_masked_data_0_derivative.csv,kidney_sel,P165,2023_08_16_14_13_57,P165#2023_08_16_14_13_57#CSV1,csv_spectrum,2,train
\\ces-tp3\OE0645-data-uro\TIVITA_Cat\Cat_Pig_UMM\Cat_uro_kidney\Cat_uro_kidney_sel_120m\data\P165_OP129_2023_08_16_Experiment1\2023_08_16_14_13_57\_hypergui_2\spectrum_fromCSV5_(500.0-995.0)_masked_data_0_derivative.csv,kidney_sel,P165,2023_08_16_14_13_57,P165#2023_08_16_14_13_57#CSV5,csv_spectrum,2,train
\\ces-tp3\OE0645-data-uro\TIVITA_Cat\Cat_Pig_UMM\Cat_uro_kidney\Cat_uro_kidney_sel_120m\data\P166_OP130_2023_08_17_Experiment1\2023_08_17_13_39_06\_hypergui_1\spectrum_fromCSV1_(500.0-995.0)_masked_data_0_derivative.csv,kidney_sel,P166,2023_08_17_13_39_06,P166#2023_08_17_13_39_06#CSV1,csv_spectrum,2,train
\\ces-tp3\OE0645-data-uro\TIVITA_Cat\Cat_Pig_UMM\Cat_uro_kidney\Cat_uro_kidney_sel_120m\data\P166_OP130_2023_08_17_Experiment1\2023_08_17_13_39_06\_hypergui_1\spectrum_fromCSV5_(500.0-995.0)_masked_data_0_derivative.csv,kidney_sel,P166,2023_08_17_13_39_06,P166#2023_08_17_13_39_06#CSV5,csv_spectrum,2,train
\\ces-tp3\OE0645-data-uro\TIVITA_Cat\Cat_Pig_UMM\Cat_uro_kidney\Cat_uro_kidney_sel_120m\data\P166_OP130_2023_08_17_Experiment1\2023_08_17_13_39_06\_hypergui_2\spectrum_fromCSV1_(500.0-995.0)_masked_data_0_derivative.csv,kidney_sel,P166,2023_08_17_13_39_06,P166#2023_08_17_13_39_06#CSV1,csv_spectrum,2,train
\\ces-tp3\OE0645-data-uro\TIVITA_Cat\Cat_Pig_UMM\Cat_uro_kidney\Cat_uro_kidney_sel_120m\data\P166_OP130_2023_08_17_Experiment1\2023_08_17_13_39_06\_hypergui_2\spectrum_fromCSV5_(500.0-995.0)_masked_data_0_derivative.csv,kidney_sel,P166,2023_08_17_13_39_06,P166#2023_08_17_13_39_06#CSV5,csv_spectrum,2,train
\\ces-tp3\OE0645-data-uro\TIVITA_Cat\Cat_Pig_UMM\Cat_uro_kidney\Cat_uro_kidney_sel_120m\data\P166_OP130_2023_08_17_Experiment1\2023_08_17_13_39_36\_hypergui_1\spectrum_fromCSV1_(500.0-995.0)_masked_data_0_derivative.csv,kidney_sel,P166,2023_08_17_13_39_36,P166#2023_08_17_13_39_36#CSV1,csv_spectrum,2,train
\\ces-tp3\OE0645-data-uro\TIVITA_Cat\Cat_Pig_UMM\Cat_uro_kidney\Cat_uro_kidney_sel_120m\data\P166_OP130_2023_08_17_Experiment1\2023_08_17_13_39_36\_hypergui_1\spectrum_fromCSV5_(500.0-995.0)_masked_data_0_derivative.csv,kidney_sel,P166,2023_08_17_13_39_36,P166#2023_08_17_13_39_36#CSV5,csv_spectrum,2,train
\\ces-tp3\OE0645-data-uro\TIVITA_Cat\Cat_Pig_UMM\Cat_uro_kidney\Cat_uro_kidney_sel_120m\data\P166_OP130_2023_08_17_Experiment1\2023_08_17_13_39_36\_hypergui_2\spectrum_fromCSV1_(500.0-995.0)_masked_data_0_derivative.csv,kidney_sel,P166,2023_08_17_13_39_36,P166#2023_08_17_13_39_36#CSV1,csv_spectrum,2,train
\\ces-tp3\OE0645-data-uro\TIVITA_Cat\Cat_Pig_UMM\Cat_uro_kidney\Cat_uro_kidney_sel_120m\data\P166_OP130_2023_08_17_Experiment1\2023_08_17_13_39_36\_hypergui_2\spectrum_fromCSV5_(500.0-995.0)_masked_data_0_derivative.csv,kidney_sel,P166,2023_08_17_13_39_36,P166#2023_08_17_13_39_36#CSV5,csv_spectrum,2,train
\\ces-tp3\OE0645-data-uro\TIVITA_Cat\Cat_Pig_UMM\Cat_uro_kidney\Cat_uro_kidney_sel_120m\data\P166_OP130_2023_08_17_Experiment1\2023_08_17_13_40_06\_hypergui_1\spectrum_fromCSV1_(500.0-995.0)_masked_data_0_derivative.csv,kidney_sel,P166,2023_08_17_13_40_06,P166#2023_08_17_13_40_06#CSV1,csv_spectrum,2,train
\\ces-tp3\OE0645-data-uro\TIVITA_Cat\Cat_Pig_UMM\Cat_uro_kidney\Cat_uro_kidney_sel_120m\data\P166_OP130_2023_08_17_Experiment1\2023_08_17_13_40_06\_hypergui_1\spectrum_fromCSV5_(500.0-995.0)_masked_data_0_derivative.csv,kidney_sel,P166,2023_08_17_13_40_06,P166#2023_08_17_13_40_06#CSV5,csv_spectrum,2,train
\\ces-tp3\OE0645-data-uro\TIVITA_Cat\Cat_Pig_UMM\Cat_uro_kidney\Cat_uro_kidney_sel_120m\data\P166_OP130_2023_08_17_Experiment1\2023_08_17_13_40_06\_hypergui_2\spectrum_fromCSV1_(500.0-995.0)_masked_data_0_derivative.csv,kidney_sel,P166,2023_08_17_13_40_06,P166#2023_08_17_13_40_06#CSV1,csv_spectrum,2,train
\\ces-tp3\OE0645-data-uro\TIVITA_Cat\Cat_Pig_UMM\Cat_uro_kidney\Cat_uro_kidney_sel_120m\data\P166_OP130_2023_08_17_Experiment1\2023_08_17_13_40_06\_hypergui_2\spectrum_fromCSV5_(500.0-995.0)_masked_data_0_derivative.csv,kidney_sel,P166,2023_08_17_13_40_06,P166#2023_08_17_13_40_06#CSV5,csv_spectrum,2,train
\\ces-tp3\OE0645-data-uro\TIVITA_Cat\Cat_Pig_UMM\Cat_uro_kidney\Cat_uro_kidney_sel_120m\data\P168_OP132_2023_08_23_Experiment1\2023_08_23_14_58_35\_hypergui_1\spectrum_fromCSV1_(500.0-995.0)_masked_data_0_derivative.csv,kidney_sel,P168,2023_08_23_14_58_35,P168#2023_08_23_14_58_35#CSV1,csv_spectrum,2,train
\\ces-tp3\OE0645-data-uro\TIVITA_Cat\Cat_Pig_UMM\Cat_uro_kidney\Cat_uro_kidney_sel_120m\data\P168_OP132_2023_08_23_Experiment1\2023_08_23_14_58_35\_hypergui_1\spectrum_fromCSV5_(500.0-995.0)_masked_data_0_derivative.csv,kidney_sel,P168,2023_08_23_14_58_35,P168#2023_08_23_14_58_35#CSV5,csv_spectrum,2,train
\\ces-tp3\OE0645-data-uro\TIVITA_Cat\Cat_Pig_UMM\Cat_uro_kidney\Cat_uro_kidney_sel_120m\data\P168_OP132_2023_08_23_Experiment1\2023_08_23_14_58_35\_hypergui_2\spectrum_fromCSV1_(500.0-995.0)_masked_data_0_derivative.csv,kidney_sel,P168,2023_08_23_14_58_35,P168#2023_08_23_14_58_35#CSV1,csv_spectrum,2,train
\\ces-tp3\OE0645-data-uro\TIVITA_Cat\Cat_Pig_UMM\Cat_uro_kidney\Cat_uro_kidney_sel_120m\data\P168_OP132_2023_08_23_Experiment1\2023_08_23_14_58_35\_hypergui_2\spectrum_fromCSV5_(500.0-995.0)_masked_data_0_derivative.csv,kidney_sel,P168,2023_08_23_14_58_35,P168#2023_08_23_14_58_35#CSV5,csv_spectrum,2,train
\\ces-tp3\OE0645-data-uro\TIVITA_Cat\Cat_Pig_UMM\Cat_uro_kidney\Cat_uro_kidney_sel_120m\data\P168_OP132_2023_08_23_Experiment1\2023_08_23_14_59_05\_hypergui_1\spectrum_fromCSV1_(500.0-995.0)_masked_data_0_derivative.csv,kidney_sel,P168,2023_08_23_14_59_05,P168#2023_08_23_14_59_05#CSV1,csv_spectrum,2,train
\\ces-tp3\OE0645-data-uro\TIVITA_Cat\Cat_Pig_UMM\Cat_uro_kidney\Cat_uro_kidney_sel_120m\data\P168_OP132_2023_08_23_Experiment1\2023_08_23_14_59_05\_hypergui_1\spectrum_fromCSV5_(500.0-995.0)_masked_data_0_derivative.csv,kidney_sel,P168,2023_08_23_14_59_05,P168#2023_08_23_14_59_05#CSV5,csv_spectrum,2,train
\\ces-tp3\OE0645-data-uro\TIVITA_Cat\Cat_Pig_UMM\Cat_uro_kidney\Cat_uro_kidney_sel_120m\data\P168_OP132_2023_08_23_Experiment1\2023_08_23_14_59_05\_hypergui_2\spectrum_fromCSV1_(500.0-995.0)_masked_data_0_derivative.csv,kidney_sel,P168,2023_08_23_14_59_05,P168#2023_08_23_14_59_05#CSV1,csv_spectrum,2,train
\\ces-tp3\OE0645-data-uro\TIVITA_Cat\Cat_Pig_UMM\Cat_uro_kidney\Cat_uro_kidney_sel_120m\data\P168_OP132_2023_08_23_Experiment1\2023_08_23_14_59_05\_hypergui_2\spectrum_fromCSV5_(500.0-995.0)_masked_data_0_derivative.csv,kidney_sel,P168,2023_08_23_14_59_05,P168#2023_08_23_14_59_05#CSV5,csv_spectrum,2,train
\\ces-tp3\OE0645-data-uro\TIVITA_Cat\Cat_Pig_UMM\Cat_uro_kidney\Cat_uro_kidney_sel_120m\data\P168_OP132_2023_08_23_Experiment1\2023_08_23_14_59_35\_hypergui_1\spectrum_fromCSV1_(500.0-995.0)_masked_data_0_derivative.csv,kidney_sel,P168,2023_08_23_14_59_35,P168#2023_08_23_14_59_35#CSV1,csv_spectrum,2,train
\\ces-tp3\OE0645-data-uro\TIVITA_Cat\Cat_Pig_UMM\Cat_uro_kidney\Cat_uro_kidney_sel_120m\data\P168_OP132_2023_08_23_Experiment1\2023_08_23_14_59_35\_hypergui_1\spectrum_fromCSV5_(500.0-995.0)_masked_data_0_derivative.csv,kidney_sel,P168,2023_08_23_14_59_35,P168#2023_08_23_14_59_35#CSV5,csv_spectrum,2,train
\\ces-tp3\OE0645-data-uro\TIVITA_Cat\Cat_Pig_UMM\Cat_uro_kidney\Cat_uro_kidney_sel_120m\data\P168_OP132_2023_08_23_Experiment1\2023_08_23_14_59_35\_hypergui_2\spectrum_fromCSV1_(500.0-995.0)_masked_data_0_derivative.csv,kidney_sel,P168,2023_08_23_14_59_35,P168#2023_08_23_14_59_35#CSV1,csv_spectrum,2,train
\\ces-tp3\OE0645-data-uro\TIVITA_Cat\Cat_Pig_UMM\Cat_uro_kidney\Cat_uro_kidney_sel_120m\data\P168_OP132_2023_08_23_Experiment1\2023_08_23_14_59_35\_hypergui_2\spectrum_fromCSV5_(500.0-995.0)_masked_data_0_derivative.csv,kidney_sel,P168,2023_08_23_14_59_35,P168#2023_08_23_14_59_35#CSV5,csv_spectrum,2,train
\\ces-tp3\OE0645-data-uro\TIVITA_Cat\Cat_Pig_UMM\Cat_uro_kidney\Cat_uro_kidney_sel_120m\data\P174_OP138_2023_09_21_Experiment1\2023_09_21_15_33_53\_hypergui_1\spectrum_fromCSV1_(500.0-995.0)_masked_data_0_derivative.csv,kidney_sel,P174,2023_09_21_15_33_53,P174#2023_09_21_15_33_53#CSV1,csv_spectrum,2,train
\\ces-tp3\OE0645-data-uro\TIVITA_Cat\Cat_Pig_UMM\Cat_uro_kidney\Cat_uro_kidney_sel_120m\data\P174_OP138_2023_09_21_Experiment1\2023_09_21_15_33_53\_hypergui_1\spectrum_fromCSV5_(500.0-995.0)_masked_data_0_derivative.csv,kidney_sel,P174,2023_09_21_15_33_53,P174#2023_09_21_15_33_53#CSV5,csv_spectrum,2,train
\\ces-tp3\OE0645-data-uro\TIVITA_Cat\Cat_Pig_UMM\Cat_uro_kidney\Cat_uro_kidney_sel_120m\data\P174_OP138_2023_09_21_Experiment1\2023_09_21_15_33_53\_hypergui_2\spectrum_fromCSV1_(500.0-995.0)_masked_data_0_derivative.csv,kidney_sel,P174,2023_09_21_15_33_53,P174#2023_09_21_15_33_53#CSV1,csv_spectrum,2,train
\\ces-tp3\OE0645-data-uro\TIVITA_Cat\Cat_Pig_UMM\Cat_uro_kidney\Cat_uro_kidney_sel_120m\data\P174_OP138_2023_09_21_Experiment1\2023_09_21_15_33_53\_hypergui_2\spectrum_fromCSV5_(500.0-995.0)_masked_data_0_derivative.csv,kidney_sel,P174,2023_09_21_15_33_53,P174#2023_09_21_15_33_53#CSV5,csv_spectrum,2,train
\\ces-tp3\OE0645-data-uro\TIVITA_Cat\Cat_Pig_UMM\Cat_uro_kidney\Cat_uro_kidney_sel_120m\data\P174_OP138_2023_09_21_Experiment1\2023_09_21_15_34_23\_hypergui_1\spectrum_fromCSV1_(500.0-995.0)_masked_data_0_derivative.csv,kidney_sel,P174,2023_09_21_15_34_23,P174#2023_09_21_15_34_23#CSV1,csv_spectrum,2,train
\\ces-tp3\OE0645-data-uro\TIVITA_Cat\Cat_Pig_UMM\Cat_uro_kidney\Cat_uro_kidney_sel_120m\data\P174_OP138_2023_09_21_Experiment1\2023_09_21_15_34_23\_hypergui_1\spectrum_fromCSV5_(500.0-995.0)_masked_data_0_derivative.csv,kidney_sel,P174,2023_09_21_15_34_23,P174#2023_09_21_15_34_23#CSV5,csv_spectrum,2,train
\\ces-tp3\OE0645-data-uro\TIVITA_Cat\Cat_Pig_UMM\Cat_uro_kidney\Cat_uro_kidney_sel_120m\data\P174_OP138_2023_09_21_Experiment1\2023_09_21_15_34_23\_hypergui_2\spectrum_fromCSV1_(500.0-995.0)_masked_data_0_derivative.csv,kidney_sel,P174,2023_09_21_15_34_23,P174#2023_09_21_15_34_23#CSV1,csv_spectrum,2,train
\\ces-tp3\OE0645-data-uro\TIVITA_Cat\Cat_Pig_UMM\Cat_uro_kidney\Cat_uro_kidney_sel_120m\data\P174_OP138_2023_09_21_Experiment1\2023_09_21_15_34_23\_hypergui_2\spectrum_fromCSV5_(500.0-995.0)_masked_data_0_derivative.csv,kidney_sel,P174,2023_09_21_15_34_23,P174#2023_09_21_15_34_23#CSV5,csv_spectrum,2,train
\\ces-tp3\OE0645-data-uro\TIVITA_Cat\Cat_Pig_UMM\Cat_uro_kidney\Cat_uro_kidney_sel_120m\data\P174_OP138_2023_09_21_Experiment1\2023_09_21_15_34_53\_hypergui_1\spectrum_fromCSV1_(500.0-995.0)_masked_data_0_derivative.csv,kidney_sel,P174,2023_09_21_15_34_53,P174#2023_09_21_15_34_53#CSV1,csv_spectrum,2,train
\\ces-tp3\OE0645-data-uro\TIVITA_Cat\Cat_Pig_UMM\Cat_uro_kidney\Cat_uro_kidney_sel_120m\data\P174_OP138_2023_09_21_Experiment1\2023_09_21_15_34_53\_hypergui_1\spectrum_fromCSV5_(500.0-995.0)_masked_data_0_derivative.csv,kidney_sel,P174,2023_09_21_15_34_53,P174#2023_09_21_15_34_53#CSV5,csv_spectrum,2,train
\\ces-tp3\OE0645-data-uro\TIVITA_Cat\Cat_Pig_UMM\Cat_uro_kidney\Cat_uro_kidney_sel_120m\data\P174_OP138_2023_09_21_Experiment1\2023_09_21_15_34_53\_hypergui_2\spectrum_fromCSV1_(500.0-995.0)_masked_data_0_derivative.csv,kidney_sel,P174,2023_09_21_15_34_53,P174#2023_09_21_15_34_53#CSV1,csv_spectrum,2,train
\\ces-tp3\OE0645-data-uro\TIVITA_Cat\Cat_Pig_UMM\Cat_uro_kidney\Cat_uro_kidney_sel_120m\data\P174_OP138_2023_09_21_Experiment1\2023_09_21_15_34_53\_hypergui_2\spectrum_fromCSV5_(500.0-995.0)_masked_data_0_derivative.csv,kidney_sel,P174,2023_09_21_15_34_53,P174#2023_09_21_15_34_53#CSV5,csv_spectrum,2,train
\\ces-tp3\OE0645-data-uro\TIVITA_Cat\Cat_Pig_UMM\Cat_uro_kidney\Cat_uro_kidney_sel_120m\data\P175_OP139_2023_09_22_Experiment1\2023_09_22_13_20_02\_hypergui_1\spectrum_fromCSV1_(500.0-995.0)_masked_data_0_derivative.csv,kidney_sel,P175,2023_09_22_13_20_02,P175#2023_09_22_13_20_02#CSV1,csv_spectrum,2,train
\\ces-tp3\OE0645-data-uro\TIVITA_Cat\Cat_Pig_UMM\Cat_uro_kidney\Cat_uro_kidney_sel_120m\data\P175_OP139_2023_09_22_Experiment1\2023_09_22_13_20_02\_hypergui_1\spectrum_fromCSV5_(500.0-995.0)_masked_data_0_derivative.csv,kidney_sel,P175,2023_09_22_13_20_02,P175#2023_09_22_13_20_02#CSV5,csv_spectrum,2,train
\\ces-tp3\OE0645-data-uro\TIVITA_Cat\Cat_Pig_UMM\Cat_uro_kidney\Cat_uro_kidney_sel_120m\data\P175_OP139_2023_09_22_Experiment1\2023_09_22_13_20_02\_hypergui_2\spectrum_fromCSV1_(500.0-995.0)_masked_data_0_derivative.csv,kidney_sel,P175,2023_09_22_13_20_02,P175#2023_09_22_13_20_02#CSV1,csv_spectrum,2,train
\\ces-tp3\OE0645-data-uro\TIVITA_Cat\Cat_Pig_UMM\Cat_uro_kidney\Cat_uro_kidney_sel_120m\data\P175_OP139_2023_09_22_Experiment1\2023_09_22_13_20_02\_hypergui_2\spectrum_fromCSV5_(500.0-995.0)_masked_data_0_derivative.csv,kidney_sel,P175,2023_09_22_13_20_02,P175#2023_09_22_13_20_02#CSV5,csv_spectrum,2,train
\\ces-tp3\OE0645-data-uro\TIVITA_Cat\Cat_Pig_UMM\Cat_uro_kidney\Cat_uro_kidney_sel_120m\data\P175_OP139_2023_09_22_Experiment1\2023_09_22_13_20_32\_hypergui_1\spectrum_fromCSV1_(500.0-995.0)_masked_data_0_derivative.csv,kidney_sel,P175,2023_09_22_13_20_32,P175#2023_09_22_13_20_32#CSV1,csv_spectrum,2,train
\\ces-tp3\OE0645-data-uro\TIVITA_Cat\Cat_Pig_UMM\Cat_uro_kidney\Cat_uro_kidney_sel_120m\data\P175_OP139_2023_09_22_Experiment1\2023_09_22_13_20_32\_hypergui_1\spectrum_fromCSV5_(500.0-995.0)_masked_data_0_derivative.csv,kidney_sel,P175,2023_09_22_13_20_32,P175#2023_09_22_13_20_32#CSV5,csv_spectrum,2,train
\\ces-tp3\OE0645-data-uro\TIVITA_Cat\Cat_Pig_UMM\Cat_uro_kidney\Cat_uro_kidney_sel_120m\data\P175_OP139_2023_09_22_Experiment1\2023_09_22_13_20_32\_hypergui_2\spectrum_fromCSV1_(500.0-995.0)_masked_data_0_derivative.csv,kidney_sel,P175,2023_09_22_13_20_32,P175#2023_09_22_13_20_32#CSV1,csv_spectrum,2,train
\\ces-tp3\OE0645-data-uro\TIVITA_Cat\Cat_Pig_UMM\Cat_uro_kidney\Cat_uro_kidney_sel_120m\data\P175_OP139_2023_09_22_Experiment1\2023_09_22_13_20_32\_hypergui_2\spectrum_fromCSV5_(500.0-995.0)_masked_data_0_derivative.csv,kidney_sel,P175,2023_09_22_13_20_32,P175#2023_09_22_13_20_32#CSV5,csv_spectrum,2,train
\\ces-tp3\OE0645-data-uro\TIVITA_Cat\Cat_Pig_UMM\Cat_uro_kidney\Cat_uro_kidney_sel_120m\data\P175_OP139_2023_09_22_Experiment1\2023_09_22_13_21_02\_hypergui_1\spectrum_fromCSV1_(500.0-995.0)_masked_data_0_derivative.csv,kidney_sel,P175,2023_09_22_13_21_02,P175#2023_09_22_13_21_02#CSV1,csv_spectrum,2,train
\\ces-tp3\OE0645-data-uro\TIVITA_Cat\Cat_Pig_UMM\Cat_uro_kidney\Cat_uro_kidney_sel_120m\data\P175_OP139_2023_09_22_Experiment1\2023_09_22_13_21_02\_hypergui_1\spectrum_fromCSV5_(500.0-995.0)_masked_data_0_derivative.csv,kidney_sel,P175,2023_09_22_13_21_02,P175#2023_09_22_13_21_02#CSV5,csv_spectrum,2,train
\\ces-tp3\OE0645-data-uro\TIVITA_Cat\Cat_Pig_UMM\Cat_uro_kidney\Cat_uro_kidney_sel_120m\data\P175_OP139_2023_09_22_Experiment1\2023_09_22_13_21_02\_hypergui_2\spectrum_fromCSV1_(500.0-995.0)_masked_data_0_derivative.csv,kidney_sel,P175,2023_09_22_13_21_02,P175#2023_09_22_13_21_02#CSV1,csv_spectrum,2,train
\\ces-tp3\OE0645-data-uro\TIVITA_Cat\Cat_Pig_UMM\Cat_uro_kidney\Cat_uro_kidney_sel_120m\data\P175_OP139_2023_09_22_Experiment1\2023_09_22_13_21_02\_hypergui_2\spectrum_fromCSV5_(500.0-995.0)_masked_data_0_derivative.csv,kidney_sel,P175,2023_09_22_13_21_02,P175#2023_09_22_13_21_02#CSV5,csv_spectrum,2,train
\\ces-tp3\OE0645-data-uro\TIVITA_Cat\Cat_Pig_UMM\Cat_uro_kidney\Cat_uro_kidney_sel_120m\data\P175_OP139_2023_09_22_Experiment1\2023_09_22_15_39_18\_hypergui_1\spectrum_fromCSV1_(500.0-995.0)_masked_data_0_derivative.csv,kidney_sel,P175,2023_09_22_15_39_18,P175#2023_09_22_15_39_18#CSV1,csv_spectrum,2,train
\\ces-tp3\OE0645-data-uro\TIVITA_Cat\Cat_Pig_UMM\Cat_uro_kidney\Cat_uro_kidney_sel_120m\data\P175_OP139_2023_09_22_Experiment1\2023_09_22_15_39_18\_hypergui_1\spectrum_fromCSV5_(500.0-995.0)_masked_data_0_derivative.csv,kidney_sel,P175,2023_09_22_15_39_18,P175#2023_09_22_15_39_18#CSV5,csv_spectrum,2,train
\\ces-tp3\OE0645-data-uro\TIVITA_Cat\Cat_Pig_UMM\Cat_uro_kidney\Cat_uro_kidney_sel_120m\data\P175_OP139_2023_09_22_Experiment1\2023_09_22_15_39_18\_hypergui_2\spectrum_fromCSV1_(500.0-995.0)_masked_data_0_derivative.csv,kidney_sel,P175,2023_09_22_15_39_18,P175#2023_09_22_15_39_18#CSV1,csv_spectrum,2,train
\\ces-tp3\OE0645-data-uro\TIVITA_Cat\Cat_Pig_UMM\Cat_uro_kidney\Cat_uro_kidney_sel_120m\data\P175_OP139_2023_09_22_Experiment1\2023_09_22_15_39_18\_hypergui_2\spectrum_fromCSV5_(500.0-995.0)_masked_data_0_derivative.csv,kidney_sel,P175,2023_09_22_15_39_18,P175#2023_09_22_15_39_18#CSV5,csv_spectrum,2,train
\\ces-tp3\OE0645-data-uro\TIVITA_Cat\Cat_Pig_UMM\Cat_uro_kidney\Cat_uro_kidney_sel_120m\data\P175_OP139_2023_09_22_Experiment1\2023_09_22_15_39_48\_hypergui_1\spectrum_fromCSV1_(500.0-995.0)_masked_data_0_derivative.csv,kidney_sel,P175,2023_09_22_15_39_48,P175#2023_09_22_15_39_48#CSV1,csv_spectrum,2,train
\\ces-tp3\OE0645-data-uro\TIVITA_Cat\Cat_Pig_UMM\Cat_uro_kidney\Cat_uro_kidney_sel_120m\data\P175_OP139_2023_09_22_Experiment1\2023_09_22_15_39_48\_hypergui_1\spectrum_fromCSV5_(500.0-995.0)_masked_data_0_derivative.csv,kidney_sel,P175,2023_09_22_15_39_48,P175#2023_09_22_15_39_48#CSV5,csv_spectrum,2,train
\\ces-tp3\OE0645-data-uro\TIVITA_Cat\Cat_Pig_UMM\Cat_uro_kidney\Cat_uro_kidney_sel_120m\data\P175_OP139_2023_09_22_Experiment1\2023_09_22_15_39_48\_hypergui_2\spectrum_fromCSV1_(500.0-995.0)_masked_data_0_derivative.csv,kidney_sel,P175,2023_09_22_15_39_48,P175#2023_09_22_15_39_48#CSV1,csv_spectrum,2,train
\\ces-tp3\OE0645-data-uro\TIVITA_Cat\Cat_Pig_UMM\Cat_uro_kidney\Cat_uro_kidney_sel_120m\data\P175_OP139_2023_09_22_Experiment1\2023_09_22_15_39_48\_hypergui_2\spectrum_fromCSV5_(500.0-995.0)_masked_data_0_derivative.csv,kidney_sel,P175,2023_09_22_15_39_48,P175#2023_09_22_15_39_48#CSV5,csv_spectrum,2,train
\\ces-tp3\OE0645-data-uro\TIVITA_Cat\Cat_Pig_UMM\Cat_uro_kidney\Cat_uro_kidney_sel_120m\data\P175_OP139_2023_09_22_Experiment1\2023_09_22_15_40_18\_hypergui_1\spectrum_fromCSV1_(500.0-995.0)_masked_data_0_derivative.csv,kidney_sel,P175,2023_09_22_15_40_18,P175#2023_09_22_15_40_18#CSV1,csv_spectrum,2,train
\\ces-tp3\OE0645-data-uro\TIVITA_Cat\Cat_Pig_UMM\Cat_uro_kidney\Cat_uro_kidney_sel_120m\data\P175_OP139_2023_09_22_Experiment1\2023_09_22_15_40_18\_hypergui_1\spectrum_fromCSV5_(500.0-995.0)_masked_data_0_derivative.csv,kidney_sel,P175,2023_09_22_15_40_18,P175#2023_09_22_15_40_18#CSV5,csv_spectrum,2,train
\\ces-tp3\OE0645-data-uro\TIVITA_Cat\Cat_Pig_UMM\Cat_uro_kidney\Cat_uro_kidney_sel_120m\data\P175_OP139_2023_09_22_Experiment1\2023_09_22_15_40_18\_hypergui_2\spectrum_fromCSV1_(500.0-995.0)_masked_data_0_derivative.csv,kidney_sel,P175,2023_09_22_15_40_18,P175#2023_09_22_15_40_18#CSV1,csv_spectrum,2,train
\\ces-tp3\OE0645-data-uro\TIVITA_Cat\Cat_Pig_UMM\Cat_uro_kidney\Cat_uro_kidney_sel_120m\data\P175_OP139_2023_09_22_Experiment1\2023_09_22_15_40_18\_hypergui_2\spectrum_fromCSV5_(500.0-995.0)_masked_data_0_derivative.csv,kidney_sel,P175,2023_09_22_15_40_18,P175#2023_09_22_15_40_18#CSV5,csv_spectrum,2,train
\\ces-tp3\OE0645-data-uro\TIVITA_Cat\Cat_Pig_UMM\Cat_uro_kidney\Cat_uro_kidney_sel_1m\data\P161_OP125_2023_07_05_Experiment1\2023_07_05_11_09_11\_hypergui_1\spectrum_fromCSV1_(500.0-995.0)_masked_data_0_derivative.csv,kidney_sel,P161,2023_07_05_11_09_11,P161#2023_07_05_11_09_11#CSV1,csv_spectrum,2,train
\\ces-tp3\OE0645-data-uro\TIVITA_Cat\Cat_Pig_UMM\Cat_uro_kidney\Cat_uro_kidney_sel_1m\data\P161_OP125_2023_07_05_Experiment1\2023_07_05_11_09_11\_hypergui_1\spectrum_fromCSV5_(500.0-995.0)_masked_data_0_derivative.csv,kidney_sel,P161,2023_07_05_11_09_11,P161#2023_07_05_11_09_11#CSV5,csv_spectrum,2,train
\\ces-tp3\OE0645-data-uro\TIVITA_Cat\Cat_Pig_UMM\Cat_uro_kidney\Cat_uro_kidney_sel_1m\data\P161_OP125_2023_07_05_Experiment1\2023_07_05_11_09_11\_hypergui_2\spectrum_fromCSV1_(500.0-995.0)_masked_data_0_derivative.csv,kidney_sel,P161,2023_07_05_11_09_11,P161#2023_07_05_11_09_11#CSV1,csv_spectrum,2,train
\\ces-tp3\OE0645-data-uro\TIVITA_Cat\Cat_Pig_UMM\Cat_uro_kidney\Cat_uro_kidney_sel_1m\data\P161_OP125_2023_07_05_Experiment1\2023_07_05_11_09_11\_hypergui_2\spectrum_fromCSV5_(500.0-995.0)_masked_data_0_derivative.csv,kidney_sel,P161,2023_07_05_11_09_11,P161#2023_07_05_11_09_11#CSV5,csv_spectrum,2,train
\\ces-tp3\OE0645-data-uro\TIVITA_Cat\Cat_Pig_UMM\Cat_uro_kidney\Cat_uro_kidney_sel_1m\data\P162_OP126_2023_07_06_Experiment1\2023_07_06_12_38_22\_hypergui_1\spectrum_fromCSV1_(500.0-995.0)_masked_data_0_derivative.csv,kidney_sel,P162,2023_07_06_12_38_22,P162#2023_07_06_12_38_22#CSV1,csv_spectrum,2,train
\\ces-tp3\OE0645-data-uro\TIVITA_Cat\Cat_Pig_UMM\Cat_uro_kidney\Cat_uro_kidney_sel_1m\data\P162_OP126_2023_07_06_Experiment1\2023_07_06_12_38_22\_hypergui_1\spectrum_fromCSV5_(500.0-995.0)_masked_data_0_derivative.csv,kidney_sel,P162,2023_07_06_12_38_22,P162#2023_07_06_12_38_22#CSV5,csv_spectrum,2,train
\\ces-tp3\OE0645-data-uro\TIVITA_Cat\Cat_Pig_UMM\Cat_uro_kidney\Cat_uro_kidney_sel_1m\data\P162_OP126_2023_07_06_Experiment1\2023_07_06_12_38_22\_hypergui_2\spectrum_fromCSV1_(500.0-995.0)_masked_data_0_derivative.csv,kidney_sel,P162,2023_07_06_12_38_22,P162#2023_07_06_12_38_22#CSV1,csv_spectrum,2,train
\\ces-tp3\OE0645-data-uro\TIVITA_Cat\Cat_Pig_UMM\Cat_uro_kidney\Cat_uro_kidney_sel_1m\data\P162_OP126_2023_07_06_Experiment1\2023_07_06_12_38_22\_hypergui_2\spectrum_fromCSV5_(500.0-995.0)_masked_data_0_derivative.csv,kidney_sel,P162,2023_07_06_12_38_22,P162#2023_07_06_12_38_22#CSV5,csv_spectrum,2,train
\\ces-tp3\OE0645-data-uro\TIVITA_Cat\Cat_Pig_UMM\Cat_uro_kidney\Cat_uro_kidney_sel_1m\data\P162_OP126_2023_07_06_Experiment1\2023_07_06_12_38_52\_hypergui_1\spectrum_fromCSV1_(500.0-995.0)_masked_data_0_derivative.csv,kidney_sel,P162,2023_07_06_12_38_52,P162#2023_07_06_12_38_52#CSV1,csv_spectrum,2,train
\\ces-tp3\OE0645-data-uro\TIVITA_Cat\Cat_Pig_UMM\Cat_uro_kidney\Cat_uro_kidney_sel_1m\data\P162_OP126_2023_07_06_Experiment1\2023_07_06_12_38_52\_hypergui_1\spectrum_fromCSV5_(500.0-995.0)_masked_data_0_derivative.csv,kidney_sel,P162,2023_07_06_12_38_52,P162#2023_07_06_12_38_52#CSV5,csv_spectrum,2,train
\\ces-tp3\OE0645-data-uro\TIVITA_Cat\Cat_Pig_UMM\Cat_uro_kidney\Cat_uro_kidney_sel_1m\data\P162_OP126_2023_07_06_Experiment1\2023_07_06_12_38_52\_hypergui_2\spectrum_fromCSV1_(500.0-995.0)_masked_data_0_derivative.csv,kidney_sel,P162,2023_07_06_12_38_52,P162#2023_07_06_12_38_52#CSV1,csv_spectrum,2,train
\\ces-tp3\OE0645-data-uro\TIVITA_Cat\Cat_Pig_UMM\Cat_uro_kidney\Cat_uro_kidney_sel_1m\data\P162_OP126_2023_07_06_Experiment1\2023_07_06_12_38_52\_hypergui_2\spectrum_fromCSV5_(500.0-995.0)_masked_data_0_derivative.csv,kidney_sel,P162,2023_07_06_12_38_52,P162#2023_07_06_12_38_52#CSV5,csv_spectrum,2,train
\\ces-tp3\OE0645-data-uro\TIVITA_Cat\Cat_Pig_UMM\Cat_uro_kidney\Cat_uro_kidney_sel_1m\data\P165_OP129_2023_08_16_Experiment1\2023_08_16_12_09_11\_hypergui_1\spectrum_fromCSV1_(500.0-995.0)_masked_data_0_derivative.csv,kidney_sel,P165,2023_08_16_12_09_11,P165#2023_08_16_12_09_11#CSV1,csv_spectrum,2,train
\\ces-tp3\OE0645-data-uro\TIVITA_Cat\Cat_Pig_UMM\Cat_uro_kidney\Cat_uro_kidney_sel_1m\data\P165_OP129_2023_08_16_Experiment1\2023_08_16_12_09_11\_hypergui_1\spectrum_fromCSV5_(500.0-995.0)_masked_data_0_derivative.csv,kidney_sel,P165,2023_08_16_12_09_11,P165#2023_08_16_12_09_11#CSV5,csv_spectrum,2,train
\\ces-tp3\OE0645-data-uro\TIVITA_Cat\Cat_Pig_UMM\Cat_uro_kidney\Cat_uro_kidney_sel_1m\data\P165_OP129_2023_08_16_Experiment1\2023_08_16_12_09_11\_hypergui_2\spectrum_fromCSV1_(500.0-995.0)_masked_data_0_derivative.csv,kidney_sel,P165,2023_08_16_12_09_11,P165#2023_08_16_12_09_11#CSV1,csv_spectrum,2,train
\\ces-tp3\OE0645-data-uro\TIVITA_Cat\Cat_Pig_UMM\Cat_uro_kidney\Cat_uro_kidney_sel_1m\data\P165_OP129_2023_08_16_Experiment1\2023_08_16_12_09_11\_hypergui_2\spectrum_fromCSV5_(500.0-995.0)_masked_data_0_derivative.csv,kidney_sel,P165,2023_08_16_12_09_11,P165#2023_08_16_12_09_11#CSV5,csv_spectrum,2,train
\\ces-tp3\OE0645-data-uro\TIVITA_Cat\Cat_Pig_UMM\Cat_uro_kidney\Cat_uro_kidney_sel_1m\data\P166_OP130_2023_08_17_Experiment1\2023_08_17_11_37_45\_hypergui_1\spectrum_fromCSV1_(500.0-995.0)_masked_data_0_derivative.csv,kidney_sel,P166,2023_08_17_11_37_45,P166#2023_08_17_11_37_45#CSV1,csv_spectrum,2,train
\\ces-tp3\OE0645-data-uro\TIVITA_Cat\Cat_Pig_UMM\Cat_uro_kidney\Cat_uro_kidney_sel_1m\data\P166_OP130_2023_08_17_Experiment1\2023_08_17_11_37_45\_hypergui_1\spectrum_fromCSV5_(500.0-995.0)_masked_data_0_derivative.csv,kidney_sel,P166,2023_08_17_11_37_45,P166#2023_08_17_11_37_45#CSV5,csv_spectrum,2,train
\\ces-tp3\OE0645-data-uro\TIVITA_Cat\Cat_Pig_UMM\Cat_uro_kidney\Cat_uro_kidney_sel_1m\data\P166_OP130_2023_08_17_Experiment1\2023_08_17_11_37_45\_hypergui_2\spectrum_fromCSV1_(500.0-995.0)_masked_data_0_derivative.csv,kidney_sel,P166,2023_08_17_11_37_45,P166#2023_08_17_11_37_45#CSV1,csv_spectrum,2,train
\\ces-tp3\OE0645-data-uro\TIVITA_Cat\Cat_Pig_UMM\Cat_uro_kidney\Cat_uro_kidney_sel_1m\data\P166_OP130_2023_08_17_Experiment1\2023_08_17_11_37_45\_hypergui_2\spectrum_fromCSV5_(500.0-995.0)_masked_data_0_derivative.csv,kidney_sel,P166,2023_08_17_11_37_45,P166#2023_08_17_11_37_45#CSV5,csv_spectrum,2,train
\\ces-tp3\OE0645-data-uro\TIVITA_Cat\Cat_Pig_UMM\Cat_uro_kidney\Cat_uro_kidney_sel_1m\data\P168_OP132_2023_08_23_Experiment1\2023_08_23_12_48_23\_hypergui_1\spectrum_fromCSV1_(500.0-995.0)_masked_data_0_derivative.csv,kidney_sel,P168,2023_08_23_12_48_23,P168#2023_08_23_12_48_23#CSV1,csv_spectrum,2,train
\\ces-tp3\OE0645-data-uro\TIVITA_Cat\Cat_Pig_UMM\Cat_uro_kidney\Cat_uro_kidney_sel_1m\data\P168_OP132_2023_08_23_Experiment1\2023_08_23_12_48_23\_hypergui_1\spectrum_fromCSV5_(500.0-995.0)_masked_data_0_derivative.csv,kidney_sel,P168,2023_08_23_12_48_23,P168#2023_08_23_12_48_23#CSV5,csv_spectrum,2,train
\\ces-tp3\OE0645-data-uro\TIVITA_Cat\Cat_Pig_UMM\Cat_uro_kidney\Cat_uro_kidney_sel_1m\data\P168_OP132_2023_08_23_Experiment1\2023_08_23_12_48_23\_hypergui_2\spectrum_fromCSV1_(500.0-995.0)_masked_data_0_derivative.csv,kidney_sel,P168,2023_08_23_12_48_23,P168#2023_08_23_12_48_23#CSV1,csv_spectrum,2,train
\\ces-tp3\OE0645-data-uro\TIVITA_Cat\Cat_Pig_UMM\Cat_uro_kidney\Cat_uro_kidney_sel_1m\data\P168_OP132_2023_08_23_Experiment1\2023_08_23_12_48_23\_hypergui_2\spectrum_fromCSV5_(500.0-995.0)_masked_data_0_derivative.csv,kidney_sel,P168,2023_08_23_12_48_23,P168#2023_08_23_12_48_23#CSV5,csv_spectrum,2,train
\\ces-tp3\OE0645-data-uro\TIVITA_Cat\Cat_Pig_UMM\Cat_uro_kidney\Cat_uro_kidney_sel_1m\data\P168_OP132_2023_08_23_Experiment1\2023_08_23_12_48_53\_hypergui_1\spectrum_fromCSV1_(500.0-995.0)_masked_data_0_derivative.csv,kidney_sel,P168,2023_08_23_12_48_53,P168#2023_08_23_12_48_53#CSV1,csv_spectrum,2,train
\\ces-tp3\OE0645-data-uro\TIVITA_Cat\Cat_Pig_UMM\Cat_uro_kidney\Cat_uro_kidney_sel_1m\data\P168_OP132_2023_08_23_Experiment1\2023_08_23_12_48_53\_hypergui_1\spectrum_fromCSV5_(500.0-995.0)_masked_data_0_derivative.csv,kidney_sel,P168,2023_08_23_12_48_53,P168#2023_08_23_12_48_53#CSV5,csv_spectrum,2,train
\\ces-tp3\OE0645-data-uro\TIVITA_Cat\Cat_Pig_UMM\Cat_uro_kidney\Cat_uro_kidney_sel_1m\data\P168_OP132_2023_08_23_Experiment1\2023_08_23_12_48_53\_hypergui_2\spectrum_fromCSV1_(500.0-995.0)_masked_data_0_derivative.csv,kidney_sel,P168,2023_08_23_12_48_53,P168#2023_08_23_12_48_53#CSV1,csv_spectrum,2,train
\\ces-tp3\OE0645-data-uro\TIVITA_Cat\Cat_Pig_UMM\Cat_uro_kidney\Cat_uro_kidney_sel_1m\data\P168_OP132_2023_08_23_Experiment1\2023_08_23_12_48_53\_hypergui_2\spectrum_fromCSV5_(500.0-995.0)_masked_data_0_derivative.csv,kidney_sel,P168,2023_08_23_12_48_53,P168#2023_08_23_12_48_53#CSV5,csv_spectrum,2,train
\\ces-tp3\OE0645-data-uro\TIVITA_Cat\Cat_Pig_UMM\Cat_uro_kidney\Cat_uro_kidney_sel_1m\data\P174_OP138_2023_09_21_Experiment1\2023_09_21_13_25_08\_hypergui_1\spectrum_fromCSV1_(500.0-995.0)_masked_data_0_derivative.csv,kidney_sel,P174,2023_09_21_13_25_08,P174#2023_09_21_13_25_08#CSV1,csv_spectrum,2,train
\\ces-tp3\OE0645-data-uro\TIVITA_Cat\Cat_Pig_UMM\Cat_uro_kidney\Cat_uro_kidney_sel_1m\data\P174_OP138_2023_09_21_Experiment1\2023_09_21_13_25_08\_hypergui_1\spectrum_fromCSV5_(500.0-995.0)_masked_data_0_derivative.csv,kidney_sel,P174,2023_09_21_13_25_08,P174#2023_09_21_13_25_08#CSV5,csv_spectrum,2,train
\\ces-tp3\OE0645-data-uro\TIVITA_Cat\Cat_Pig_UMM\Cat_uro_kidney\Cat_uro_kidney_sel_1m\data\P174_OP138_2023_09_21_Experiment1\2023_09_21_13_25_08\_hypergui_2\spectrum_fromCSV1_(500.0-995.0)_masked_data_0_derivative.csv,kidney_sel,P174,2023_09_21_13_25_08,P174#2023_09_21_13_25_08#CSV1,csv_spectrum,2,train
\\ces-tp3\OE0645-data-uro\TIVITA_Cat\Cat_Pig_UMM\Cat_uro_kidney\Cat_uro_kidney_sel_1m\data\P174_OP138_2023_09_21_Experiment1\2023_09_21_13_25_08\_hypergui_2\spectrum_fromCSV5_(500.0-995.0)_masked_data_0_derivative.csv,kidney_sel,P174,2023_09_21_13_25_08,P174#2023_09_21_13_25_08#CSV5,csv_spectrum,2,train
\\ces-tp3\OE0645-data-uro\TIVITA_Cat\Cat_Pig_UMM\Cat_uro_kidney\Cat_uro_kidney_sel_1m\data\P175_OP139_2023_09_22_Experiment1\2023_09_22_11_15_39\_hypergui_1\spectrum_fromCSV1_(500.0-995.0)_masked_data_0_derivative.csv,kidney_sel,P175,2023_09_22_11_15_39,P175#2023_09_22_11_15_39#CSV1,csv_spectrum,2,train
\\ces-tp3\OE0645-data-uro\TIVITA_Cat\Cat_Pig_UMM\Cat_uro_kidney\Cat_uro_kidney_sel_1m\data\P175_OP139_2023_09_22_Experiment1\2023_09_22_11_15_39\_hypergui_1\spectrum_fromCSV5_(500.0-995.0)_masked_data_0_derivative.csv,kidney_sel,P175,2023_09_22_11_15_39,P175#2023_09_22_11_15_39#CSV5,csv_spectrum,2,train
\\ces-tp3\OE0645-data-uro\TIVITA_Cat\Cat_Pig_UMM\Cat_uro_kidney\Cat_uro_kidney_sel_1m\data\P175_OP139_2023_09_22_Experiment1\2023_09_22_11_15_39\_hypergui_2\spectrum_fromCSV1_(500.0-995.0)_masked_data_0_derivative.csv,kidney_sel,P175,2023_09_22_11_15_39,P175#2023_09_22_11_15_39#CSV1,csv_spectrum,2,train
\\ces-tp3\OE0645-data-uro\TIVITA_Cat\Cat_Pig_UMM\Cat_uro_kidney\Cat_uro_kidney_sel_1m\data\P175_OP139_2023_09_22_Experiment1\2023_09_22_11_15_39\_hypergui_2\spectrum_fromCSV5_(500.0-995.0)_masked_data_0_derivative.csv,kidney_sel,P175,2023_09_22_11_15_39,P175#2023_09_22_11_15_39#CSV5,csv_spectrum,2,train
\\ces-tp3\OE0645-data-uro\TIVITA_Cat\Cat_Pig_UMM\Cat_uro_kidney\Cat_uro_kidney_sel_1m\data\P175_OP139_2023_09_22_Experiment1\2023_09_22_13_37_55\_hypergui_1\spectrum_fromCSV1_(500.0-995.0)_masked_data_0_derivative.csv,kidney_sel,P175,2023_09_22_13_37_55,P175#2023_09_22_13_37_55#CSV1,csv_spectrum,2,train
\\ces-tp3\OE0645-data-uro\TIVITA_Cat\Cat_Pig_UMM\Cat_uro_kidney\Cat_uro_kidney_sel_1m\data\P175_OP139_2023_09_22_Experiment1\2023_09_22_13_37_55\_hypergui_1\spectrum_fromCSV5_(500.0-995.0)_masked_data_0_derivative.csv,kidney_sel,P175,2023_09_22_13_37_55,P175#2023_09_22_13_37_55#CSV5,csv_spectrum,2,train
\\ces-tp3\OE0645-data-uro\TIVITA_Cat\Cat_Pig_UMM\Cat_uro_kidney\Cat_uro_kidney_sel_1m\data\P175_OP139_2023_09_22_Experiment1\2023_09_22_13_37_55\_hypergui_2\spectrum_fromCSV1_(500.0-995.0)_masked_data_0_derivative.csv,kidney_sel,P175,2023_09_22_13_37_55,P175#2023_09_22_13_37_55#CSV1,csv_spectrum,2,train
\\ces-tp3\OE0645-data-uro\TIVITA_Cat\Cat_Pig_UMM\Cat_uro_kidney\Cat_uro_kidney_sel_1m\data\P175_OP139_2023_09_22_Experiment1\2023_09_22_13_37_55\_hypergui_2\spectrum_fromCSV5_(500.0-995.0)_masked_data_0_derivative.csv,kidney_sel,P175,2023_09_22_13_37_55,P175#2023_09_22_13_37_55#CSV5,csv_spectrum,2,train
\\ces-tp3\OE0645-data-uro\TIVITA_Cat\Cat_Pig_UMM\Cat_uro_kidney\Cat_uro_kidney_sel_1m\data\P188_OP152_2023_10_22_Experiment1\2023_10_22_12_05_40\_hypergui_1\spectrum_fromCSV1_(500.0-995.0)_masked_data_0_derivative.csv,kidney_sel,P188,2023_10_22_12_05_40,P188#2023_10_22_12_05_40#CSV1,csv_spectrum,2,train
\\ces-tp3\OE0645-data-uro\TIVITA_Cat\Cat_Pig_UMM\Cat_uro_kidney\Cat_uro_kidney_sel_1m\data\P188_OP152_2023_10_22_Experiment1\2023_10_22_12_05_40\_hypergui_1\spectrum_fromCSV5_(500.0-995.0)_masked_data_0_derivative.csv,kidney_sel,P188,2023_10_22_12_05_40,P188#2023_10_22_12_05_40#CSV5,csv_spectrum,2,train
\\ces-tp3\OE0645-data-uro\TIVITA_Cat\Cat_Pig_UMM\Cat_uro_kidney\Cat_uro_kidney_sel_1m\data\P188_OP152_2023_10_22_Experiment1\2023_10_22_12_05_40\_hypergui_2\spectrum_fromCSV1_(500.0-995.0)_masked_data_0_derivative.csv,kidney_sel,P188,2023_10_22_12_05_40,P188#2023_10_22_12_05_40#CSV1,csv_spectrum,2,train
\\ces-tp3\OE0645-data-uro\TIVITA_Cat\Cat_Pig_UMM\Cat_uro_kidney\Cat_uro_kidney_sel_1m\data\P188_OP152_2023_10_22_Experiment1\2023_10_22_12_05_40\_hypergui_2\spectrum_fromCSV5_(500.0-995.0)_masked_data_0_derivative.csv,kidney_sel,P188,2023_10_22_12_05_40,P188#2023_10_22_12_05_40#CSV5,csv_spectrum,2,train
\\ces-tp3\OE0645-data-uro\TIVITA_Cat\Cat_Pig_UMM\Cat_uro_kidney\Cat_uro_kidney_sel_1m\data\P188_OP152_2023_10_22_Experiment1\2023_10_22_12_06_10\_hypergui_1\spectrum_fromCSV1_(500.0-995.0)_masked_data_0_derivative.csv,kidney_sel,P188,2023_10_22_12_06_10,P188#2023_10_22_12_06_10#CSV1,csv_spectrum,2,train
\\ces-tp3\OE0645-data-uro\TIVITA_Cat\Cat_Pig_UMM\Cat_uro_kidney\Cat_uro_kidney_sel_1m\data\P188_OP152_2023_10_22_Experiment1\2023_10_22_12_06_10\_hypergui_1\spectrum_fromCSV5_(500.0-995.0)_masked_data_0_derivative.csv,kidney_sel,P188,2023_10_22_12_06_10,P188#2023_10_22_12_06_10#CSV5,csv_spectrum,2,train
\\ces-tp3\OE0645-data-uro\TIVITA_Cat\Cat_Pig_UMM\Cat_uro_kidney\Cat_uro_kidney_sel_1m\data\P188_OP152_2023_10_22_Experiment1\2023_10_22_12_06_10\_hypergui_2\spectrum_fromCSV1_(500.0-995.0)_masked_data_0_derivative.csv,kidney_sel,P188,2023_10_22_12_06_10,P188#2023_10_22_12_06_10#CSV1,csv_spectrum,2,train
\\ces-tp3\OE0645-data-uro\TIVITA_Cat\Cat_Pig_UMM\Cat_uro_kidney\Cat_uro_kidney_sel_1m\data\P188_OP152_2023_10_22_Experiment1\2023_10_22_12_06_10\_hypergui_2\spectrum_fromCSV5_(500.0-995.0)_masked_data_0_derivative.csv,kidney_sel,P188,2023_10_22_12_06_10,P188#2023_10_22_12_06_10#CSV5,csv_spectrum,2,train
\\ces-tp3\OE0645-data-uro\TIVITA_Cat\Cat_Pig_UMM\Cat_uro_kidney\Cat_uro_kidney_sel_1m\data\P191_OP155_2023_10_28_Experiment1\2023_10_28_11_27_55\_hypergui_1\spectrum_fromCSV1_(500.0-995.0)_masked_data_0_derivative.csv,kidney_sel,P191,2023_10_28_11_27_55,P191#2023_10_28_11_27_55#CSV1,csv_spectrum,2,train
\\ces-tp3\OE0645-data-uro\TIVITA_Cat\Cat_Pig_UMM\Cat_uro_kidney\Cat_uro_kidney_sel_1m\data\P191_OP155_2023_10_28_Experiment1\2023_10_28_11_27_55\_hypergui_1\spectrum_fromCSV5_(500.0-995.0)_masked_data_0_derivative.csv,kidney_sel,P191,2023_10_28_11_27_55,P191#2023_10_28_11_27_55#CSV5,csv_spectrum,2,train
\\ces-tp3\OE0645-data-uro\TIVITA_Cat\Cat_Pig_UMM\Cat_uro_kidney\Cat_uro_kidney_sel_1m\data\P191_OP155_2023_10_28_Experiment1\2023_10_28_11_27_55\_hypergui_2\spectrum_fromCSV1_(500.0-995.0)_masked_data_0_derivative.csv,kidney_sel,P191,2023_10_28_11_27_55,P191#2023_10_28_11_27_55#CSV1,csv_spectrum,2,train
\\ces-tp3\OE0645-data-uro\TIVITA_Cat\Cat_Pig_UMM\Cat_uro_kidney\Cat_uro_kidney_sel_1m\data\P191_OP155_2023_10_28_Experiment1\2023_10_28_11_27_55\_hypergui_2\spectrum_fromCSV5_(500.0-995.0)_masked_data_0_derivative.csv,kidney_sel,P191,2023_10_28_11_27_55,P191#2023_10_28_11_27_55#CSV5,csv_spectrum,2,train
\\ces-tp3\OE0645-data-uro\TIVITA_Cat\Cat_Pig_UMM\Cat_uro_kidney\Cat_uro_kidney_sel_1m\data\P191_OP155_2023_10_28_Experiment1\2023_10_28_11_28_25\_hypergui_1\spectrum_fromCSV1_(500.0-995.0)_masked_data_0_derivative.csv,kidney_sel,P191,2023_10_28_11_28_25,P191#2023_10_28_11_28_25#CSV1,csv_spectrum,2,train
\\ces-tp3\OE0645-data-uro\TIVITA_Cat\Cat_Pig_UMM\Cat_uro_kidney\Cat_uro_kidney_sel_1m\data\P191_OP155_2023_10_28_Experiment1\2023_10_28_11_28_25\_hypergui_1\spectrum_fromCSV5_(500.0-995.0)_masked_data_0_derivative.csv,kidney_sel,P191,2023_10_28_11_28_25,P191#2023_10_28_11_28_25#CSV5,csv_spectrum,2,train
\\ces-tp3\OE0645-data-uro\TIVITA_Cat\Cat_Pig_UMM\Cat_uro_kidney\Cat_uro_kidney_sel_1m\data\P191_OP155_2023_10_28_Experiment1\2023_10_28_11_28_25\_hypergui_2\spectrum_fromCSV1_(500.0-995.0)_masked_data_0_derivative.csv,kidney_sel,P191,2023_10_28_11_28_25,P191#2023_10_28_11_28_25#CSV1,csv_spectrum,2,train
\\ces-tp3\OE0645-data-uro\TIVITA_Cat\Cat_Pig_UMM\Cat_uro_kidney\Cat_uro_kidney_sel_1m\data\P191_OP155_2023_10_28_Experiment1\2023_10_28_11_28_25\_hypergui_2\spectrum_fromCSV5_(500.0-995.0)_masked_data_0_derivative.csv,kidney_sel,P191,2023_10_28_11_28_25,P191#2023_10_28_11_28_25#CSV5,csv_spectrum,2,train
\\ces-tp3\OE0645-data-uro\TIVITA_Cat\Cat_Pig_UMM\Cat_uro_kidney\Cat_uro_kidney_sel_1m\data\P192_OP156_2023_10_29_Experiment1\2023_10_29_11_55_42\_hypergui_1\spectrum_fromCSV1_(500.0-995.0)_masked_data_0_derivative.csv,kidney_sel,P192,2023_10_29_11_55_42,P192#2023_10_29_11_55_42#CSV1,csv_spectrum,2,train
\\ces-tp3\OE0645-data-uro\TIVITA_Cat\Cat_Pig_UMM\Cat_uro_kidney\Cat_uro_kidney_sel_1m\data\P192_OP156_2023_10_29_Experiment1\2023_10_29_11_55_42\_hypergui_1\spectrum_fromCSV5_(500.0-995.0)_masked_data_0_derivative.csv,kidney_sel,P192,2023_10_29_11_55_42,P192#2023_10_29_11_55_42#CSV5,csv_spectrum,2,train
\\ces-tp3\OE0645-data-uro\TIVITA_Cat\Cat_Pig_UMM\Cat_uro_kidney\Cat_uro_kidney_sel_1m\data\P192_OP156_2023_10_29_Experiment1\2023_10_29_11_55_42\_hypergui_2\spectrum_fromCSV1_(500.0-995.0)_masked_data_0_derivative.csv,kidney_sel,P192,2023_10_29_11_55_42,P192#2023_10_29_11_55_42#CSV1,csv_spectrum,2,train
\\ces-tp3\OE0645-data-uro\TIVITA_Cat\Cat_Pig_UMM\Cat_uro_kidney\Cat_uro_kidney_sel_1m\data\P192_OP156_2023_10_29_Experiment1\2023_10_29_11_55_42\_hypergui_2\spectrum_fromCSV5_(500.0-995.0)_masked_data_0_derivative.csv,kidney_sel,P192,2023_10_29_11_55_42,P192#2023_10_29_11_55_42#CSV5,csv_spectrum,2,train
\\ces-tp3\OE0645-data-uro\TIVITA_Cat\Cat_Pig_UMM\Cat_uro_kidney\Cat_uro_kidney_sel_1m\data\P192_OP156_2023_10_29_Experiment1\2023_10_29_11_56_12\_hypergui_1\spectrum_fromCSV1_(500.0-995.0)_masked_data_0_derivative.csv,kidney_sel,P192,2023_10_29_11_56_12,P192#2023_10_29_11_56_12#CSV1,csv_spectrum,2,train
\\ces-tp3\OE0645-data-uro\TIVITA_Cat\Cat_Pig_UMM\Cat_uro_kidney\Cat_uro_kidney_sel_1m\data\P192_OP156_2023_10_29_Experiment1\2023_10_29_11_56_12\_hypergui_1\spectrum_fromCSV5_(500.0-995.0)_masked_data_0_derivative.csv,kidney_sel,P192,2023_10_29_11_56_12,P192#2023_10_29_11_56_12#CSV5,csv_spectrum,2,train
\\ces-tp3\OE0645-data-uro\TIVITA_Cat\Cat_Pig_UMM\Cat_uro_kidney\Cat_uro_kidney_sel_1m\data\P192_OP156_2023_10_29_Experiment1\2023_10_29_11_56_12\_hypergui_2\spectrum_fromCSV1_(500.0-995.0)_masked_data_0_derivative.csv,kidney_sel,P192,2023_10_29_11_56_12,P192#2023_10_29_11_56_12#CSV1,csv_spectrum,2,train
\\ces-tp3\OE0645-data-uro\TIVITA_Cat\Cat_Pig_UMM\Cat_uro_kidney\Cat_uro_kidney_sel_1m\data\P192_OP156_2023_10_29_Experiment1\2023_10_29_11_56_12\_hypergui_2\spectrum_fromCSV5_(500.0-995.0)_masked_data_0_derivative.csv,kidney_sel,P192,2023_10_29_11_56_12,P192#2023_10_29_11_56_12#CSV5,csv_spectrum,2,train
\\ces-tp3\OE0645-data-uro\TIVITA_Cat\Cat_Pig_UMM\Cat_uro_kidney\Cat_uro_kidney_sel_1m\data\P193_OP157_2023_10_30_Experiment1\2023_10_30_11_22_10\_hypergui_1\spectrum_fromCSV1_(500.0-995.0)_masked_data_0_derivative.csv,kidney_sel,P193,2023_10_30_11_22_10,P193#2023_10_30_11_22_10#CSV1,csv_spectrum,2,train
\\ces-tp3\OE0645-data-uro\TIVITA_Cat\Cat_Pig_UMM\Cat_uro_kidney\Cat_uro_kidney_sel_1m\data\P193_OP157_2023_10_30_Experiment1\2023_10_30_11_22_10\_hypergui_1\spectrum_fromCSV5_(500.0-995.0)_masked_data_0_derivative.csv,kidney_sel,P193,2023_10_30_11_22_10,P193#2023_10_30_11_22_10#CSV5,csv_spectrum,2,train
\\ces-tp3\OE0645-data-uro\TIVITA_Cat\Cat_Pig_UMM\Cat_uro_kidney\Cat_uro_kidney_sel_1m\data\P193_OP157_2023_10_30_Experiment1\2023_10_30_11_22_10\_hypergui_2\spectrum_fromCSV1_(500.0-995.0)_masked_data_0_derivative.csv,kidney_sel,P193,2023_10_30_11_22_10,P193#2023_10_30_11_22_10#CSV1,csv_spectrum,2,train
\\ces-tp3\OE0645-data-uro\TIVITA_Cat\Cat_Pig_UMM\Cat_uro_kidney\Cat_uro_kidney_sel_1m\data\P193_OP157_2023_10_30_Experiment1\2023_10_30_11_22_10\_hypergui_2\spectrum_fromCSV5_(500.0-995.0)_masked_data_0_derivative.csv,kidney_sel,P193,2023_10_30_11_22_10,P193#2023_10_30_11_22_10#CSV5,csv_spectrum,2,train
\\ces-tp3\OE0645-data-uro\TIVITA_Cat\Cat_Pig_UMM\Cat_uro_kidney\Cat_uro_kidney_sel_1m\data\P193_OP157_2023_10_30_Experiment1\2023_10_30_11_22_40\_hypergui_1\spectrum_fromCSV1_(500.0-995.0)_masked_data_0_derivative.csv,kidney_sel,P193,2023_10_30_11_22_40,P193#2023_10_30_11_22_40#CSV1,csv_spectrum,2,train
\\ces-tp3\OE0645-data-uro\TIVITA_Cat\Cat_Pig_UMM\Cat_uro_kidney\Cat_uro_kidney_sel_1m\data\P193_OP157_2023_10_30_Experiment1\2023_10_30_11_22_40\_hypergui_1\spectrum_fromCSV5_(500.0-995.0)_masked_data_0_derivative.csv,kidney_sel,P193,2023_10_30_11_22_40,P193#2023_10_30_11_22_40#CSV5,csv_spectrum,2,train
\\ces-tp3\OE0645-data-uro\TIVITA_Cat\Cat_Pig_UMM\Cat_uro_kidney\Cat_uro_kidney_sel_1m\data\P193_OP157_2023_10_30_Experiment1\2023_10_30_11_22_40\_hypergui_2\spectrum_fromCSV1_(500.0-995.0)_masked_data_0_derivative.csv,kidney_sel,P193,2023_10_30_11_22_40,P193#2023_10_30_11_22_40#CSV1,csv_spectrum,2,train
\\ces-tp3\OE0645-data-uro\TIVITA_Cat\Cat_Pig_UMM\Cat_uro_kidney\Cat_uro_kidney_sel_1m\data\P193_OP157_2023_10_30_Experiment1\2023_10_30_11_22_40\_hypergui_2\spectrum_fromCSV5_(500.0-995.0)_masked_data_0_derivative.csv,kidney_sel,P193,2023_10_30_11_22_40,P193#2023_10_30_11_22_40#CSV5,csv_spectrum,2,train
\\ces-tp3\OE0645-data-uro\TIVITA_Cat\Cat_Pig_UMM\Cat_uro_kidney\Cat_uro_kidney_sel_20m\data\P161_OP125_2023_07_05_Experiment1\2023_07_05_11_31_13\_hypergui_1\spectrum_fromCSV1_(500.0-995.0)_masked_data_0_derivative.csv,kidney_sel,P161,2023_07_05_11_31_13,P161#2023_07_05_11_31_13#CSV1,csv_spectrum,2,train
\\ces-tp3\OE0645-data-uro\TIVITA_Cat\Cat_Pig_UMM\Cat_uro_kidney\Cat_uro_kidney_sel_20m\data\P161_OP125_2023_07_05_Experiment1\2023_07_05_11_31_13\_hypergui_1\spectrum_fromCSV5_(500.0-995.0)_masked_data_0_derivative.csv,kidney_sel,P161,2023_07_05_11_31_13,P161#2023_07_05_11_31_13#CSV5,csv_spectrum,2,train
\\ces-tp3\OE0645-data-uro\TIVITA_Cat\Cat_Pig_UMM\Cat_uro_kidney\Cat_uro_kidney_sel_20m\data\P161_OP125_2023_07_05_Experiment1\2023_07_05_11_31_13\_hypergui_2\spectrum_fromCSV1_(500.0-995.0)_masked_data_0_derivative.csv,kidney_sel,P161,2023_07_05_11_31_13,P161#2023_07_05_11_31_13#CSV1,csv_spectrum,2,train
\\ces-tp3\OE0645-data-uro\TIVITA_Cat\Cat_Pig_UMM\Cat_uro_kidney\Cat_uro_kidney_sel_20m\data\P161_OP125_2023_07_05_Experiment1\2023_07_05_11_31_13\_hypergui_2\spectrum_fromCSV5_(500.0-995.0)_masked_data_0_derivative.csv,kidney_sel,P161,2023_07_05_11_31_13,P161#2023_07_05_11_31_13#CSV5,csv_spectrum,2,train
\\ces-tp3\OE0645-data-uro\TIVITA_Cat\Cat_Pig_UMM\Cat_uro_kidney\Cat_uro_kidney_sel_20m\data\P161_OP125_2023_07_05_Experiment1\2023_07_05_11_31_43\_hypergui_1\spectrum_fromCSV1_(500.0-995.0)_masked_data_0_derivative.csv,kidney_sel,P161,2023_07_05_11_31_43,P161#2023_07_05_11_31_43#CSV1,csv_spectrum,2,train
\\ces-tp3\OE0645-data-uro\TIVITA_Cat\Cat_Pig_UMM\Cat_uro_kidney\Cat_uro_kidney_sel_20m\data\P161_OP125_2023_07_05_Experiment1\2023_07_05_11_31_43\_hypergui_1\spectrum_fromCSV5_(500.0-995.0)_masked_data_0_derivative.csv,kidney_sel,P161,2023_07_05_11_31_43,P161#2023_07_05_11_31_43#CSV5,csv_spectrum,2,train
\\ces-tp3\OE0645-data-uro\TIVITA_Cat\Cat_Pig_UMM\Cat_uro_kidney\Cat_uro_kidney_sel_20m\data\P161_OP125_2023_07_05_Experiment1\2023_07_05_11_31_43\_hypergui_2\spectrum_fromCSV1_(500.0-995.0)_masked_data_0_derivative.csv,kidney_sel,P161,2023_07_05_11_31_43,P161#2023_07_05_11_31_43#CSV1,csv_spectrum,2,train
\\ces-tp3\OE0645-data-uro\TIVITA_Cat\Cat_Pig_UMM\Cat_uro_kidney\Cat_uro_kidney_sel_20m\data\P161_OP125_2023_07_05_Experiment1\2023_07_05_11_31_43\_hypergui_2\spectrum_fromCSV5_(500.0-995.0)_masked_data_0_derivative.csv,kidney_sel,P161,2023_07_05_11_31_43,P161#2023_07_05_11_31_43#CSV5,csv_spectrum,2,train
\\ces-tp3\OE0645-data-uro\TIVITA_Cat\Cat_Pig_UMM\Cat_uro_kidney\Cat_uro_kidney_sel_20m\data\P161_OP125_2023_07_05_Experiment1\2023_07_05_11_32_13\_hypergui_1\spectrum_fromCSV1_(500.0-995.0)_masked_data_0_derivative.csv,kidney_sel,P161,2023_07_05_11_32_13,P161#2023_07_05_11_32_13#CSV1,csv_spectrum,2,train
\\ces-tp3\OE0645-data-uro\TIVITA_Cat\Cat_Pig_UMM\Cat_uro_kidney\Cat_uro_kidney_sel_20m\data\P161_OP125_2023_07_05_Experiment1\2023_07_05_11_32_13\_hypergui_1\spectrum_fromCSV5_(500.0-995.0)_masked_data_0_derivative.csv,kidney_sel,P161,2023_07_05_11_32_13,P161#2023_07_05_11_32_13#CSV5,csv_spectrum,2,train
\\ces-tp3\OE0645-data-uro\TIVITA_Cat\Cat_Pig_UMM\Cat_uro_kidney\Cat_uro_kidney_sel_20m\data\P161_OP125_2023_07_05_Experiment1\2023_07_05_11_32_13\_hypergui_2\spectrum_fromCSV1_(500.0-995.0)_masked_data_0_derivative.csv,kidney_sel,P161,2023_07_05_11_32_13,P161#2023_07_05_11_32_13#CSV1,csv_spectrum,2,train
\\ces-tp3\OE0645-data-uro\TIVITA_Cat\Cat_Pig_UMM\Cat_uro_kidney\Cat_uro_kidney_sel_20m\data\P161_OP125_2023_07_05_Experiment1\2023_07_05_11_32_13\_hypergui_2\spectrum_fromCSV5_(500.0-995.0)_masked_data_0_derivative.csv,kidney_sel,P161,2023_07_05_11_32_13,P161#2023_07_05_11_32_13#CSV5,csv_spectrum,2,train
\\ces-tp3\OE0645-data-uro\TIVITA_Cat\Cat_Pig_UMM\Cat_uro_kidney\Cat_uro_kidney_sel_20m\data\P161_OP125_2023_07_05_Experiment1\2023_07_05_11_32_43\_hypergui_1\spectrum_fromCSV1_(500.0-995.0)_masked_data_0_derivative.csv,kidney_sel,P161,2023_07_05_11_32_43,P161#2023_07_05_11_32_43#CSV1,csv_spectrum,2,train
\\ces-tp3\OE0645-data-uro\TIVITA_Cat\Cat_Pig_UMM\Cat_uro_kidney\Cat_uro_kidney_sel_20m\data\P161_OP125_2023_07_05_Experiment1\2023_07_05_11_32_43\_hypergui_1\spectrum_fromCSV5_(500.0-995.0)_masked_data_0_derivative.csv,kidney_sel,P161,2023_07_05_11_32_43,P161#2023_07_05_11_32_43#CSV5,csv_spectrum,2,train
\\ces-tp3\OE0645-data-uro\TIVITA_Cat\Cat_Pig_UMM\Cat_uro_kidney\Cat_uro_kidney_sel_20m\data\P161_OP125_2023_07_05_Experiment1\2023_07_05_11_32_43\_hypergui_2\spectrum_fromCSV1_(500.0-995.0)_masked_data_0_derivative.csv,kidney_sel,P161,2023_07_05_11_32_43,P161#2023_07_05_11_32_43#CSV1,csv_spectrum,2,train
\\ces-tp3\OE0645-data-uro\TIVITA_Cat\Cat_Pig_UMM\Cat_uro_kidney\Cat_uro_kidney_sel_20m\data\P161_OP125_2023_07_05_Experiment1\2023_07_05_11_32_43\_hypergui_2\spectrum_fromCSV5_(500.0-995.0)_masked_data_0_derivative.csv,kidney_sel,P161,2023_07_05_11_32_43,P161#2023_07_05_11_32_43#CSV5,csv_spectrum,2,train
\\ces-tp3\OE0645-data-uro\TIVITA_Cat\Cat_Pig_UMM\Cat_uro_kidney\Cat_uro_kidney_sel_20m\data\P162_OP126_2023_07_06_Experiment1\2023_07_06_12_55_04\_hypergui_1\spectrum_fromCSV1_(500.0-995.0)_masked_data_0_derivative.csv,kidney_sel,P162,2023_07_06_12_55_04,P162#2023_07_06_12_55_04#CSV1,csv_spectrum,2,train
\\ces-tp3\OE0645-data-uro\TIVITA_Cat\Cat_Pig_UMM\Cat_uro_kidney\Cat_uro_kidney_sel_20m\data\P162_OP126_2023_07_06_Experiment1\2023_07_06_12_55_04\_hypergui_1\spectrum_fromCSV5_(500.0-995.0)_masked_data_0_derivative.csv,kidney_sel,P162,2023_07_06_12_55_04,P162#2023_07_06_12_55_04#CSV5,csv_spectrum,2,train
\\ces-tp3\OE0645-data-uro\TIVITA_Cat\Cat_Pig_UMM\Cat_uro_kidney\Cat_uro_kidney_sel_20m\data\P162_OP126_2023_07_06_Experiment1\2023_07_06_12_55_04\_hypergui_2\spectrum_fromCSV1_(500.0-995.0)_masked_data_0_derivative.csv,kidney_sel,P162,2023_07_06_12_55_04,P162#2023_07_06_12_55_04#CSV1,csv_spectrum,2,train
\\ces-tp3\OE0645-data-uro\TIVITA_Cat\Cat_Pig_UMM\Cat_uro_kidney\Cat_uro_kidney_sel_20m\data\P162_OP126_2023_07_06_Experiment1\2023_07_06_12_55_04\_hypergui_2\spectrum_fromCSV5_(500.0-995.0)_masked_data_0_derivative.csv,kidney_sel,P162,2023_07_06_12_55_04,P162#2023_07_06_12_55_04#CSV5,csv_spectrum,2,train
\\ces-tp3\OE0645-data-uro\TIVITA_Cat\Cat_Pig_UMM\Cat_uro_kidney\Cat_uro_kidney_sel_20m\data\P162_OP126_2023_07_06_Experiment1\2023_07_06_12_55_34\_hypergui_1\spectrum_fromCSV1_(500.0-995.0)_masked_data_0_derivative.csv,kidney_sel,P162,2023_07_06_12_55_34,P162#2023_07_06_12_55_34#CSV1,csv_spectrum,2,train
\\ces-tp3\OE0645-data-uro\TIVITA_Cat\Cat_Pig_UMM\Cat_uro_kidney\Cat_uro_kidney_sel_20m\data\P162_OP126_2023_07_06_Experiment1\2023_07_06_12_55_34\_hypergui_1\spectrum_fromCSV5_(500.0-995.0)_masked_data_0_derivative.csv,kidney_sel,P162,2023_07_06_12_55_34,P162#2023_07_06_12_55_34#CSV5,csv_spectrum,2,train
\\ces-tp3\OE0645-data-uro\TIVITA_Cat\Cat_Pig_UMM\Cat_uro_kidney\Cat_uro_kidney_sel_20m\data\P162_OP126_2023_07_06_Experiment1\2023_07_06_12_55_34\_hypergui_2\spectrum_fromCSV1_(500.0-995.0)_masked_data_0_derivative.csv,kidney_sel,P162,2023_07_06_12_55_34,P162#2023_07_06_12_55_34#CSV1,csv_spectrum,2,train
\\ces-tp3\OE0645-data-uro\TIVITA_Cat\Cat_Pig_UMM\Cat_uro_kidney\Cat_uro_kidney_sel_20m\data\P162_OP126_2023_07_06_Experiment1\2023_07_06_12_55_34\_hypergui_2\spectrum_fromCSV5_(500.0-995.0)_masked_data_0_derivative.csv,kidney_sel,P162,2023_07_06_12_55_34,P162#2023_07_06_12_55_34#CSV5,csv_spectrum,2,train
\\ces-tp3\OE0645-data-uro\TIVITA_Cat\Cat_Pig_UMM\Cat_uro_kidney\Cat_uro_kidney_sel_20m\data\P162_OP126_2023_07_06_Experiment1\2023_07_06_12_56_04\_hypergui_1\spectrum_fromCSV1_(500.0-995.0)_masked_data_0_derivative.csv,kidney_sel,P162,2023_07_06_12_56_04,P162#2023_07_06_12_56_04#CSV1,csv_spectrum,2,train
\\ces-tp3\OE0645-data-uro\TIVITA_Cat\Cat_Pig_UMM\Cat_uro_kidney\Cat_uro_kidney_sel_20m\data\P162_OP126_2023_07_06_Experiment1\2023_07_06_12_56_04\_hypergui_1\spectrum_fromCSV5_(500.0-995.0)_masked_data_0_derivative.csv,kidney_sel,P162,2023_07_06_12_56_04,P162#2023_07_06_12_56_04#CSV5,csv_spectrum,2,train
\\ces-tp3\OE0645-data-uro\TIVITA_Cat\Cat_Pig_UMM\Cat_uro_kidney\Cat_uro_kidney_sel_20m\data\P162_OP126_2023_07_06_Experiment1\2023_07_06_12_56_04\_hypergui_2\spectrum_fromCSV1_(500.0-995.0)_masked_data_0_derivative.csv,kidney_sel,P162,2023_07_06_12_56_04,P162#2023_07_06_12_56_04#CSV1,csv_spectrum,2,train
\\ces-tp3\OE0645-data-uro\TIVITA_Cat\Cat_Pig_UMM\Cat_uro_kidney\Cat_uro_kidney_sel_20m\data\P162_OP126_2023_07_06_Experiment1\2023_07_06_12_56_04\_hypergui_2\spectrum_fromCSV5_(500.0-995.0)_masked_data_0_derivative.csv,kidney_sel,P162,2023_07_06_12_56_04,P162#2023_07_06_12_56_04#CSV5,csv_spectrum,2,train
\\ces-tp3\OE0645-data-uro\TIVITA_Cat\Cat_Pig_UMM\Cat_uro_kidney\Cat_uro_kidney_sel_20m\data\P165_OP129_2023_08_16_Experiment1\2023_08_16_12_28_12\_hypergui_1\spectrum_fromCSV1_(500.0-995.0)_masked_data_0_derivative.csv,kidney_sel,P165,2023_08_16_12_28_12,P165#2023_08_16_12_28_12#CSV1,csv_spectrum,2,train
\\ces-tp3\OE0645-data-uro\TIVITA_Cat\Cat_Pig_UMM\Cat_uro_kidney\Cat_uro_kidney_sel_20m\data\P165_OP129_2023_08_16_Experiment1\2023_08_16_12_28_12\_hypergui_1\spectrum_fromCSV5_(500.0-995.0)_masked_data_0_derivative.csv,kidney_sel,P165,2023_08_16_12_28_12,P165#2023_08_16_12_28_12#CSV5,csv_spectrum,2,train
\\ces-tp3\OE0645-data-uro\TIVITA_Cat\Cat_Pig_UMM\Cat_uro_kidney\Cat_uro_kidney_sel_20m\data\P165_OP129_2023_08_16_Experiment1\2023_08_16_12_28_12\_hypergui_2\spectrum_fromCSV1_(500.0-995.0)_masked_data_0_derivative.csv,kidney_sel,P165,2023_08_16_12_28_12,P165#2023_08_16_12_28_12#CSV1,csv_spectrum,2,train
\\ces-tp3\OE0645-data-uro\TIVITA_Cat\Cat_Pig_UMM\Cat_uro_kidney\Cat_uro_kidney_sel_20m\data\P165_OP129_2023_08_16_Experiment1\2023_08_16_12_28_12\_hypergui_2\spectrum_fromCSV5_(500.0-995.0)_masked_data_0_derivative.csv,kidney_sel,P165,2023_08_16_12_28_12,P165#2023_08_16_12_28_12#CSV5,csv_spectrum,2,train
\\ces-tp3\OE0645-data-uro\TIVITA_Cat\Cat_Pig_UMM\Cat_uro_kidney\Cat_uro_kidney_sel_20m\data\P165_OP129_2023_08_16_Experiment1\2023_08_16_12_28_41\_hypergui_1\spectrum_fromCSV1_(500.0-995.0)_masked_data_0_derivative.csv,kidney_sel,P165,2023_08_16_12_28_41,P165#2023_08_16_12_28_41#CSV1,csv_spectrum,2,train
\\ces-tp3\OE0645-data-uro\TIVITA_Cat\Cat_Pig_UMM\Cat_uro_kidney\Cat_uro_kidney_sel_20m\data\P165_OP129_2023_08_16_Experiment1\2023_08_16_12_28_41\_hypergui_1\spectrum_fromCSV5_(500.0-995.0)_masked_data_0_derivative.csv,kidney_sel,P165,2023_08_16_12_28_41,P165#2023_08_16_12_28_41#CSV5,csv_spectrum,2,train
\\ces-tp3\OE0645-data-uro\TIVITA_Cat\Cat_Pig_UMM\Cat_uro_kidney\Cat_uro_kidney_sel_20m\data\P165_OP129_2023_08_16_Experiment1\2023_08_16_12_28_41\_hypergui_2\spectrum_fromCSV1_(500.0-995.0)_masked_data_0_derivative.csv,kidney_sel,P165,2023_08_16_12_28_41,P165#2023_08_16_12_28_41#CSV1,csv_spectrum,2,train
\\ces-tp3\OE0645-data-uro\TIVITA_Cat\Cat_Pig_UMM\Cat_uro_kidney\Cat_uro_kidney_sel_20m\data\P165_OP129_2023_08_16_Experiment1\2023_08_16_12_28_41\_hypergui_2\spectrum_fromCSV5_(500.0-995.0)_masked_data_0_derivative.csv,kidney_sel,P165,2023_08_16_12_28_41,P165#2023_08_16_12_28_41#CSV5,csv_spectrum,2,train
\\ces-tp3\OE0645-data-uro\TIVITA_Cat\Cat_Pig_UMM\Cat_uro_kidney\Cat_uro_kidney_sel_20m\data\P165_OP129_2023_08_16_Experiment1\2023_08_16_12_29_12\_hypergui_1\spectrum_fromCSV1_(500.0-995.0)_masked_data_0_derivative.csv,kidney_sel,P165,2023_08_16_12_29_12,P165#2023_08_16_12_29_12#CSV1,csv_spectrum,2,train
\\ces-tp3\OE0645-data-uro\TIVITA_Cat\Cat_Pig_UMM\Cat_uro_kidney\Cat_uro_kidney_sel_20m\data\P165_OP129_2023_08_16_Experiment1\2023_08_16_12_29_12\_hypergui_1\spectrum_fromCSV5_(500.0-995.0)_masked_data_0_derivative.csv,kidney_sel,P165,2023_08_16_12_29_12,P165#2023_08_16_12_29_12#CSV5,csv_spectrum,2,train
\\ces-tp3\OE0645-data-uro\TIVITA_Cat\Cat_Pig_UMM\Cat_uro_kidney\Cat_uro_kidney_sel_20m\data\P165_OP129_2023_08_16_Experiment1\2023_08_16_12_29_12\_hypergui_2\spectrum_fromCSV1_(500.0-995.0)_masked_data_0_derivative.csv,kidney_sel,P165,2023_08_16_12_29_12,P165#2023_08_16_12_29_12#CSV1,csv_spectrum,2,train
\\ces-tp3\OE0645-data-uro\TIVITA_Cat\Cat_Pig_UMM\Cat_uro_kidney\Cat_uro_kidney_sel_20m\data\P165_OP129_2023_08_16_Experiment1\2023_08_16_12_29_12\_hypergui_2\spectrum_fromCSV5_(500.0-995.0)_masked_data_0_derivative.csv,kidney_sel,P165,2023_08_16_12_29_12,P165#2023_08_16_12_29_12#CSV5,csv_spectrum,2,train
\\ces-tp3\OE0645-data-uro\TIVITA_Cat\Cat_Pig_UMM\Cat_uro_kidney\Cat_uro_kidney_sel_20m\data\P165_OP129_2023_08_16_Experiment1\2023_08_16_12_29_42\_hypergui_1\spectrum_fromCSV1_(500.0-995.0)_masked_data_0_derivative.csv,kidney_sel,P165,2023_08_16_12_29_42,P165#2023_08_16_12_29_42#CSV1,csv_spectrum,2,train
\\ces-tp3\OE0645-data-uro\TIVITA_Cat\Cat_Pig_UMM\Cat_uro_kidney\Cat_uro_kidney_sel_20m\data\P165_OP129_2023_08_16_Experiment1\2023_08_16_12_29_42\_hypergui_1\spectrum_fromCSV5_(500.0-995.0)_masked_data_0_derivative.csv,kidney_sel,P165,2023_08_16_12_29_42,P165#2023_08_16_12_29_42#CSV5,csv_spectrum,2,train
\\ces-tp3\OE0645-data-uro\TIVITA_Cat\Cat_Pig_UMM\Cat_uro_kidney\Cat_uro_kidney_sel_20m\data\P165_OP129_2023_08_16_Experiment1\2023_08_16_12_29_42\_hypergui_2\spectrum_fromCSV1_(500.0-995.0)_masked_data_0_derivative.csv,kidney_sel,P165,2023_08_16_12_29_42,P165#2023_08_16_12_29_42#CSV1,csv_spectrum,2,train
\\ces-tp3\OE0645-data-uro\TIVITA_Cat\Cat_Pig_UMM\Cat_uro_kidney\Cat_uro_kidney_sel_20m\data\P165_OP129_2023_08_16_Experiment1\2023_08_16_12_29_42\_hypergui_2\spectrum_fromCSV5_(500.0-995.0)_masked_data_0_derivative.csv,kidney_sel,P165,2023_08_16_12_29_42,P165#2023_08_16_12_29_42#CSV5,csv_spectrum,2,train
\\ces-tp3\OE0645-data-uro\TIVITA_Cat\Cat_Pig_UMM\Cat_uro_kidney\Cat_uro_kidney_sel_20m\data\P166_OP130_2023_08_17_Experiment1\2023_08_17_11_59_55\_hypergui_1\spectrum_fromCSV1_(500.0-995.0)_masked_data_0_derivative.csv,kidney_sel,P166,2023_08_17_11_59_55,P166#2023_08_17_11_59_55#CSV1,csv_spectrum,2,train
\\ces-tp3\OE0645-data-uro\TIVITA_Cat\Cat_Pig_UMM\Cat_uro_kidney\Cat_uro_kidney_sel_20m\data\P166_OP130_2023_08_17_Experiment1\2023_08_17_11_59_55\_hypergui_1\spectrum_fromCSV5_(500.0-995.0)_masked_data_0_derivative.csv,kidney_sel,P166,2023_08_17_11_59_55,P166#2023_08_17_11_59_55#CSV5,csv_spectrum,2,train
\\ces-tp3\OE0645-data-uro\TIVITA_Cat\Cat_Pig_UMM\Cat_uro_kidney\Cat_uro_kidney_sel_20m\data\P166_OP130_2023_08_17_Experiment1\2023_08_17_11_59_55\_hypergui_2\spectrum_fromCSV1_(500.0-995.0)_masked_data_0_derivative.csv,kidney_sel,P166,2023_08_17_11_59_55,P166#2023_08_17_11_59_55#CSV1,csv_spectrum,2,train
\\ces-tp3\OE0645-data-uro\TIVITA_Cat\Cat_Pig_UMM\Cat_uro_kidney\Cat_uro_kidney_sel_20m\data\P166_OP130_2023_08_17_Experiment1\2023_08_17_11_59_55\_hypergui_2\spectrum_fromCSV5_(500.0-995.0)_masked_data_0_derivative.csv,kidney_sel,P166,2023_08_17_11_59_55,P166#2023_08_17_11_59_55#CSV5,csv_spectrum,2,train
\\ces-tp3\OE0645-data-uro\TIVITA_Cat\Cat_Pig_UMM\Cat_uro_kidney\Cat_uro_kidney_sel_20m\data\P166_OP130_2023_08_17_Experiment1\2023_08_17_12_00_25\_hypergui_1\spectrum_fromCSV1_(500.0-995.0)_masked_data_0_derivative.csv,kidney_sel,P166,2023_08_17_12_00_25,P166#2023_08_17_12_00_25#CSV1,csv_spectrum,2,train
\\ces-tp3\OE0645-data-uro\TIVITA_Cat\Cat_Pig_UMM\Cat_uro_kidney\Cat_uro_kidney_sel_20m\data\P166_OP130_2023_08_17_Experiment1\2023_08_17_12_00_25\_hypergui_1\spectrum_fromCSV5_(500.0-995.0)_masked_data_0_derivative.csv,kidney_sel,P166,2023_08_17_12_00_25,P166#2023_08_17_12_00_25#CSV5,csv_spectrum,2,train
\\ces-tp3\OE0645-data-uro\TIVITA_Cat\Cat_Pig_UMM\Cat_uro_kidney\Cat_uro_kidney_sel_20m\data\P166_OP130_2023_08_17_Experiment1\2023_08_17_12_00_25\_hypergui_2\spectrum_fromCSV1_(500.0-995.0)_masked_data_0_derivative.csv,kidney_sel,P166,2023_08_17_12_00_25,P166#2023_08_17_12_00_25#CSV1,csv_spectrum,2,train
\\ces-tp3\OE0645-data-uro\TIVITA_Cat\Cat_Pig_UMM\Cat_uro_kidney\Cat_uro_kidney_sel_20m\data\P166_OP130_2023_08_17_Experiment1\2023_08_17_12_00_25\_hypergui_2\spectrum_fromCSV5_(500.0-995.0)_masked_data_0_derivative.csv,kidney_sel,P166,2023_08_17_12_00_25,P166#2023_08_17_12_00_25#CSV5,csv_spectrum,2,train
\\ces-tp3\OE0645-data-uro\TIVITA_Cat\Cat_Pig_UMM\Cat_uro_kidney\Cat_uro_kidney_sel_20m\data\P166_OP130_2023_08_17_Experiment1\2023_08_17_12_00_55\_hypergui_1\spectrum_fromCSV1_(500.0-995.0)_masked_data_0_derivative.csv,kidney_sel,P166,2023_08_17_12_00_55,P166#2023_08_17_12_00_55#CSV1,csv_spectrum,2,train
\\ces-tp3\OE0645-data-uro\TIVITA_Cat\Cat_Pig_UMM\Cat_uro_kidney\Cat_uro_kidney_sel_20m\data\P166_OP130_2023_08_17_Experiment1\2023_08_17_12_00_55\_hypergui_1\spectrum_fromCSV5_(500.0-995.0)_masked_data_0_derivative.csv,kidney_sel,P166,2023_08_17_12_00_55,P166#2023_08_17_12_00_55#CSV5,csv_spectrum,2,train
\\ces-tp3\OE0645-data-uro\TIVITA_Cat\Cat_Pig_UMM\Cat_uro_kidney\Cat_uro_kidney_sel_20m\data\P166_OP130_2023_08_17_Experiment1\2023_08_17_12_00_55\_hypergui_2\spectrum_fromCSV1_(500.0-995.0)_masked_data_0_derivative.csv,kidney_sel,P166,2023_08_17_12_00_55,P166#2023_08_17_12_00_55#CSV1,csv_spectrum,2,train
\\ces-tp3\OE0645-data-uro\TIVITA_Cat\Cat_Pig_UMM\Cat_uro_kidney\Cat_uro_kidney_sel_20m\data\P166_OP130_2023_08_17_Experiment1\2023_08_17_12_00_55\_hypergui_2\spectrum_fromCSV5_(500.0-995.0)_masked_data_0_derivative.csv,kidney_sel,P166,2023_08_17_12_00_55,P166#2023_08_17_12_00_55#CSV5,csv_spectrum,2,train
\\ces-tp3\OE0645-data-uro\TIVITA_Cat\Cat_Pig_UMM\Cat_uro_kidney\Cat_uro_kidney_sel_20m\data\P168_OP132_2023_08_23_Experiment1\2023_08_23_13_07_13\_hypergui_1\spectrum_fromCSV1_(500.0-995.0)_masked_data_0_derivative.csv,kidney_sel,P168,2023_08_23_13_07_13,P168#2023_08_23_13_07_13#CSV1,csv_spectrum,2,train
\\ces-tp3\OE0645-data-uro\TIVITA_Cat\Cat_Pig_UMM\Cat_uro_kidney\Cat_uro_kidney_sel_20m\data\P168_OP132_2023_08_23_Experiment1\2023_08_23_13_07_13\_hypergui_1\spectrum_fromCSV5_(500.0-995.0)_masked_data_0_derivative.csv,kidney_sel,P168,2023_08_23_13_07_13,P168#2023_08_23_13_07_13#CSV5,csv_spectrum,2,train
\\ces-tp3\OE0645-data-uro\TIVITA_Cat\Cat_Pig_UMM\Cat_uro_kidney\Cat_uro_kidney_sel_20m\data\P168_OP132_2023_08_23_Experiment1\2023_08_23_13_07_13\_hypergui_2\spectrum_fromCSV1_(500.0-995.0)_masked_data_0_derivative.csv,kidney_sel,P168,2023_08_23_13_07_13,P168#2023_08_23_13_07_13#CSV1,csv_spectrum,2,train
\\ces-tp3\OE0645-data-uro\TIVITA_Cat\Cat_Pig_UMM\Cat_uro_kidney\Cat_uro_kidney_sel_20m\data\P168_OP132_2023_08_23_Experiment1\2023_08_23_13_07_13\_hypergui_2\spectrum_fromCSV5_(500.0-995.0)_masked_data_0_derivative.csv,kidney_sel,P168,2023_08_23_13_07_13,P168#2023_08_23_13_07_13#CSV5,csv_spectrum,2,train
\\ces-tp3\OE0645-data-uro\TIVITA_Cat\Cat_Pig_UMM\Cat_uro_kidney\Cat_uro_kidney_sel_20m\data\P168_OP132_2023_08_23_Experiment1\2023_08_23_13_07_43\_hypergui_1\spectrum_fromCSV1_(500.0-995.0)_masked_data_0_derivative.csv,kidney_sel,P168,2023_08_23_13_07_43,P168#2023_08_23_13_07_43#CSV1,csv_spectrum,2,train
\\ces-tp3\OE0645-data-uro\TIVITA_Cat\Cat_Pig_UMM\Cat_uro_kidney\Cat_uro_kidney_sel_20m\data\P168_OP132_2023_08_23_Experiment1\2023_08_23_13_07_43\_hypergui_1\spectrum_fromCSV5_(500.0-995.0)_masked_data_0_derivative.csv,kidney_sel,P168,2023_08_23_13_07_43,P168#2023_08_23_13_07_43#CSV5,csv_spectrum,2,train
\\ces-tp3\OE0645-data-uro\TIVITA_Cat\Cat_Pig_UMM\Cat_uro_kidney\Cat_uro_kidney_sel_20m\data\P168_OP132_2023_08_23_Experiment1\2023_08_23_13_07_43\_hypergui_2\spectrum_fromCSV1_(500.0-995.0)_masked_data_0_derivative.csv,kidney_sel,P168,2023_08_23_13_07_43,P168#2023_08_23_13_07_43#CSV1,csv_spectrum,2,train
\\ces-tp3\OE0645-data-uro\TIVITA_Cat\Cat_Pig_UMM\Cat_uro_kidney\Cat_uro_kidney_sel_20m\data\P168_OP132_2023_08_23_Experiment1\2023_08_23_13_07_43\_hypergui_2\spectrum_fromCSV5_(500.0-995.0)_masked_data_0_derivative.csv,kidney_sel,P168,2023_08_23_13_07_43,P168#2023_08_23_13_07_43#CSV5,csv_spectrum,2,train
\\ces-tp3\OE0645-data-uro\TIVITA_Cat\Cat_Pig_UMM\Cat_uro_kidney\Cat_uro_kidney_sel_20m\data\P168_OP132_2023_08_23_Experiment1\2023_08_23_13_08_13\_hypergui_1\spectrum_fromCSV1_(500.0-995.0)_masked_data_0_derivative.csv,kidney_sel,P168,2023_08_23_13_08_13,P168#2023_08_23_13_08_13#CSV1,csv_spectrum,2,train
\\ces-tp3\OE0645-data-uro\TIVITA_Cat\Cat_Pig_UMM\Cat_uro_kidney\Cat_uro_kidney_sel_20m\data\P168_OP132_2023_08_23_Experiment1\2023_08_23_13_08_13\_hypergui_1\spectrum_fromCSV5_(500.0-995.0)_masked_data_0_derivative.csv,kidney_sel,P168,2023_08_23_13_08_13,P168#2023_08_23_13_08_13#CSV5,csv_spectrum,2,train
\\ces-tp3\OE0645-data-uro\TIVITA_Cat\Cat_Pig_UMM\Cat_uro_kidney\Cat_uro_kidney_sel_20m\data\P168_OP132_2023_08_23_Experiment1\2023_08_23_13_08_13\_hypergui_2\spectrum_fromCSV1_(500.0-995.0)_masked_data_0_derivative.csv,kidney_sel,P168,2023_08_23_13_08_13,P168#2023_08_23_13_08_13#CSV1,csv_spectrum,2,train
\\ces-tp3\OE0645-data-uro\TIVITA_Cat\Cat_Pig_UMM\Cat_uro_kidney\Cat_uro_kidney_sel_20m\data\P168_OP132_2023_08_23_Experiment1\2023_08_23_13_08_13\_hypergui_2\spectrum_fromCSV5_(500.0-995.0)_masked_data_0_derivative.csv,kidney_sel,P168,2023_08_23_13_08_13,P168#2023_08_23_13_08_13#CSV5,csv_spectrum,2,train
\\ces-tp3\OE0645-data-uro\TIVITA_Cat\Cat_Pig_UMM\Cat_uro_kidney\Cat_uro_kidney_sel_20m\data\P174_OP138_2023_09_21_Experiment1\2023_09_21_13_46_13\_hypergui_1\spectrum_fromCSV1_(500.0-995.0)_masked_data_0_derivative.csv,kidney_sel,P174,2023_09_21_13_46_13,P174#2023_09_21_13_46_13#CSV1,csv_spectrum,2,train
\\ces-tp3\OE0645-data-uro\TIVITA_Cat\Cat_Pig_UMM\Cat_uro_kidney\Cat_uro_kidney_sel_20m\data\P174_OP138_2023_09_21_Experiment1\2023_09_21_13_46_13\_hypergui_1\spectrum_fromCSV5_(500.0-995.0)_masked_data_0_derivative.csv,kidney_sel,P174,2023_09_21_13_46_13,P174#2023_09_21_13_46_13#CSV5,csv_spectrum,2,train
\\ces-tp3\OE0645-data-uro\TIVITA_Cat\Cat_Pig_UMM\Cat_uro_kidney\Cat_uro_kidney_sel_20m\data\P174_OP138_2023_09_21_Experiment1\2023_09_21_13_46_13\_hypergui_2\spectrum_fromCSV1_(500.0-995.0)_masked_data_0_derivative.csv,kidney_sel,P174,2023_09_21_13_46_13,P174#2023_09_21_13_46_13#CSV1,csv_spectrum,2,train
\\ces-tp3\OE0645-data-uro\TIVITA_Cat\Cat_Pig_UMM\Cat_uro_kidney\Cat_uro_kidney_sel_20m\data\P174_OP138_2023_09_21_Experiment1\2023_09_21_13_46_13\_hypergui_2\spectrum_fromCSV5_(500.0-995.0)_masked_data_0_derivative.csv,kidney_sel,P174,2023_09_21_13_46_13,P174#2023_09_21_13_46_13#CSV5,csv_spectrum,2,train
\\ces-tp3\OE0645-data-uro\TIVITA_Cat\Cat_Pig_UMM\Cat_uro_kidney\Cat_uro_kidney_sel_20m\data\P174_OP138_2023_09_21_Experiment1\2023_09_21_13_46_43\_hypergui_1\spectrum_fromCSV1_(500.0-995.0)_masked_data_0_derivative.csv,kidney_sel,P174,2023_09_21_13_46_43,P174#2023_09_21_13_46_43#CSV1,csv_spectrum,2,train
\\ces-tp3\OE0645-data-uro\TIVITA_Cat\Cat_Pig_UMM\Cat_uro_kidney\Cat_uro_kidney_sel_20m\data\P174_OP138_2023_09_21_Experiment1\2023_09_21_13_46_43\_hypergui_1\spectrum_fromCSV5_(500.0-995.0)_masked_data_0_derivative.csv,kidney_sel,P174,2023_09_21_13_46_43,P174#2023_09_21_13_46_43#CSV5,csv_spectrum,2,train
\\ces-tp3\OE0645-data-uro\TIVITA_Cat\Cat_Pig_UMM\Cat_uro_kidney\Cat_uro_kidney_sel_20m\data\P174_OP138_2023_09_21_Experiment1\2023_09_21_13_46_43\_hypergui_2\spectrum_fromCSV1_(500.0-995.0)_masked_data_0_derivative.csv,kidney_sel,P174,2023_09_21_13_46_43,P174#2023_09_21_13_46_43#CSV1,csv_spectrum,2,train
\\ces-tp3\OE0645-data-uro\TIVITA_Cat\Cat_Pig_UMM\Cat_uro_kidney\Cat_uro_kidney_sel_20m\data\P174_OP138_2023_09_21_Experiment1\2023_09_21_13_46_43\_hypergui_2\spectrum_fromCSV5_(500.0-995.0)_masked_data_0_derivative.csv,kidney_sel,P174,2023_09_21_13_46_43,P174#2023_09_21_13_46_43#CSV5,csv_spectrum,2,train
\\ces-tp3\OE0645-data-uro\TIVITA_Cat\Cat_Pig_UMM\Cat_uro_kidney\Cat_uro_kidney_sel_20m\data\P174_OP138_2023_09_21_Experiment1\2023_09_21_13_47_13\_hypergui_1\spectrum_fromCSV1_(500.0-995.0)_masked_data_0_derivative.csv,kidney_sel,P174,2023_09_21_13_47_13,P174#2023_09_21_13_47_13#CSV1,csv_spectrum,2,train
\\ces-tp3\OE0645-data-uro\TIVITA_Cat\Cat_Pig_UMM\Cat_uro_kidney\Cat_uro_kidney_sel_20m\data\P174_OP138_2023_09_21_Experiment1\2023_09_21_13_47_13\_hypergui_1\spectrum_fromCSV5_(500.0-995.0)_masked_data_0_derivative.csv,kidney_sel,P174,2023_09_21_13_47_13,P174#2023_09_21_13_47_13#CSV5,csv_spectrum,2,train
\\ces-tp3\OE0645-data-uro\TIVITA_Cat\Cat_Pig_UMM\Cat_uro_kidney\Cat_uro_kidney_sel_20m\data\P174_OP138_2023_09_21_Experiment1\2023_09_21_13_47_13\_hypergui_2\spectrum_fromCSV1_(500.0-995.0)_masked_data_0_derivative.csv,kidney_sel,P174,2023_09_21_13_47_13,P174#2023_09_21_13_47_13#CSV1,csv_spectrum,2,train
\\ces-tp3\OE0645-data-uro\TIVITA_Cat\Cat_Pig_UMM\Cat_uro_kidney\Cat_uro_kidney_sel_20m\data\P174_OP138_2023_09_21_Experiment1\2023_09_21_13_47_13\_hypergui_2\spectrum_fromCSV5_(500.0-995.0)_masked_data_0_derivative.csv,kidney_sel,P174,2023_09_21_13_47_13,P174#2023_09_21_13_47_13#CSV5,csv_spectrum,2,train
\\ces-tp3\OE0645-data-uro\TIVITA_Cat\Cat_Pig_UMM\Cat_uro_kidney\Cat_uro_kidney_sel_20m\data\P175_OP139_2023_09_22_Experiment1\2023_09_22_11_35_50\_hypergui_1\spectrum_fromCSV1_(500.0-995.0)_masked_data_0_derivative.csv,kidney_sel,P175,2023_09_22_11_35_50,P175#2023_09_22_11_35_50#CSV1,csv_spectrum,2,train
\\ces-tp3\OE0645-data-uro\TIVITA_Cat\Cat_Pig_UMM\Cat_uro_kidney\Cat_uro_kidney_sel_20m\data\P175_OP139_2023_09_22_Experiment1\2023_09_22_11_35_50\_hypergui_1\spectrum_fromCSV5_(500.0-995.0)_masked_data_0_derivative.csv,kidney_sel,P175,2023_09_22_11_35_50,P175#2023_09_22_11_35_50#CSV5,csv_spectrum,2,train
\\ces-tp3\OE0645-data-uro\TIVITA_Cat\Cat_Pig_UMM\Cat_uro_kidney\Cat_uro_kidney_sel_20m\data\P175_OP139_2023_09_22_Experiment1\2023_09_22_11_35_50\_hypergui_2\spectrum_fromCSV1_(500.0-995.0)_masked_data_0_derivative.csv,kidney_sel,P175,2023_09_22_11_35_50,P175#2023_09_22_11_35_50#CSV1,csv_spectrum,2,train
\\ces-tp3\OE0645-data-uro\TIVITA_Cat\Cat_Pig_UMM\Cat_uro_kidney\Cat_uro_kidney_sel_20m\data\P175_OP139_2023_09_22_Experiment1\2023_09_22_11_35_50\_hypergui_2\spectrum_fromCSV5_(500.0-995.0)_masked_data_0_derivative.csv,kidney_sel,P175,2023_09_22_11_35_50,P175#2023_09_22_11_35_50#CSV5,csv_spectrum,2,train
\\ces-tp3\OE0645-data-uro\TIVITA_Cat\Cat_Pig_UMM\Cat_uro_kidney\Cat_uro_kidney_sel_20m\data\P175_OP139_2023_09_22_Experiment1\2023_09_22_11_36_20\_hypergui_1\spectrum_fromCSV1_(500.0-995.0)_masked_data_0_derivative.csv,kidney_sel,P175,2023_09_22_11_36_20,P175#2023_09_22_11_36_20#CSV1,csv_spectrum,2,train
\\ces-tp3\OE0645-data-uro\TIVITA_Cat\Cat_Pig_UMM\Cat_uro_kidney\Cat_uro_kidney_sel_20m\data\P175_OP139_2023_09_22_Experiment1\2023_09_22_11_36_20\_hypergui_1\spectrum_fromCSV5_(500.0-995.0)_masked_data_0_derivative.csv,kidney_sel,P175,2023_09_22_11_36_20,P175#2023_09_22_11_36_20#CSV5,csv_spectrum,2,train
\\ces-tp3\OE0645-data-uro\TIVITA_Cat\Cat_Pig_UMM\Cat_uro_kidney\Cat_uro_kidney_sel_20m\data\P175_OP139_2023_09_22_Experiment1\2023_09_22_11_36_20\_hypergui_2\spectrum_fromCSV1_(500.0-995.0)_masked_data_0_derivative.csv,kidney_sel,P175,2023_09_22_11_36_20,P175#2023_09_22_11_36_20#CSV1,csv_spectrum,2,train
\\ces-tp3\OE0645-data-uro\TIVITA_Cat\Cat_Pig_UMM\Cat_uro_kidney\Cat_uro_kidney_sel_20m\data\P175_OP139_2023_09_22_Experiment1\2023_09_22_11_36_20\_hypergui_2\spectrum_fromCSV5_(500.0-995.0)_masked_data_0_derivative.csv,kidney_sel,P175,2023_09_22_11_36_20,P175#2023_09_22_11_36_20#CSV5,csv_spectrum,2,train
\\ces-tp3\OE0645-data-uro\TIVITA_Cat\Cat_Pig_UMM\Cat_uro_kidney\Cat_uro_kidney_sel_20m\data\P175_OP139_2023_09_22_Experiment1\2023_09_22_11_36_50\_hypergui_1\spectrum_fromCSV1_(500.0-995.0)_masked_data_0_derivative.csv,kidney_sel,P175,2023_09_22_11_36_50,P175#2023_09_22_11_36_50#CSV1,csv_spectrum,2,train
\\ces-tp3\OE0645-data-uro\TIVITA_Cat\Cat_Pig_UMM\Cat_uro_kidney\Cat_uro_kidney_sel_20m\data\P175_OP139_2023_09_22_Experiment1\2023_09_22_11_36_50\_hypergui_1\spectrum_fromCSV5_(500.0-995.0)_masked_data_0_derivative.csv,kidney_sel,P175,2023_09_22_11_36_50,P175#2023_09_22_11_36_50#CSV5,csv_spectrum,2,train
\\ces-tp3\OE0645-data-uro\TIVITA_Cat\Cat_Pig_UMM\Cat_uro_kidney\Cat_uro_kidney_sel_20m\data\P175_OP139_2023_09_22_Experiment1\2023_09_22_11_36_50\_hypergui_2\spectrum_fromCSV1_(500.0-995.0)_masked_data_0_derivative.csv,kidney_sel,P175,2023_09_22_11_36_50,P175#2023_09_22_11_36_50#CSV1,csv_spectrum,2,train
\\ces-tp3\OE0645-data-uro\TIVITA_Cat\Cat_Pig_UMM\Cat_uro_kidney\Cat_uro_kidney_sel_20m\data\P175_OP139_2023_09_22_Experiment1\2023_09_22_11_36_50\_hypergui_2\spectrum_fromCSV5_(500.0-995.0)_masked_data_0_derivative.csv,kidney_sel,P175,2023_09_22_11_36_50,P175#2023_09_22_11_36_50#CSV5,csv_spectrum,2,train
\\ces-tp3\OE0645-data-uro\TIVITA_Cat\Cat_Pig_UMM\Cat_uro_kidney\Cat_uro_kidney_sel_20m\data\P175_OP139_2023_09_22_Experiment1\2023_09_22_14_00_54\_hypergui_1\spectrum_fromCSV1_(500.0-995.0)_masked_data_0_derivative.csv,kidney_sel,P175,2023_09_22_14_00_54,P175#2023_09_22_14_00_54#CSV1,csv_spectrum,2,train
\\ces-tp3\OE0645-data-uro\TIVITA_Cat\Cat_Pig_UMM\Cat_uro_kidney\Cat_uro_kidney_sel_20m\data\P175_OP139_2023_09_22_Experiment1\2023_09_22_14_00_54\_hypergui_1\spectrum_fromCSV5_(500.0-995.0)_masked_data_0_derivative.csv,kidney_sel,P175,2023_09_22_14_00_54,P175#2023_09_22_14_00_54#CSV5,csv_spectrum,2,train
\\ces-tp3\OE0645-data-uro\TIVITA_Cat\Cat_Pig_UMM\Cat_uro_kidney\Cat_uro_kidney_sel_20m\data\P175_OP139_2023_09_22_Experiment1\2023_09_22_14_00_54\_hypergui_2\spectrum_fromCSV1_(500.0-995.0)_masked_data_0_derivative.csv,kidney_sel,P175,2023_09_22_14_00_54,P175#2023_09_22_14_00_54#CSV1,csv_spectrum,2,train
\\ces-tp3\OE0645-data-uro\TIVITA_Cat\Cat_Pig_UMM\Cat_uro_kidney\Cat_uro_kidney_sel_20m\data\P175_OP139_2023_09_22_Experiment1\2023_09_22_14_00_54\_hypergui_2\spectrum_fromCSV5_(500.0-995.0)_masked_data_0_derivative.csv,kidney_sel,P175,2023_09_22_14_00_54,P175#2023_09_22_14_00_54#CSV5,csv_spectrum,2,train
\\ces-tp3\OE0645-data-uro\TIVITA_Cat\Cat_Pig_UMM\Cat_uro_kidney\Cat_uro_kidney_sel_20m\data\P175_OP139_2023_09_22_Experiment1\2023_09_22_14_01_24\_hypergui_1\spectrum_fromCSV1_(500.0-995.0)_masked_data_0_derivative.csv,kidney_sel,P175,2023_09_22_14_01_24,P175#2023_09_22_14_01_24#CSV1,csv_spectrum,2,train
\\ces-tp3\OE0645-data-uro\TIVITA_Cat\Cat_Pig_UMM\Cat_uro_kidney\Cat_uro_kidney_sel_20m\data\P175_OP139_2023_09_22_Experiment1\2023_09_22_14_01_24\_hypergui_1\spectrum_fromCSV5_(500.0-995.0)_masked_data_0_derivative.csv,kidney_sel,P175,2023_09_22_14_01_24,P175#2023_09_22_14_01_24#CSV5,csv_spectrum,2,train
\\ces-tp3\OE0645-data-uro\TIVITA_Cat\Cat_Pig_UMM\Cat_uro_kidney\Cat_uro_kidney_sel_20m\data\P175_OP139_2023_09_22_Experiment1\2023_09_22_14_01_24\_hypergui_2\spectrum_fromCSV1_(500.0-995.0)_masked_data_0_derivative.csv,kidney_sel,P175,2023_09_22_14_01_24,P175#2023_09_22_14_01_24#CSV1,csv_spectrum,2,train
\\ces-tp3\OE0645-data-uro\TIVITA_Cat\Cat_Pig_UMM\Cat_uro_kidney\Cat_uro_kidney_sel_20m\data\P175_OP139_2023_09_22_Experiment1\2023_09_22_14_01_24\_hypergui_2\spectrum_fromCSV5_(500.0-995.0)_masked_data_0_derivative.csv,kidney_sel,P175,2023_09_22_14_01_24,P175#2023_09_22_14_01_24#CSV5,csv_spectrum,2,train
\\ces-tp3\OE0645-data-uro\TIVITA_Cat\Cat_Pig_UMM\Cat_uro_kidney\Cat_uro_kidney_sel_20m\data\P175_OP139_2023_09_22_Experiment1\2023_09_22_14_01_54\_hypergui_1\spectrum_fromCSV1_(500.0-995.0)_masked_data_0_derivative.csv,kidney_sel,P175,2023_09_22_14_01_54,P175#2023_09_22_14_01_54#CSV1,csv_spectrum,2,train
\\ces-tp3\OE0645-data-uro\TIVITA_Cat\Cat_Pig_UMM\Cat_uro_kidney\Cat_uro_kidney_sel_20m\data\P175_OP139_2023_09_22_Experiment1\2023_09_22_14_01_54\_hypergui_1\spectrum_fromCSV5_(500.0-995.0)_masked_data_0_derivative.csv,kidney_sel,P175,2023_09_22_14_01_54,P175#2023_09_22_14_01_54#CSV5,csv_spectrum,2,train
\\ces-tp3\OE0645-data-uro\TIVITA_Cat\Cat_Pig_UMM\Cat_uro_kidney\Cat_uro_kidney_sel_20m\data\P175_OP139_2023_09_22_Experiment1\2023_09_22_14_01_54\_hypergui_2\spectrum_fromCSV1_(500.0-995.0)_masked_data_0_derivative.csv,kidney_sel,P175,2023_09_22_14_01_54,P175#2023_09_22_14_01_54#CSV1,csv_spectrum,2,train
\\ces-tp3\OE0645-data-uro\TIVITA_Cat\Cat_Pig_UMM\Cat_uro_kidney\Cat_uro_kidney_sel_20m\data\P175_OP139_2023_09_22_Experiment1\2023_09_22_14_01_54\_hypergui_2\spectrum_fromCSV5_(500.0-995.0)_masked_data_0_derivative.csv,kidney_sel,P175,2023_09_22_14_01_54,P175#2023_09_22_14_01_54#CSV5,csv_spectrum,2,train
\\ces-tp3\OE0645-data-uro\TIVITA_Cat\Cat_Pig_UMM\Cat_uro_kidney\Cat_uro_kidney_sel_20m\data\P188_OP152_2023_10_22_Experiment1\2023_10_22_12_22_41\_hypergui_1\spectrum_fromCSV1_(500.0-995.0)_masked_data_0_derivative.csv,kidney_sel,P188,2023_10_22_12_22_41,P188#2023_10_22_12_22_41#CSV1,csv_spectrum,2,train
\\ces-tp3\OE0645-data-uro\TIVITA_Cat\Cat_Pig_UMM\Cat_uro_kidney\Cat_uro_kidney_sel_20m\data\P188_OP152_2023_10_22_Experiment1\2023_10_22_12_22_41\_hypergui_1\spectrum_fromCSV5_(500.0-995.0)_masked_data_0_derivative.csv,kidney_sel,P188,2023_10_22_12_22_41,P188#2023_10_22_12_22_41#CSV5,csv_spectrum,2,train
\\ces-tp3\OE0645-data-uro\TIVITA_Cat\Cat_Pig_UMM\Cat_uro_kidney\Cat_uro_kidney_sel_20m\data\P188_OP152_2023_10_22_Experiment1\2023_10_22_12_22_41\_hypergui_2\spectrum_fromCSV1_(500.0-995.0)_masked_data_0_derivative.csv,kidney_sel,P188,2023_10_22_12_22_41,P188#2023_10_22_12_22_41#CSV1,csv_spectrum,2,train
\\ces-tp3\OE0645-data-uro\TIVITA_Cat\Cat_Pig_UMM\Cat_uro_kidney\Cat_uro_kidney_sel_20m\data\P188_OP152_2023_10_22_Experiment1\2023_10_22_12_22_41\_hypergui_2\spectrum_fromCSV5_(500.0-995.0)_masked_data_0_derivative.csv,kidney_sel,P188,2023_10_22_12_22_41,P188#2023_10_22_12_22_41#CSV5,csv_spectrum,2,train
\\ces-tp3\OE0645-data-uro\TIVITA_Cat\Cat_Pig_UMM\Cat_uro_kidney\Cat_uro_kidney_sel_20m\data\P188_OP152_2023_10_22_Experiment1\2023_10_22_12_24_41\_hypergui_1\spectrum_fromCSV1_(500.0-995.0)_masked_data_0_derivative.csv,kidney_sel,P188,2023_10_22_12_24_41,P188#2023_10_22_12_24_41#CSV1,csv_spectrum,2,train
\\ces-tp3\OE0645-data-uro\TIVITA_Cat\Cat_Pig_UMM\Cat_uro_kidney\Cat_uro_kidney_sel_20m\data\P188_OP152_2023_10_22_Experiment1\2023_10_22_12_24_41\_hypergui_1\spectrum_fromCSV5_(500.0-995.0)_masked_data_0_derivative.csv,kidney_sel,P188,2023_10_22_12_24_41,P188#2023_10_22_12_24_41#CSV5,csv_spectrum,2,train
\\ces-tp3\OE0645-data-uro\TIVITA_Cat\Cat_Pig_UMM\Cat_uro_kidney\Cat_uro_kidney_sel_20m\data\P188_OP152_2023_10_22_Experiment1\2023_10_22_12_24_41\_hypergui_2\spectrum_fromCSV1_(500.0-995.0)_masked_data_0_derivative.csv,kidney_sel,P188,2023_10_22_12_24_41,P188#2023_10_22_12_24_41#CSV1,csv_spectrum,2,train
\\ces-tp3\OE0645-data-uro\TIVITA_Cat\Cat_Pig_UMM\Cat_uro_kidney\Cat_uro_kidney_sel_20m\data\P188_OP152_2023_10_22_Experiment1\2023_10_22_12_24_41\_hypergui_2\spectrum_fromCSV5_(500.0-995.0)_masked_data_0_derivative.csv,kidney_sel,P188,2023_10_22_12_24_41,P188#2023_10_22_12_24_41#CSV5,csv_spectrum,2,train
\\ces-tp3\OE0645-data-uro\TIVITA_Cat\Cat_Pig_UMM\Cat_uro_kidney\Cat_uro_kidney_sel_20m\data\P188_OP152_2023_10_22_Experiment1\2023_10_22_12_26_41\_hypergui_1\spectrum_fromCSV1_(500.0-995.0)_masked_data_0_derivative.csv,kidney_sel,P188,2023_10_22_12_26_41,P188#2023_10_22_12_26_41#CSV1,csv_spectrum,2,train
\\ces-tp3\OE0645-data-uro\TIVITA_Cat\Cat_Pig_UMM\Cat_uro_kidney\Cat_uro_kidney_sel_20m\data\P188_OP152_2023_10_22_Experiment1\2023_10_22_12_26_41\_hypergui_1\spectrum_fromCSV5_(500.0-995.0)_masked_data_0_derivative.csv,kidney_sel,P188,2023_10_22_12_26_41,P188#2023_10_22_12_26_41#CSV5,csv_spectrum,2,train
\\ces-tp3\OE0645-data-uro\TIVITA_Cat\Cat_Pig_UMM\Cat_uro_kidney\Cat_uro_kidney_sel_20m\data\P188_OP152_2023_10_22_Experiment1\2023_10_22_12_26_41\_hypergui_2\spectrum_fromCSV1_(500.0-995.0)_masked_data_0_derivative.csv,kidney_sel,P188,2023_10_22_12_26_41,P188#2023_10_22_12_26_41#CSV1,csv_spectrum,2,train
\\ces-tp3\OE0645-data-uro\TIVITA_Cat\Cat_Pig_UMM\Cat_uro_kidney\Cat_uro_kidney_sel_20m\data\P188_OP152_2023_10_22_Experiment1\2023_10_22_12_26_41\_hypergui_2\spectrum_fromCSV5_(500.0-995.0)_masked_data_0_derivative.csv,kidney_sel,P188,2023_10_22_12_26_41,P188#2023_10_22_12_26_41#CSV5,csv_spectrum,2,train
\\ces-tp3\OE0645-data-uro\TIVITA_Cat\Cat_Pig_UMM\Cat_uro_kidney\Cat_uro_kidney_sel_20m\data\P188_OP152_2023_10_22_Experiment1\2023_10_22_12_28_41\_hypergui_1\spectrum_fromCSV1_(500.0-995.0)_masked_data_0_derivative.csv,kidney_sel,P188,2023_10_22_12_28_41,P188#2023_10_22_12_28_41#CSV1,csv_spectrum,2,train
\\ces-tp3\OE0645-data-uro\TIVITA_Cat\Cat_Pig_UMM\Cat_uro_kidney\Cat_uro_kidney_sel_20m\data\P188_OP152_2023_10_22_Experiment1\2023_10_22_12_28_41\_hypergui_1\spectrum_fromCSV5_(500.0-995.0)_masked_data_0_derivative.csv,kidney_sel,P188,2023_10_22_12_28_41,P188#2023_10_22_12_28_41#CSV5,csv_spectrum,2,train
\\ces-tp3\OE0645-data-uro\TIVITA_Cat\Cat_Pig_UMM\Cat_uro_kidney\Cat_uro_kidney_sel_20m\data\P188_OP152_2023_10_22_Experiment1\2023_10_22_12_28_41\_hypergui_2\spectrum_fromCSV1_(500.0-995.0)_masked_data_0_derivative.csv,kidney_sel,P188,2023_10_22_12_28_41,P188#2023_10_22_12_28_41#CSV1,csv_spectrum,2,train
\\ces-tp3\OE0645-data-uro\TIVITA_Cat\Cat_Pig_UMM\Cat_uro_kidney\Cat_uro_kidney_sel_20m\data\P188_OP152_2023_10_22_Experiment1\2023_10_22_12_28_41\_hypergui_2\spectrum_fromCSV5_(500.0-995.0)_masked_data_0_derivative.csv,kidney_sel,P188,2023_10_22_12_28_41,P188#2023_10_22_12_28_41#CSV5,csv_spectrum,2,train
\\ces-tp3\OE0645-data-uro\TIVITA_Cat\Cat_Pig_UMM\Cat_uro_kidney\Cat_uro_kidney_sel_20m\data\P191_OP155_2023_10_28_Experiment1\2023_10_28_11_44_56\_hypergui_1\spectrum_fromCSV1_(500.0-995.0)_masked_data_0_derivative.csv,kidney_sel,P191,2023_10_28_11_44_56,P191#2023_10_28_11_44_56#CSV1,csv_spectrum,2,train
\\ces-tp3\OE0645-data-uro\TIVITA_Cat\Cat_Pig_UMM\Cat_uro_kidney\Cat_uro_kidney_sel_20m\data\P191_OP155_2023_10_28_Experiment1\2023_10_28_11_44_56\_hypergui_1\spectrum_fromCSV5_(500.0-995.0)_masked_data_0_derivative.csv,kidney_sel,P191,2023_10_28_11_44_56,P191#2023_10_28_11_44_56#CSV5,csv_spectrum,2,train
\\ces-tp3\OE0645-data-uro\TIVITA_Cat\Cat_Pig_UMM\Cat_uro_kidney\Cat_uro_kidney_sel_20m\data\P191_OP155_2023_10_28_Experiment1\2023_10_28_11_44_56\_hypergui_2\spectrum_fromCSV1_(500.0-995.0)_masked_data_0_derivative.csv,kidney_sel,P191,2023_10_28_11_44_56,P191#2023_10_28_11_44_56#CSV1,csv_spectrum,2,train
\\ces-tp3\OE0645-data-uro\TIVITA_Cat\Cat_Pig_UMM\Cat_uro_kidney\Cat_uro_kidney_sel_20m\data\P191_OP155_2023_10_28_Experiment1\2023_10_28_11_44_56\_hypergui_2\spectrum_fromCSV5_(500.0-995.0)_masked_data_0_derivative.csv,kidney_sel,P191,2023_10_28_11_44_56,P191#2023_10_28_11_44_56#CSV5,csv_spectrum,2,train
\\ces-tp3\OE0645-data-uro\TIVITA_Cat\Cat_Pig_UMM\Cat_uro_kidney\Cat_uro_kidney_sel_20m\data\P191_OP155_2023_10_28_Experiment1\2023_10_28_11_46_56\_hypergui_1\spectrum_fromCSV1_(500.0-995.0)_masked_data_0_derivative.csv,kidney_sel,P191,2023_10_28_11_46_56,P191#2023_10_28_11_46_56#CSV1,csv_spectrum,2,train
\\ces-tp3\OE0645-data-uro\TIVITA_Cat\Cat_Pig_UMM\Cat_uro_kidney\Cat_uro_kidney_sel_20m\data\P191_OP155_2023_10_28_Experiment1\2023_10_28_11_46_56\_hypergui_1\spectrum_fromCSV5_(500.0-995.0)_masked_data_0_derivative.csv,kidney_sel,P191,2023_10_28_11_46_56,P191#2023_10_28_11_46_56#CSV5,csv_spectrum,2,train
\\ces-tp3\OE0645-data-uro\TIVITA_Cat\Cat_Pig_UMM\Cat_uro_kidney\Cat_uro_kidney_sel_20m\data\P191_OP155_2023_10_28_Experiment1\2023_10_28_11_46_56\_hypergui_2\spectrum_fromCSV1_(500.0-995.0)_masked_data_0_derivative.csv,kidney_sel,P191,2023_10_28_11_46_56,P191#2023_10_28_11_46_56#CSV1,csv_spectrum,2,train
\\ces-tp3\OE0645-data-uro\TIVITA_Cat\Cat_Pig_UMM\Cat_uro_kidney\Cat_uro_kidney_sel_20m\data\P191_OP155_2023_10_28_Experiment1\2023_10_28_11_46_56\_hypergui_2\spectrum_fromCSV5_(500.0-995.0)_masked_data_0_derivative.csv,kidney_sel,P191,2023_10_28_11_46_56,P191#2023_10_28_11_46_56#CSV5,csv_spectrum,2,train
\\ces-tp3\OE0645-data-uro\TIVITA_Cat\Cat_Pig_UMM\Cat_uro_kidney\Cat_uro_kidney_sel_20m\data\P191_OP155_2023_10_28_Experiment1\2023_10_28_11_48_56\_hypergui_1\spectrum_fromCSV1_(500.0-995.0)_masked_data_0_derivative.csv,kidney_sel,P191,2023_10_28_11_48_56,P191#2023_10_28_11_48_56#CSV1,csv_spectrum,2,train
\\ces-tp3\OE0645-data-uro\TIVITA_Cat\Cat_Pig_UMM\Cat_uro_kidney\Cat_uro_kidney_sel_20m\data\P191_OP155_2023_10_28_Experiment1\2023_10_28_11_48_56\_hypergui_1\spectrum_fromCSV5_(500.0-995.0)_masked_data_0_derivative.csv,kidney_sel,P191,2023_10_28_11_48_56,P191#2023_10_28_11_48_56#CSV5,csv_spectrum,2,train
\\ces-tp3\OE0645-data-uro\TIVITA_Cat\Cat_Pig_UMM\Cat_uro_kidney\Cat_uro_kidney_sel_20m\data\P191_OP155_2023_10_28_Experiment1\2023_10_28_11_48_56\_hypergui_2\spectrum_fromCSV1_(500.0-995.0)_masked_data_0_derivative.csv,kidney_sel,P191,2023_10_28_11_48_56,P191#2023_10_28_11_48_56#CSV1,csv_spectrum,2,train
\\ces-tp3\OE0645-data-uro\TIVITA_Cat\Cat_Pig_UMM\Cat_uro_kidney\Cat_uro_kidney_sel_20m\data\P191_OP155_2023_10_28_Experiment1\2023_10_28_11_48_56\_hypergui_2\spectrum_fromCSV5_(500.0-995.0)_masked_data_0_derivative.csv,kidney_sel,P191,2023_10_28_11_48_56,P191#2023_10_28_11_48_56#CSV5,csv_spectrum,2,train
\\ces-tp3\OE0645-data-uro\TIVITA_Cat\Cat_Pig_UMM\Cat_uro_kidney\Cat_uro_kidney_sel_20m\data\P192_OP156_2023_10_29_Experiment1\2023_10_29_12_11_43\_hypergui_1\spectrum_fromCSV1_(500.0-995.0)_masked_data_0_derivative.csv,kidney_sel,P192,2023_10_29_12_11_43,P192#2023_10_29_12_11_43#CSV1,csv_spectrum,2,train
\\ces-tp3\OE0645-data-uro\TIVITA_Cat\Cat_Pig_UMM\Cat_uro_kidney\Cat_uro_kidney_sel_20m\data\P192_OP156_2023_10_29_Experiment1\2023_10_29_12_11_43\_hypergui_1\spectrum_fromCSV5_(500.0-995.0)_masked_data_0_derivative.csv,kidney_sel,P192,2023_10_29_12_11_43,P192#2023_10_29_12_11_43#CSV5,csv_spectrum,2,train
\\ces-tp3\OE0645-data-uro\TIVITA_Cat\Cat_Pig_UMM\Cat_uro_kidney\Cat_uro_kidney_sel_20m\data\P192_OP156_2023_10_29_Experiment1\2023_10_29_12_11_43\_hypergui_2\spectrum_fromCSV1_(500.0-995.0)_masked_data_0_derivative.csv,kidney_sel,P192,2023_10_29_12_11_43,P192#2023_10_29_12_11_43#CSV1,csv_spectrum,2,train
\\ces-tp3\OE0645-data-uro\TIVITA_Cat\Cat_Pig_UMM\Cat_uro_kidney\Cat_uro_kidney_sel_20m\data\P192_OP156_2023_10_29_Experiment1\2023_10_29_12_11_43\_hypergui_2\spectrum_fromCSV5_(500.0-995.0)_masked_data_0_derivative.csv,kidney_sel,P192,2023_10_29_12_11_43,P192#2023_10_29_12_11_43#CSV5,csv_spectrum,2,train
\\ces-tp3\OE0645-data-uro\TIVITA_Cat\Cat_Pig_UMM\Cat_uro_kidney\Cat_uro_kidney_sel_20m\data\P192_OP156_2023_10_29_Experiment1\2023_10_29_12_13_43\_hypergui_1\spectrum_fromCSV1_(500.0-995.0)_masked_data_0_derivative.csv,kidney_sel,P192,2023_10_29_12_13_43,P192#2023_10_29_12_13_43#CSV1,csv_spectrum,2,train
\\ces-tp3\OE0645-data-uro\TIVITA_Cat\Cat_Pig_UMM\Cat_uro_kidney\Cat_uro_kidney_sel_20m\data\P192_OP156_2023_10_29_Experiment1\2023_10_29_12_13_43\_hypergui_1\spectrum_fromCSV5_(500.0-995.0)_masked_data_0_derivative.csv,kidney_sel,P192,2023_10_29_12_13_43,P192#2023_10_29_12_13_43#CSV5,csv_spectrum,2,train
\\ces-tp3\OE0645-data-uro\TIVITA_Cat\Cat_Pig_UMM\Cat_uro_kidney\Cat_uro_kidney_sel_20m\data\P192_OP156_2023_10_29_Experiment1\2023_10_29_12_13_43\_hypergui_2\spectrum_fromCSV1_(500.0-995.0)_masked_data_0_derivative.csv,kidney_sel,P192,2023_10_29_12_13_43,P192#2023_10_29_12_13_43#CSV1,csv_spectrum,2,train
\\ces-tp3\OE0645-data-uro\TIVITA_Cat\Cat_Pig_UMM\Cat_uro_kidney\Cat_uro_kidney_sel_20m\data\P192_OP156_2023_10_29_Experiment1\2023_10_29_12_13_43\_hypergui_2\spectrum_fromCSV5_(500.0-995.0)_masked_data_0_derivative.csv,kidney_sel,P192,2023_10_29_12_13_43,P192#2023_10_29_12_13_43#CSV5,csv_spectrum,2,train
\\ces-tp3\OE0645-data-uro\TIVITA_Cat\Cat_Pig_UMM\Cat_uro_kidney\Cat_uro_kidney_sel_20m\data\P192_OP156_2023_10_29_Experiment1\2023_10_29_12_15_43\_hypergui_1\spectrum_fromCSV1_(500.0-995.0)_masked_data_0_derivative.csv,kidney_sel,P192,2023_10_29_12_15_43,P192#2023_10_29_12_15_43#CSV1,csv_spectrum,2,train
\\ces-tp3\OE0645-data-uro\TIVITA_Cat\Cat_Pig_UMM\Cat_uro_kidney\Cat_uro_kidney_sel_20m\data\P192_OP156_2023_10_29_Experiment1\2023_10_29_12_15_43\_hypergui_1\spectrum_fromCSV5_(500.0-995.0)_masked_data_0_derivative.csv,kidney_sel,P192,2023_10_29_12_15_43,P192#2023_10_29_12_15_43#CSV5,csv_spectrum,2,train
\\ces-tp3\OE0645-data-uro\TIVITA_Cat\Cat_Pig_UMM\Cat_uro_kidney\Cat_uro_kidney_sel_20m\data\P192_OP156_2023_10_29_Experiment1\2023_10_29_12_15_43\_hypergui_2\spectrum_fromCSV1_(500.0-995.0)_masked_data_0_derivative.csv,kidney_sel,P192,2023_10_29_12_15_43,P192#2023_10_29_12_15_43#CSV1,csv_spectrum,2,train
\\ces-tp3\OE0645-data-uro\TIVITA_Cat\Cat_Pig_UMM\Cat_uro_kidney\Cat_uro_kidney_sel_20m\data\P192_OP156_2023_10_29_Experiment1\2023_10_29_12_15_43\_hypergui_2\spectrum_fromCSV5_(500.0-995.0)_masked_data_0_derivative.csv,kidney_sel,P192,2023_10_29_12_15_43,P192#2023_10_29_12_15_43#CSV5,csv_spectrum,2,train
\\ces-tp3\OE0645-data-uro\TIVITA_Cat\Cat_Pig_UMM\Cat_uro_kidney\Cat_uro_kidney_sel_20m\data\P192_OP156_2023_10_29_Experiment1\2023_10_29_12_17_43\_hypergui_1\spectrum_fromCSV1_(500.0-995.0)_masked_data_0_derivative.csv,kidney_sel,P192,2023_10_29_12_17_43,P192#2023_10_29_12_17_43#CSV1,csv_spectrum,2,train
\\ces-tp3\OE0645-data-uro\TIVITA_Cat\Cat_Pig_UMM\Cat_uro_kidney\Cat_uro_kidney_sel_20m\data\P192_OP156_2023_10_29_Experiment1\2023_10_29_12_17_43\_hypergui_1\spectrum_fromCSV5_(500.0-995.0)_masked_data_0_derivative.csv,kidney_sel,P192,2023_10_29_12_17_43,P192#2023_10_29_12_17_43#CSV5,csv_spectrum,2,train
\\ces-tp3\OE0645-data-uro\TIVITA_Cat\Cat_Pig_UMM\Cat_uro_kidney\Cat_uro_kidney_sel_20m\data\P192_OP156_2023_10_29_Experiment1\2023_10_29_12_17_43\_hypergui_2\spectrum_fromCSV1_(500.0-995.0)_masked_data_0_derivative.csv,kidney_sel,P192,2023_10_29_12_17_43,P192#2023_10_29_12_17_43#CSV1,csv_spectrum,2,train
\\ces-tp3\OE0645-data-uro\TIVITA_Cat\Cat_Pig_UMM\Cat_uro_kidney\Cat_uro_kidney_sel_20m\data\P192_OP156_2023_10_29_Experiment1\2023_10_29_12_17_43\_hypergui_2\spectrum_fromCSV5_(500.0-995.0)_masked_data_0_derivative.csv,kidney_sel,P192,2023_10_29_12_17_43,P192#2023_10_29_12_17_43#CSV5,csv_spectrum,2,train
\\ces-tp3\OE0645-data-uro\TIVITA_Cat\Cat_Pig_UMM\Cat_uro_kidney\Cat_uro_kidney_sel_20m\data\P193_OP157_2023_10_30_Experiment1\2023_10_30_11_39_11\_hypergui_1\spectrum_fromCSV1_(500.0-995.0)_masked_data_0_derivative.csv,kidney_sel,P193,2023_10_30_11_39_11,P193#2023_10_30_11_39_11#CSV1,csv_spectrum,2,train
\\ces-tp3\OE0645-data-uro\TIVITA_Cat\Cat_Pig_UMM\Cat_uro_kidney\Cat_uro_kidney_sel_20m\data\P193_OP157_2023_10_30_Experiment1\2023_10_30_11_39_11\_hypergui_1\spectrum_fromCSV5_(500.0-995.0)_masked_data_0_derivative.csv,kidney_sel,P193,2023_10_30_11_39_11,P193#2023_10_30_11_39_11#CSV5,csv_spectrum,2,train
\\ces-tp3\OE0645-data-uro\TIVITA_Cat\Cat_Pig_UMM\Cat_uro_kidney\Cat_uro_kidney_sel_20m\data\P193_OP157_2023_10_30_Experiment1\2023_10_30_11_39_11\_hypergui_2\spectrum_fromCSV1_(500.0-995.0)_masked_data_0_derivative.csv,kidney_sel,P193,2023_10_30_11_39_11,P193#2023_10_30_11_39_11#CSV1,csv_spectrum,2,train
\\ces-tp3\OE0645-data-uro\TIVITA_Cat\Cat_Pig_UMM\Cat_uro_kidney\Cat_uro_kidney_sel_20m\data\P193_OP157_2023_10_30_Experiment1\2023_10_30_11_39_11\_hypergui_2\spectrum_fromCSV5_(500.0-995.0)_masked_data_0_derivative.csv,kidney_sel,P193,2023_10_30_11_39_11,P193#2023_10_30_11_39_11#CSV5,csv_spectrum,2,train
\\ces-tp3\OE0645-data-uro\TIVITA_Cat\Cat_Pig_UMM\Cat_uro_kidney\Cat_uro_kidney_sel_20m\data\P193_OP157_2023_10_30_Experiment1\2023_10_30_11_41_11\_hypergui_1\spectrum_fromCSV1_(500.0-995.0)_masked_data_0_derivative.csv,kidney_sel,P193,2023_10_30_11_41_11,P193#2023_10_30_11_41_11#CSV1,csv_spectrum,2,train
\\ces-tp3\OE0645-data-uro\TIVITA_Cat\Cat_Pig_UMM\Cat_uro_kidney\Cat_uro_kidney_sel_20m\data\P193_OP157_2023_10_30_Experiment1\2023_10_30_11_41_11\_hypergui_1\spectrum_fromCSV5_(500.0-995.0)_masked_data_0_derivative.csv,kidney_sel,P193,2023_10_30_11_41_11,P193#2023_10_30_11_41_11#CSV5,csv_spectrum,2,train
\\ces-tp3\OE0645-data-uro\TIVITA_Cat\Cat_Pig_UMM\Cat_uro_kidney\Cat_uro_kidney_sel_20m\data\P193_OP157_2023_10_30_Experiment1\2023_10_30_11_41_11\_hypergui_2\spectrum_fromCSV1_(500.0-995.0)_masked_data_0_derivative.csv,kidney_sel,P193,2023_10_30_11_41_11,P193#2023_10_30_11_41_11#CSV1,csv_spectrum,2,train
\\ces-tp3\OE0645-data-uro\TIVITA_Cat\Cat_Pig_UMM\Cat_uro_kidney\Cat_uro_kidney_sel_20m\data\P193_OP157_2023_10_30_Experiment1\2023_10_30_11_41_11\_hypergui_2\spectrum_fromCSV5_(500.0-995.0)_masked_data_0_derivative.csv,kidney_sel,P193,2023_10_30_11_41_11,P193#2023_10_30_11_41_11#CSV5,csv_spectrum,2,train
\\ces-tp3\OE0645-data-uro\TIVITA_Cat\Cat_Pig_UMM\Cat_uro_kidney\Cat_uro_kidney_sel_20m\data\P193_OP157_2023_10_30_Experiment1\2023_10_30_11_43_11\_hypergui_1\spectrum_fromCSV1_(500.0-995.0)_masked_data_0_derivative.csv,kidney_sel,P193,2023_10_30_11_43_11,P193#2023_10_30_11_43_11#CSV1,csv_spectrum,2,train
\\ces-tp3\OE0645-data-uro\TIVITA_Cat\Cat_Pig_UMM\Cat_uro_kidney\Cat_uro_kidney_sel_20m\data\P193_OP157_2023_10_30_Experiment1\2023_10_30_11_43_11\_hypergui_1\spectrum_fromCSV5_(500.0-995.0)_masked_data_0_derivative.csv,kidney_sel,P193,2023_10_30_11_43_11,P193#2023_10_30_11_43_11#CSV5,csv_spectrum,2,train
\\ces-tp3\OE0645-data-uro\TIVITA_Cat\Cat_Pig_UMM\Cat_uro_kidney\Cat_uro_kidney_sel_20m\data\P193_OP157_2023_10_30_Experiment1\2023_10_30_11_43_11\_hypergui_2\spectrum_fromCSV1_(500.0-995.0)_masked_data_0_derivative.csv,kidney_sel,P193,2023_10_30_11_43_11,P193#2023_10_30_11_43_11#CSV1,csv_spectrum,2,train
\\ces-tp3\OE0645-data-uro\TIVITA_Cat\Cat_Pig_UMM\Cat_uro_kidney\Cat_uro_kidney_sel_20m\data\P193_OP157_2023_10_30_Experiment1\2023_10_30_11_43_11\_hypergui_2\spectrum_fromCSV5_(500.0-995.0)_masked_data_0_derivative.csv,kidney_sel,P193,2023_10_30_11_43_11,P193#2023_10_30_11_43_11#CSV5,csv_spectrum,2,train
\\ces-tp3\OE0645-data-uro\TIVITA_Cat\Cat_Pig_UMM\Cat_uro_kidney\Cat_uro_kidney_sel_2m\data\P161_OP125_2023_07_05_Experiment1\2023_07_05_11_09_57\_hypergui_1\spectrum_fromCSV1_(500.0-995.0)_masked_data_0_derivative.csv,kidney_sel,P161,2023_07_05_11_09_57,P161#2023_07_05_11_09_57#CSV1,csv_spectrum,2,train
\\ces-tp3\OE0645-data-uro\TIVITA_Cat\Cat_Pig_UMM\Cat_uro_kidney\Cat_uro_kidney_sel_2m\data\P161_OP125_2023_07_05_Experiment1\2023_07_05_11_09_57\_hypergui_1\spectrum_fromCSV5_(500.0-995.0)_masked_data_0_derivative.csv,kidney_sel,P161,2023_07_05_11_09_57,P161#2023_07_05_11_09_57#CSV5,csv_spectrum,2,train
\\ces-tp3\OE0645-data-uro\TIVITA_Cat\Cat_Pig_UMM\Cat_uro_kidney\Cat_uro_kidney_sel_2m\data\P161_OP125_2023_07_05_Experiment1\2023_07_05_11_09_57\_hypergui_2\spectrum_fromCSV1_(500.0-995.0)_masked_data_0_derivative.csv,kidney_sel,P161,2023_07_05_11_09_57,P161#2023_07_05_11_09_57#CSV1,csv_spectrum,2,train
\\ces-tp3\OE0645-data-uro\TIVITA_Cat\Cat_Pig_UMM\Cat_uro_kidney\Cat_uro_kidney_sel_2m\data\P161_OP125_2023_07_05_Experiment1\2023_07_05_11_09_57\_hypergui_2\spectrum_fromCSV5_(500.0-995.0)_masked_data_0_derivative.csv,kidney_sel,P161,2023_07_05_11_09_57,P161#2023_07_05_11_09_57#CSV5,csv_spectrum,2,train
\\ces-tp3\OE0645-data-uro\TIVITA_Cat\Cat_Pig_UMM\Cat_uro_kidney\Cat_uro_kidney_sel_2m\data\P161_OP125_2023_07_05_Experiment1\2023_07_05_11_10_27\_hypergui_1\spectrum_fromCSV1_(500.0-995.0)_masked_data_0_derivative.csv,kidney_sel,P161,2023_07_05_11_10_27,P161#2023_07_05_11_10_27#CSV1,csv_spectrum,2,train
\\ces-tp3\OE0645-data-uro\TIVITA_Cat\Cat_Pig_UMM\Cat_uro_kidney\Cat_uro_kidney_sel_2m\data\P161_OP125_2023_07_05_Experiment1\2023_07_05_11_10_27\_hypergui_1\spectrum_fromCSV5_(500.0-995.0)_masked_data_0_derivative.csv,kidney_sel,P161,2023_07_05_11_10_27,P161#2023_07_05_11_10_27#CSV5,csv_spectrum,2,train
\\ces-tp3\OE0645-data-uro\TIVITA_Cat\Cat_Pig_UMM\Cat_uro_kidney\Cat_uro_kidney_sel_2m\data\P161_OP125_2023_07_05_Experiment1\2023_07_05_11_10_27\_hypergui_2\spectrum_fromCSV1_(500.0-995.0)_masked_data_0_derivative.csv,kidney_sel,P161,2023_07_05_11_10_27,P161#2023_07_05_11_10_27#CSV1,csv_spectrum,2,train
\\ces-tp3\OE0645-data-uro\TIVITA_Cat\Cat_Pig_UMM\Cat_uro_kidney\Cat_uro_kidney_sel_2m\data\P161_OP125_2023_07_05_Experiment1\2023_07_05_11_10_27\_hypergui_2\spectrum_fromCSV5_(500.0-995.0)_masked_data_0_derivative.csv,kidney_sel,P161,2023_07_05_11_10_27,P161#2023_07_05_11_10_27#CSV5,csv_spectrum,2,train
\\ces-tp3\OE0645-data-uro\TIVITA_Cat\Cat_Pig_UMM\Cat_uro_kidney\Cat_uro_kidney_sel_2m\data\P161_OP125_2023_07_05_Experiment1\2023_07_05_11_10_58\_hypergui_1\spectrum_fromCSV1_(500.0-995.0)_masked_data_0_derivative.csv,kidney_sel,P161,2023_07_05_11_10_58,P161#2023_07_05_11_10_58#CSV1,csv_spectrum,2,train
\\ces-tp3\OE0645-data-uro\TIVITA_Cat\Cat_Pig_UMM\Cat_uro_kidney\Cat_uro_kidney_sel_2m\data\P161_OP125_2023_07_05_Experiment1\2023_07_05_11_10_58\_hypergui_1\spectrum_fromCSV5_(500.0-995.0)_masked_data_0_derivative.csv,kidney_sel,P161,2023_07_05_11_10_58,P161#2023_07_05_11_10_58#CSV5,csv_spectrum,2,train
\\ces-tp3\OE0645-data-uro\TIVITA_Cat\Cat_Pig_UMM\Cat_uro_kidney\Cat_uro_kidney_sel_2m\data\P161_OP125_2023_07_05_Experiment1\2023_07_05_11_10_58\_hypergui_2\spectrum_fromCSV1_(500.0-995.0)_masked_data_0_derivative.csv,kidney_sel,P161,2023_07_05_11_10_58,P161#2023_07_05_11_10_58#CSV1,csv_spectrum,2,train
\\ces-tp3\OE0645-data-uro\TIVITA_Cat\Cat_Pig_UMM\Cat_uro_kidney\Cat_uro_kidney_sel_2m\data\P161_OP125_2023_07_05_Experiment1\2023_07_05_11_10_58\_hypergui_2\spectrum_fromCSV5_(500.0-995.0)_masked_data_0_derivative.csv,kidney_sel,P161,2023_07_05_11_10_58,P161#2023_07_05_11_10_58#CSV5,csv_spectrum,2,train
\\ces-tp3\OE0645-data-uro\TIVITA_Cat\Cat_Pig_UMM\Cat_uro_kidney\Cat_uro_kidney_sel_2m\data\P162_OP126_2023_07_06_Experiment1\2023_07_06_12_39_22\_hypergui_1\spectrum_fromCSV1_(500.0-995.0)_masked_data_0_derivative.csv,kidney_sel,P162,2023_07_06_12_39_22,P162#2023_07_06_12_39_22#CSV1,csv_spectrum,2,train
\\ces-tp3\OE0645-data-uro\TIVITA_Cat\Cat_Pig_UMM\Cat_uro_kidney\Cat_uro_kidney_sel_2m\data\P162_OP126_2023_07_06_Experiment1\2023_07_06_12_39_22\_hypergui_1\spectrum_fromCSV5_(500.0-995.0)_masked_data_0_derivative.csv,kidney_sel,P162,2023_07_06_12_39_22,P162#2023_07_06_12_39_22#CSV5,csv_spectrum,2,train
\\ces-tp3\OE0645-data-uro\TIVITA_Cat\Cat_Pig_UMM\Cat_uro_kidney\Cat_uro_kidney_sel_2m\data\P162_OP126_2023_07_06_Experiment1\2023_07_06_12_39_22\_hypergui_2\spectrum_fromCSV1_(500.0-995.0)_masked_data_0_derivative.csv,kidney_sel,P162,2023_07_06_12_39_22,P162#2023_07_06_12_39_22#CSV1,csv_spectrum,2,train
\\ces-tp3\OE0645-data-uro\TIVITA_Cat\Cat_Pig_UMM\Cat_uro_kidney\Cat_uro_kidney_sel_2m\data\P162_OP126_2023_07_06_Experiment1\2023_07_06_12_39_22\_hypergui_2\spectrum_fromCSV5_(500.0-995.0)_masked_data_0_derivative.csv,kidney_sel,P162,2023_07_06_12_39_22,P162#2023_07_06_12_39_22#CSV5,csv_spectrum,2,train
\\ces-tp3\OE0645-data-uro\TIVITA_Cat\Cat_Pig_UMM\Cat_uro_kidney\Cat_uro_kidney_sel_2m\data\P162_OP126_2023_07_06_Experiment1\2023_07_06_12_39_52\_hypergui_1\spectrum_fromCSV1_(500.0-995.0)_masked_data_0_derivative.csv,kidney_sel,P162,2023_07_06_12_39_52,P162#2023_07_06_12_39_52#CSV1,csv_spectrum,2,train
\\ces-tp3\OE0645-data-uro\TIVITA_Cat\Cat_Pig_UMM\Cat_uro_kidney\Cat_uro_kidney_sel_2m\data\P162_OP126_2023_07_06_Experiment1\2023_07_06_12_39_52\_hypergui_1\spectrum_fromCSV5_(500.0-995.0)_masked_data_0_derivative.csv,kidney_sel,P162,2023_07_06_12_39_52,P162#2023_07_06_12_39_52#CSV5,csv_spectrum,2,train
\\ces-tp3\OE0645-data-uro\TIVITA_Cat\Cat_Pig_UMM\Cat_uro_kidney\Cat_uro_kidney_sel_2m\data\P162_OP126_2023_07_06_Experiment1\2023_07_06_12_39_52\_hypergui_2\spectrum_fromCSV1_(500.0-995.0)_masked_data_0_derivative.csv,kidney_sel,P162,2023_07_06_12_39_52,P162#2023_07_06_12_39_52#CSV1,csv_spectrum,2,train
\\ces-tp3\OE0645-data-uro\TIVITA_Cat\Cat_Pig_UMM\Cat_uro_kidney\Cat_uro_kidney_sel_2m\data\P162_OP126_2023_07_06_Experiment1\2023_07_06_12_39_52\_hypergui_2\spectrum_fromCSV5_(500.0-995.0)_masked_data_0_derivative.csv,kidney_sel,P162,2023_07_06_12_39_52,P162#2023_07_06_12_39_52#CSV5,csv_spectrum,2,train
\\ces-tp3\OE0645-data-uro\TIVITA_Cat\Cat_Pig_UMM\Cat_uro_kidney\Cat_uro_kidney_sel_2m\data\P162_OP126_2023_07_06_Experiment1\2023_07_06_12_40_22\_hypergui_1\spectrum_fromCSV1_(500.0-995.0)_masked_data_0_derivative.csv,kidney_sel,P162,2023_07_06_12_40_22,P162#2023_07_06_12_40_22#CSV1,csv_spectrum,2,train
\\ces-tp3\OE0645-data-uro\TIVITA_Cat\Cat_Pig_UMM\Cat_uro_kidney\Cat_uro_kidney_sel_2m\data\P162_OP126_2023_07_06_Experiment1\2023_07_06_12_40_22\_hypergui_1\spectrum_fromCSV5_(500.0-995.0)_masked_data_0_derivative.csv,kidney_sel,P162,2023_07_06_12_40_22,P162#2023_07_06_12_40_22#CSV5,csv_spectrum,2,train
\\ces-tp3\OE0645-data-uro\TIVITA_Cat\Cat_Pig_UMM\Cat_uro_kidney\Cat_uro_kidney_sel_2m\data\P162_OP126_2023_07_06_Experiment1\2023_07_06_12_40_22\_hypergui_2\spectrum_fromCSV1_(500.0-995.0)_masked_data_0_derivative.csv,kidney_sel,P162,2023_07_06_12_40_22,P162#2023_07_06_12_40_22#CSV1,csv_spectrum,2,train
\\ces-tp3\OE0645-data-uro\TIVITA_Cat\Cat_Pig_UMM\Cat_uro_kidney\Cat_uro_kidney_sel_2m\data\P162_OP126_2023_07_06_Experiment1\2023_07_06_12_40_22\_hypergui_2\spectrum_fromCSV5_(500.0-995.0)_masked_data_0_derivative.csv,kidney_sel,P162,2023_07_06_12_40_22,P162#2023_07_06_12_40_22#CSV5,csv_spectrum,2,train
\\ces-tp3\OE0645-data-uro\TIVITA_Cat\Cat_Pig_UMM\Cat_uro_kidney\Cat_uro_kidney_sel_2m\data\P162_OP126_2023_07_06_Experiment1\2023_07_06_12_40_52\_hypergui_1\spectrum_fromCSV1_(500.0-995.0)_masked_data_0_derivative.csv,kidney_sel,P162,2023_07_06_12_40_52,P162#2023_07_06_12_40_52#CSV1,csv_spectrum,2,train
\\ces-tp3\OE0645-data-uro\TIVITA_Cat\Cat_Pig_UMM\Cat_uro_kidney\Cat_uro_kidney_sel_2m\data\P162_OP126_2023_07_06_Experiment1\2023_07_06_12_40_52\_hypergui_1\spectrum_fromCSV5_(500.0-995.0)_masked_data_0_derivative.csv,kidney_sel,P162,2023_07_06_12_40_52,P162#2023_07_06_12_40_52#CSV5,csv_spectrum,2,train
\\ces-tp3\OE0645-data-uro\TIVITA_Cat\Cat_Pig_UMM\Cat_uro_kidney\Cat_uro_kidney_sel_2m\data\P162_OP126_2023_07_06_Experiment1\2023_07_06_12_40_52\_hypergui_2\spectrum_fromCSV1_(500.0-995.0)_masked_data_0_derivative.csv,kidney_sel,P162,2023_07_06_12_40_52,P162#2023_07_06_12_40_52#CSV1,csv_spectrum,2,train
\\ces-tp3\OE0645-data-uro\TIVITA_Cat\Cat_Pig_UMM\Cat_uro_kidney\Cat_uro_kidney_sel_2m\data\P162_OP126_2023_07_06_Experiment1\2023_07_06_12_40_52\_hypergui_2\spectrum_fromCSV5_(500.0-995.0)_masked_data_0_derivative.csv,kidney_sel,P162,2023_07_06_12_40_52,P162#2023_07_06_12_40_52#CSV5,csv_spectrum,2,train
\\ces-tp3\OE0645-data-uro\TIVITA_Cat\Cat_Pig_UMM\Cat_uro_kidney\Cat_uro_kidney_sel_2m\data\P165_OP129_2023_08_16_Experiment1\2023_08_16_12_10_11\_hypergui_1\spectrum_fromCSV1_(500.0-995.0)_masked_data_0_derivative.csv,kidney_sel,P165,2023_08_16_12_10_11,P165#2023_08_16_12_10_11#CSV1,csv_spectrum,2,train
\\ces-tp3\OE0645-data-uro\TIVITA_Cat\Cat_Pig_UMM\Cat_uro_kidney\Cat_uro_kidney_sel_2m\data\P165_OP129_2023_08_16_Experiment1\2023_08_16_12_10_11\_hypergui_1\spectrum_fromCSV5_(500.0-995.0)_masked_data_0_derivative.csv,kidney_sel,P165,2023_08_16_12_10_11,P165#2023_08_16_12_10_11#CSV5,csv_spectrum,2,train
\\ces-tp3\OE0645-data-uro\TIVITA_Cat\Cat_Pig_UMM\Cat_uro_kidney\Cat_uro_kidney_sel_2m\data\P165_OP129_2023_08_16_Experiment1\2023_08_16_12_10_11\_hypergui_2\spectrum_fromCSV1_(500.0-995.0)_masked_data_0_derivative.csv,kidney_sel,P165,2023_08_16_12_10_11,P165#2023_08_16_12_10_11#CSV1,csv_spectrum,2,train
\\ces-tp3\OE0645-data-uro\TIVITA_Cat\Cat_Pig_UMM\Cat_uro_kidney\Cat_uro_kidney_sel_2m\data\P165_OP129_2023_08_16_Experiment1\2023_08_16_12_10_11\_hypergui_2\spectrum_fromCSV5_(500.0-995.0)_masked_data_0_derivative.csv,kidney_sel,P165,2023_08_16_12_10_11,P165#2023_08_16_12_10_11#CSV5,csv_spectrum,2,train
\\ces-tp3\OE0645-data-uro\TIVITA_Cat\Cat_Pig_UMM\Cat_uro_kidney\Cat_uro_kidney_sel_2m\data\P165_OP129_2023_08_16_Experiment1\2023_08_16_12_11_11\_hypergui_1\spectrum_fromCSV1_(500.0-995.0)_masked_data_0_derivative.csv,kidney_sel,P165,2023_08_16_12_11_11,P165#2023_08_16_12_11_11#CSV1,csv_spectrum,2,train
\\ces-tp3\OE0645-data-uro\TIVITA_Cat\Cat_Pig_UMM\Cat_uro_kidney\Cat_uro_kidney_sel_2m\data\P165_OP129_2023_08_16_Experiment1\2023_08_16_12_11_11\_hypergui_1\spectrum_fromCSV5_(500.0-995.0)_masked_data_0_derivative.csv,kidney_sel,P165,2023_08_16_12_11_11,P165#2023_08_16_12_11_11#CSV5,csv_spectrum,2,train
\\ces-tp3\OE0645-data-uro\TIVITA_Cat\Cat_Pig_UMM\Cat_uro_kidney\Cat_uro_kidney_sel_2m\data\P165_OP129_2023_08_16_Experiment1\2023_08_16_12_11_11\_hypergui_2\spectrum_fromCSV1_(500.0-995.0)_masked_data_0_derivative.csv,kidney_sel,P165,2023_08_16_12_11_11,P165#2023_08_16_12_11_11#CSV1,csv_spectrum,2,train
\\ces-tp3\OE0645-data-uro\TIVITA_Cat\Cat_Pig_UMM\Cat_uro_kidney\Cat_uro_kidney_sel_2m\data\P165_OP129_2023_08_16_Experiment1\2023_08_16_12_11_11\_hypergui_2\spectrum_fromCSV5_(500.0-995.0)_masked_data_0_derivative.csv,kidney_sel,P165,2023_08_16_12_11_11,P165#2023_08_16_12_11_11#CSV5,csv_spectrum,2,train
\\ces-tp3\OE0645-data-uro\TIVITA_Cat\Cat_Pig_UMM\Cat_uro_kidney\Cat_uro_kidney_sel_2m\data\P166_OP130_2023_08_17_Experiment1\2023_08_17_11_38_43\_hypergui_1\spectrum_fromCSV1_(500.0-995.0)_masked_data_0_derivative.csv,kidney_sel,P166,2023_08_17_11_38_43,P166#2023_08_17_11_38_43#CSV1,csv_spectrum,2,train
\\ces-tp3\OE0645-data-uro\TIVITA_Cat\Cat_Pig_UMM\Cat_uro_kidney\Cat_uro_kidney_sel_2m\data\P166_OP130_2023_08_17_Experiment1\2023_08_17_11_38_43\_hypergui_1\spectrum_fromCSV5_(500.0-995.0)_masked_data_0_derivative.csv,kidney_sel,P166,2023_08_17_11_38_43,P166#2023_08_17_11_38_43#CSV5,csv_spectrum,2,train
\\ces-tp3\OE0645-data-uro\TIVITA_Cat\Cat_Pig_UMM\Cat_uro_kidney\Cat_uro_kidney_sel_2m\data\P166_OP130_2023_08_17_Experiment1\2023_08_17_11_38_43\_hypergui_2\spectrum_fromCSV1_(500.0-995.0)_masked_data_0_derivative.csv,kidney_sel,P166,2023_08_17_11_38_43,P166#2023_08_17_11_38_43#CSV1,csv_spectrum,2,train
\\ces-tp3\OE0645-data-uro\TIVITA_Cat\Cat_Pig_UMM\Cat_uro_kidney\Cat_uro_kidney_sel_2m\data\P166_OP130_2023_08_17_Experiment1\2023_08_17_11_38_43\_hypergui_2\spectrum_fromCSV5_(500.0-995.0)_masked_data_0_derivative.csv,kidney_sel,P166,2023_08_17_11_38_43,P166#2023_08_17_11_38_43#CSV5,csv_spectrum,2,train
\\ces-tp3\OE0645-data-uro\TIVITA_Cat\Cat_Pig_UMM\Cat_uro_kidney\Cat_uro_kidney_sel_2m\data\P166_OP130_2023_08_17_Experiment1\2023_08_17_11_39_43\_hypergui_1\spectrum_fromCSV1_(500.0-995.0)_masked_data_0_derivative.csv,kidney_sel,P166,2023_08_17_11_39_43,P166#2023_08_17_11_39_43#CSV1,csv_spectrum,2,train
\\ces-tp3\OE0645-data-uro\TIVITA_Cat\Cat_Pig_UMM\Cat_uro_kidney\Cat_uro_kidney_sel_2m\data\P166_OP130_2023_08_17_Experiment1\2023_08_17_11_39_43\_hypergui_1\spectrum_fromCSV5_(500.0-995.0)_masked_data_0_derivative.csv,kidney_sel,P166,2023_08_17_11_39_43,P166#2023_08_17_11_39_43#CSV5,csv_spectrum,2,train
\\ces-tp3\OE0645-data-uro\TIVITA_Cat\Cat_Pig_UMM\Cat_uro_kidney\Cat_uro_kidney_sel_2m\data\P166_OP130_2023_08_17_Experiment1\2023_08_17_11_39_43\_hypergui_2\spectrum_fromCSV1_(500.0-995.0)_masked_data_0_derivative.csv,kidney_sel,P166,2023_08_17_11_39_43,P166#2023_08_17_11_39_43#CSV1,csv_spectrum,2,train
\\ces-tp3\OE0645-data-uro\TIVITA_Cat\Cat_Pig_UMM\Cat_uro_kidney\Cat_uro_kidney_sel_2m\data\P166_OP130_2023_08_17_Experiment1\2023_08_17_11_39_43\_hypergui_2\spectrum_fromCSV5_(500.0-995.0)_masked_data_0_derivative.csv,kidney_sel,P166,2023_08_17_11_39_43,P166#2023_08_17_11_39_43#CSV5,csv_spectrum,2,train
\\ces-tp3\OE0645-data-uro\TIVITA_Cat\Cat_Pig_UMM\Cat_uro_kidney\Cat_uro_kidney_sel_2m\data\P168_OP132_2023_08_23_Experiment1\2023_08_23_12_49_23\_hypergui_1\spectrum_fromCSV1_(500.0-995.0)_masked_data_0_derivative.csv,kidney_sel,P168,2023_08_23_12_49_23,P168#2023_08_23_12_49_23#CSV1,csv_spectrum,2,train
\\ces-tp3\OE0645-data-uro\TIVITA_Cat\Cat_Pig_UMM\Cat_uro_kidney\Cat_uro_kidney_sel_2m\data\P168_OP132_2023_08_23_Experiment1\2023_08_23_12_49_23\_hypergui_1\spectrum_fromCSV5_(500.0-995.0)_masked_data_0_derivative.csv,kidney_sel,P168,2023_08_23_12_49_23,P168#2023_08_23_12_49_23#CSV5,csv_spectrum,2,train
\\ces-tp3\OE0645-data-uro\TIVITA_Cat\Cat_Pig_UMM\Cat_uro_kidney\Cat_uro_kidney_sel_2m\data\P168_OP132_2023_08_23_Experiment1\2023_08_23_12_49_23\_hypergui_2\spectrum_fromCSV1_(500.0-995.0)_masked_data_0_derivative.csv,kidney_sel,P168,2023_08_23_12_49_23,P168#2023_08_23_12_49_23#CSV1,csv_spectrum,2,train
\\ces-tp3\OE0645-data-uro\TIVITA_Cat\Cat_Pig_UMM\Cat_uro_kidney\Cat_uro_kidney_sel_2m\data\P168_OP132_2023_08_23_Experiment1\2023_08_23_12_49_23\_hypergui_2\spectrum_fromCSV5_(500.0-995.0)_masked_data_0_derivative.csv,kidney_sel,P168,2023_08_23_12_49_23,P168#2023_08_23_12_49_23#CSV5,csv_spectrum,2,train
\\ces-tp3\OE0645-data-uro\TIVITA_Cat\Cat_Pig_UMM\Cat_uro_kidney\Cat_uro_kidney_sel_2m\data\P168_OP132_2023_08_23_Experiment1\2023_08_23_12_49_54\_hypergui_1\spectrum_fromCSV1_(500.0-995.0)_masked_data_0_derivative.csv,kidney_sel,P168,2023_08_23_12_49_54,P168#2023_08_23_12_49_54#CSV1,csv_spectrum,2,train
\\ces-tp3\OE0645-data-uro\TIVITA_Cat\Cat_Pig_UMM\Cat_uro_kidney\Cat_uro_kidney_sel_2m\data\P168_OP132_2023_08_23_Experiment1\2023_08_23_12_49_54\_hypergui_1\spectrum_fromCSV5_(500.0-995.0)_masked_data_0_derivative.csv,kidney_sel,P168,2023_08_23_12_49_54,P168#2023_08_23_12_49_54#CSV5,csv_spectrum,2,train
\\ces-tp3\OE0645-data-uro\TIVITA_Cat\Cat_Pig_UMM\Cat_uro_kidney\Cat_uro_kidney_sel_2m\data\P168_OP132_2023_08_23_Experiment1\2023_08_23_12_49_54\_hypergui_2\spectrum_fromCSV1_(500.0-995.0)_masked_data_0_derivative.csv,kidney_sel,P168,2023_08_23_12_49_54,P168#2023_08_23_12_49_54#CSV1,csv_spectrum,2,train
\\ces-tp3\OE0645-data-uro\TIVITA_Cat\Cat_Pig_UMM\Cat_uro_kidney\Cat_uro_kidney_sel_2m\data\P168_OP132_2023_08_23_Experiment1\2023_08_23_12_49_54\_hypergui_2\spectrum_fromCSV5_(500.0-995.0)_masked_data_0_derivative.csv,kidney_sel,P168,2023_08_23_12_49_54,P168#2023_08_23_12_49_54#CSV5,csv_spectrum,2,train
\\ces-tp3\OE0645-data-uro\TIVITA_Cat\Cat_Pig_UMM\Cat_uro_kidney\Cat_uro_kidney_sel_2m\data\P168_OP132_2023_08_23_Experiment1\2023_08_23_12_50_24\_hypergui_1\spectrum_fromCSV1_(500.0-995.0)_masked_data_0_derivative.csv,kidney_sel,P168,2023_08_23_12_50_24,P168#2023_08_23_12_50_24#CSV1,csv_spectrum,2,train
\\ces-tp3\OE0645-data-uro\TIVITA_Cat\Cat_Pig_UMM\Cat_uro_kidney\Cat_uro_kidney_sel_2m\data\P168_OP132_2023_08_23_Experiment1\2023_08_23_12_50_24\_hypergui_1\spectrum_fromCSV5_(500.0-995.0)_masked_data_0_derivative.csv,kidney_sel,P168,2023_08_23_12_50_24,P168#2023_08_23_12_50_24#CSV5,csv_spectrum,2,train
\\ces-tp3\OE0645-data-uro\TIVITA_Cat\Cat_Pig_UMM\Cat_uro_kidney\Cat_uro_kidney_sel_2m\data\P168_OP132_2023_08_23_Experiment1\2023_08_23_12_50_24\_hypergui_2\spectrum_fromCSV1_(500.0-995.0)_masked_data_0_derivative.csv,kidney_sel,P168,2023_08_23_12_50_24,P168#2023_08_23_12_50_24#CSV1,csv_spectrum,2,train
\\ces-tp3\OE0645-data-uro\TIVITA_Cat\Cat_Pig_UMM\Cat_uro_kidney\Cat_uro_kidney_sel_2m\data\P168_OP132_2023_08_23_Experiment1\2023_08_23_12_50_24\_hypergui_2\spectrum_fromCSV5_(500.0-995.0)_masked_data_0_derivative.csv,kidney_sel,P168,2023_08_23_12_50_24,P168#2023_08_23_12_50_24#CSV5,csv_spectrum,2,train
\\ces-tp3\OE0645-data-uro\TIVITA_Cat\Cat_Pig_UMM\Cat_uro_kidney\Cat_uro_kidney_sel_2m\data\P168_OP132_2023_08_23_Experiment1\2023_08_23_12_50_54\_hypergui_1\spectrum_fromCSV1_(500.0-995.0)_masked_data_0_derivative.csv,kidney_sel,P168,2023_08_23_12_50_54,P168#2023_08_23_12_50_54#CSV1,csv_spectrum,2,train
\\ces-tp3\OE0645-data-uro\TIVITA_Cat\Cat_Pig_UMM\Cat_uro_kidney\Cat_uro_kidney_sel_2m\data\P168_OP132_2023_08_23_Experiment1\2023_08_23_12_50_54\_hypergui_1\spectrum_fromCSV5_(500.0-995.0)_masked_data_0_derivative.csv,kidney_sel,P168,2023_08_23_12_50_54,P168#2023_08_23_12_50_54#CSV5,csv_spectrum,2,train
\\ces-tp3\OE0645-data-uro\TIVITA_Cat\Cat_Pig_UMM\Cat_uro_kidney\Cat_uro_kidney_sel_2m\data\P168_OP132_2023_08_23_Experiment1\2023_08_23_12_50_54\_hypergui_2\spectrum_fromCSV1_(500.0-995.0)_masked_data_0_derivative.csv,kidney_sel,P168,2023_08_23_12_50_54,P168#2023_08_23_12_50_54#CSV1,csv_spectrum,2,train
\\ces-tp3\OE0645-data-uro\TIVITA_Cat\Cat_Pig_UMM\Cat_uro_kidney\Cat_uro_kidney_sel_2m\data\P168_OP132_2023_08_23_Experiment1\2023_08_23_12_50_54\_hypergui_2\spectrum_fromCSV5_(500.0-995.0)_masked_data_0_derivative.csv,kidney_sel,P168,2023_08_23_12_50_54,P168#2023_08_23_12_50_54#CSV5,csv_spectrum,2,train
\\ces-tp3\OE0645-data-uro\TIVITA_Cat\Cat_Pig_UMM\Cat_uro_kidney\Cat_uro_kidney_sel_2m\data\P174_OP138_2023_09_21_Experiment1\2023_09_21_13_26_08\_hypergui_1\spectrum_fromCSV1_(500.0-995.0)_masked_data_0_derivative.csv,kidney_sel,P174,2023_09_21_13_26_08,P174#2023_09_21_13_26_08#CSV1,csv_spectrum,2,train
\\ces-tp3\OE0645-data-uro\TIVITA_Cat\Cat_Pig_UMM\Cat_uro_kidney\Cat_uro_kidney_sel_2m\data\P174_OP138_2023_09_21_Experiment1\2023_09_21_13_26_08\_hypergui_1\spectrum_fromCSV5_(500.0-995.0)_masked_data_0_derivative.csv,kidney_sel,P174,2023_09_21_13_26_08,P174#2023_09_21_13_26_08#CSV5,csv_spectrum,2,train
\\ces-tp3\OE0645-data-uro\TIVITA_Cat\Cat_Pig_UMM\Cat_uro_kidney\Cat_uro_kidney_sel_2m\data\P174_OP138_2023_09_21_Experiment1\2023_09_21_13_26_08\_hypergui_2\spectrum_fromCSV1_(500.0-995.0)_masked_data_0_derivative.csv,kidney_sel,P174,2023_09_21_13_26_08,P174#2023_09_21_13_26_08#CSV1,csv_spectrum,2,train
\\ces-tp3\OE0645-data-uro\TIVITA_Cat\Cat_Pig_UMM\Cat_uro_kidney\Cat_uro_kidney_sel_2m\data\P174_OP138_2023_09_21_Experiment1\2023_09_21_13_26_08\_hypergui_2\spectrum_fromCSV5_(500.0-995.0)_masked_data_0_derivative.csv,kidney_sel,P174,2023_09_21_13_26_08,P174#2023_09_21_13_26_08#CSV5,csv_spectrum,2,train
\\ces-tp3\OE0645-data-uro\TIVITA_Cat\Cat_Pig_UMM\Cat_uro_kidney\Cat_uro_kidney_sel_2m\data\P174_OP138_2023_09_21_Experiment1\2023_09_21_13_27_08\_hypergui_1\spectrum_fromCSV1_(500.0-995.0)_masked_data_0_derivative.csv,kidney_sel,P174,2023_09_21_13_27_08,P174#2023_09_21_13_27_08#CSV1,csv_spectrum,2,train
\\ces-tp3\OE0645-data-uro\TIVITA_Cat\Cat_Pig_UMM\Cat_uro_kidney\Cat_uro_kidney_sel_2m\data\P174_OP138_2023_09_21_Experiment1\2023_09_21_13_27_08\_hypergui_1\spectrum_fromCSV5_(500.0-995.0)_masked_data_0_derivative.csv,kidney_sel,P174,2023_09_21_13_27_08,P174#2023_09_21_13_27_08#CSV5,csv_spectrum,2,train
\\ces-tp3\OE0645-data-uro\TIVITA_Cat\Cat_Pig_UMM\Cat_uro_kidney\Cat_uro_kidney_sel_2m\data\P174_OP138_2023_09_21_Experiment1\2023_09_21_13_27_08\_hypergui_2\spectrum_fromCSV1_(500.0-995.0)_masked_data_0_derivative.csv,kidney_sel,P174,2023_09_21_13_27_08,P174#2023_09_21_13_27_08#CSV1,csv_spectrum,2,train
\\ces-tp3\OE0645-data-uro\TIVITA_Cat\Cat_Pig_UMM\Cat_uro_kidney\Cat_uro_kidney_sel_2m\data\P174_OP138_2023_09_21_Experiment1\2023_09_21_13_27_08\_hypergui_2\spectrum_fromCSV5_(500.0-995.0)_masked_data_0_derivative.csv,kidney_sel,P174,2023_09_21_13_27_08,P174#2023_09_21_13_27_08#CSV5,csv_spectrum,2,train
\\ces-tp3\OE0645-data-uro\TIVITA_Cat\Cat_Pig_UMM\Cat_uro_kidney\Cat_uro_kidney_sel_2m\data\P175_OP139_2023_09_22_Experiment1\2023_09_22_11_16_39\_hypergui_1\spectrum_fromCSV1_(500.0-995.0)_masked_data_0_derivative.csv,kidney_sel,P175,2023_09_22_11_16_39,P175#2023_09_22_11_16_39#CSV1,csv_spectrum,2,train
\\ces-tp3\OE0645-data-uro\TIVITA_Cat\Cat_Pig_UMM\Cat_uro_kidney\Cat_uro_kidney_sel_2m\data\P175_OP139_2023_09_22_Experiment1\2023_09_22_11_16_39\_hypergui_1\spectrum_fromCSV5_(500.0-995.0)_masked_data_0_derivative.csv,kidney_sel,P175,2023_09_22_11_16_39,P175#2023_09_22_11_16_39#CSV5,csv_spectrum,2,train
\\ces-tp3\OE0645-data-uro\TIVITA_Cat\Cat_Pig_UMM\Cat_uro_kidney\Cat_uro_kidney_sel_2m\data\P175_OP139_2023_09_22_Experiment1\2023_09_22_11_16_39\_hypergui_2\spectrum_fromCSV1_(500.0-995.0)_masked_data_0_derivative.csv,kidney_sel,P175,2023_09_22_11_16_39,P175#2023_09_22_11_16_39#CSV1,csv_spectrum,2,train
\\ces-tp3\OE0645-data-uro\TIVITA_Cat\Cat_Pig_UMM\Cat_uro_kidney\Cat_uro_kidney_sel_2m\data\P175_OP139_2023_09_22_Experiment1\2023_09_22_11_16_39\_hypergui_2\spectrum_fromCSV5_(500.0-995.0)_masked_data_0_derivative.csv,kidney_sel,P175,2023_09_22_11_16_39,P175#2023_09_22_11_16_39#CSV5,csv_spectrum,2,train
\\ces-tp3\OE0645-data-uro\TIVITA_Cat\Cat_Pig_UMM\Cat_uro_kidney\Cat_uro_kidney_sel_2m\data\P175_OP139_2023_09_22_Experiment1\2023_09_22_11_17_39\_hypergui_1\spectrum_fromCSV1_(500.0-995.0)_masked_data_0_derivative.csv,kidney_sel,P175,2023_09_22_11_17_39,P175#2023_09_22_11_17_39#CSV1,csv_spectrum,2,train
\\ces-tp3\OE0645-data-uro\TIVITA_Cat\Cat_Pig_UMM\Cat_uro_kidney\Cat_uro_kidney_sel_2m\data\P175_OP139_2023_09_22_Experiment1\2023_09_22_11_17_39\_hypergui_1\spectrum_fromCSV5_(500.0-995.0)_masked_data_0_derivative.csv,kidney_sel,P175,2023_09_22_11_17_39,P175#2023_09_22_11_17_39#CSV5,csv_spectrum,2,train
\\ces-tp3\OE0645-data-uro\TIVITA_Cat\Cat_Pig_UMM\Cat_uro_kidney\Cat_uro_kidney_sel_2m\data\P175_OP139_2023_09_22_Experiment1\2023_09_22_11_17_39\_hypergui_2\spectrum_fromCSV1_(500.0-995.0)_masked_data_0_derivative.csv,kidney_sel,P175,2023_09_22_11_17_39,P175#2023_09_22_11_17_39#CSV1,csv_spectrum,2,train
\\ces-tp3\OE0645-data-uro\TIVITA_Cat\Cat_Pig_UMM\Cat_uro_kidney\Cat_uro_kidney_sel_2m\data\P175_OP139_2023_09_22_Experiment1\2023_09_22_11_17_39\_hypergui_2\spectrum_fromCSV5_(500.0-995.0)_masked_data_0_derivative.csv,kidney_sel,P175,2023_09_22_11_17_39,P175#2023_09_22_11_17_39#CSV5,csv_spectrum,2,train
\\ces-tp3\OE0645-data-uro\TIVITA_Cat\Cat_Pig_UMM\Cat_uro_kidney\Cat_uro_kidney_sel_2m\data\P175_OP139_2023_09_22_Experiment1\2023_09_22_13_38_55\_hypergui_1\spectrum_fromCSV1_(500.0-995.0)_masked_data_0_derivative.csv,kidney_sel,P175,2023_09_22_13_38_55,P175#2023_09_22_13_38_55#CSV1,csv_spectrum,2,train
\\ces-tp3\OE0645-data-uro\TIVITA_Cat\Cat_Pig_UMM\Cat_uro_kidney\Cat_uro_kidney_sel_2m\data\P175_OP139_2023_09_22_Experiment1\2023_09_22_13_38_55\_hypergui_1\spectrum_fromCSV5_(500.0-995.0)_masked_data_0_derivative.csv,kidney_sel,P175,2023_09_22_13_38_55,P175#2023_09_22_13_38_55#CSV5,csv_spectrum,2,train
\\ces-tp3\OE0645-data-uro\TIVITA_Cat\Cat_Pig_UMM\Cat_uro_kidney\Cat_uro_kidney_sel_2m\data\P175_OP139_2023_09_22_Experiment1\2023_09_22_13_38_55\_hypergui_2\spectrum_fromCSV1_(500.0-995.0)_masked_data_0_derivative.csv,kidney_sel,P175,2023_09_22_13_38_55,P175#2023_09_22_13_38_55#CSV1,csv_spectrum,2,train
\\ces-tp3\OE0645-data-uro\TIVITA_Cat\Cat_Pig_UMM\Cat_uro_kidney\Cat_uro_kidney_sel_2m\data\P175_OP139_2023_09_22_Experiment1\2023_09_22_13_38_55\_hypergui_2\spectrum_fromCSV5_(500.0-995.0)_masked_data_0_derivative.csv,kidney_sel,P175,2023_09_22_13_38_55,P175#2023_09_22_13_38_55#CSV5,csv_spectrum,2,train
\\ces-tp3\OE0645-data-uro\TIVITA_Cat\Cat_Pig_UMM\Cat_uro_kidney\Cat_uro_kidney_sel_2m\data\P175_OP139_2023_09_22_Experiment1\2023_09_22_13_39_55\_hypergui_1\spectrum_fromCSV1_(500.0-995.0)_masked_data_0_derivative.csv,kidney_sel,P175,2023_09_22_13_39_55,P175#2023_09_22_13_39_55#CSV1,csv_spectrum,2,train
\\ces-tp3\OE0645-data-uro\TIVITA_Cat\Cat_Pig_UMM\Cat_uro_kidney\Cat_uro_kidney_sel_2m\data\P175_OP139_2023_09_22_Experiment1\2023_09_22_13_39_55\_hypergui_1\spectrum_fromCSV5_(500.0-995.0)_masked_data_0_derivative.csv,kidney_sel,P175,2023_09_22_13_39_55,P175#2023_09_22_13_39_55#CSV5,csv_spectrum,2,train
\\ces-tp3\OE0645-data-uro\TIVITA_Cat\Cat_Pig_UMM\Cat_uro_kidney\Cat_uro_kidney_sel_2m\data\P175_OP139_2023_09_22_Experiment1\2023_09_22_13_39_55\_hypergui_2\spectrum_fromCSV1_(500.0-995.0)_masked_data_0_derivative.csv,kidney_sel,P175,2023_09_22_13_39_55,P175#2023_09_22_13_39_55#CSV1,csv_spectrum,2,train
\\ces-tp3\OE0645-data-uro\TIVITA_Cat\Cat_Pig_UMM\Cat_uro_kidney\Cat_uro_kidney_sel_2m\data\P175_OP139_2023_09_22_Experiment1\2023_09_22_13_39_55\_hypergui_2\spectrum_fromCSV5_(500.0-995.0)_masked_data_0_derivative.csv,kidney_sel,P175,2023_09_22_13_39_55,P175#2023_09_22_13_39_55#CSV5,csv_spectrum,2,train
\\ces-tp3\OE0645-data-uro\TIVITA_Cat\Cat_Pig_UMM\Cat_uro_kidney\Cat_uro_kidney_sel_2m\data\P188_OP152_2023_10_22_Experiment1\2023_10_22_12_06_40\_hypergui_1\spectrum_fromCSV1_(500.0-995.0)_masked_data_0_derivative.csv,kidney_sel,P188,2023_10_22_12_06_40,P188#2023_10_22_12_06_40#CSV1,csv_spectrum,2,train
\\ces-tp3\OE0645-data-uro\TIVITA_Cat\Cat_Pig_UMM\Cat_uro_kidney\Cat_uro_kidney_sel_2m\data\P188_OP152_2023_10_22_Experiment1\2023_10_22_12_06_40\_hypergui_1\spectrum_fromCSV5_(500.0-995.0)_masked_data_0_derivative.csv,kidney_sel,P188,2023_10_22_12_06_40,P188#2023_10_22_12_06_40#CSV5,csv_spectrum,2,train
\\ces-tp3\OE0645-data-uro\TIVITA_Cat\Cat_Pig_UMM\Cat_uro_kidney\Cat_uro_kidney_sel_2m\data\P188_OP152_2023_10_22_Experiment1\2023_10_22_12_06_40\_hypergui_2\spectrum_fromCSV1_(500.0-995.0)_masked_data_0_derivative.csv,kidney_sel,P188,2023_10_22_12_06_40,P188#2023_10_22_12_06_40#CSV1,csv_spectrum,2,train
\\ces-tp3\OE0645-data-uro\TIVITA_Cat\Cat_Pig_UMM\Cat_uro_kidney\Cat_uro_kidney_sel_2m\data\P188_OP152_2023_10_22_Experiment1\2023_10_22_12_06_40\_hypergui_2\spectrum_fromCSV5_(500.0-995.0)_masked_data_0_derivative.csv,kidney_sel,P188,2023_10_22_12_06_40,P188#2023_10_22_12_06_40#CSV5,csv_spectrum,2,train
\\ces-tp3\OE0645-data-uro\TIVITA_Cat\Cat_Pig_UMM\Cat_uro_kidney\Cat_uro_kidney_sel_2m\data\P188_OP152_2023_10_22_Experiment1\2023_10_22_12_07_10\_hypergui_1\spectrum_fromCSV1_(500.0-995.0)_masked_data_0_derivative.csv,kidney_sel,P188,2023_10_22_12_07_10,P188#2023_10_22_12_07_10#CSV1,csv_spectrum,2,train
\\ces-tp3\OE0645-data-uro\TIVITA_Cat\Cat_Pig_UMM\Cat_uro_kidney\Cat_uro_kidney_sel_2m\data\P188_OP152_2023_10_22_Experiment1\2023_10_22_12_07_10\_hypergui_1\spectrum_fromCSV5_(500.0-995.0)_masked_data_0_derivative.csv,kidney_sel,P188,2023_10_22_12_07_10,P188#2023_10_22_12_07_10#CSV5,csv_spectrum,2,train
\\ces-tp3\OE0645-data-uro\TIVITA_Cat\Cat_Pig_UMM\Cat_uro_kidney\Cat_uro_kidney_sel_2m\data\P188_OP152_2023_10_22_Experiment1\2023_10_22_12_07_10\_hypergui_2\spectrum_fromCSV1_(500.0-995.0)_masked_data_0_derivative.csv,kidney_sel,P188,2023_10_22_12_07_10,P188#2023_10_22_12_07_10#CSV1,csv_spectrum,2,train
\\ces-tp3\OE0645-data-uro\TIVITA_Cat\Cat_Pig_UMM\Cat_uro_kidney\Cat_uro_kidney_sel_2m\data\P188_OP152_2023_10_22_Experiment1\2023_10_22_12_07_10\_hypergui_2\spectrum_fromCSV5_(500.0-995.0)_masked_data_0_derivative.csv,kidney_sel,P188,2023_10_22_12_07_10,P188#2023_10_22_12_07_10#CSV5,csv_spectrum,2,train
\\ces-tp3\OE0645-data-uro\TIVITA_Cat\Cat_Pig_UMM\Cat_uro_kidney\Cat_uro_kidney_sel_2m\data\P188_OP152_2023_10_22_Experiment1\2023_10_22_12_07_40\_hypergui_1\spectrum_fromCSV1_(500.0-995.0)_masked_data_0_derivative.csv,kidney_sel,P188,2023_10_22_12_07_40,P188#2023_10_22_12_07_40#CSV1,csv_spectrum,2,train
\\ces-tp3\OE0645-data-uro\TIVITA_Cat\Cat_Pig_UMM\Cat_uro_kidney\Cat_uro_kidney_sel_2m\data\P188_OP152_2023_10_22_Experiment1\2023_10_22_12_07_40\_hypergui_1\spectrum_fromCSV5_(500.0-995.0)_masked_data_0_derivative.csv,kidney_sel,P188,2023_10_22_12_07_40,P188#2023_10_22_12_07_40#CSV5,csv_spectrum,2,train
\\ces-tp3\OE0645-data-uro\TIVITA_Cat\Cat_Pig_UMM\Cat_uro_kidney\Cat_uro_kidney_sel_2m\data\P188_OP152_2023_10_22_Experiment1\2023_10_22_12_07_40\_hypergui_2\spectrum_fromCSV1_(500.0-995.0)_masked_data_0_derivative.csv,kidney_sel,P188,2023_10_22_12_07_40,P188#2023_10_22_12_07_40#CSV1,csv_spectrum,2,train
\\ces-tp3\OE0645-data-uro\TIVITA_Cat\Cat_Pig_UMM\Cat_uro_kidney\Cat_uro_kidney_sel_2m\data\P188_OP152_2023_10_22_Experiment1\2023_10_22_12_07_40\_hypergui_2\spectrum_fromCSV5_(500.0-995.0)_masked_data_0_derivative.csv,kidney_sel,P188,2023_10_22_12_07_40,P188#2023_10_22_12_07_40#CSV5,csv_spectrum,2,train
\\ces-tp3\OE0645-data-uro\TIVITA_Cat\Cat_Pig_UMM\Cat_uro_kidney\Cat_uro_kidney_sel_2m\data\P188_OP152_2023_10_22_Experiment1\2023_10_22_12_08_10\_hypergui_1\spectrum_fromCSV1_(500.0-995.0)_masked_data_0_derivative.csv,kidney_sel,P188,2023_10_22_12_08_10,P188#2023_10_22_12_08_10#CSV1,csv_spectrum,2,train
\\ces-tp3\OE0645-data-uro\TIVITA_Cat\Cat_Pig_UMM\Cat_uro_kidney\Cat_uro_kidney_sel_2m\data\P188_OP152_2023_10_22_Experiment1\2023_10_22_12_08_10\_hypergui_1\spectrum_fromCSV5_(500.0-995.0)_masked_data_0_derivative.csv,kidney_sel,P188,2023_10_22_12_08_10,P188#2023_10_22_12_08_10#CSV5,csv_spectrum,2,train
\\ces-tp3\OE0645-data-uro\TIVITA_Cat\Cat_Pig_UMM\Cat_uro_kidney\Cat_uro_kidney_sel_2m\data\P188_OP152_2023_10_22_Experiment1\2023_10_22_12_08_10\_hypergui_2\spectrum_fromCSV1_(500.0-995.0)_masked_data_0_derivative.csv,kidney_sel,P188,2023_10_22_12_08_10,P188#2023_10_22_12_08_10#CSV1,csv_spectrum,2,train
\\ces-tp3\OE0645-data-uro\TIVITA_Cat\Cat_Pig_UMM\Cat_uro_kidney\Cat_uro_kidney_sel_2m\data\P188_OP152_2023_10_22_Experiment1\2023_10_22_12_08_10\_hypergui_2\spectrum_fromCSV5_(500.0-995.0)_masked_data_0_derivative.csv,kidney_sel,P188,2023_10_22_12_08_10,P188#2023_10_22_12_08_10#CSV5,csv_spectrum,2,train
\\ces-tp3\OE0645-data-uro\TIVITA_Cat\Cat_Pig_UMM\Cat_uro_kidney\Cat_uro_kidney_sel_2m\data\P191_OP155_2023_10_28_Experiment1\2023_10_28_11_28_55\_hypergui_1\spectrum_fromCSV1_(500.0-995.0)_masked_data_0_derivative.csv,kidney_sel,P191,2023_10_28_11_28_55,P191#2023_10_28_11_28_55#CSV1,csv_spectrum,2,train
\\ces-tp3\OE0645-data-uro\TIVITA_Cat\Cat_Pig_UMM\Cat_uro_kidney\Cat_uro_kidney_sel_2m\data\P191_OP155_2023_10_28_Experiment1\2023_10_28_11_28_55\_hypergui_1\spectrum_fromCSV5_(500.0-995.0)_masked_data_0_derivative.csv,kidney_sel,P191,2023_10_28_11_28_55,P191#2023_10_28_11_28_55#CSV5,csv_spectrum,2,train
\\ces-tp3\OE0645-data-uro\TIVITA_Cat\Cat_Pig_UMM\Cat_uro_kidney\Cat_uro_kidney_sel_2m\data\P191_OP155_2023_10_28_Experiment1\2023_10_28_11_28_55\_hypergui_2\spectrum_fromCSV1_(500.0-995.0)_masked_data_0_derivative.csv,kidney_sel,P191,2023_10_28_11_28_55,P191#2023_10_28_11_28_55#CSV1,csv_spectrum,2,train
\\ces-tp3\OE0645-data-uro\TIVITA_Cat\Cat_Pig_UMM\Cat_uro_kidney\Cat_uro_kidney_sel_2m\data\P191_OP155_2023_10_28_Experiment1\2023_10_28_11_28_55\_hypergui_2\spectrum_fromCSV5_(500.0-995.0)_masked_data_0_derivative.csv,kidney_sel,P191,2023_10_28_11_28_55,P191#2023_10_28_11_28_55#CSV5,csv_spectrum,2,train
\\ces-tp3\OE0645-data-uro\TIVITA_Cat\Cat_Pig_UMM\Cat_uro_kidney\Cat_uro_kidney_sel_2m\data\P191_OP155_2023_10_28_Experiment1\2023_10_28_11_29_25\_hypergui_1\spectrum_fromCSV1_(500.0-995.0)_masked_data_0_derivative.csv,kidney_sel,P191,2023_10_28_11_29_25,P191#2023_10_28_11_29_25#CSV1,csv_spectrum,2,train
\\ces-tp3\OE0645-data-uro\TIVITA_Cat\Cat_Pig_UMM\Cat_uro_kidney\Cat_uro_kidney_sel_2m\data\P191_OP155_2023_10_28_Experiment1\2023_10_28_11_29_25\_hypergui_1\spectrum_fromCSV5_(500.0-995.0)_masked_data_0_derivative.csv,kidney_sel,P191,2023_10_28_11_29_25,P191#2023_10_28_11_29_25#CSV5,csv_spectrum,2,train
\\ces-tp3\OE0645-data-uro\TIVITA_Cat\Cat_Pig_UMM\Cat_uro_kidney\Cat_uro_kidney_sel_2m\data\P191_OP155_2023_10_28_Experiment1\2023_10_28_11_29_25\_hypergui_2\spectrum_fromCSV1_(500.0-995.0)_masked_data_0_derivative.csv,kidney_sel,P191,2023_10_28_11_29_25,P191#2023_10_28_11_29_25#CSV1,csv_spectrum,2,train
\\ces-tp3\OE0645-data-uro\TIVITA_Cat\Cat_Pig_UMM\Cat_uro_kidney\Cat_uro_kidney_sel_2m\data\P191_OP155_2023_10_28_Experiment1\2023_10_28_11_29_25\_hypergui_2\spectrum_fromCSV5_(500.0-995.0)_masked_data_0_derivative.csv,kidney_sel,P191,2023_10_28_11_29_25,P191#2023_10_28_11_29_25#CSV5,csv_spectrum,2,train
\\ces-tp3\OE0645-data-uro\TIVITA_Cat\Cat_Pig_UMM\Cat_uro_kidney\Cat_uro_kidney_sel_2m\data\P191_OP155_2023_10_28_Experiment1\2023_10_28_11_29_55\_hypergui_1\spectrum_fromCSV1_(500.0-995.0)_masked_data_0_derivative.csv,kidney_sel,P191,2023_10_28_11_29_55,P191#2023_10_28_11_29_55#CSV1,csv_spectrum,2,train
\\ces-tp3\OE0645-data-uro\TIVITA_Cat\Cat_Pig_UMM\Cat_uro_kidney\Cat_uro_kidney_sel_2m\data\P191_OP155_2023_10_28_Experiment1\2023_10_28_11_29_55\_hypergui_1\spectrum_fromCSV5_(500.0-995.0)_masked_data_0_derivative.csv,kidney_sel,P191,2023_10_28_11_29_55,P191#2023_10_28_11_29_55#CSV5,csv_spectrum,2,train
\\ces-tp3\OE0645-data-uro\TIVITA_Cat\Cat_Pig_UMM\Cat_uro_kidney\Cat_uro_kidney_sel_2m\data\P191_OP155_2023_10_28_Experiment1\2023_10_28_11_29_55\_hypergui_2\spectrum_fromCSV1_(500.0-995.0)_masked_data_0_derivative.csv,kidney_sel,P191,2023_10_28_11_29_55,P191#2023_10_28_11_29_55#CSV1,csv_spectrum,2,train
\\ces-tp3\OE0645-data-uro\TIVITA_Cat\Cat_Pig_UMM\Cat_uro_kidney\Cat_uro_kidney_sel_2m\data\P191_OP155_2023_10_28_Experiment1\2023_10_28_11_29_55\_hypergui_2\spectrum_fromCSV5_(500.0-995.0)_masked_data_0_derivative.csv,kidney_sel,P191,2023_10_28_11_29_55,P191#2023_10_28_11_29_55#CSV5,csv_spectrum,2,train
\\ces-tp3\OE0645-data-uro\TIVITA_Cat\Cat_Pig_UMM\Cat_uro_kidney\Cat_uro_kidney_sel_2m\data\P191_OP155_2023_10_28_Experiment1\2023_10_28_11_30_25\_hypergui_1\spectrum_fromCSV1_(500.0-995.0)_masked_data_0_derivative.csv,kidney_sel,P191,2023_10_28_11_30_25,P191#2023_10_28_11_30_25#CSV1,csv_spectrum,2,train
\\ces-tp3\OE0645-data-uro\TIVITA_Cat\Cat_Pig_UMM\Cat_uro_kidney\Cat_uro_kidney_sel_2m\data\P191_OP155_2023_10_28_Experiment1\2023_10_28_11_30_25\_hypergui_1\spectrum_fromCSV5_(500.0-995.0)_masked_data_0_derivative.csv,kidney_sel,P191,2023_10_28_11_30_25,P191#2023_10_28_11_30_25#CSV5,csv_spectrum,2,train
\\ces-tp3\OE0645-data-uro\TIVITA_Cat\Cat_Pig_UMM\Cat_uro_kidney\Cat_uro_kidney_sel_2m\data\P191_OP155_2023_10_28_Experiment1\2023_10_28_11_30_25\_hypergui_2\spectrum_fromCSV1_(500.0-995.0)_masked_data_0_derivative.csv,kidney_sel,P191,2023_10_28_11_30_25,P191#2023_10_28_11_30_25#CSV1,csv_spectrum,2,train
\\ces-tp3\OE0645-data-uro\TIVITA_Cat\Cat_Pig_UMM\Cat_uro_kidney\Cat_uro_kidney_sel_2m\data\P191_OP155_2023_10_28_Experiment1\2023_10_28_11_30_25\_hypergui_2\spectrum_fromCSV5_(500.0-995.0)_masked_data_0_derivative.csv,kidney_sel,P191,2023_10_28_11_30_25,P191#2023_10_28_11_30_25#CSV5,csv_spectrum,2,train
\\ces-tp3\OE0645-data-uro\TIVITA_Cat\Cat_Pig_UMM\Cat_uro_kidney\Cat_uro_kidney_sel_2m\data\P192_OP156_2023_10_29_Experiment1\2023_10_29_11_56_42\_hypergui_1\spectrum_fromCSV1_(500.0-995.0)_masked_data_0_derivative.csv,kidney_sel,P192,2023_10_29_11_56_42,P192#2023_10_29_11_56_42#CSV1,csv_spectrum,2,train
\\ces-tp3\OE0645-data-uro\TIVITA_Cat\Cat_Pig_UMM\Cat_uro_kidney\Cat_uro_kidney_sel_2m\data\P192_OP156_2023_10_29_Experiment1\2023_10_29_11_56_42\_hypergui_1\spectrum_fromCSV5_(500.0-995.0)_masked_data_0_derivative.csv,kidney_sel,P192,2023_10_29_11_56_42,P192#2023_10_29_11_56_42#CSV5,csv_spectrum,2,train
\\ces-tp3\OE0645-data-uro\TIVITA_Cat\Cat_Pig_UMM\Cat_uro_kidney\Cat_uro_kidney_sel_2m\data\P192_OP156_2023_10_29_Experiment1\2023_10_29_11_56_42\_hypergui_2\spectrum_fromCSV1_(500.0-995.0)_masked_data_0_derivative.csv,kidney_sel,P192,2023_10_29_11_56_42,P192#2023_10_29_11_56_42#CSV1,csv_spectrum,2,train
\\ces-tp3\OE0645-data-uro\TIVITA_Cat\Cat_Pig_UMM\Cat_uro_kidney\Cat_uro_kidney_sel_2m\data\P192_OP156_2023_10_29_Experiment1\2023_10_29_11_56_42\_hypergui_2\spectrum_fromCSV5_(500.0-995.0)_masked_data_0_derivative.csv,kidney_sel,P192,2023_10_29_11_56_42,P192#2023_10_29_11_56_42#CSV5,csv_spectrum,2,train
\\ces-tp3\OE0645-data-uro\TIVITA_Cat\Cat_Pig_UMM\Cat_uro_kidney\Cat_uro_kidney_sel_2m\data\P192_OP156_2023_10_29_Experiment1\2023_10_29_11_57_12\_hypergui_1\spectrum_fromCSV1_(500.0-995.0)_masked_data_0_derivative.csv,kidney_sel,P192,2023_10_29_11_57_12,P192#2023_10_29_11_57_12#CSV1,csv_spectrum,2,train
\\ces-tp3\OE0645-data-uro\TIVITA_Cat\Cat_Pig_UMM\Cat_uro_kidney\Cat_uro_kidney_sel_2m\data\P192_OP156_2023_10_29_Experiment1\2023_10_29_11_57_12\_hypergui_1\spectrum_fromCSV5_(500.0-995.0)_masked_data_0_derivative.csv,kidney_sel,P192,2023_10_29_11_57_12,P192#2023_10_29_11_57_12#CSV5,csv_spectrum,2,train
\\ces-tp3\OE0645-data-uro\TIVITA_Cat\Cat_Pig_UMM\Cat_uro_kidney\Cat_uro_kidney_sel_2m\data\P192_OP156_2023_10_29_Experiment1\2023_10_29_11_57_12\_hypergui_2\spectrum_fromCSV1_(500.0-995.0)_masked_data_0_derivative.csv,kidney_sel,P192,2023_10_29_11_57_12,P192#2023_10_29_11_57_12#CSV1,csv_spectrum,2,train
\\ces-tp3\OE0645-data-uro\TIVITA_Cat\Cat_Pig_UMM\Cat_uro_kidney\Cat_uro_kidney_sel_2m\data\P192_OP156_2023_10_29_Experiment1\2023_10_29_11_57_12\_hypergui_2\spectrum_fromCSV5_(500.0-995.0)_masked_data_0_derivative.csv,kidney_sel,P192,2023_10_29_11_57_12,P192#2023_10_29_11_57_12#CSV5,csv_spectrum,2,train
\\ces-tp3\OE0645-data-uro\TIVITA_Cat\Cat_Pig_UMM\Cat_uro_kidney\Cat_uro_kidney_sel_2m\data\P192_OP156_2023_10_29_Experiment1\2023_10_29_11_57_42\_hypergui_1\spectrum_fromCSV1_(500.0-995.0)_masked_data_0_derivative.csv,kidney_sel,P192,2023_10_29_11_57_42,P192#2023_10_29_11_57_42#CSV1,csv_spectrum,2,train
\\ces-tp3\OE0645-data-uro\TIVITA_Cat\Cat_Pig_UMM\Cat_uro_kidney\Cat_uro_kidney_sel_2m\data\P192_OP156_2023_10_29_Experiment1\2023_10_29_11_57_42\_hypergui_1\spectrum_fromCSV5_(500.0-995.0)_masked_data_0_derivative.csv,kidney_sel,P192,2023_10_29_11_57_42,P192#2023_10_29_11_57_42#CSV5,csv_spectrum,2,train
\\ces-tp3\OE0645-data-uro\TIVITA_Cat\Cat_Pig_UMM\Cat_uro_kidney\Cat_uro_kidney_sel_2m\data\P192_OP156_2023_10_29_Experiment1\2023_10_29_11_57_42\_hypergui_2\spectrum_fromCSV1_(500.0-995.0)_masked_data_0_derivative.csv,kidney_sel,P192,2023_10_29_11_57_42,P192#2023_10_29_11_57_42#CSV1,csv_spectrum,2,train
\\ces-tp3\OE0645-data-uro\TIVITA_Cat\Cat_Pig_UMM\Cat_uro_kidney\Cat_uro_kidney_sel_2m\data\P192_OP156_2023_10_29_Experiment1\2023_10_29_11_57_42\_hypergui_2\spectrum_fromCSV5_(500.0-995.0)_masked_data_0_derivative.csv,kidney_sel,P192,2023_10_29_11_57_42,P192#2023_10_29_11_57_42#CSV5,csv_spectrum,2,train
\\ces-tp3\OE0645-data-uro\TIVITA_Cat\Cat_Pig_UMM\Cat_uro_kidney\Cat_uro_kidney_sel_2m\data\P192_OP156_2023_10_29_Experiment1\2023_10_29_11_58_13\_hypergui_1\spectrum_fromCSV1_(500.0-995.0)_masked_data_0_derivative.csv,kidney_sel,P192,2023_10_29_11_58_13,P192#2023_10_29_11_58_13#CSV1,csv_spectrum,2,train
\\ces-tp3\OE0645-data-uro\TIVITA_Cat\Cat_Pig_UMM\Cat_uro_kidney\Cat_uro_kidney_sel_2m\data\P192_OP156_2023_10_29_Experiment1\2023_10_29_11_58_13\_hypergui_1\spectrum_fromCSV5_(500.0-995.0)_masked_data_0_derivative.csv,kidney_sel,P192,2023_10_29_11_58_13,P192#2023_10_29_11_58_13#CSV5,csv_spectrum,2,train
\\ces-tp3\OE0645-data-uro\TIVITA_Cat\Cat_Pig_UMM\Cat_uro_kidney\Cat_uro_kidney_sel_2m\data\P192_OP156_2023_10_29_Experiment1\2023_10_29_11_58_13\_hypergui_2\spectrum_fromCSV1_(500.0-995.0)_masked_data_0_derivative.csv,kidney_sel,P192,2023_10_29_11_58_13,P192#2023_10_29_11_58_13#CSV1,csv_spectrum,2,train
\\ces-tp3\OE0645-data-uro\TIVITA_Cat\Cat_Pig_UMM\Cat_uro_kidney\Cat_uro_kidney_sel_2m\data\P192_OP156_2023_10_29_Experiment1\2023_10_29_11_58_13\_hypergui_2\spectrum_fromCSV5_(500.0-995.0)_masked_data_0_derivative.csv,kidney_sel,P192,2023_10_29_11_58_13,P192#2023_10_29_11_58_13#CSV5,csv_spectrum,2,train
\\ces-tp3\OE0645-data-uro\TIVITA_Cat\Cat_Pig_UMM\Cat_uro_kidney\Cat_uro_kidney_sel_2m\data\P193_OP157_2023_10_30_Experiment1\2023_10_30_11_23_10\_hypergui_1\spectrum_fromCSV1_(500.0-995.0)_masked_data_0_derivative.csv,kidney_sel,P193,2023_10_30_11_23_10,P193#2023_10_30_11_23_10#CSV1,csv_spectrum,2,train
\\ces-tp3\OE0645-data-uro\TIVITA_Cat\Cat_Pig_UMM\Cat_uro_kidney\Cat_uro_kidney_sel_2m\data\P193_OP157_2023_10_30_Experiment1\2023_10_30_11_23_10\_hypergui_1\spectrum_fromCSV5_(500.0-995.0)_masked_data_0_derivative.csv,kidney_sel,P193,2023_10_30_11_23_10,P193#2023_10_30_11_23_10#CSV5,csv_spectrum,2,train
\\ces-tp3\OE0645-data-uro\TIVITA_Cat\Cat_Pig_UMM\Cat_uro_kidney\Cat_uro_kidney_sel_2m\data\P193_OP157_2023_10_30_Experiment1\2023_10_30_11_23_10\_hypergui_2\spectrum_fromCSV1_(500.0-995.0)_masked_data_0_derivative.csv,kidney_sel,P193,2023_10_30_11_23_10,P193#2023_10_30_11_23_10#CSV1,csv_spectrum,2,train
\\ces-tp3\OE0645-data-uro\TIVITA_Cat\Cat_Pig_UMM\Cat_uro_kidney\Cat_uro_kidney_sel_2m\data\P193_OP157_2023_10_30_Experiment1\2023_10_30_11_23_10\_hypergui_2\spectrum_fromCSV5_(500.0-995.0)_masked_data_0_derivative.csv,kidney_sel,P193,2023_10_30_11_23_10,P193#2023_10_30_11_23_10#CSV5,csv_spectrum,2,train
\\ces-tp3\OE0645-data-uro\TIVITA_Cat\Cat_Pig_UMM\Cat_uro_kidney\Cat_uro_kidney_sel_2m\data\P193_OP157_2023_10_30_Experiment1\2023_10_30_11_23_40\_hypergui_1\spectrum_fromCSV1_(500.0-995.0)_masked_data_0_derivative.csv,kidney_sel,P193,2023_10_30_11_23_40,P193#2023_10_30_11_23_40#CSV1,csv_spectrum,2,train
\\ces-tp3\OE0645-data-uro\TIVITA_Cat\Cat_Pig_UMM\Cat_uro_kidney\Cat_uro_kidney_sel_2m\data\P193_OP157_2023_10_30_Experiment1\2023_10_30_11_23_40\_hypergui_1\spectrum_fromCSV5_(500.0-995.0)_masked_data_0_derivative.csv,kidney_sel,P193,2023_10_30_11_23_40,P193#2023_10_30_11_23_40#CSV5,csv_spectrum,2,train
\\ces-tp3\OE0645-data-uro\TIVITA_Cat\Cat_Pig_UMM\Cat_uro_kidney\Cat_uro_kidney_sel_2m\data\P193_OP157_2023_10_30_Experiment1\2023_10_30_11_23_40\_hypergui_2\spectrum_fromCSV1_(500.0-995.0)_masked_data_0_derivative.csv,kidney_sel,P193,2023_10_30_11_23_40,P193#2023_10_30_11_23_40#CSV1,csv_spectrum,2,train
\\ces-tp3\OE0645-data-uro\TIVITA_Cat\Cat_Pig_UMM\Cat_uro_kidney\Cat_uro_kidney_sel_2m\data\P193_OP157_2023_10_30_Experiment1\2023_10_30_11_23_40\_hypergui_2\spectrum_fromCSV5_(500.0-995.0)_masked_data_0_derivative.csv,kidney_sel,P193,2023_10_30_11_23_40,P193#2023_10_30_11_23_40#CSV5,csv_spectrum,2,train
\\ces-tp3\OE0645-data-uro\TIVITA_Cat\Cat_Pig_UMM\Cat_uro_kidney\Cat_uro_kidney_sel_2m\data\P193_OP157_2023_10_30_Experiment1\2023_10_30_11_24_10\_hypergui_1\spectrum_fromCSV1_(500.0-995.0)_masked_data_0_derivative.csv,kidney_sel,P193,2023_10_30_11_24_10,P193#2023_10_30_11_24_10#CSV1,csv_spectrum,2,train
\\ces-tp3\OE0645-data-uro\TIVITA_Cat\Cat_Pig_UMM\Cat_uro_kidney\Cat_uro_kidney_sel_2m\data\P193_OP157_2023_10_30_Experiment1\2023_10_30_11_24_10\_hypergui_1\spectrum_fromCSV5_(500.0-995.0)_masked_data_0_derivative.csv,kidney_sel,P193,2023_10_30_11_24_10,P193#2023_10_30_11_24_10#CSV5,csv_spectrum,2,train
\\ces-tp3\OE0645-data-uro\TIVITA_Cat\Cat_Pig_UMM\Cat_uro_kidney\Cat_uro_kidney_sel_2m\data\P193_OP157_2023_10_30_Experiment1\2023_10_30_11_24_10\_hypergui_2\spectrum_fromCSV1_(500.0-995.0)_masked_data_0_derivative.csv,kidney_sel,P193,2023_10_30_11_24_10,P193#2023_10_30_11_24_10#CSV1,csv_spectrum,2,train
\\ces-tp3\OE0645-data-uro\TIVITA_Cat\Cat_Pig_UMM\Cat_uro_kidney\Cat_uro_kidney_sel_2m\data\P193_OP157_2023_10_30_Experiment1\2023_10_30_11_24_10\_hypergui_2\spectrum_fromCSV5_(500.0-995.0)_masked_data_0_derivative.csv,kidney_sel,P193,2023_10_30_11_24_10,P193#2023_10_30_11_24_10#CSV5,csv_spectrum,2,train
\\ces-tp3\OE0645-data-uro\TIVITA_Cat\Cat_Pig_UMM\Cat_uro_kidney\Cat_uro_kidney_sel_2m\data\P193_OP157_2023_10_30_Experiment1\2023_10_30_11_24_40\_hypergui_1\spectrum_fromCSV1_(500.0-995.0)_masked_data_0_derivative.csv,kidney_sel,P193,2023_10_30_11_24_40,P193#2023_10_30_11_24_40#CSV1,csv_spectrum,2,train
\\ces-tp3\OE0645-data-uro\TIVITA_Cat\Cat_Pig_UMM\Cat_uro_kidney\Cat_uro_kidney_sel_2m\data\P193_OP157_2023_10_30_Experiment1\2023_10_30_11_24_40\_hypergui_1\spectrum_fromCSV5_(500.0-995.0)_masked_data_0_derivative.csv,kidney_sel,P193,2023_10_30_11_24_40,P193#2023_10_30_11_24_40#CSV5,csv_spectrum,2,train
\\ces-tp3\OE0645-data-uro\TIVITA_Cat\Cat_Pig_UMM\Cat_uro_kidney\Cat_uro_kidney_sel_2m\data\P193_OP157_2023_10_30_Experiment1\2023_10_30_11_24_40\_hypergui_2\spectrum_fromCSV1_(500.0-995.0)_masked_data_0_derivative.csv,kidney_sel,P193,2023_10_30_11_24_40,P193#2023_10_30_11_24_40#CSV1,csv_spectrum,2,train
\\ces-tp3\OE0645-data-uro\TIVITA_Cat\Cat_Pig_UMM\Cat_uro_kidney\Cat_uro_kidney_sel_2m\data\P193_OP157_2023_10_30_Experiment1\2023_10_30_11_24_40\_hypergui_2\spectrum_fromCSV5_(500.0-995.0)_masked_data_0_derivative.csv,kidney_sel,P193,2023_10_30_11_24_40,P193#2023_10_30_11_24_40#CSV5,csv_spectrum,2,train
\\ces-tp3\OE0645-data-uro\TIVITA_Cat\Cat_Pig_UMM\Cat_uro_kidney\Cat_uro_kidney_sel_30m\data\P161_OP125_2023_07_05_Experiment1\2023_07_05_11_41_18\_hypergui_1\spectrum_fromCSV1_(500.0-995.0)_masked_data_0_derivative.csv,kidney_sel,P161,2023_07_05_11_41_18,P161#2023_07_05_11_41_18#CSV1,csv_spectrum,2,train
\\ces-tp3\OE0645-data-uro\TIVITA_Cat\Cat_Pig_UMM\Cat_uro_kidney\Cat_uro_kidney_sel_30m\data\P161_OP125_2023_07_05_Experiment1\2023_07_05_11_41_18\_hypergui_1\spectrum_fromCSV5_(500.0-995.0)_masked_data_0_derivative.csv,kidney_sel,P161,2023_07_05_11_41_18,P161#2023_07_05_11_41_18#CSV5,csv_spectrum,2,train
\\ces-tp3\OE0645-data-uro\TIVITA_Cat\Cat_Pig_UMM\Cat_uro_kidney\Cat_uro_kidney_sel_30m\data\P161_OP125_2023_07_05_Experiment1\2023_07_05_11_41_18\_hypergui_2\spectrum_fromCSV1_(500.0-995.0)_masked_data_0_derivative.csv,kidney_sel,P161,2023_07_05_11_41_18,P161#2023_07_05_11_41_18#CSV1,csv_spectrum,2,train
\\ces-tp3\OE0645-data-uro\TIVITA_Cat\Cat_Pig_UMM\Cat_uro_kidney\Cat_uro_kidney_sel_30m\data\P161_OP125_2023_07_05_Experiment1\2023_07_05_11_41_18\_hypergui_2\spectrum_fromCSV5_(500.0-995.0)_masked_data_0_derivative.csv,kidney_sel,P161,2023_07_05_11_41_18,P161#2023_07_05_11_41_18#CSV5,csv_spectrum,2,train
\\ces-tp3\OE0645-data-uro\TIVITA_Cat\Cat_Pig_UMM\Cat_uro_kidney\Cat_uro_kidney_sel_30m\data\P161_OP125_2023_07_05_Experiment1\2023_07_05_11_41_48\_hypergui_1\spectrum_fromCSV1_(500.0-995.0)_masked_data_0_derivative.csv,kidney_sel,P161,2023_07_05_11_41_48,P161#2023_07_05_11_41_48#CSV1,csv_spectrum,2,train
\\ces-tp3\OE0645-data-uro\TIVITA_Cat\Cat_Pig_UMM\Cat_uro_kidney\Cat_uro_kidney_sel_30m\data\P161_OP125_2023_07_05_Experiment1\2023_07_05_11_41_48\_hypergui_1\spectrum_fromCSV5_(500.0-995.0)_masked_data_0_derivative.csv,kidney_sel,P161,2023_07_05_11_41_48,P161#2023_07_05_11_41_48#CSV5,csv_spectrum,2,train
\\ces-tp3\OE0645-data-uro\TIVITA_Cat\Cat_Pig_UMM\Cat_uro_kidney\Cat_uro_kidney_sel_30m\data\P161_OP125_2023_07_05_Experiment1\2023_07_05_11_41_48\_hypergui_2\spectrum_fromCSV1_(500.0-995.0)_masked_data_0_derivative.csv,kidney_sel,P161,2023_07_05_11_41_48,P161#2023_07_05_11_41_48#CSV1,csv_spectrum,2,train
\\ces-tp3\OE0645-data-uro\TIVITA_Cat\Cat_Pig_UMM\Cat_uro_kidney\Cat_uro_kidney_sel_30m\data\P161_OP125_2023_07_05_Experiment1\2023_07_05_11_41_48\_hypergui_2\spectrum_fromCSV5_(500.0-995.0)_masked_data_0_derivative.csv,kidney_sel,P161,2023_07_05_11_41_48,P161#2023_07_05_11_41_48#CSV5,csv_spectrum,2,train
\\ces-tp3\OE0645-data-uro\TIVITA_Cat\Cat_Pig_UMM\Cat_uro_kidney\Cat_uro_kidney_sel_30m\data\P161_OP125_2023_07_05_Experiment1\2023_07_05_11_42_18\_hypergui_1\spectrum_fromCSV1_(500.0-995.0)_masked_data_0_derivative.csv,kidney_sel,P161,2023_07_05_11_42_18,P161#2023_07_05_11_42_18#CSV1,csv_spectrum,2,train
\\ces-tp3\OE0645-data-uro\TIVITA_Cat\Cat_Pig_UMM\Cat_uro_kidney\Cat_uro_kidney_sel_30m\data\P161_OP125_2023_07_05_Experiment1\2023_07_05_11_42_18\_hypergui_1\spectrum_fromCSV5_(500.0-995.0)_masked_data_0_derivative.csv,kidney_sel,P161,2023_07_05_11_42_18,P161#2023_07_05_11_42_18#CSV5,csv_spectrum,2,train
\\ces-tp3\OE0645-data-uro\TIVITA_Cat\Cat_Pig_UMM\Cat_uro_kidney\Cat_uro_kidney_sel_30m\data\P161_OP125_2023_07_05_Experiment1\2023_07_05_11_42_18\_hypergui_2\spectrum_fromCSV1_(500.0-995.0)_masked_data_0_derivative.csv,kidney_sel,P161,2023_07_05_11_42_18,P161#2023_07_05_11_42_18#CSV1,csv_spectrum,2,train
\\ces-tp3\OE0645-data-uro\TIVITA_Cat\Cat_Pig_UMM\Cat_uro_kidney\Cat_uro_kidney_sel_30m\data\P161_OP125_2023_07_05_Experiment1\2023_07_05_11_42_18\_hypergui_2\spectrum_fromCSV5_(500.0-995.0)_masked_data_0_derivative.csv,kidney_sel,P161,2023_07_05_11_42_18,P161#2023_07_05_11_42_18#CSV5,csv_spectrum,2,train
\\ces-tp3\OE0645-data-uro\TIVITA_Cat\Cat_Pig_UMM\Cat_uro_kidney\Cat_uro_kidney_sel_30m\data\P162_OP126_2023_07_06_Experiment1\2023_07_06_13_06_00\_hypergui_1\spectrum_fromCSV1_(500.0-995.0)_masked_data_0_derivative.csv,kidney_sel,P162,2023_07_06_13_06_00,P162#2023_07_06_13_06_00#CSV1,csv_spectrum,2,train
\\ces-tp3\OE0645-data-uro\TIVITA_Cat\Cat_Pig_UMM\Cat_uro_kidney\Cat_uro_kidney_sel_30m\data\P162_OP126_2023_07_06_Experiment1\2023_07_06_13_06_00\_hypergui_1\spectrum_fromCSV5_(500.0-995.0)_masked_data_0_derivative.csv,kidney_sel,P162,2023_07_06_13_06_00,P162#2023_07_06_13_06_00#CSV5,csv_spectrum,2,train
\\ces-tp3\OE0645-data-uro\TIVITA_Cat\Cat_Pig_UMM\Cat_uro_kidney\Cat_uro_kidney_sel_30m\data\P162_OP126_2023_07_06_Experiment1\2023_07_06_13_06_00\_hypergui_2\spectrum_fromCSV1_(500.0-995.0)_masked_data_0_derivative.csv,kidney_sel,P162,2023_07_06_13_06_00,P162#2023_07_06_13_06_00#CSV1,csv_spectrum,2,train
\\ces-tp3\OE0645-data-uro\TIVITA_Cat\Cat_Pig_UMM\Cat_uro_kidney\Cat_uro_kidney_sel_30m\data\P162_OP126_2023_07_06_Experiment1\2023_07_06_13_06_00\_hypergui_2\spectrum_fromCSV5_(500.0-995.0)_masked_data_0_derivative.csv,kidney_sel,P162,2023_07_06_13_06_00,P162#2023_07_06_13_06_00#CSV5,csv_spectrum,2,train
\\ces-tp3\OE0645-data-uro\TIVITA_Cat\Cat_Pig_UMM\Cat_uro_kidney\Cat_uro_kidney_sel_30m\data\P162_OP126_2023_07_06_Experiment1\2023_07_06_13_06_30\_hypergui_1\spectrum_fromCSV1_(500.0-995.0)_masked_data_0_derivative.csv,kidney_sel,P162,2023_07_06_13_06_30,P162#2023_07_06_13_06_30#CSV1,csv_spectrum,2,train
\\ces-tp3\OE0645-data-uro\TIVITA_Cat\Cat_Pig_UMM\Cat_uro_kidney\Cat_uro_kidney_sel_30m\data\P162_OP126_2023_07_06_Experiment1\2023_07_06_13_06_30\_hypergui_1\spectrum_fromCSV5_(500.0-995.0)_masked_data_0_derivative.csv,kidney_sel,P162,2023_07_06_13_06_30,P162#2023_07_06_13_06_30#CSV5,csv_spectrum,2,train
\\ces-tp3\OE0645-data-uro\TIVITA_Cat\Cat_Pig_UMM\Cat_uro_kidney\Cat_uro_kidney_sel_30m\data\P162_OP126_2023_07_06_Experiment1\2023_07_06_13_06_30\_hypergui_2\spectrum_fromCSV1_(500.0-995.0)_masked_data_0_derivative.csv,kidney_sel,P162,2023_07_06_13_06_30,P162#2023_07_06_13_06_30#CSV1,csv_spectrum,2,train
\\ces-tp3\OE0645-data-uro\TIVITA_Cat\Cat_Pig_UMM\Cat_uro_kidney\Cat_uro_kidney_sel_30m\data\P162_OP126_2023_07_06_Experiment1\2023_07_06_13_06_30\_hypergui_2\spectrum_fromCSV5_(500.0-995.0)_masked_data_0_derivative.csv,kidney_sel,P162,2023_07_06_13_06_30,P162#2023_07_06_13_06_30#CSV5,csv_spectrum,2,train
\\ces-tp3\OE0645-data-uro\TIVITA_Cat\Cat_Pig_UMM\Cat_uro_kidney\Cat_uro_kidney_sel_30m\data\P162_OP126_2023_07_06_Experiment1\2023_07_06_13_07_00\_hypergui_1\spectrum_fromCSV1_(500.0-995.0)_masked_data_0_derivative.csv,kidney_sel,P162,2023_07_06_13_07_00,P162#2023_07_06_13_07_00#CSV1,csv_spectrum,2,train
\\ces-tp3\OE0645-data-uro\TIVITA_Cat\Cat_Pig_UMM\Cat_uro_kidney\Cat_uro_kidney_sel_30m\data\P162_OP126_2023_07_06_Experiment1\2023_07_06_13_07_00\_hypergui_1\spectrum_fromCSV5_(500.0-995.0)_masked_data_0_derivative.csv,kidney_sel,P162,2023_07_06_13_07_00,P162#2023_07_06_13_07_00#CSV5,csv_spectrum,2,train
\\ces-tp3\OE0645-data-uro\TIVITA_Cat\Cat_Pig_UMM\Cat_uro_kidney\Cat_uro_kidney_sel_30m\data\P162_OP126_2023_07_06_Experiment1\2023_07_06_13_07_00\_hypergui_2\spectrum_fromCSV1_(500.0-995.0)_masked_data_0_derivative.csv,kidney_sel,P162,2023_07_06_13_07_00,P162#2023_07_06_13_07_00#CSV1,csv_spectrum,2,train
\\ces-tp3\OE0645-data-uro\TIVITA_Cat\Cat_Pig_UMM\Cat_uro_kidney\Cat_uro_kidney_sel_30m\data\P162_OP126_2023_07_06_Experiment1\2023_07_06_13_07_00\_hypergui_2\spectrum_fromCSV5_(500.0-995.0)_masked_data_0_derivative.csv,kidney_sel,P162,2023_07_06_13_07_00,P162#2023_07_06_13_07_00#CSV5,csv_spectrum,2,train
\\ces-tp3\OE0645-data-uro\TIVITA_Cat\Cat_Pig_UMM\Cat_uro_kidney\Cat_uro_kidney_sel_30m\data\P165_OP129_2023_08_16_Experiment1\2023_08_16_12_40_16\_hypergui_1\spectrum_fromCSV1_(500.0-995.0)_masked_data_0_derivative.csv,kidney_sel,P165,2023_08_16_12_40_16,P165#2023_08_16_12_40_16#CSV1,csv_spectrum,2,train
\\ces-tp3\OE0645-data-uro\TIVITA_Cat\Cat_Pig_UMM\Cat_uro_kidney\Cat_uro_kidney_sel_30m\data\P165_OP129_2023_08_16_Experiment1\2023_08_16_12_40_16\_hypergui_1\spectrum_fromCSV5_(500.0-995.0)_masked_data_0_derivative.csv,kidney_sel,P165,2023_08_16_12_40_16,P165#2023_08_16_12_40_16#CSV5,csv_spectrum,2,train
\\ces-tp3\OE0645-data-uro\TIVITA_Cat\Cat_Pig_UMM\Cat_uro_kidney\Cat_uro_kidney_sel_30m\data\P165_OP129_2023_08_16_Experiment1\2023_08_16_12_40_16\_hypergui_2\spectrum_fromCSV1_(500.0-995.0)_masked_data_0_derivative.csv,kidney_sel,P165,2023_08_16_12_40_16,P165#2023_08_16_12_40_16#CSV1,csv_spectrum,2,train
\\ces-tp3\OE0645-data-uro\TIVITA_Cat\Cat_Pig_UMM\Cat_uro_kidney\Cat_uro_kidney_sel_30m\data\P165_OP129_2023_08_16_Experiment1\2023_08_16_12_40_16\_hypergui_2\spectrum_fromCSV5_(500.0-995.0)_masked_data_0_derivative.csv,kidney_sel,P165,2023_08_16_12_40_16,P165#2023_08_16_12_40_16#CSV5,csv_spectrum,2,train
\\ces-tp3\OE0645-data-uro\TIVITA_Cat\Cat_Pig_UMM\Cat_uro_kidney\Cat_uro_kidney_sel_30m\data\P165_OP129_2023_08_16_Experiment1\2023_08_16_12_40_46\_hypergui_1\spectrum_fromCSV1_(500.0-995.0)_masked_data_0_derivative.csv,kidney_sel,P165,2023_08_16_12_40_46,P165#2023_08_16_12_40_46#CSV1,csv_spectrum,2,train
\\ces-tp3\OE0645-data-uro\TIVITA_Cat\Cat_Pig_UMM\Cat_uro_kidney\Cat_uro_kidney_sel_30m\data\P165_OP129_2023_08_16_Experiment1\2023_08_16_12_40_46\_hypergui_1\spectrum_fromCSV5_(500.0-995.0)_masked_data_0_derivative.csv,kidney_sel,P165,2023_08_16_12_40_46,P165#2023_08_16_12_40_46#CSV5,csv_spectrum,2,train
\\ces-tp3\OE0645-data-uro\TIVITA_Cat\Cat_Pig_UMM\Cat_uro_kidney\Cat_uro_kidney_sel_30m\data\P165_OP129_2023_08_16_Experiment1\2023_08_16_12_40_46\_hypergui_2\spectrum_fromCSV1_(500.0-995.0)_masked_data_0_derivative.csv,kidney_sel,P165,2023_08_16_12_40_46,P165#2023_08_16_12_40_46#CSV1,csv_spectrum,2,train
\\ces-tp3\OE0645-data-uro\TIVITA_Cat\Cat_Pig_UMM\Cat_uro_kidney\Cat_uro_kidney_sel_30m\data\P165_OP129_2023_08_16_Experiment1\2023_08_16_12_40_46\_hypergui_2\spectrum_fromCSV5_(500.0-995.0)_masked_data_0_derivative.csv,kidney_sel,P165,2023_08_16_12_40_46,P165#2023_08_16_12_40_46#CSV5,csv_spectrum,2,train
\\ces-tp3\OE0645-data-uro\TIVITA_Cat\Cat_Pig_UMM\Cat_uro_kidney\Cat_uro_kidney_sel_30m\data\P165_OP129_2023_08_16_Experiment1\2023_08_16_12_41_16\_hypergui_1\spectrum_fromCSV1_(500.0-995.0)_masked_data_0_derivative.csv,kidney_sel,P165,2023_08_16_12_41_16,P165#2023_08_16_12_41_16#CSV1,csv_spectrum,2,train
\\ces-tp3\OE0645-data-uro\TIVITA_Cat\Cat_Pig_UMM\Cat_uro_kidney\Cat_uro_kidney_sel_30m\data\P165_OP129_2023_08_16_Experiment1\2023_08_16_12_41_16\_hypergui_1\spectrum_fromCSV5_(500.0-995.0)_masked_data_0_derivative.csv,kidney_sel,P165,2023_08_16_12_41_16,P165#2023_08_16_12_41_16#CSV5,csv_spectrum,2,train
\\ces-tp3\OE0645-data-uro\TIVITA_Cat\Cat_Pig_UMM\Cat_uro_kidney\Cat_uro_kidney_sel_30m\data\P165_OP129_2023_08_16_Experiment1\2023_08_16_12_41_16\_hypergui_2\spectrum_fromCSV1_(500.0-995.0)_masked_data_0_derivative.csv,kidney_sel,P165,2023_08_16_12_41_16,P165#2023_08_16_12_41_16#CSV1,csv_spectrum,2,train
\\ces-tp3\OE0645-data-uro\TIVITA_Cat\Cat_Pig_UMM\Cat_uro_kidney\Cat_uro_kidney_sel_30m\data\P165_OP129_2023_08_16_Experiment1\2023_08_16_12_41_16\_hypergui_2\spectrum_fromCSV5_(500.0-995.0)_masked_data_0_derivative.csv,kidney_sel,P165,2023_08_16_12_41_16,P165#2023_08_16_12_41_16#CSV5,csv_spectrum,2,train
\\ces-tp3\OE0645-data-uro\TIVITA_Cat\Cat_Pig_UMM\Cat_uro_kidney\Cat_uro_kidney_sel_30m\data\P166_OP130_2023_08_17_Experiment1\2023_08_17_12_12_11\_hypergui_1\spectrum_fromCSV1_(500.0-995.0)_masked_data_0_derivative.csv,kidney_sel,P166,2023_08_17_12_12_11,P166#2023_08_17_12_12_11#CSV1,csv_spectrum,2,train
\\ces-tp3\OE0645-data-uro\TIVITA_Cat\Cat_Pig_UMM\Cat_uro_kidney\Cat_uro_kidney_sel_30m\data\P166_OP130_2023_08_17_Experiment1\2023_08_17_12_12_11\_hypergui_1\spectrum_fromCSV5_(500.0-995.0)_masked_data_0_derivative.csv,kidney_sel,P166,2023_08_17_12_12_11,P166#2023_08_17_12_12_11#CSV5,csv_spectrum,2,train
\\ces-tp3\OE0645-data-uro\TIVITA_Cat\Cat_Pig_UMM\Cat_uro_kidney\Cat_uro_kidney_sel_30m\data\P166_OP130_2023_08_17_Experiment1\2023_08_17_12_12_11\_hypergui_2\spectrum_fromCSV1_(500.0-995.0)_masked_data_0_derivative.csv,kidney_sel,P166,2023_08_17_12_12_11,P166#2023_08_17_12_12_11#CSV1,csv_spectrum,2,train
\\ces-tp3\OE0645-data-uro\TIVITA_Cat\Cat_Pig_UMM\Cat_uro_kidney\Cat_uro_kidney_sel_30m\data\P166_OP130_2023_08_17_Experiment1\2023_08_17_12_12_11\_hypergui_2\spectrum_fromCSV5_(500.0-995.0)_masked_data_0_derivative.csv,kidney_sel,P166,2023_08_17_12_12_11,P166#2023_08_17_12_12_11#CSV5,csv_spectrum,2,train
\\ces-tp3\OE0645-data-uro\TIVITA_Cat\Cat_Pig_UMM\Cat_uro_kidney\Cat_uro_kidney_sel_30m\data\P166_OP130_2023_08_17_Experiment1\2023_08_17_12_12_41\_hypergui_1\spectrum_fromCSV1_(500.0-995.0)_masked_data_0_derivative.csv,kidney_sel,P166,2023_08_17_12_12_41,P166#2023_08_17_12_12_41#CSV1,csv_spectrum,2,train
\\ces-tp3\OE0645-data-uro\TIVITA_Cat\Cat_Pig_UMM\Cat_uro_kidney\Cat_uro_kidney_sel_30m\data\P166_OP130_2023_08_17_Experiment1\2023_08_17_12_12_41\_hypergui_1\spectrum_fromCSV5_(500.0-995.0)_masked_data_0_derivative.csv,kidney_sel,P166,2023_08_17_12_12_41,P166#2023_08_17_12_12_41#CSV5,csv_spectrum,2,train
\\ces-tp3\OE0645-data-uro\TIVITA_Cat\Cat_Pig_UMM\Cat_uro_kidney\Cat_uro_kidney_sel_30m\data\P166_OP130_2023_08_17_Experiment1\2023_08_17_12_12_41\_hypergui_2\spectrum_fromCSV1_(500.0-995.0)_masked_data_0_derivative.csv,kidney_sel,P166,2023_08_17_12_12_41,P166#2023_08_17_12_12_41#CSV1,csv_spectrum,2,train
\\ces-tp3\OE0645-data-uro\TIVITA_Cat\Cat_Pig_UMM\Cat_uro_kidney\Cat_uro_kidney_sel_30m\data\P166_OP130_2023_08_17_Experiment1\2023_08_17_12_12_41\_hypergui_2\spectrum_fromCSV5_(500.0-995.0)_masked_data_0_derivative.csv,kidney_sel,P166,2023_08_17_12_12_41,P166#2023_08_17_12_12_41#CSV5,csv_spectrum,2,train
\\ces-tp3\OE0645-data-uro\TIVITA_Cat\Cat_Pig_UMM\Cat_uro_kidney\Cat_uro_kidney_sel_30m\data\P166_OP130_2023_08_17_Experiment1\2023_08_17_12_13_11\_hypergui_1\spectrum_fromCSV1_(500.0-995.0)_masked_data_0_derivative.csv,kidney_sel,P166,2023_08_17_12_13_11,P166#2023_08_17_12_13_11#CSV1,csv_spectrum,2,train
\\ces-tp3\OE0645-data-uro\TIVITA_Cat\Cat_Pig_UMM\Cat_uro_kidney\Cat_uro_kidney_sel_30m\data\P166_OP130_2023_08_17_Experiment1\2023_08_17_12_13_11\_hypergui_1\spectrum_fromCSV5_(500.0-995.0)_masked_data_0_derivative.csv,kidney_sel,P166,2023_08_17_12_13_11,P166#2023_08_17_12_13_11#CSV5,csv_spectrum,2,train
\\ces-tp3\OE0645-data-uro\TIVITA_Cat\Cat_Pig_UMM\Cat_uro_kidney\Cat_uro_kidney_sel_30m\data\P166_OP130_2023_08_17_Experiment1\2023_08_17_12_13_11\_hypergui_2\spectrum_fromCSV1_(500.0-995.0)_masked_data_0_derivative.csv,kidney_sel,P166,2023_08_17_12_13_11,P166#2023_08_17_12_13_11#CSV1,csv_spectrum,2,train
\\ces-tp3\OE0645-data-uro\TIVITA_Cat\Cat_Pig_UMM\Cat_uro_kidney\Cat_uro_kidney_sel_30m\data\P166_OP130_2023_08_17_Experiment1\2023_08_17_12_13_11\_hypergui_2\spectrum_fromCSV5_(500.0-995.0)_masked_data_0_derivative.csv,kidney_sel,P166,2023_08_17_12_13_11,P166#2023_08_17_12_13_11#CSV5,csv_spectrum,2,train
\\ces-tp3\OE0645-data-uro\TIVITA_Cat\Cat_Pig_UMM\Cat_uro_kidney\Cat_uro_kidney_sel_30m\data\P168_OP132_2023_08_23_Experiment1\2023_08_23_13_20_24\_hypergui_1\spectrum_fromCSV1_(500.0-995.0)_masked_data_0_derivative.csv,kidney_sel,P168,2023_08_23_13_20_24,P168#2023_08_23_13_20_24#CSV1,csv_spectrum,2,train
\\ces-tp3\OE0645-data-uro\TIVITA_Cat\Cat_Pig_UMM\Cat_uro_kidney\Cat_uro_kidney_sel_30m\data\P168_OP132_2023_08_23_Experiment1\2023_08_23_13_20_24\_hypergui_1\spectrum_fromCSV5_(500.0-995.0)_masked_data_0_derivative.csv,kidney_sel,P168,2023_08_23_13_20_24,P168#2023_08_23_13_20_24#CSV5,csv_spectrum,2,train
\\ces-tp3\OE0645-data-uro\TIVITA_Cat\Cat_Pig_UMM\Cat_uro_kidney\Cat_uro_kidney_sel_30m\data\P168_OP132_2023_08_23_Experiment1\2023_08_23_13_20_24\_hypergui_2\spectrum_fromCSV1_(500.0-995.0)_masked_data_0_derivative.csv,kidney_sel,P168,2023_08_23_13_20_24,P168#2023_08_23_13_20_24#CSV1,csv_spectrum,2,train
\\ces-tp3\OE0645-data-uro\TIVITA_Cat\Cat_Pig_UMM\Cat_uro_kidney\Cat_uro_kidney_sel_30m\data\P168_OP132_2023_08_23_Experiment1\2023_08_23_13_20_24\_hypergui_2\spectrum_fromCSV5_(500.0-995.0)_masked_data_0_derivative.csv,kidney_sel,P168,2023_08_23_13_20_24,P168#2023_08_23_13_20_24#CSV5,csv_spectrum,2,train
\\ces-tp3\OE0645-data-uro\TIVITA_Cat\Cat_Pig_UMM\Cat_uro_kidney\Cat_uro_kidney_sel_30m\data\P168_OP132_2023_08_23_Experiment1\2023_08_23_13_20_54\_hypergui_1\spectrum_fromCSV1_(500.0-995.0)_masked_data_0_derivative.csv,kidney_sel,P168,2023_08_23_13_20_54,P168#2023_08_23_13_20_54#CSV1,csv_spectrum,2,train
\\ces-tp3\OE0645-data-uro\TIVITA_Cat\Cat_Pig_UMM\Cat_uro_kidney\Cat_uro_kidney_sel_30m\data\P168_OP132_2023_08_23_Experiment1\2023_08_23_13_20_54\_hypergui_1\spectrum_fromCSV5_(500.0-995.0)_masked_data_0_derivative.csv,kidney_sel,P168,2023_08_23_13_20_54,P168#2023_08_23_13_20_54#CSV5,csv_spectrum,2,train
\\ces-tp3\OE0645-data-uro\TIVITA_Cat\Cat_Pig_UMM\Cat_uro_kidney\Cat_uro_kidney_sel_30m\data\P168_OP132_2023_08_23_Experiment1\2023_08_23_13_20_54\_hypergui_2\spectrum_fromCSV1_(500.0-995.0)_masked_data_0_derivative.csv,kidney_sel,P168,2023_08_23_13_20_54,P168#2023_08_23_13_20_54#CSV1,csv_spectrum,2,train
\\ces-tp3\OE0645-data-uro\TIVITA_Cat\Cat_Pig_UMM\Cat_uro_kidney\Cat_uro_kidney_sel_30m\data\P168_OP132_2023_08_23_Experiment1\2023_08_23_13_20_54\_hypergui_2\spectrum_fromCSV5_(500.0-995.0)_masked_data_0_derivative.csv,kidney_sel,P168,2023_08_23_13_20_54,P168#2023_08_23_13_20_54#CSV5,csv_spectrum,2,train
\\ces-tp3\OE0645-data-uro\TIVITA_Cat\Cat_Pig_UMM\Cat_uro_kidney\Cat_uro_kidney_sel_30m\data\P168_OP132_2023_08_23_Experiment1\2023_08_23_13_21_24\_hypergui_1\spectrum_fromCSV1_(500.0-995.0)_masked_data_0_derivative.csv,kidney_sel,P168,2023_08_23_13_21_24,P168#2023_08_23_13_21_24#CSV1,csv_spectrum,2,train
\\ces-tp3\OE0645-data-uro\TIVITA_Cat\Cat_Pig_UMM\Cat_uro_kidney\Cat_uro_kidney_sel_30m\data\P168_OP132_2023_08_23_Experiment1\2023_08_23_13_21_24\_hypergui_1\spectrum_fromCSV5_(500.0-995.0)_masked_data_0_derivative.csv,kidney_sel,P168,2023_08_23_13_21_24,P168#2023_08_23_13_21_24#CSV5,csv_spectrum,2,train
\\ces-tp3\OE0645-data-uro\TIVITA_Cat\Cat_Pig_UMM\Cat_uro_kidney\Cat_uro_kidney_sel_30m\data\P168_OP132_2023_08_23_Experiment1\2023_08_23_13_21_24\_hypergui_2\spectrum_fromCSV1_(500.0-995.0)_masked_data_0_derivative.csv,kidney_sel,P168,2023_08_23_13_21_24,P168#2023_08_23_13_21_24#CSV1,csv_spectrum,2,train
\\ces-tp3\OE0645-data-uro\TIVITA_Cat\Cat_Pig_UMM\Cat_uro_kidney\Cat_uro_kidney_sel_30m\data\P168_OP132_2023_08_23_Experiment1\2023_08_23_13_21_24\_hypergui_2\spectrum_fromCSV5_(500.0-995.0)_masked_data_0_derivative.csv,kidney_sel,P168,2023_08_23_13_21_24,P168#2023_08_23_13_21_24#CSV5,csv_spectrum,2,train
\\ces-tp3\OE0645-data-uro\TIVITA_Cat\Cat_Pig_UMM\Cat_uro_kidney\Cat_uro_kidney_sel_30m\data\P174_OP138_2023_09_21_Experiment1\2023_09_21_13_54_57\_hypergui_1\spectrum_fromCSV1_(500.0-995.0)_masked_data_0_derivative.csv,kidney_sel,P174,2023_09_21_13_54_57,P174#2023_09_21_13_54_57#CSV1,csv_spectrum,2,train
\\ces-tp3\OE0645-data-uro\TIVITA_Cat\Cat_Pig_UMM\Cat_uro_kidney\Cat_uro_kidney_sel_30m\data\P174_OP138_2023_09_21_Experiment1\2023_09_21_13_54_57\_hypergui_1\spectrum_fromCSV5_(500.0-995.0)_masked_data_0_derivative.csv,kidney_sel,P174,2023_09_21_13_54_57,P174#2023_09_21_13_54_57#CSV5,csv_spectrum,2,train
\\ces-tp3\OE0645-data-uro\TIVITA_Cat\Cat_Pig_UMM\Cat_uro_kidney\Cat_uro_kidney_sel_30m\data\P174_OP138_2023_09_21_Experiment1\2023_09_21_13_54_57\_hypergui_2\spectrum_fromCSV1_(500.0-995.0)_masked_data_0_derivative.csv,kidney_sel,P174,2023_09_21_13_54_57,P174#2023_09_21_13_54_57#CSV1,csv_spectrum,2,train
\\ces-tp3\OE0645-data-uro\TIVITA_Cat\Cat_Pig_UMM\Cat_uro_kidney\Cat_uro_kidney_sel_30m\data\P174_OP138_2023_09_21_Experiment1\2023_09_21_13_54_57\_hypergui_2\spectrum_fromCSV5_(500.0-995.0)_masked_data_0_derivative.csv,kidney_sel,P174,2023_09_21_13_54_57,P174#2023_09_21_13_54_57#CSV5,csv_spectrum,2,train
\\ces-tp3\OE0645-data-uro\TIVITA_Cat\Cat_Pig_UMM\Cat_uro_kidney\Cat_uro_kidney_sel_30m\data\P174_OP138_2023_09_21_Experiment1\2023_09_21_13_55_27\_hypergui_1\spectrum_fromCSV1_(500.0-995.0)_masked_data_0_derivative.csv,kidney_sel,P174,2023_09_21_13_55_27,P174#2023_09_21_13_55_27#CSV1,csv_spectrum,2,train
\\ces-tp3\OE0645-data-uro\TIVITA_Cat\Cat_Pig_UMM\Cat_uro_kidney\Cat_uro_kidney_sel_30m\data\P174_OP138_2023_09_21_Experiment1\2023_09_21_13_55_27\_hypergui_1\spectrum_fromCSV5_(500.0-995.0)_masked_data_0_derivative.csv,kidney_sel,P174,2023_09_21_13_55_27,P174#2023_09_21_13_55_27#CSV5,csv_spectrum,2,train
\\ces-tp3\OE0645-data-uro\TIVITA_Cat\Cat_Pig_UMM\Cat_uro_kidney\Cat_uro_kidney_sel_30m\data\P174_OP138_2023_09_21_Experiment1\2023_09_21_13_55_27\_hypergui_2\spectrum_fromCSV1_(500.0-995.0)_masked_data_0_derivative.csv,kidney_sel,P174,2023_09_21_13_55_27,P174#2023_09_21_13_55_27#CSV1,csv_spectrum,2,train
\\ces-tp3\OE0645-data-uro\TIVITA_Cat\Cat_Pig_UMM\Cat_uro_kidney\Cat_uro_kidney_sel_30m\data\P174_OP138_2023_09_21_Experiment1\2023_09_21_13_55_27\_hypergui_2\spectrum_fromCSV5_(500.0-995.0)_masked_data_0_derivative.csv,kidney_sel,P174,2023_09_21_13_55_27,P174#2023_09_21_13_55_27#CSV5,csv_spectrum,2,train
\\ces-tp3\OE0645-data-uro\TIVITA_Cat\Cat_Pig_UMM\Cat_uro_kidney\Cat_uro_kidney_sel_30m\data\P174_OP138_2023_09_21_Experiment1\2023_09_21_13_55_57\_hypergui_1\spectrum_fromCSV1_(500.0-995.0)_masked_data_0_derivative.csv,kidney_sel,P174,2023_09_21_13_55_57,P174#2023_09_21_13_55_57#CSV1,csv_spectrum,2,train
\\ces-tp3\OE0645-data-uro\TIVITA_Cat\Cat_Pig_UMM\Cat_uro_kidney\Cat_uro_kidney_sel_30m\data\P174_OP138_2023_09_21_Experiment1\2023_09_21_13_55_57\_hypergui_1\spectrum_fromCSV5_(500.0-995.0)_masked_data_0_derivative.csv,kidney_sel,P174,2023_09_21_13_55_57,P174#2023_09_21_13_55_57#CSV5,csv_spectrum,2,train
\\ces-tp3\OE0645-data-uro\TIVITA_Cat\Cat_Pig_UMM\Cat_uro_kidney\Cat_uro_kidney_sel_30m\data\P174_OP138_2023_09_21_Experiment1\2023_09_21_13_55_57\_hypergui_2\spectrum_fromCSV1_(500.0-995.0)_masked_data_0_derivative.csv,kidney_sel,P174,2023_09_21_13_55_57,P174#2023_09_21_13_55_57#CSV1,csv_spectrum,2,train
\\ces-tp3\OE0645-data-uro\TIVITA_Cat\Cat_Pig_UMM\Cat_uro_kidney\Cat_uro_kidney_sel_30m\data\P174_OP138_2023_09_21_Experiment1\2023_09_21_13_55_57\_hypergui_2\spectrum_fromCSV5_(500.0-995.0)_masked_data_0_derivative.csv,kidney_sel,P174,2023_09_21_13_55_57,P174#2023_09_21_13_55_57#CSV5,csv_spectrum,2,train
\\ces-tp3\OE0645-data-uro\TIVITA_Cat\Cat_Pig_UMM\Cat_uro_kidney\Cat_uro_kidney_sel_30m\data\P175_OP139_2023_09_22_Experiment1\2023_09_22_11_44_17\_hypergui_1\spectrum_fromCSV1_(500.0-995.0)_masked_data_0_derivative.csv,kidney_sel,P175,2023_09_22_11_44_17,P175#2023_09_22_11_44_17#CSV1,csv_spectrum,2,train
\\ces-tp3\OE0645-data-uro\TIVITA_Cat\Cat_Pig_UMM\Cat_uro_kidney\Cat_uro_kidney_sel_30m\data\P175_OP139_2023_09_22_Experiment1\2023_09_22_11_44_17\_hypergui_1\spectrum_fromCSV5_(500.0-995.0)_masked_data_0_derivative.csv,kidney_sel,P175,2023_09_22_11_44_17,P175#2023_09_22_11_44_17#CSV5,csv_spectrum,2,train
\\ces-tp3\OE0645-data-uro\TIVITA_Cat\Cat_Pig_UMM\Cat_uro_kidney\Cat_uro_kidney_sel_30m\data\P175_OP139_2023_09_22_Experiment1\2023_09_22_11_44_17\_hypergui_2\spectrum_fromCSV1_(500.0-995.0)_masked_data_0_derivative.csv,kidney_sel,P175,2023_09_22_11_44_17,P175#2023_09_22_11_44_17#CSV1,csv_spectrum,2,train
\\ces-tp3\OE0645-data-uro\TIVITA_Cat\Cat_Pig_UMM\Cat_uro_kidney\Cat_uro_kidney_sel_30m\data\P175_OP139_2023_09_22_Experiment1\2023_09_22_11_44_17\_hypergui_2\spectrum_fromCSV5_(500.0-995.0)_masked_data_0_derivative.csv,kidney_sel,P175,2023_09_22_11_44_17,P175#2023_09_22_11_44_17#CSV5,csv_spectrum,2,train
\\ces-tp3\OE0645-data-uro\TIVITA_Cat\Cat_Pig_UMM\Cat_uro_kidney\Cat_uro_kidney_sel_30m\data\P175_OP139_2023_09_22_Experiment1\2023_09_22_11_44_47\_hypergui_1\spectrum_fromCSV1_(500.0-995.0)_masked_data_0_derivative.csv,kidney_sel,P175,2023_09_22_11_44_47,P175#2023_09_22_11_44_47#CSV1,csv_spectrum,2,train
\\ces-tp3\OE0645-data-uro\TIVITA_Cat\Cat_Pig_UMM\Cat_uro_kidney\Cat_uro_kidney_sel_30m\data\P175_OP139_2023_09_22_Experiment1\2023_09_22_11_44_47\_hypergui_1\spectrum_fromCSV5_(500.0-995.0)_masked_data_0_derivative.csv,kidney_sel,P175,2023_09_22_11_44_47,P175#2023_09_22_11_44_47#CSV5,csv_spectrum,2,train
\\ces-tp3\OE0645-data-uro\TIVITA_Cat\Cat_Pig_UMM\Cat_uro_kidney\Cat_uro_kidney_sel_30m\data\P175_OP139_2023_09_22_Experiment1\2023_09_22_11_44_47\_hypergui_2\spectrum_fromCSV1_(500.0-995.0)_masked_data_0_derivative.csv,kidney_sel,P175,2023_09_22_11_44_47,P175#2023_09_22_11_44_47#CSV1,csv_spectrum,2,train
\\ces-tp3\OE0645-data-uro\TIVITA_Cat\Cat_Pig_UMM\Cat_uro_kidney\Cat_uro_kidney_sel_30m\data\P175_OP139_2023_09_22_Experiment1\2023_09_22_11_44_47\_hypergui_2\spectrum_fromCSV5_(500.0-995.0)_masked_data_0_derivative.csv,kidney_sel,P175,2023_09_22_11_44_47,P175#2023_09_22_11_44_47#CSV5,csv_spectrum,2,train
\\ces-tp3\OE0645-data-uro\TIVITA_Cat\Cat_Pig_UMM\Cat_uro_kidney\Cat_uro_kidney_sel_30m\data\P175_OP139_2023_09_22_Experiment1\2023_09_22_11_45_17\_hypergui_1\spectrum_fromCSV1_(500.0-995.0)_masked_data_0_derivative.csv,kidney_sel,P175,2023_09_22_11_45_17,P175#2023_09_22_11_45_17#CSV1,csv_spectrum,2,train
\\ces-tp3\OE0645-data-uro\TIVITA_Cat\Cat_Pig_UMM\Cat_uro_kidney\Cat_uro_kidney_sel_30m\data\P175_OP139_2023_09_22_Experiment1\2023_09_22_11_45_17\_hypergui_1\spectrum_fromCSV5_(500.0-995.0)_masked_data_0_derivative.csv,kidney_sel,P175,2023_09_22_11_45_17,P175#2023_09_22_11_45_17#CSV5,csv_spectrum,2,train
\\ces-tp3\OE0645-data-uro\TIVITA_Cat\Cat_Pig_UMM\Cat_uro_kidney\Cat_uro_kidney_sel_30m\data\P175_OP139_2023_09_22_Experiment1\2023_09_22_11_45_17\_hypergui_2\spectrum_fromCSV1_(500.0-995.0)_masked_data_0_derivative.csv,kidney_sel,P175,2023_09_22_11_45_17,P175#2023_09_22_11_45_17#CSV1,csv_spectrum,2,train
\\ces-tp3\OE0645-data-uro\TIVITA_Cat\Cat_Pig_UMM\Cat_uro_kidney\Cat_uro_kidney_sel_30m\data\P175_OP139_2023_09_22_Experiment1\2023_09_22_11_45_17\_hypergui_2\spectrum_fromCSV5_(500.0-995.0)_masked_data_0_derivative.csv,kidney_sel,P175,2023_09_22_11_45_17,P175#2023_09_22_11_45_17#CSV5,csv_spectrum,2,train
\\ces-tp3\OE0645-data-uro\TIVITA_Cat\Cat_Pig_UMM\Cat_uro_kidney\Cat_uro_kidney_sel_30m\data\P175_OP139_2023_09_22_Experiment1\2023_09_22_14_10_25\_hypergui_1\spectrum_fromCSV1_(500.0-995.0)_masked_data_0_derivative.csv,kidney_sel,P175,2023_09_22_14_10_25,P175#2023_09_22_14_10_25#CSV1,csv_spectrum,2,train
\\ces-tp3\OE0645-data-uro\TIVITA_Cat\Cat_Pig_UMM\Cat_uro_kidney\Cat_uro_kidney_sel_30m\data\P175_OP139_2023_09_22_Experiment1\2023_09_22_14_10_25\_hypergui_1\spectrum_fromCSV5_(500.0-995.0)_masked_data_0_derivative.csv,kidney_sel,P175,2023_09_22_14_10_25,P175#2023_09_22_14_10_25#CSV5,csv_spectrum,2,train
\\ces-tp3\OE0645-data-uro\TIVITA_Cat\Cat_Pig_UMM\Cat_uro_kidney\Cat_uro_kidney_sel_30m\data\P175_OP139_2023_09_22_Experiment1\2023_09_22_14_10_25\_hypergui_2\spectrum_fromCSV1_(500.0-995.0)_masked_data_0_derivative.csv,kidney_sel,P175,2023_09_22_14_10_25,P175#2023_09_22_14_10_25#CSV1,csv_spectrum,2,train
\\ces-tp3\OE0645-data-uro\TIVITA_Cat\Cat_Pig_UMM\Cat_uro_kidney\Cat_uro_kidney_sel_30m\data\P175_OP139_2023_09_22_Experiment1\2023_09_22_14_10_25\_hypergui_2\spectrum_fromCSV5_(500.0-995.0)_masked_data_0_derivative.csv,kidney_sel,P175,2023_09_22_14_10_25,P175#2023_09_22_14_10_25#CSV5,csv_spectrum,2,train
\\ces-tp3\OE0645-data-uro\TIVITA_Cat\Cat_Pig_UMM\Cat_uro_kidney\Cat_uro_kidney_sel_30m\data\P175_OP139_2023_09_22_Experiment1\2023_09_22_14_10_55\_hypergui_1\spectrum_fromCSV1_(500.0-995.0)_masked_data_0_derivative.csv,kidney_sel,P175,2023_09_22_14_10_55,P175#2023_09_22_14_10_55#CSV1,csv_spectrum,2,train
\\ces-tp3\OE0645-data-uro\TIVITA_Cat\Cat_Pig_UMM\Cat_uro_kidney\Cat_uro_kidney_sel_30m\data\P175_OP139_2023_09_22_Experiment1\2023_09_22_14_10_55\_hypergui_1\spectrum_fromCSV5_(500.0-995.0)_masked_data_0_derivative.csv,kidney_sel,P175,2023_09_22_14_10_55,P175#2023_09_22_14_10_55#CSV5,csv_spectrum,2,train
\\ces-tp3\OE0645-data-uro\TIVITA_Cat\Cat_Pig_UMM\Cat_uro_kidney\Cat_uro_kidney_sel_30m\data\P175_OP139_2023_09_22_Experiment1\2023_09_22_14_10_55\_hypergui_2\spectrum_fromCSV1_(500.0-995.0)_masked_data_0_derivative.csv,kidney_sel,P175,2023_09_22_14_10_55,P175#2023_09_22_14_10_55#CSV1,csv_spectrum,2,train
\\ces-tp3\OE0645-data-uro\TIVITA_Cat\Cat_Pig_UMM\Cat_uro_kidney\Cat_uro_kidney_sel_30m\data\P175_OP139_2023_09_22_Experiment1\2023_09_22_14_10_55\_hypergui_2\spectrum_fromCSV5_(500.0-995.0)_masked_data_0_derivative.csv,kidney_sel,P175,2023_09_22_14_10_55,P175#2023_09_22_14_10_55#CSV5,csv_spectrum,2,train
\\ces-tp3\OE0645-data-uro\TIVITA_Cat\Cat_Pig_UMM\Cat_uro_kidney\Cat_uro_kidney_sel_30m\data\P175_OP139_2023_09_22_Experiment1\2023_09_22_14_11_25\_hypergui_1\spectrum_fromCSV1_(500.0-995.0)_masked_data_0_derivative.csv,kidney_sel,P175,2023_09_22_14_11_25,P175#2023_09_22_14_11_25#CSV1,csv_spectrum,2,train
\\ces-tp3\OE0645-data-uro\TIVITA_Cat\Cat_Pig_UMM\Cat_uro_kidney\Cat_uro_kidney_sel_30m\data\P175_OP139_2023_09_22_Experiment1\2023_09_22_14_11_25\_hypergui_1\spectrum_fromCSV5_(500.0-995.0)_masked_data_0_derivative.csv,kidney_sel,P175,2023_09_22_14_11_25,P175#2023_09_22_14_11_25#CSV5,csv_spectrum,2,train
\\ces-tp3\OE0645-data-uro\TIVITA_Cat\Cat_Pig_UMM\Cat_uro_kidney\Cat_uro_kidney_sel_30m\data\P175_OP139_2023_09_22_Experiment1\2023_09_22_14_11_25\_hypergui_2\spectrum_fromCSV1_(500.0-995.0)_masked_data_0_derivative.csv,kidney_sel,P175,2023_09_22_14_11_25,P175#2023_09_22_14_11_25#CSV1,csv_spectrum,2,train
\\ces-tp3\OE0645-data-uro\TIVITA_Cat\Cat_Pig_UMM\Cat_uro_kidney\Cat_uro_kidney_sel_30m\data\P175_OP139_2023_09_22_Experiment1\2023_09_22_14_11_25\_hypergui_2\spectrum_fromCSV5_(500.0-995.0)_masked_data_0_derivative.csv,kidney_sel,P175,2023_09_22_14_11_25,P175#2023_09_22_14_11_25#CSV5,csv_spectrum,2,train
\\ces-tp3\OE0645-data-uro\TIVITA_Cat\Cat_Pig_UMM\Cat_uro_kidney\Cat_uro_kidney_sel_30m\data\P188_OP152_2023_10_22_Experiment1\2023_10_22_12_30_41\_hypergui_1\spectrum_fromCSV1_(500.0-995.0)_masked_data_0_derivative.csv,kidney_sel,P188,2023_10_22_12_30_41,P188#2023_10_22_12_30_41#CSV1,csv_spectrum,2,train
\\ces-tp3\OE0645-data-uro\TIVITA_Cat\Cat_Pig_UMM\Cat_uro_kidney\Cat_uro_kidney_sel_30m\data\P188_OP152_2023_10_22_Experiment1\2023_10_22_12_30_41\_hypergui_1\spectrum_fromCSV5_(500.0-995.0)_masked_data_0_derivative.csv,kidney_sel,P188,2023_10_22_12_30_41,P188#2023_10_22_12_30_41#CSV5,csv_spectrum,2,train
\\ces-tp3\OE0645-data-uro\TIVITA_Cat\Cat_Pig_UMM\Cat_uro_kidney\Cat_uro_kidney_sel_30m\data\P188_OP152_2023_10_22_Experiment1\2023_10_22_12_30_41\_hypergui_2\spectrum_fromCSV1_(500.0-995.0)_masked_data_0_derivative.csv,kidney_sel,P188,2023_10_22_12_30_41,P188#2023_10_22_12_30_41#CSV1,csv_spectrum,2,train
\\ces-tp3\OE0645-data-uro\TIVITA_Cat\Cat_Pig_UMM\Cat_uro_kidney\Cat_uro_kidney_sel_30m\data\P188_OP152_2023_10_22_Experiment1\2023_10_22_12_30_41\_hypergui_2\spectrum_fromCSV5_(500.0-995.0)_masked_data_0_derivative.csv,kidney_sel,P188,2023_10_22_12_30_41,P188#2023_10_22_12_30_41#CSV5,csv_spectrum,2,train
\\ces-tp3\OE0645-data-uro\TIVITA_Cat\Cat_Pig_UMM\Cat_uro_kidney\Cat_uro_kidney_sel_30m\data\P188_OP152_2023_10_22_Experiment1\2023_10_22_12_32_41\_hypergui_1\spectrum_fromCSV1_(500.0-995.0)_masked_data_0_derivative.csv,kidney_sel,P188,2023_10_22_12_32_41,P188#2023_10_22_12_32_41#CSV1,csv_spectrum,2,train
\\ces-tp3\OE0645-data-uro\TIVITA_Cat\Cat_Pig_UMM\Cat_uro_kidney\Cat_uro_kidney_sel_30m\data\P188_OP152_2023_10_22_Experiment1\2023_10_22_12_32_41\_hypergui_1\spectrum_fromCSV5_(500.0-995.0)_masked_data_0_derivative.csv,kidney_sel,P188,2023_10_22_12_32_41,P188#2023_10_22_12_32_41#CSV5,csv_spectrum,2,train
\\ces-tp3\OE0645-data-uro\TIVITA_Cat\Cat_Pig_UMM\Cat_uro_kidney\Cat_uro_kidney_sel_30m\data\P188_OP152_2023_10_22_Experiment1\2023_10_22_12_32_41\_hypergui_2\spectrum_fromCSV1_(500.0-995.0)_masked_data_0_derivative.csv,kidney_sel,P188,2023_10_22_12_32_41,P188#2023_10_22_12_32_41#CSV1,csv_spectrum,2,train
\\ces-tp3\OE0645-data-uro\TIVITA_Cat\Cat_Pig_UMM\Cat_uro_kidney\Cat_uro_kidney_sel_30m\data\P188_OP152_2023_10_22_Experiment1\2023_10_22_12_32_41\_hypergui_2\spectrum_fromCSV5_(500.0-995.0)_masked_data_0_derivative.csv,kidney_sel,P188,2023_10_22_12_32_41,P188#2023_10_22_12_32_41#CSV5,csv_spectrum,2,train
\\ces-tp3\OE0645-data-uro\TIVITA_Cat\Cat_Pig_UMM\Cat_uro_kidney\Cat_uro_kidney_sel_30m\data\P188_OP152_2023_10_22_Experiment1\2023_10_22_12_34_41\_hypergui_1\spectrum_fromCSV1_(500.0-995.0)_masked_data_0_derivative.csv,kidney_sel,P188,2023_10_22_12_34_41,P188#2023_10_22_12_34_41#CSV1,csv_spectrum,2,train
\\ces-tp3\OE0645-data-uro\TIVITA_Cat\Cat_Pig_UMM\Cat_uro_kidney\Cat_uro_kidney_sel_30m\data\P188_OP152_2023_10_22_Experiment1\2023_10_22_12_34_41\_hypergui_1\spectrum_fromCSV5_(500.0-995.0)_masked_data_0_derivative.csv,kidney_sel,P188,2023_10_22_12_34_41,P188#2023_10_22_12_34_41#CSV5,csv_spectrum,2,train
\\ces-tp3\OE0645-data-uro\TIVITA_Cat\Cat_Pig_UMM\Cat_uro_kidney\Cat_uro_kidney_sel_30m\data\P188_OP152_2023_10_22_Experiment1\2023_10_22_12_34_41\_hypergui_2\spectrum_fromCSV1_(500.0-995.0)_masked_data_0_derivative.csv,kidney_sel,P188,2023_10_22_12_34_41,P188#2023_10_22_12_34_41#CSV1,csv_spectrum,2,train
\\ces-tp3\OE0645-data-uro\TIVITA_Cat\Cat_Pig_UMM\Cat_uro_kidney\Cat_uro_kidney_sel_30m\data\P188_OP152_2023_10_22_Experiment1\2023_10_22_12_34_41\_hypergui_2\spectrum_fromCSV5_(500.0-995.0)_masked_data_0_derivative.csv,kidney_sel,P188,2023_10_22_12_34_41,P188#2023_10_22_12_34_41#CSV5,csv_spectrum,2,train
\\ces-tp3\OE0645-data-uro\TIVITA_Cat\Cat_Pig_UMM\Cat_uro_kidney\Cat_uro_kidney_sel_30m\data\P191_OP155_2023_10_28_Experiment1\2023_10_28_11_52_56\_hypergui_1\spectrum_fromCSV1_(500.0-995.0)_masked_data_0_derivative.csv,kidney_sel,P191,2023_10_28_11_52_56,P191#2023_10_28_11_52_56#CSV1,csv_spectrum,2,train
\\ces-tp3\OE0645-data-uro\TIVITA_Cat\Cat_Pig_UMM\Cat_uro_kidney\Cat_uro_kidney_sel_30m\data\P191_OP155_2023_10_28_Experiment1\2023_10_28_11_52_56\_hypergui_1\spectrum_fromCSV5_(500.0-995.0)_masked_data_0_derivative.csv,kidney_sel,P191,2023_10_28_11_52_56,P191#2023_10_28_11_52_56#CSV5,csv_spectrum,2,train
\\ces-tp3\OE0645-data-uro\TIVITA_Cat\Cat_Pig_UMM\Cat_uro_kidney\Cat_uro_kidney_sel_30m\data\P191_OP155_2023_10_28_Experiment1\2023_10_28_11_52_56\_hypergui_2\spectrum_fromCSV1_(500.0-995.0)_masked_data_0_derivative.csv,kidney_sel,P191,2023_10_28_11_52_56,P191#2023_10_28_11_52_56#CSV1,csv_spectrum,2,train
\\ces-tp3\OE0645-data-uro\TIVITA_Cat\Cat_Pig_UMM\Cat_uro_kidney\Cat_uro_kidney_sel_30m\data\P191_OP155_2023_10_28_Experiment1\2023_10_28_11_52_56\_hypergui_2\spectrum_fromCSV5_(500.0-995.0)_masked_data_0_derivative.csv,kidney_sel,P191,2023_10_28_11_52_56,P191#2023_10_28_11_52_56#CSV5,csv_spectrum,2,train
\\ces-tp3\OE0645-data-uro\TIVITA_Cat\Cat_Pig_UMM\Cat_uro_kidney\Cat_uro_kidney_sel_30m\data\P191_OP155_2023_10_28_Experiment1\2023_10_28_11_54_56\_hypergui_1\spectrum_fromCSV1_(500.0-995.0)_masked_data_0_derivative.csv,kidney_sel,P191,2023_10_28_11_54_56,P191#2023_10_28_11_54_56#CSV1,csv_spectrum,2,train
\\ces-tp3\OE0645-data-uro\TIVITA_Cat\Cat_Pig_UMM\Cat_uro_kidney\Cat_uro_kidney_sel_30m\data\P191_OP155_2023_10_28_Experiment1\2023_10_28_11_54_56\_hypergui_1\spectrum_fromCSV5_(500.0-995.0)_masked_data_0_derivative.csv,kidney_sel,P191,2023_10_28_11_54_56,P191#2023_10_28_11_54_56#CSV5,csv_spectrum,2,train
\\ces-tp3\OE0645-data-uro\TIVITA_Cat\Cat_Pig_UMM\Cat_uro_kidney\Cat_uro_kidney_sel_30m\data\P191_OP155_2023_10_28_Experiment1\2023_10_28_11_54_56\_hypergui_2\spectrum_fromCSV1_(500.0-995.0)_masked_data_0_derivative.csv,kidney_sel,P191,2023_10_28_11_54_56,P191#2023_10_28_11_54_56#CSV1,csv_spectrum,2,train
\\ces-tp3\OE0645-data-uro\TIVITA_Cat\Cat_Pig_UMM\Cat_uro_kidney\Cat_uro_kidney_sel_30m\data\P191_OP155_2023_10_28_Experiment1\2023_10_28_11_54_56\_hypergui_2\spectrum_fromCSV5_(500.0-995.0)_masked_data_0_derivative.csv,kidney_sel,P191,2023_10_28_11_54_56,P191#2023_10_28_11_54_56#CSV5,csv_spectrum,2,train
\\ces-tp3\OE0645-data-uro\TIVITA_Cat\Cat_Pig_UMM\Cat_uro_kidney\Cat_uro_kidney_sel_30m\data\P191_OP155_2023_10_28_Experiment1\2023_10_28_11_56_56\_hypergui_1\spectrum_fromCSV1_(500.0-995.0)_masked_data_0_derivative.csv,kidney_sel,P191,2023_10_28_11_56_56,P191#2023_10_28_11_56_56#CSV1,csv_spectrum,2,train
\\ces-tp3\OE0645-data-uro\TIVITA_Cat\Cat_Pig_UMM\Cat_uro_kidney\Cat_uro_kidney_sel_30m\data\P191_OP155_2023_10_28_Experiment1\2023_10_28_11_56_56\_hypergui_1\spectrum_fromCSV5_(500.0-995.0)_masked_data_0_derivative.csv,kidney_sel,P191,2023_10_28_11_56_56,P191#2023_10_28_11_56_56#CSV5,csv_spectrum,2,train
\\ces-tp3\OE0645-data-uro\TIVITA_Cat\Cat_Pig_UMM\Cat_uro_kidney\Cat_uro_kidney_sel_30m\data\P191_OP155_2023_10_28_Experiment1\2023_10_28_11_56_56\_hypergui_2\spectrum_fromCSV1_(500.0-995.0)_masked_data_0_derivative.csv,kidney_sel,P191,2023_10_28_11_56_56,P191#2023_10_28_11_56_56#CSV1,csv_spectrum,2,train
\\ces-tp3\OE0645-data-uro\TIVITA_Cat\Cat_Pig_UMM\Cat_uro_kidney\Cat_uro_kidney_sel_30m\data\P191_OP155_2023_10_28_Experiment1\2023_10_28_11_56_56\_hypergui_2\spectrum_fromCSV5_(500.0-995.0)_masked_data_0_derivative.csv,kidney_sel,P191,2023_10_28_11_56_56,P191#2023_10_28_11_56_56#CSV5,csv_spectrum,2,train
\\ces-tp3\OE0645-data-uro\TIVITA_Cat\Cat_Pig_UMM\Cat_uro_kidney\Cat_uro_kidney_sel_30m\data\P192_OP156_2023_10_29_Experiment1\2023_10_29_12_21_43\_hypergui_1\spectrum_fromCSV1_(500.0-995.0)_masked_data_0_derivative.csv,kidney_sel,P192,2023_10_29_12_21_43,P192#2023_10_29_12_21_43#CSV1,csv_spectrum,2,train
\\ces-tp3\OE0645-data-uro\TIVITA_Cat\Cat_Pig_UMM\Cat_uro_kidney\Cat_uro_kidney_sel_30m\data\P192_OP156_2023_10_29_Experiment1\2023_10_29_12_21_43\_hypergui_1\spectrum_fromCSV5_(500.0-995.0)_masked_data_0_derivative.csv,kidney_sel,P192,2023_10_29_12_21_43,P192#2023_10_29_12_21_43#CSV5,csv_spectrum,2,train
\\ces-tp3\OE0645-data-uro\TIVITA_Cat\Cat_Pig_UMM\Cat_uro_kidney\Cat_uro_kidney_sel_30m\data\P192_OP156_2023_10_29_Experiment1\2023_10_29_12_21_43\_hypergui_2\spectrum_fromCSV1_(500.0-995.0)_masked_data_0_derivative.csv,kidney_sel,P192,2023_10_29_12_21_43,P192#2023_10_29_12_21_43#CSV1,csv_spectrum,2,train
\\ces-tp3\OE0645-data-uro\TIVITA_Cat\Cat_Pig_UMM\Cat_uro_kidney\Cat_uro_kidney_sel_30m\data\P192_OP156_2023_10_29_Experiment1\2023_10_29_12_21_43\_hypergui_2\spectrum_fromCSV5_(500.0-995.0)_masked_data_0_derivative.csv,kidney_sel,P192,2023_10_29_12_21_43,P192#2023_10_29_12_21_43#CSV5,csv_spectrum,2,train
\\ces-tp3\OE0645-data-uro\TIVITA_Cat\Cat_Pig_UMM\Cat_uro_kidney\Cat_uro_kidney_sel_30m\data\P192_OP156_2023_10_29_Experiment1\2023_10_29_12_23_43\_hypergui_1\spectrum_fromCSV1_(500.0-995.0)_masked_data_0_derivative.csv,kidney_sel,P192,2023_10_29_12_23_43,P192#2023_10_29_12_23_43#CSV1,csv_spectrum,2,train
\\ces-tp3\OE0645-data-uro\TIVITA_Cat\Cat_Pig_UMM\Cat_uro_kidney\Cat_uro_kidney_sel_30m\data\P192_OP156_2023_10_29_Experiment1\2023_10_29_12_23_43\_hypergui_1\spectrum_fromCSV5_(500.0-995.0)_masked_data_0_derivative.csv,kidney_sel,P192,2023_10_29_12_23_43,P192#2023_10_29_12_23_43#CSV5,csv_spectrum,2,train
\\ces-tp3\OE0645-data-uro\TIVITA_Cat\Cat_Pig_UMM\Cat_uro_kidney\Cat_uro_kidney_sel_30m\data\P192_OP156_2023_10_29_Experiment1\2023_10_29_12_23_43\_hypergui_2\spectrum_fromCSV1_(500.0-995.0)_masked_data_0_derivative.csv,kidney_sel,P192,2023_10_29_12_23_43,P192#2023_10_29_12_23_43#CSV1,csv_spectrum,2,train
\\ces-tp3\OE0645-data-uro\TIVITA_Cat\Cat_Pig_UMM\Cat_uro_kidney\Cat_uro_kidney_sel_30m\data\P192_OP156_2023_10_29_Experiment1\2023_10_29_12_23_43\_hypergui_2\spectrum_fromCSV5_(500.0-995.0)_masked_data_0_derivative.csv,kidney_sel,P192,2023_10_29_12_23_43,P192#2023_10_29_12_23_43#CSV5,csv_spectrum,2,train
\\ces-tp3\OE0645-data-uro\TIVITA_Cat\Cat_Pig_UMM\Cat_uro_kidney\Cat_uro_kidney_sel_30m\data\P192_OP156_2023_10_29_Experiment1\2023_10_29_12_25_43\_hypergui_1\spectrum_fromCSV1_(500.0-995.0)_masked_data_0_derivative.csv,kidney_sel,P192,2023_10_29_12_25_43,P192#2023_10_29_12_25_43#CSV1,csv_spectrum,2,train
\\ces-tp3\OE0645-data-uro\TIVITA_Cat\Cat_Pig_UMM\Cat_uro_kidney\Cat_uro_kidney_sel_30m\data\P192_OP156_2023_10_29_Experiment1\2023_10_29_12_25_43\_hypergui_1\spectrum_fromCSV5_(500.0-995.0)_masked_data_0_derivative.csv,kidney_sel,P192,2023_10_29_12_25_43,P192#2023_10_29_12_25_43#CSV5,csv_spectrum,2,train
\\ces-tp3\OE0645-data-uro\TIVITA_Cat\Cat_Pig_UMM\Cat_uro_kidney\Cat_uro_kidney_sel_30m\data\P192_OP156_2023_10_29_Experiment1\2023_10_29_12_25_43\_hypergui_2\spectrum_fromCSV1_(500.0-995.0)_masked_data_0_derivative.csv,kidney_sel,P192,2023_10_29_12_25_43,P192#2023_10_29_12_25_43#CSV1,csv_spectrum,2,train
\\ces-tp3\OE0645-data-uro\TIVITA_Cat\Cat_Pig_UMM\Cat_uro_kidney\Cat_uro_kidney_sel_30m\data\P192_OP156_2023_10_29_Experiment1\2023_10_29_12_25_43\_hypergui_2\spectrum_fromCSV5_(500.0-995.0)_masked_data_0_derivative.csv,kidney_sel,P192,2023_10_29_12_25_43,P192#2023_10_29_12_25_43#CSV5,csv_spectrum,2,train
\\ces-tp3\OE0645-data-uro\TIVITA_Cat\Cat_Pig_UMM\Cat_uro_kidney\Cat_uro_kidney_sel_30m\data\P193_OP157_2023_10_30_Experiment1\2023_10_30_11_49_11\_hypergui_1\spectrum_fromCSV1_(500.0-995.0)_masked_data_0_derivative.csv,kidney_sel,P193,2023_10_30_11_49_11,P193#2023_10_30_11_49_11#CSV1,csv_spectrum,2,train
\\ces-tp3\OE0645-data-uro\TIVITA_Cat\Cat_Pig_UMM\Cat_uro_kidney\Cat_uro_kidney_sel_30m\data\P193_OP157_2023_10_30_Experiment1\2023_10_30_11_49_11\_hypergui_1\spectrum_fromCSV5_(500.0-995.0)_masked_data_0_derivative.csv,kidney_sel,P193,2023_10_30_11_49_11,P193#2023_10_30_11_49_11#CSV5,csv_spectrum,2,train
\\ces-tp3\OE0645-data-uro\TIVITA_Cat\Cat_Pig_UMM\Cat_uro_kidney\Cat_uro_kidney_sel_30m\data\P193_OP157_2023_10_30_Experiment1\2023_10_30_11_49_11\_hypergui_2\spectrum_fromCSV1_(500.0-995.0)_masked_data_0_derivative.csv,kidney_sel,P193,2023_10_30_11_49_11,P193#2023_10_30_11_49_11#CSV1,csv_spectrum,2,train
\\ces-tp3\OE0645-data-uro\TIVITA_Cat\Cat_Pig_UMM\Cat_uro_kidney\Cat_uro_kidney_sel_30m\data\P193_OP157_2023_10_30_Experiment1\2023_10_30_11_49_11\_hypergui_2\spectrum_fromCSV5_(500.0-995.0)_masked_data_0_derivative.csv,kidney_sel,P193,2023_10_30_11_49_11,P193#2023_10_30_11_49_11#CSV5,csv_spectrum,2,train
\\ces-tp3\OE0645-data-uro\TIVITA_Cat\Cat_Pig_UMM\Cat_uro_kidney\Cat_uro_kidney_sel_30m\data\P193_OP157_2023_10_30_Experiment1\2023_10_30_11_51_11\_hypergui_1\spectrum_fromCSV1_(500.0-995.0)_masked_data_0_derivative.csv,kidney_sel,P193,2023_10_30_11_51_11,P193#2023_10_30_11_51_11#CSV1,csv_spectrum,2,train
\\ces-tp3\OE0645-data-uro\TIVITA_Cat\Cat_Pig_UMM\Cat_uro_kidney\Cat_uro_kidney_sel_30m\data\P193_OP157_2023_10_30_Experiment1\2023_10_30_11_51_11\_hypergui_1\spectrum_fromCSV5_(500.0-995.0)_masked_data_0_derivative.csv,kidney_sel,P193,2023_10_30_11_51_11,P193#2023_10_30_11_51_11#CSV5,csv_spectrum,2,train
\\ces-tp3\OE0645-data-uro\TIVITA_Cat\Cat_Pig_UMM\Cat_uro_kidney\Cat_uro_kidney_sel_30m\data\P193_OP157_2023_10_30_Experiment1\2023_10_30_11_51_11\_hypergui_2\spectrum_fromCSV1_(500.0-995.0)_masked_data_0_derivative.csv,kidney_sel,P193,2023_10_30_11_51_11,P193#2023_10_30_11_51_11#CSV1,csv_spectrum,2,train
\\ces-tp3\OE0645-data-uro\TIVITA_Cat\Cat_Pig_UMM\Cat_uro_kidney\Cat_uro_kidney_sel_30m\data\P193_OP157_2023_10_30_Experiment1\2023_10_30_11_51_11\_hypergui_2\spectrum_fromCSV5_(500.0-995.0)_masked_data_0_derivative.csv,kidney_sel,P193,2023_10_30_11_51_11,P193#2023_10_30_11_51_11#CSV5,csv_spectrum,2,train
\\ces-tp3\OE0645-data-uro\TIVITA_Cat\Cat_Pig_UMM\Cat_uro_kidney\Cat_uro_kidney_sel_4m\data\P161_OP125_2023_07_05_Experiment1\2023_07_05_11_11_40\_hypergui_1\spectrum_fromCSV1_(500.0-995.0)_masked_data_0_derivative.csv,kidney_sel,P161,2023_07_05_11_11_40,P161#2023_07_05_11_11_40#CSV1,csv_spectrum,2,train
\\ces-tp3\OE0645-data-uro\TIVITA_Cat\Cat_Pig_UMM\Cat_uro_kidney\Cat_uro_kidney_sel_4m\data\P161_OP125_2023_07_05_Experiment1\2023_07_05_11_11_40\_hypergui_1\spectrum_fromCSV5_(500.0-995.0)_masked_data_0_derivative.csv,kidney_sel,P161,2023_07_05_11_11_40,P161#2023_07_05_11_11_40#CSV5,csv_spectrum,2,train
\\ces-tp3\OE0645-data-uro\TIVITA_Cat\Cat_Pig_UMM\Cat_uro_kidney\Cat_uro_kidney_sel_4m\data\P161_OP125_2023_07_05_Experiment1\2023_07_05_11_11_40\_hypergui_2\spectrum_fromCSV1_(500.0-995.0)_masked_data_0_derivative.csv,kidney_sel,P161,2023_07_05_11_11_40,P161#2023_07_05_11_11_40#CSV1,csv_spectrum,2,train
\\ces-tp3\OE0645-data-uro\TIVITA_Cat\Cat_Pig_UMM\Cat_uro_kidney\Cat_uro_kidney_sel_4m\data\P161_OP125_2023_07_05_Experiment1\2023_07_05_11_11_40\_hypergui_2\spectrum_fromCSV5_(500.0-995.0)_masked_data_0_derivative.csv,kidney_sel,P161,2023_07_05_11_11_40,P161#2023_07_05_11_11_40#CSV5,csv_spectrum,2,train
\\ces-tp3\OE0645-data-uro\TIVITA_Cat\Cat_Pig_UMM\Cat_uro_kidney\Cat_uro_kidney_sel_4m\data\P161_OP125_2023_07_05_Experiment1\2023_07_05_11_12_10\_hypergui_1\spectrum_fromCSV1_(500.0-995.0)_masked_data_0_derivative.csv,kidney_sel,P161,2023_07_05_11_12_10,P161#2023_07_05_11_12_10#CSV1,csv_spectrum,2,train
\\ces-tp3\OE0645-data-uro\TIVITA_Cat\Cat_Pig_UMM\Cat_uro_kidney\Cat_uro_kidney_sel_4m\data\P161_OP125_2023_07_05_Experiment1\2023_07_05_11_12_10\_hypergui_1\spectrum_fromCSV5_(500.0-995.0)_masked_data_0_derivative.csv,kidney_sel,P161,2023_07_05_11_12_10,P161#2023_07_05_11_12_10#CSV5,csv_spectrum,2,train
\\ces-tp3\OE0645-data-uro\TIVITA_Cat\Cat_Pig_UMM\Cat_uro_kidney\Cat_uro_kidney_sel_4m\data\P161_OP125_2023_07_05_Experiment1\2023_07_05_11_12_10\_hypergui_2\spectrum_fromCSV1_(500.0-995.0)_masked_data_0_derivative.csv,kidney_sel,P161,2023_07_05_11_12_10,P161#2023_07_05_11_12_10#CSV1,csv_spectrum,2,train
\\ces-tp3\OE0645-data-uro\TIVITA_Cat\Cat_Pig_UMM\Cat_uro_kidney\Cat_uro_kidney_sel_4m\data\P161_OP125_2023_07_05_Experiment1\2023_07_05_11_12_10\_hypergui_2\spectrum_fromCSV5_(500.0-995.0)_masked_data_0_derivative.csv,kidney_sel,P161,2023_07_05_11_12_10,P161#2023_07_05_11_12_10#CSV5,csv_spectrum,2,train
\\ces-tp3\OE0645-data-uro\TIVITA_Cat\Cat_Pig_UMM\Cat_uro_kidney\Cat_uro_kidney_sel_4m\data\P161_OP125_2023_07_05_Experiment1\2023_07_05_11_12_40\_hypergui_1\spectrum_fromCSV1_(500.0-995.0)_masked_data_0_derivative.csv,kidney_sel,P161,2023_07_05_11_12_40,P161#2023_07_05_11_12_40#CSV1,csv_spectrum,2,train
\\ces-tp3\OE0645-data-uro\TIVITA_Cat\Cat_Pig_UMM\Cat_uro_kidney\Cat_uro_kidney_sel_4m\data\P161_OP125_2023_07_05_Experiment1\2023_07_05_11_12_40\_hypergui_1\spectrum_fromCSV5_(500.0-995.0)_masked_data_0_derivative.csv,kidney_sel,P161,2023_07_05_11_12_40,P161#2023_07_05_11_12_40#CSV5,csv_spectrum,2,train
\\ces-tp3\OE0645-data-uro\TIVITA_Cat\Cat_Pig_UMM\Cat_uro_kidney\Cat_uro_kidney_sel_4m\data\P161_OP125_2023_07_05_Experiment1\2023_07_05_11_12_40\_hypergui_2\spectrum_fromCSV1_(500.0-995.0)_masked_data_0_derivative.csv,kidney_sel,P161,2023_07_05_11_12_40,P161#2023_07_05_11_12_40#CSV1,csv_spectrum,2,train
\\ces-tp3\OE0645-data-uro\TIVITA_Cat\Cat_Pig_UMM\Cat_uro_kidney\Cat_uro_kidney_sel_4m\data\P161_OP125_2023_07_05_Experiment1\2023_07_05_11_12_40\_hypergui_2\spectrum_fromCSV5_(500.0-995.0)_masked_data_0_derivative.csv,kidney_sel,P161,2023_07_05_11_12_40,P161#2023_07_05_11_12_40#CSV5,csv_spectrum,2,train
\\ces-tp3\OE0645-data-uro\TIVITA_Cat\Cat_Pig_UMM\Cat_uro_kidney\Cat_uro_kidney_sel_4m\data\P162_OP126_2023_07_06_Experiment1\2023_07_06_12_41_22\_hypergui_1\spectrum_fromCSV1_(500.0-995.0)_masked_data_0_derivative.csv,kidney_sel,P162,2023_07_06_12_41_22,P162#2023_07_06_12_41_22#CSV1,csv_spectrum,2,train
\\ces-tp3\OE0645-data-uro\TIVITA_Cat\Cat_Pig_UMM\Cat_uro_kidney\Cat_uro_kidney_sel_4m\data\P162_OP126_2023_07_06_Experiment1\2023_07_06_12_41_22\_hypergui_1\spectrum_fromCSV5_(500.0-995.0)_masked_data_0_derivative.csv,kidney_sel,P162,2023_07_06_12_41_22,P162#2023_07_06_12_41_22#CSV5,csv_spectrum,2,train
\\ces-tp3\OE0645-data-uro\TIVITA_Cat\Cat_Pig_UMM\Cat_uro_kidney\Cat_uro_kidney_sel_4m\data\P162_OP126_2023_07_06_Experiment1\2023_07_06_12_41_22\_hypergui_2\spectrum_fromCSV1_(500.0-995.0)_masked_data_0_derivative.csv,kidney_sel,P162,2023_07_06_12_41_22,P162#2023_07_06_12_41_22#CSV1,csv_spectrum,2,train
\\ces-tp3\OE0645-data-uro\TIVITA_Cat\Cat_Pig_UMM\Cat_uro_kidney\Cat_uro_kidney_sel_4m\data\P162_OP126_2023_07_06_Experiment1\2023_07_06_12_41_22\_hypergui_2\spectrum_fromCSV5_(500.0-995.0)_masked_data_0_derivative.csv,kidney_sel,P162,2023_07_06_12_41_22,P162#2023_07_06_12_41_22#CSV5,csv_spectrum,2,train
\\ces-tp3\OE0645-data-uro\TIVITA_Cat\Cat_Pig_UMM\Cat_uro_kidney\Cat_uro_kidney_sel_4m\data\P162_OP126_2023_07_06_Experiment1\2023_07_06_12_41_52\_hypergui_1\spectrum_fromCSV1_(500.0-995.0)_masked_data_0_derivative.csv,kidney_sel,P162,2023_07_06_12_41_52,P162#2023_07_06_12_41_52#CSV1,csv_spectrum,2,train
\\ces-tp3\OE0645-data-uro\TIVITA_Cat\Cat_Pig_UMM\Cat_uro_kidney\Cat_uro_kidney_sel_4m\data\P162_OP126_2023_07_06_Experiment1\2023_07_06_12_41_52\_hypergui_1\spectrum_fromCSV5_(500.0-995.0)_masked_data_0_derivative.csv,kidney_sel,P162,2023_07_06_12_41_52,P162#2023_07_06_12_41_52#CSV5,csv_spectrum,2,train
\\ces-tp3\OE0645-data-uro\TIVITA_Cat\Cat_Pig_UMM\Cat_uro_kidney\Cat_uro_kidney_sel_4m\data\P162_OP126_2023_07_06_Experiment1\2023_07_06_12_41_52\_hypergui_2\spectrum_fromCSV1_(500.0-995.0)_masked_data_0_derivative.csv,kidney_sel,P162,2023_07_06_12_41_52,P162#2023_07_06_12_41_52#CSV1,csv_spectrum,2,train
\\ces-tp3\OE0645-data-uro\TIVITA_Cat\Cat_Pig_UMM\Cat_uro_kidney\Cat_uro_kidney_sel_4m\data\P162_OP126_2023_07_06_Experiment1\2023_07_06_12_41_52\_hypergui_2\spectrum_fromCSV5_(500.0-995.0)_masked_data_0_derivative.csv,kidney_sel,P162,2023_07_06_12_41_52,P162#2023_07_06_12_41_52#CSV5,csv_spectrum,2,train
\\ces-tp3\OE0645-data-uro\TIVITA_Cat\Cat_Pig_UMM\Cat_uro_kidney\Cat_uro_kidney_sel_4m\data\P162_OP126_2023_07_06_Experiment1\2023_07_06_12_42_22\_hypergui_1\spectrum_fromCSV1_(500.0-995.0)_masked_data_0_derivative.csv,kidney_sel,P162,2023_07_06_12_42_22,P162#2023_07_06_12_42_22#CSV1,csv_spectrum,2,train
\\ces-tp3\OE0645-data-uro\TIVITA_Cat\Cat_Pig_UMM\Cat_uro_kidney\Cat_uro_kidney_sel_4m\data\P162_OP126_2023_07_06_Experiment1\2023_07_06_12_42_22\_hypergui_1\spectrum_fromCSV5_(500.0-995.0)_masked_data_0_derivative.csv,kidney_sel,P162,2023_07_06_12_42_22,P162#2023_07_06_12_42_22#CSV5,csv_spectrum,2,train
\\ces-tp3\OE0645-data-uro\TIVITA_Cat\Cat_Pig_UMM\Cat_uro_kidney\Cat_uro_kidney_sel_4m\data\P162_OP126_2023_07_06_Experiment1\2023_07_06_12_42_22\_hypergui_2\spectrum_fromCSV1_(500.0-995.0)_masked_data_0_derivative.csv,kidney_sel,P162,2023_07_06_12_42_22,P162#2023_07_06_12_42_22#CSV1,csv_spectrum,2,train
\\ces-tp3\OE0645-data-uro\TIVITA_Cat\Cat_Pig_UMM\Cat_uro_kidney\Cat_uro_kidney_sel_4m\data\P162_OP126_2023_07_06_Experiment1\2023_07_06_12_42_22\_hypergui_2\spectrum_fromCSV5_(500.0-995.0)_masked_data_0_derivative.csv,kidney_sel,P162,2023_07_06_12_42_22,P162#2023_07_06_12_42_22#CSV5,csv_spectrum,2,train
\\ces-tp3\OE0645-data-uro\TIVITA_Cat\Cat_Pig_UMM\Cat_uro_kidney\Cat_uro_kidney_sel_4m\data\P162_OP126_2023_07_06_Experiment1\2023_07_06_12_42_52\_hypergui_1\spectrum_fromCSV1_(500.0-995.0)_masked_data_0_derivative.csv,kidney_sel,P162,2023_07_06_12_42_52,P162#2023_07_06_12_42_52#CSV1,csv_spectrum,2,train
\\ces-tp3\OE0645-data-uro\TIVITA_Cat\Cat_Pig_UMM\Cat_uro_kidney\Cat_uro_kidney_sel_4m\data\P162_OP126_2023_07_06_Experiment1\2023_07_06_12_42_52\_hypergui_1\spectrum_fromCSV5_(500.0-995.0)_masked_data_0_derivative.csv,kidney_sel,P162,2023_07_06_12_42_52,P162#2023_07_06_12_42_52#CSV5,csv_spectrum,2,train
\\ces-tp3\OE0645-data-uro\TIVITA_Cat\Cat_Pig_UMM\Cat_uro_kidney\Cat_uro_kidney_sel_4m\data\P162_OP126_2023_07_06_Experiment1\2023_07_06_12_42_52\_hypergui_2\spectrum_fromCSV1_(500.0-995.0)_masked_data_0_derivative.csv,kidney_sel,P162,2023_07_06_12_42_52,P162#2023_07_06_12_42_52#CSV1,csv_spectrum,2,train
\\ces-tp3\OE0645-data-uro\TIVITA_Cat\Cat_Pig_UMM\Cat_uro_kidney\Cat_uro_kidney_sel_4m\data\P162_OP126_2023_07_06_Experiment1\2023_07_06_12_42_52\_hypergui_2\spectrum_fromCSV5_(500.0-995.0)_masked_data_0_derivative.csv,kidney_sel,P162,2023_07_06_12_42_52,P162#2023_07_06_12_42_52#CSV5,csv_spectrum,2,train
\\ces-tp3\OE0645-data-uro\TIVITA_Cat\Cat_Pig_UMM\Cat_uro_kidney\Cat_uro_kidney_sel_4m\data\P165_OP129_2023_08_16_Experiment1\2023_08_16_12_12_11\_hypergui_1\spectrum_fromCSV1_(500.0-995.0)_masked_data_0_derivative.csv,kidney_sel,P165,2023_08_16_12_12_11,P165#2023_08_16_12_12_11#CSV1,csv_spectrum,2,train
\\ces-tp3\OE0645-data-uro\TIVITA_Cat\Cat_Pig_UMM\Cat_uro_kidney\Cat_uro_kidney_sel_4m\data\P165_OP129_2023_08_16_Experiment1\2023_08_16_12_12_11\_hypergui_1\spectrum_fromCSV5_(500.0-995.0)_masked_data_0_derivative.csv,kidney_sel,P165,2023_08_16_12_12_11,P165#2023_08_16_12_12_11#CSV5,csv_spectrum,2,train
\\ces-tp3\OE0645-data-uro\TIVITA_Cat\Cat_Pig_UMM\Cat_uro_kidney\Cat_uro_kidney_sel_4m\data\P165_OP129_2023_08_16_Experiment1\2023_08_16_12_12_11\_hypergui_2\spectrum_fromCSV1_(500.0-995.0)_masked_data_0_derivative.csv,kidney_sel,P165,2023_08_16_12_12_11,P165#2023_08_16_12_12_11#CSV1,csv_spectrum,2,train
\\ces-tp3\OE0645-data-uro\TIVITA_Cat\Cat_Pig_UMM\Cat_uro_kidney\Cat_uro_kidney_sel_4m\data\P165_OP129_2023_08_16_Experiment1\2023_08_16_12_12_11\_hypergui_2\spectrum_fromCSV5_(500.0-995.0)_masked_data_0_derivative.csv,kidney_sel,P165,2023_08_16_12_12_11,P165#2023_08_16_12_12_11#CSV5,csv_spectrum,2,train
\\ces-tp3\OE0645-data-uro\TIVITA_Cat\Cat_Pig_UMM\Cat_uro_kidney\Cat_uro_kidney_sel_4m\data\P165_OP129_2023_08_16_Experiment1\2023_08_16_12_13_11\_hypergui_1\spectrum_fromCSV1_(500.0-995.0)_masked_data_0_derivative.csv,kidney_sel,P165,2023_08_16_12_13_11,P165#2023_08_16_12_13_11#CSV1,csv_spectrum,2,train
\\ces-tp3\OE0645-data-uro\TIVITA_Cat\Cat_Pig_UMM\Cat_uro_kidney\Cat_uro_kidney_sel_4m\data\P165_OP129_2023_08_16_Experiment1\2023_08_16_12_13_11\_hypergui_1\spectrum_fromCSV5_(500.0-995.0)_masked_data_0_derivative.csv,kidney_sel,P165,2023_08_16_12_13_11,P165#2023_08_16_12_13_11#CSV5,csv_spectrum,2,train
\\ces-tp3\OE0645-data-uro\TIVITA_Cat\Cat_Pig_UMM\Cat_uro_kidney\Cat_uro_kidney_sel_4m\data\P165_OP129_2023_08_16_Experiment1\2023_08_16_12_13_11\_hypergui_2\spectrum_fromCSV1_(500.0-995.0)_masked_data_0_derivative.csv,kidney_sel,P165,2023_08_16_12_13_11,P165#2023_08_16_12_13_11#CSV1,csv_spectrum,2,train
\\ces-tp3\OE0645-data-uro\TIVITA_Cat\Cat_Pig_UMM\Cat_uro_kidney\Cat_uro_kidney_sel_4m\data\P165_OP129_2023_08_16_Experiment1\2023_08_16_12_13_11\_hypergui_2\spectrum_fromCSV5_(500.0-995.0)_masked_data_0_derivative.csv,kidney_sel,P165,2023_08_16_12_13_11,P165#2023_08_16_12_13_11#CSV5,csv_spectrum,2,train
\\ces-tp3\OE0645-data-uro\TIVITA_Cat\Cat_Pig_UMM\Cat_uro_kidney\Cat_uro_kidney_sel_4m\data\P166_OP130_2023_08_17_Experiment1\2023_08_17_11_40_43\_hypergui_1\spectrum_fromCSV1_(500.0-995.0)_masked_data_0_derivative.csv,kidney_sel,P166,2023_08_17_11_40_43,P166#2023_08_17_11_40_43#CSV1,csv_spectrum,2,train
\\ces-tp3\OE0645-data-uro\TIVITA_Cat\Cat_Pig_UMM\Cat_uro_kidney\Cat_uro_kidney_sel_4m\data\P166_OP130_2023_08_17_Experiment1\2023_08_17_11_40_43\_hypergui_1\spectrum_fromCSV5_(500.0-995.0)_masked_data_0_derivative.csv,kidney_sel,P166,2023_08_17_11_40_43,P166#2023_08_17_11_40_43#CSV5,csv_spectrum,2,train
\\ces-tp3\OE0645-data-uro\TIVITA_Cat\Cat_Pig_UMM\Cat_uro_kidney\Cat_uro_kidney_sel_4m\data\P166_OP130_2023_08_17_Experiment1\2023_08_17_11_40_43\_hypergui_2\spectrum_fromCSV1_(500.0-995.0)_masked_data_0_derivative.csv,kidney_sel,P166,2023_08_17_11_40_43,P166#2023_08_17_11_40_43#CSV1,csv_spectrum,2,train
\\ces-tp3\OE0645-data-uro\TIVITA_Cat\Cat_Pig_UMM\Cat_uro_kidney\Cat_uro_kidney_sel_4m\data\P166_OP130_2023_08_17_Experiment1\2023_08_17_11_40_43\_hypergui_2\spectrum_fromCSV5_(500.0-995.0)_masked_data_0_derivative.csv,kidney_sel,P166,2023_08_17_11_40_43,P166#2023_08_17_11_40_43#CSV5,csv_spectrum,2,train
\\ces-tp3\OE0645-data-uro\TIVITA_Cat\Cat_Pig_UMM\Cat_uro_kidney\Cat_uro_kidney_sel_4m\data\P166_OP130_2023_08_17_Experiment1\2023_08_17_11_41_43\_hypergui_1\spectrum_fromCSV1_(500.0-995.0)_masked_data_0_derivative.csv,kidney_sel,P166,2023_08_17_11_41_43,P166#2023_08_17_11_41_43#CSV1,csv_spectrum,2,train
\\ces-tp3\OE0645-data-uro\TIVITA_Cat\Cat_Pig_UMM\Cat_uro_kidney\Cat_uro_kidney_sel_4m\data\P166_OP130_2023_08_17_Experiment1\2023_08_17_11_41_43\_hypergui_1\spectrum_fromCSV5_(500.0-995.0)_masked_data_0_derivative.csv,kidney_sel,P166,2023_08_17_11_41_43,P166#2023_08_17_11_41_43#CSV5,csv_spectrum,2,train
\\ces-tp3\OE0645-data-uro\TIVITA_Cat\Cat_Pig_UMM\Cat_uro_kidney\Cat_uro_kidney_sel_4m\data\P166_OP130_2023_08_17_Experiment1\2023_08_17_11_41_43\_hypergui_2\spectrum_fromCSV1_(500.0-995.0)_masked_data_0_derivative.csv,kidney_sel,P166,2023_08_17_11_41_43,P166#2023_08_17_11_41_43#CSV1,csv_spectrum,2,train
\\ces-tp3\OE0645-data-uro\TIVITA_Cat\Cat_Pig_UMM\Cat_uro_kidney\Cat_uro_kidney_sel_4m\data\P166_OP130_2023_08_17_Experiment1\2023_08_17_11_41_43\_hypergui_2\spectrum_fromCSV5_(500.0-995.0)_masked_data_0_derivative.csv,kidney_sel,P166,2023_08_17_11_41_43,P166#2023_08_17_11_41_43#CSV5,csv_spectrum,2,train
\\ces-tp3\OE0645-data-uro\TIVITA_Cat\Cat_Pig_UMM\Cat_uro_kidney\Cat_uro_kidney_sel_4m\data\P168_OP132_2023_08_23_Experiment1\2023_08_23_12_51_24\_hypergui_1\spectrum_fromCSV1_(500.0-995.0)_masked_data_0_derivative.csv,kidney_sel,P168,2023_08_23_12_51_24,P168#2023_08_23_12_51_24#CSV1,csv_spectrum,2,train
\\ces-tp3\OE0645-data-uro\TIVITA_Cat\Cat_Pig_UMM\Cat_uro_kidney\Cat_uro_kidney_sel_4m\data\P168_OP132_2023_08_23_Experiment1\2023_08_23_12_51_24\_hypergui_1\spectrum_fromCSV5_(500.0-995.0)_masked_data_0_derivative.csv,kidney_sel,P168,2023_08_23_12_51_24,P168#2023_08_23_12_51_24#CSV5,csv_spectrum,2,train
\\ces-tp3\OE0645-data-uro\TIVITA_Cat\Cat_Pig_UMM\Cat_uro_kidney\Cat_uro_kidney_sel_4m\data\P168_OP132_2023_08_23_Experiment1\2023_08_23_12_51_24\_hypergui_2\spectrum_fromCSV1_(500.0-995.0)_masked_data_0_derivative.csv,kidney_sel,P168,2023_08_23_12_51_24,P168#2023_08_23_12_51_24#CSV1,csv_spectrum,2,train
\\ces-tp3\OE0645-data-uro\TIVITA_Cat\Cat_Pig_UMM\Cat_uro_kidney\Cat_uro_kidney_sel_4m\data\P168_OP132_2023_08_23_Experiment1\2023_08_23_12_51_24\_hypergui_2\spectrum_fromCSV5_(500.0-995.0)_masked_data_0_derivative.csv,kidney_sel,P168,2023_08_23_12_51_24,P168#2023_08_23_12_51_24#CSV5,csv_spectrum,2,train
\\ces-tp3\OE0645-data-uro\TIVITA_Cat\Cat_Pig_UMM\Cat_uro_kidney\Cat_uro_kidney_sel_4m\data\P168_OP132_2023_08_23_Experiment1\2023_08_23_12_51_54\_hypergui_1\spectrum_fromCSV1_(500.0-995.0)_masked_data_0_derivative.csv,kidney_sel,P168,2023_08_23_12_51_54,P168#2023_08_23_12_51_54#CSV1,csv_spectrum,2,train
\\ces-tp3\OE0645-data-uro\TIVITA_Cat\Cat_Pig_UMM\Cat_uro_kidney\Cat_uro_kidney_sel_4m\data\P168_OP132_2023_08_23_Experiment1\2023_08_23_12_51_54\_hypergui_1\spectrum_fromCSV5_(500.0-995.0)_masked_data_0_derivative.csv,kidney_sel,P168,2023_08_23_12_51_54,P168#2023_08_23_12_51_54#CSV5,csv_spectrum,2,train
\\ces-tp3\OE0645-data-uro\TIVITA_Cat\Cat_Pig_UMM\Cat_uro_kidney\Cat_uro_kidney_sel_4m\data\P168_OP132_2023_08_23_Experiment1\2023_08_23_12_51_54\_hypergui_2\spectrum_fromCSV1_(500.0-995.0)_masked_data_0_derivative.csv,kidney_sel,P168,2023_08_23_12_51_54,P168#2023_08_23_12_51_54#CSV1,csv_spectrum,2,train
\\ces-tp3\OE0645-data-uro\TIVITA_Cat\Cat_Pig_UMM\Cat_uro_kidney\Cat_uro_kidney_sel_4m\data\P168_OP132_2023_08_23_Experiment1\2023_08_23_12_51_54\_hypergui_2\spectrum_fromCSV5_(500.0-995.0)_masked_data_0_derivative.csv,kidney_sel,P168,2023_08_23_12_51_54,P168#2023_08_23_12_51_54#CSV5,csv_spectrum,2,train
\\ces-tp3\OE0645-data-uro\TIVITA_Cat\Cat_Pig_UMM\Cat_uro_kidney\Cat_uro_kidney_sel_4m\data\P168_OP132_2023_08_23_Experiment1\2023_08_23_12_52_24\_hypergui_1\spectrum_fromCSV1_(500.0-995.0)_masked_data_0_derivative.csv,kidney_sel,P168,2023_08_23_12_52_24,P168#2023_08_23_12_52_24#CSV1,csv_spectrum,2,train
\\ces-tp3\OE0645-data-uro\TIVITA_Cat\Cat_Pig_UMM\Cat_uro_kidney\Cat_uro_kidney_sel_4m\data\P168_OP132_2023_08_23_Experiment1\2023_08_23_12_52_24\_hypergui_1\spectrum_fromCSV5_(500.0-995.0)_masked_data_0_derivative.csv,kidney_sel,P168,2023_08_23_12_52_24,P168#2023_08_23_12_52_24#CSV5,csv_spectrum,2,train
\\ces-tp3\OE0645-data-uro\TIVITA_Cat\Cat_Pig_UMM\Cat_uro_kidney\Cat_uro_kidney_sel_4m\data\P168_OP132_2023_08_23_Experiment1\2023_08_23_12_52_24\_hypergui_2\spectrum_fromCSV1_(500.0-995.0)_masked_data_0_derivative.csv,kidney_sel,P168,2023_08_23_12_52_24,P168#2023_08_23_12_52_24#CSV1,csv_spectrum,2,train
\\ces-tp3\OE0645-data-uro\TIVITA_Cat\Cat_Pig_UMM\Cat_uro_kidney\Cat_uro_kidney_sel_4m\data\P168_OP132_2023_08_23_Experiment1\2023_08_23_12_52_24\_hypergui_2\spectrum_fromCSV5_(500.0-995.0)_masked_data_0_derivative.csv,kidney_sel,P168,2023_08_23_12_52_24,P168#2023_08_23_12_52_24#CSV5,csv_spectrum,2,train
\\ces-tp3\OE0645-data-uro\TIVITA_Cat\Cat_Pig_UMM\Cat_uro_kidney\Cat_uro_kidney_sel_4m\data\P168_OP132_2023_08_23_Experiment1\2023_08_23_12_52_54\_hypergui_1\spectrum_fromCSV1_(500.0-995.0)_masked_data_0_derivative.csv,kidney_sel,P168,2023_08_23_12_52_54,P168#2023_08_23_12_52_54#CSV1,csv_spectrum,2,train
\\ces-tp3\OE0645-data-uro\TIVITA_Cat\Cat_Pig_UMM\Cat_uro_kidney\Cat_uro_kidney_sel_4m\data\P168_OP132_2023_08_23_Experiment1\2023_08_23_12_52_54\_hypergui_1\spectrum_fromCSV5_(500.0-995.0)_masked_data_0_derivative.csv,kidney_sel,P168,2023_08_23_12_52_54,P168#2023_08_23_12_52_54#CSV5,csv_spectrum,2,train
\\ces-tp3\OE0645-data-uro\TIVITA_Cat\Cat_Pig_UMM\Cat_uro_kidney\Cat_uro_kidney_sel_4m\data\P168_OP132_2023_08_23_Experiment1\2023_08_23_12_52_54\_hypergui_2\spectrum_fromCSV1_(500.0-995.0)_masked_data_0_derivative.csv,kidney_sel,P168,2023_08_23_12_52_54,P168#2023_08_23_12_52_54#CSV1,csv_spectrum,2,train
\\ces-tp3\OE0645-data-uro\TIVITA_Cat\Cat_Pig_UMM\Cat_uro_kidney\Cat_uro_kidney_sel_4m\data\P168_OP132_2023_08_23_Experiment1\2023_08_23_12_52_54\_hypergui_2\spectrum_fromCSV5_(500.0-995.0)_masked_data_0_derivative.csv,kidney_sel,P168,2023_08_23_12_52_54,P168#2023_08_23_12_52_54#CSV5,csv_spectrum,2,train
\\ces-tp3\OE0645-data-uro\TIVITA_Cat\Cat_Pig_UMM\Cat_uro_kidney\Cat_uro_kidney_sel_4m\data\P174_OP138_2023_09_21_Experiment1\2023_09_21_13_28_08\_hypergui_1\spectrum_fromCSV1_(500.0-995.0)_masked_data_0_derivative.csv,kidney_sel,P174,2023_09_21_13_28_08,P174#2023_09_21_13_28_08#CSV1,csv_spectrum,2,train
\\ces-tp3\OE0645-data-uro\TIVITA_Cat\Cat_Pig_UMM\Cat_uro_kidney\Cat_uro_kidney_sel_4m\data\P174_OP138_2023_09_21_Experiment1\2023_09_21_13_28_08\_hypergui_1\spectrum_fromCSV5_(500.0-995.0)_masked_data_0_derivative.csv,kidney_sel,P174,2023_09_21_13_28_08,P174#2023_09_21_13_28_08#CSV5,csv_spectrum,2,train
\\ces-tp3\OE0645-data-uro\TIVITA_Cat\Cat_Pig_UMM\Cat_uro_kidney\Cat_uro_kidney_sel_4m\data\P174_OP138_2023_09_21_Experiment1\2023_09_21_13_28_08\_hypergui_2\spectrum_fromCSV1_(500.0-995.0)_masked_data_0_derivative.csv,kidney_sel,P174,2023_09_21_13_28_08,P174#2023_09_21_13_28_08#CSV1,csv_spectrum,2,train
\\ces-tp3\OE0645-data-uro\TIVITA_Cat\Cat_Pig_UMM\Cat_uro_kidney\Cat_uro_kidney_sel_4m\data\P174_OP138_2023_09_21_Experiment1\2023_09_21_13_28_08\_hypergui_2\spectrum_fromCSV5_(500.0-995.0)_masked_data_0_derivative.csv,kidney_sel,P174,2023_09_21_13_28_08,P174#2023_09_21_13_28_08#CSV5,csv_spectrum,2,train
\\ces-tp3\OE0645-data-uro\TIVITA_Cat\Cat_Pig_UMM\Cat_uro_kidney\Cat_uro_kidney_sel_4m\data\P174_OP138_2023_09_21_Experiment1\2023_09_21_13_29_08\_hypergui_1\spectrum_fromCSV1_(500.0-995.0)_masked_data_0_derivative.csv,kidney_sel,P174,2023_09_21_13_29_08,P174#2023_09_21_13_29_08#CSV1,csv_spectrum,2,train
\\ces-tp3\OE0645-data-uro\TIVITA_Cat\Cat_Pig_UMM\Cat_uro_kidney\Cat_uro_kidney_sel_4m\data\P174_OP138_2023_09_21_Experiment1\2023_09_21_13_29_08\_hypergui_1\spectrum_fromCSV5_(500.0-995.0)_masked_data_0_derivative.csv,kidney_sel,P174,2023_09_21_13_29_08,P174#2023_09_21_13_29_08#CSV5,csv_spectrum,2,train
\\ces-tp3\OE0645-data-uro\TIVITA_Cat\Cat_Pig_UMM\Cat_uro_kidney\Cat_uro_kidney_sel_4m\data\P174_OP138_2023_09_21_Experiment1\2023_09_21_13_29_08\_hypergui_2\spectrum_fromCSV1_(500.0-995.0)_masked_data_0_derivative.csv,kidney_sel,P174,2023_09_21_13_29_08,P174#2023_09_21_13_29_08#CSV1,csv_spectrum,2,train
\\ces-tp3\OE0645-data-uro\TIVITA_Cat\Cat_Pig_UMM\Cat_uro_kidney\Cat_uro_kidney_sel_4m\data\P174_OP138_2023_09_21_Experiment1\2023_09_21_13_29_08\_hypergui_2\spectrum_fromCSV5_(500.0-995.0)_masked_data_0_derivative.csv,kidney_sel,P174,2023_09_21_13_29_08,P174#2023_09_21_13_29_08#CSV5,csv_spectrum,2,train
\\ces-tp3\OE0645-data-uro\TIVITA_Cat\Cat_Pig_UMM\Cat_uro_kidney\Cat_uro_kidney_sel_4m\data\P175_OP139_2023_09_22_Experiment1\2023_09_22_11_18_39\_hypergui_1\spectrum_fromCSV1_(500.0-995.0)_masked_data_0_derivative.csv,kidney_sel,P175,2023_09_22_11_18_39,P175#2023_09_22_11_18_39#CSV1,csv_spectrum,2,train
\\ces-tp3\OE0645-data-uro\TIVITA_Cat\Cat_Pig_UMM\Cat_uro_kidney\Cat_uro_kidney_sel_4m\data\P175_OP139_2023_09_22_Experiment1\2023_09_22_11_18_39\_hypergui_1\spectrum_fromCSV5_(500.0-995.0)_masked_data_0_derivative.csv,kidney_sel,P175,2023_09_22_11_18_39,P175#2023_09_22_11_18_39#CSV5,csv_spectrum,2,train
\\ces-tp3\OE0645-data-uro\TIVITA_Cat\Cat_Pig_UMM\Cat_uro_kidney\Cat_uro_kidney_sel_4m\data\P175_OP139_2023_09_22_Experiment1\2023_09_22_11_18_39\_hypergui_2\spectrum_fromCSV1_(500.0-995.0)_masked_data_0_derivative.csv,kidney_sel,P175,2023_09_22_11_18_39,P175#2023_09_22_11_18_39#CSV1,csv_spectrum,2,train
\\ces-tp3\OE0645-data-uro\TIVITA_Cat\Cat_Pig_UMM\Cat_uro_kidney\Cat_uro_kidney_sel_4m\data\P175_OP139_2023_09_22_Experiment1\2023_09_22_11_18_39\_hypergui_2\spectrum_fromCSV5_(500.0-995.0)_masked_data_0_derivative.csv,kidney_sel,P175,2023_09_22_11_18_39,P175#2023_09_22_11_18_39#CSV5,csv_spectrum,2,train
\\ces-tp3\OE0645-data-uro\TIVITA_Cat\Cat_Pig_UMM\Cat_uro_kidney\Cat_uro_kidney_sel_4m\data\P175_OP139_2023_09_22_Experiment1\2023_09_22_11_19_39\_hypergui_1\spectrum_fromCSV1_(500.0-995.0)_masked_data_0_derivative.csv,kidney_sel,P175,2023_09_22_11_19_39,P175#2023_09_22_11_19_39#CSV1,csv_spectrum,2,train
\\ces-tp3\OE0645-data-uro\TIVITA_Cat\Cat_Pig_UMM\Cat_uro_kidney\Cat_uro_kidney_sel_4m\data\P175_OP139_2023_09_22_Experiment1\2023_09_22_11_19_39\_hypergui_1\spectrum_fromCSV5_(500.0-995.0)_masked_data_0_derivative.csv,kidney_sel,P175,2023_09_22_11_19_39,P175#2023_09_22_11_19_39#CSV5,csv_spectrum,2,train
\\ces-tp3\OE0645-data-uro\TIVITA_Cat\Cat_Pig_UMM\Cat_uro_kidney\Cat_uro_kidney_sel_4m\data\P175_OP139_2023_09_22_Experiment1\2023_09_22_11_19_39\_hypergui_2\spectrum_fromCSV1_(500.0-995.0)_masked_data_0_derivative.csv,kidney_sel,P175,2023_09_22_11_19_39,P175#2023_09_22_11_19_39#CSV1,csv_spectrum,2,train
\\ces-tp3\OE0645-data-uro\TIVITA_Cat\Cat_Pig_UMM\Cat_uro_kidney\Cat_uro_kidney_sel_4m\data\P175_OP139_2023_09_22_Experiment1\2023_09_22_11_19_39\_hypergui_2\spectrum_fromCSV5_(500.0-995.0)_masked_data_0_derivative.csv,kidney_sel,P175,2023_09_22_11_19_39,P175#2023_09_22_11_19_39#CSV5,csv_spectrum,2,train
\\ces-tp3\OE0645-data-uro\TIVITA_Cat\Cat_Pig_UMM\Cat_uro_kidney\Cat_uro_kidney_sel_4m\data\P175_OP139_2023_09_22_Experiment1\2023_09_22_13_40_55\_hypergui_1\spectrum_fromCSV1_(500.0-995.0)_masked_data_0_derivative.csv,kidney_sel,P175,2023_09_22_13_40_55,P175#2023_09_22_13_40_55#CSV1,csv_spectrum,2,train
\\ces-tp3\OE0645-data-uro\TIVITA_Cat\Cat_Pig_UMM\Cat_uro_kidney\Cat_uro_kidney_sel_4m\data\P175_OP139_2023_09_22_Experiment1\2023_09_22_13_40_55\_hypergui_1\spectrum_fromCSV5_(500.0-995.0)_masked_data_0_derivative.csv,kidney_sel,P175,2023_09_22_13_40_55,P175#2023_09_22_13_40_55#CSV5,csv_spectrum,2,train
\\ces-tp3\OE0645-data-uro\TIVITA_Cat\Cat_Pig_UMM\Cat_uro_kidney\Cat_uro_kidney_sel_4m\data\P175_OP139_2023_09_22_Experiment1\2023_09_22_13_40_55\_hypergui_2\spectrum_fromCSV1_(500.0-995.0)_masked_data_0_derivative.csv,kidney_sel,P175,2023_09_22_13_40_55,P175#2023_09_22_13_40_55#CSV1,csv_spectrum,2,train
\\ces-tp3\OE0645-data-uro\TIVITA_Cat\Cat_Pig_UMM\Cat_uro_kidney\Cat_uro_kidney_sel_4m\data\P175_OP139_2023_09_22_Experiment1\2023_09_22_13_40_55\_hypergui_2\spectrum_fromCSV5_(500.0-995.0)_masked_data_0_derivative.csv,kidney_sel,P175,2023_09_22_13_40_55,P175#2023_09_22_13_40_55#CSV5,csv_spectrum,2,train
\\ces-tp3\OE0645-data-uro\TIVITA_Cat\Cat_Pig_UMM\Cat_uro_kidney\Cat_uro_kidney_sel_4m\data\P175_OP139_2023_09_22_Experiment1\2023_09_22_13_41_55\_hypergui_1\spectrum_fromCSV1_(500.0-995.0)_masked_data_0_derivative.csv,kidney_sel,P175,2023_09_22_13_41_55,P175#2023_09_22_13_41_55#CSV1,csv_spectrum,2,train
\\ces-tp3\OE0645-data-uro\TIVITA_Cat\Cat_Pig_UMM\Cat_uro_kidney\Cat_uro_kidney_sel_4m\data\P175_OP139_2023_09_22_Experiment1\2023_09_22_13_41_55\_hypergui_1\spectrum_fromCSV5_(500.0-995.0)_masked_data_0_derivative.csv,kidney_sel,P175,2023_09_22_13_41_55,P175#2023_09_22_13_41_55#CSV5,csv_spectrum,2,train
\\ces-tp3\OE0645-data-uro\TIVITA_Cat\Cat_Pig_UMM\Cat_uro_kidney\Cat_uro_kidney_sel_4m\data\P175_OP139_2023_09_22_Experiment1\2023_09_22_13_41_55\_hypergui_2\spectrum_fromCSV1_(500.0-995.0)_masked_data_0_derivative.csv,kidney_sel,P175,2023_09_22_13_41_55,P175#2023_09_22_13_41_55#CSV1,csv_spectrum,2,train
\\ces-tp3\OE0645-data-uro\TIVITA_Cat\Cat_Pig_UMM\Cat_uro_kidney\Cat_uro_kidney_sel_4m\data\P175_OP139_2023_09_22_Experiment1\2023_09_22_13_41_55\_hypergui_2\spectrum_fromCSV5_(500.0-995.0)_masked_data_0_derivative.csv,kidney_sel,P175,2023_09_22_13_41_55,P175#2023_09_22_13_41_55#CSV5,csv_spectrum,2,train
\\ces-tp3\OE0645-data-uro\TIVITA_Cat\Cat_Pig_UMM\Cat_uro_kidney\Cat_uro_kidney_sel_4m\data\P188_OP152_2023_10_22_Experiment1\2023_10_22_12_08_40\_hypergui_1\spectrum_fromCSV1_(500.0-995.0)_masked_data_0_derivative.csv,kidney_sel,P188,2023_10_22_12_08_40,P188#2023_10_22_12_08_40#CSV1,csv_spectrum,2,train
\\ces-tp3\OE0645-data-uro\TIVITA_Cat\Cat_Pig_UMM\Cat_uro_kidney\Cat_uro_kidney_sel_4m\data\P188_OP152_2023_10_22_Experiment1\2023_10_22_12_08_40\_hypergui_1\spectrum_fromCSV5_(500.0-995.0)_masked_data_0_derivative.csv,kidney_sel,P188,2023_10_22_12_08_40,P188#2023_10_22_12_08_40#CSV5,csv_spectrum,2,train
\\ces-tp3\OE0645-data-uro\TIVITA_Cat\Cat_Pig_UMM\Cat_uro_kidney\Cat_uro_kidney_sel_4m\data\P188_OP152_2023_10_22_Experiment1\2023_10_22_12_08_40\_hypergui_2\spectrum_fromCSV1_(500.0-995.0)_masked_data_0_derivative.csv,kidney_sel,P188,2023_10_22_12_08_40,P188#2023_10_22_12_08_40#CSV1,csv_spectrum,2,train
\\ces-tp3\OE0645-data-uro\TIVITA_Cat\Cat_Pig_UMM\Cat_uro_kidney\Cat_uro_kidney_sel_4m\data\P188_OP152_2023_10_22_Experiment1\2023_10_22_12_08_40\_hypergui_2\spectrum_fromCSV5_(500.0-995.0)_masked_data_0_derivative.csv,kidney_sel,P188,2023_10_22_12_08_40,P188#2023_10_22_12_08_40#CSV5,csv_spectrum,2,train
\\ces-tp3\OE0645-data-uro\TIVITA_Cat\Cat_Pig_UMM\Cat_uro_kidney\Cat_uro_kidney_sel_4m\data\P188_OP152_2023_10_22_Experiment1\2023_10_22_12_09_10\_hypergui_1\spectrum_fromCSV1_(500.0-995.0)_masked_data_0_derivative.csv,kidney_sel,P188,2023_10_22_12_09_10,P188#2023_10_22_12_09_10#CSV1,csv_spectrum,2,train
\\ces-tp3\OE0645-data-uro\TIVITA_Cat\Cat_Pig_UMM\Cat_uro_kidney\Cat_uro_kidney_sel_4m\data\P188_OP152_2023_10_22_Experiment1\2023_10_22_12_09_10\_hypergui_1\spectrum_fromCSV5_(500.0-995.0)_masked_data_0_derivative.csv,kidney_sel,P188,2023_10_22_12_09_10,P188#2023_10_22_12_09_10#CSV5,csv_spectrum,2,train
\\ces-tp3\OE0645-data-uro\TIVITA_Cat\Cat_Pig_UMM\Cat_uro_kidney\Cat_uro_kidney_sel_4m\data\P188_OP152_2023_10_22_Experiment1\2023_10_22_12_09_10\_hypergui_2\spectrum_fromCSV1_(500.0-995.0)_masked_data_0_derivative.csv,kidney_sel,P188,2023_10_22_12_09_10,P188#2023_10_22_12_09_10#CSV1,csv_spectrum,2,train
\\ces-tp3\OE0645-data-uro\TIVITA_Cat\Cat_Pig_UMM\Cat_uro_kidney\Cat_uro_kidney_sel_4m\data\P188_OP152_2023_10_22_Experiment1\2023_10_22_12_09_10\_hypergui_2\spectrum_fromCSV5_(500.0-995.0)_masked_data_0_derivative.csv,kidney_sel,P188,2023_10_22_12_09_10,P188#2023_10_22_12_09_10#CSV5,csv_spectrum,2,train
\\ces-tp3\OE0645-data-uro\TIVITA_Cat\Cat_Pig_UMM\Cat_uro_kidney\Cat_uro_kidney_sel_4m\data\P188_OP152_2023_10_22_Experiment1\2023_10_22_12_09_40\_hypergui_1\spectrum_fromCSV1_(500.0-995.0)_masked_data_0_derivative.csv,kidney_sel,P188,2023_10_22_12_09_40,P188#2023_10_22_12_09_40#CSV1,csv_spectrum,2,train
\\ces-tp3\OE0645-data-uro\TIVITA_Cat\Cat_Pig_UMM\Cat_uro_kidney\Cat_uro_kidney_sel_4m\data\P188_OP152_2023_10_22_Experiment1\2023_10_22_12_09_40\_hypergui_1\spectrum_fromCSV5_(500.0-995.0)_masked_data_0_derivative.csv,kidney_sel,P188,2023_10_22_12_09_40,P188#2023_10_22_12_09_40#CSV5,csv_spectrum,2,train
\\ces-tp3\OE0645-data-uro\TIVITA_Cat\Cat_Pig_UMM\Cat_uro_kidney\Cat_uro_kidney_sel_4m\data\P188_OP152_2023_10_22_Experiment1\2023_10_22_12_09_40\_hypergui_2\spectrum_fromCSV1_(500.0-995.0)_masked_data_0_derivative.csv,kidney_sel,P188,2023_10_22_12_09_40,P188#2023_10_22_12_09_40#CSV1,csv_spectrum,2,train
\\ces-tp3\OE0645-data-uro\TIVITA_Cat\Cat_Pig_UMM\Cat_uro_kidney\Cat_uro_kidney_sel_4m\data\P188_OP152_2023_10_22_Experiment1\2023_10_22_12_09_40\_hypergui_2\spectrum_fromCSV5_(500.0-995.0)_masked_data_0_derivative.csv,kidney_sel,P188,2023_10_22_12_09_40,P188#2023_10_22_12_09_40#CSV5,csv_spectrum,2,train
\\ces-tp3\OE0645-data-uro\TIVITA_Cat\Cat_Pig_UMM\Cat_uro_kidney\Cat_uro_kidney_sel_4m\data\P191_OP155_2023_10_28_Experiment1\2023_10_28_11_30_55\_hypergui_1\spectrum_fromCSV1_(500.0-995.0)_masked_data_0_derivative.csv,kidney_sel,P191,2023_10_28_11_30_55,P191#2023_10_28_11_30_55#CSV1,csv_spectrum,2,train
\\ces-tp3\OE0645-data-uro\TIVITA_Cat\Cat_Pig_UMM\Cat_uro_kidney\Cat_uro_kidney_sel_4m\data\P191_OP155_2023_10_28_Experiment1\2023_10_28_11_30_55\_hypergui_1\spectrum_fromCSV5_(500.0-995.0)_masked_data_0_derivative.csv,kidney_sel,P191,2023_10_28_11_30_55,P191#2023_10_28_11_30_55#CSV5,csv_spectrum,2,train
\\ces-tp3\OE0645-data-uro\TIVITA_Cat\Cat_Pig_UMM\Cat_uro_kidney\Cat_uro_kidney_sel_4m\data\P191_OP155_2023_10_28_Experiment1\2023_10_28_11_30_55\_hypergui_2\spectrum_fromCSV1_(500.0-995.0)_masked_data_0_derivative.csv,kidney_sel,P191,2023_10_28_11_30_55,P191#2023_10_28_11_30_55#CSV1,csv_spectrum,2,train
\\ces-tp3\OE0645-data-uro\TIVITA_Cat\Cat_Pig_UMM\Cat_uro_kidney\Cat_uro_kidney_sel_4m\data\P191_OP155_2023_10_28_Experiment1\2023_10_28_11_30_55\_hypergui_2\spectrum_fromCSV5_(500.0-995.0)_masked_data_0_derivative.csv,kidney_sel,P191,2023_10_28_11_30_55,P191#2023_10_28_11_30_55#CSV5,csv_spectrum,2,train
\\ces-tp3\OE0645-data-uro\TIVITA_Cat\Cat_Pig_UMM\Cat_uro_kidney\Cat_uro_kidney_sel_4m\data\P191_OP155_2023_10_28_Experiment1\2023_10_28_11_31_25\_hypergui_1\spectrum_fromCSV1_(500.0-995.0)_masked_data_0_derivative.csv,kidney_sel,P191,2023_10_28_11_31_25,P191#2023_10_28_11_31_25#CSV1,csv_spectrum,2,train
\\ces-tp3\OE0645-data-uro\TIVITA_Cat\Cat_Pig_UMM\Cat_uro_kidney\Cat_uro_kidney_sel_4m\data\P191_OP155_2023_10_28_Experiment1\2023_10_28_11_31_25\_hypergui_1\spectrum_fromCSV5_(500.0-995.0)_masked_data_0_derivative.csv,kidney_sel,P191,2023_10_28_11_31_25,P191#2023_10_28_11_31_25#CSV5,csv_spectrum,2,train
\\ces-tp3\OE0645-data-uro\TIVITA_Cat\Cat_Pig_UMM\Cat_uro_kidney\Cat_uro_kidney_sel_4m\data\P191_OP155_2023_10_28_Experiment1\2023_10_28_11_31_25\_hypergui_2\spectrum_fromCSV1_(500.0-995.0)_masked_data_0_derivative.csv,kidney_sel,P191,2023_10_28_11_31_25,P191#2023_10_28_11_31_25#CSV1,csv_spectrum,2,train
\\ces-tp3\OE0645-data-uro\TIVITA_Cat\Cat_Pig_UMM\Cat_uro_kidney\Cat_uro_kidney_sel_4m\data\P191_OP155_2023_10_28_Experiment1\2023_10_28_11_31_25\_hypergui_2\spectrum_fromCSV5_(500.0-995.0)_masked_data_0_derivative.csv,kidney_sel,P191,2023_10_28_11_31_25,P191#2023_10_28_11_31_25#CSV5,csv_spectrum,2,train
\\ces-tp3\OE0645-data-uro\TIVITA_Cat\Cat_Pig_UMM\Cat_uro_kidney\Cat_uro_kidney_sel_4m\data\P191_OP155_2023_10_28_Experiment1\2023_10_28_11_31_55\_hypergui_1\spectrum_fromCSV1_(500.0-995.0)_masked_data_0_derivative.csv,kidney_sel,P191,2023_10_28_11_31_55,P191#2023_10_28_11_31_55#CSV1,csv_spectrum,2,train
\\ces-tp3\OE0645-data-uro\TIVITA_Cat\Cat_Pig_UMM\Cat_uro_kidney\Cat_uro_kidney_sel_4m\data\P191_OP155_2023_10_28_Experiment1\2023_10_28_11_31_55\_hypergui_1\spectrum_fromCSV5_(500.0-995.0)_masked_data_0_derivative.csv,kidney_sel,P191,2023_10_28_11_31_55,P191#2023_10_28_11_31_55#CSV5,csv_spectrum,2,train
\\ces-tp3\OE0645-data-uro\TIVITA_Cat\Cat_Pig_UMM\Cat_uro_kidney\Cat_uro_kidney_sel_4m\data\P191_OP155_2023_10_28_Experiment1\2023_10_28_11_31_55\_hypergui_2\spectrum_fromCSV1_(500.0-995.0)_masked_data_0_derivative.csv,kidney_sel,P191,2023_10_28_11_31_55,P191#2023_10_28_11_31_55#CSV1,csv_spectrum,2,train
\\ces-tp3\OE0645-data-uro\TIVITA_Cat\Cat_Pig_UMM\Cat_uro_kidney\Cat_uro_kidney_sel_4m\data\P191_OP155_2023_10_28_Experiment1\2023_10_28_11_31_55\_hypergui_2\spectrum_fromCSV5_(500.0-995.0)_masked_data_0_derivative.csv,kidney_sel,P191,2023_10_28_11_31_55,P191#2023_10_28_11_31_55#CSV5,csv_spectrum,2,train
\\ces-tp3\OE0645-data-uro\TIVITA_Cat\Cat_Pig_UMM\Cat_uro_kidney\Cat_uro_kidney_sel_4m\data\P192_OP156_2023_10_29_Experiment1\2023_10_29_11_58_43\_hypergui_1\spectrum_fromCSV1_(500.0-995.0)_masked_data_0_derivative.csv,kidney_sel,P192,2023_10_29_11_58_43,P192#2023_10_29_11_58_43#CSV1,csv_spectrum,2,train
\\ces-tp3\OE0645-data-uro\TIVITA_Cat\Cat_Pig_UMM\Cat_uro_kidney\Cat_uro_kidney_sel_4m\data\P192_OP156_2023_10_29_Experiment1\2023_10_29_11_58_43\_hypergui_1\spectrum_fromCSV5_(500.0-995.0)_masked_data_0_derivative.csv,kidney_sel,P192,2023_10_29_11_58_43,P192#2023_10_29_11_58_43#CSV5,csv_spectrum,2,train
\\ces-tp3\OE0645-data-uro\TIVITA_Cat\Cat_Pig_UMM\Cat_uro_kidney\Cat_uro_kidney_sel_4m\data\P192_OP156_2023_10_29_Experiment1\2023_10_29_11_58_43\_hypergui_2\spectrum_fromCSV1_(500.0-995.0)_masked_data_0_derivative.csv,kidney_sel,P192,2023_10_29_11_58_43,P192#2023_10_29_11_58_43#CSV1,csv_spectrum,2,train
\\ces-tp3\OE0645-data-uro\TIVITA_Cat\Cat_Pig_UMM\Cat_uro_kidney\Cat_uro_kidney_sel_4m\data\P192_OP156_2023_10_29_Experiment1\2023_10_29_11_58_43\_hypergui_2\spectrum_fromCSV5_(500.0-995.0)_masked_data_0_derivative.csv,kidney_sel,P192,2023_10_29_11_58_43,P192#2023_10_29_11_58_43#CSV5,csv_spectrum,2,train
\\ces-tp3\OE0645-data-uro\TIVITA_Cat\Cat_Pig_UMM\Cat_uro_kidney\Cat_uro_kidney_sel_4m\data\P192_OP156_2023_10_29_Experiment1\2023_10_29_11_59_13\_hypergui_1\spectrum_fromCSV1_(500.0-995.0)_masked_data_0_derivative.csv,kidney_sel,P192,2023_10_29_11_59_13,P192#2023_10_29_11_59_13#CSV1,csv_spectrum,2,train
\\ces-tp3\OE0645-data-uro\TIVITA_Cat\Cat_Pig_UMM\Cat_uro_kidney\Cat_uro_kidney_sel_4m\data\P192_OP156_2023_10_29_Experiment1\2023_10_29_11_59_13\_hypergui_1\spectrum_fromCSV5_(500.0-995.0)_masked_data_0_derivative.csv,kidney_sel,P192,2023_10_29_11_59_13,P192#2023_10_29_11_59_13#CSV5,csv_spectrum,2,train
\\ces-tp3\OE0645-data-uro\TIVITA_Cat\Cat_Pig_UMM\Cat_uro_kidney\Cat_uro_kidney_sel_4m\data\P192_OP156_2023_10_29_Experiment1\2023_10_29_11_59_13\_hypergui_2\spectrum_fromCSV1_(500.0-995.0)_masked_data_0_derivative.csv,kidney_sel,P192,2023_10_29_11_59_13,P192#2023_10_29_11_59_13#CSV1,csv_spectrum,2,train
\\ces-tp3\OE0645-data-uro\TIVITA_Cat\Cat_Pig_UMM\Cat_uro_kidney\Cat_uro_kidney_sel_4m\data\P192_OP156_2023_10_29_Experiment1\2023_10_29_11_59_13\_hypergui_2\spectrum_fromCSV5_(500.0-995.0)_masked_data_0_derivative.csv,kidney_sel,P192,2023_10_29_11_59_13,P192#2023_10_29_11_59_13#CSV5,csv_spectrum,2,train
\\ces-tp3\OE0645-data-uro\TIVITA_Cat\Cat_Pig_UMM\Cat_uro_kidney\Cat_uro_kidney_sel_4m\data\P192_OP156_2023_10_29_Experiment1\2023_10_29_11_59_43\_hypergui_1\spectrum_fromCSV1_(500.0-995.0)_masked_data_0_derivative.csv,kidney_sel,P192,2023_10_29_11_59_43,P192#2023_10_29_11_59_43#CSV1,csv_spectrum,2,train
\\ces-tp3\OE0645-data-uro\TIVITA_Cat\Cat_Pig_UMM\Cat_uro_kidney\Cat_uro_kidney_sel_4m\data\P192_OP156_2023_10_29_Experiment1\2023_10_29_11_59_43\_hypergui_1\spectrum_fromCSV5_(500.0-995.0)_masked_data_0_derivative.csv,kidney_sel,P192,2023_10_29_11_59_43,P192#2023_10_29_11_59_43#CSV5,csv_spectrum,2,train
\\ces-tp3\OE0645-data-uro\TIVITA_Cat\Cat_Pig_UMM\Cat_uro_kidney\Cat_uro_kidney_sel_4m\data\P192_OP156_2023_10_29_Experiment1\2023_10_29_11_59_43\_hypergui_2\spectrum_fromCSV1_(500.0-995.0)_masked_data_0_derivative.csv,kidney_sel,P192,2023_10_29_11_59_43,P192#2023_10_29_11_59_43#CSV1,csv_spectrum,2,train
\\ces-tp3\OE0645-data-uro\TIVITA_Cat\Cat_Pig_UMM\Cat_uro_kidney\Cat_uro_kidney_sel_4m\data\P192_OP156_2023_10_29_Experiment1\2023_10_29_11_59_43\_hypergui_2\spectrum_fromCSV5_(500.0-995.0)_masked_data_0_derivative.csv,kidney_sel,P192,2023_10_29_11_59_43,P192#2023_10_29_11_59_43#CSV5,csv_spectrum,2,train
\\ces-tp3\OE0645-data-uro\TIVITA_Cat\Cat_Pig_UMM\Cat_uro_kidney\Cat_uro_kidney_sel_4m\data\P193_OP157_2023_10_30_Experiment1\2023_10_30_11_25_10\_hypergui_1\spectrum_fromCSV1_(500.0-995.0)_masked_data_0_derivative.csv,kidney_sel,P193,2023_10_30_11_25_10,P193#2023_10_30_11_25_10#CSV1,csv_spectrum,2,train
\\ces-tp3\OE0645-data-uro\TIVITA_Cat\Cat_Pig_UMM\Cat_uro_kidney\Cat_uro_kidney_sel_4m\data\P193_OP157_2023_10_30_Experiment1\2023_10_30_11_25_10\_hypergui_1\spectrum_fromCSV5_(500.0-995.0)_masked_data_0_derivative.csv,kidney_sel,P193,2023_10_30_11_25_10,P193#2023_10_30_11_25_10#CSV5,csv_spectrum,2,train
\\ces-tp3\OE0645-data-uro\TIVITA_Cat\Cat_Pig_UMM\Cat_uro_kidney\Cat_uro_kidney_sel_4m\data\P193_OP157_2023_10_30_Experiment1\2023_10_30_11_25_10\_hypergui_2\spectrum_fromCSV1_(500.0-995.0)_masked_data_0_derivative.csv,kidney_sel,P193,2023_10_30_11_25_10,P193#2023_10_30_11_25_10#CSV1,csv_spectrum,2,train
\\ces-tp3\OE0645-data-uro\TIVITA_Cat\Cat_Pig_UMM\Cat_uro_kidney\Cat_uro_kidney_sel_4m\data\P193_OP157_2023_10_30_Experiment1\2023_10_30_11_25_10\_hypergui_2\spectrum_fromCSV5_(500.0-995.0)_masked_data_0_derivative.csv,kidney_sel,P193,2023_10_30_11_25_10,P193#2023_10_30_11_25_10#CSV5,csv_spectrum,2,train
\\ces-tp3\OE0645-data-uro\TIVITA_Cat\Cat_Pig_UMM\Cat_uro_kidney\Cat_uro_kidney_sel_4m\data\P193_OP157_2023_10_30_Experiment1\2023_10_30_11_25_40\_hypergui_1\spectrum_fromCSV1_(500.0-995.0)_masked_data_0_derivative.csv,kidney_sel,P193,2023_10_30_11_25_40,P193#2023_10_30_11_25_40#CSV1,csv_spectrum,2,train
\\ces-tp3\OE0645-data-uro\TIVITA_Cat\Cat_Pig_UMM\Cat_uro_kidney\Cat_uro_kidney_sel_4m\data\P193_OP157_2023_10_30_Experiment1\2023_10_30_11_25_40\_hypergui_1\spectrum_fromCSV5_(500.0-995.0)_masked_data_0_derivative.csv,kidney_sel,P193,2023_10_30_11_25_40,P193#2023_10_30_11_25_40#CSV5,csv_spectrum,2,train
\\ces-tp3\OE0645-data-uro\TIVITA_Cat\Cat_Pig_UMM\Cat_uro_kidney\Cat_uro_kidney_sel_4m\data\P193_OP157_2023_10_30_Experiment1\2023_10_30_11_25_40\_hypergui_2\spectrum_fromCSV1_(500.0-995.0)_masked_data_0_derivative.csv,kidney_sel,P193,2023_10_30_11_25_40,P193#2023_10_30_11_25_40#CSV1,csv_spectrum,2,train
\\ces-tp3\OE0645-data-uro\TIVITA_Cat\Cat_Pig_UMM\Cat_uro_kidney\Cat_uro_kidney_sel_4m\data\P193_OP157_2023_10_30_Experiment1\2023_10_30_11_25_40\_hypergui_2\spectrum_fromCSV5_(500.0-995.0)_masked_data_0_derivative.csv,kidney_sel,P193,2023_10_30_11_25_40,P193#2023_10_30_11_25_40#CSV5,csv_spectrum,2,train
\\ces-tp3\OE0645-data-uro\TIVITA_Cat\Cat_Pig_UMM\Cat_uro_kidney\Cat_uro_kidney_sel_4m\data\P193_OP157_2023_10_30_Experiment1\2023_10_30_11_26_10\_hypergui_1\spectrum_fromCSV1_(500.0-995.0)_masked_data_0_derivative.csv,kidney_sel,P193,2023_10_30_11_26_10,P193#2023_10_30_11_26_10#CSV1,csv_spectrum,2,train
\\ces-tp3\OE0645-data-uro\TIVITA_Cat\Cat_Pig_UMM\Cat_uro_kidney\Cat_uro_kidney_sel_4m\data\P193_OP157_2023_10_30_Experiment1\2023_10_30_11_26_10\_hypergui_1\spectrum_fromCSV5_(500.0-995.0)_masked_data_0_derivative.csv,kidney_sel,P193,2023_10_30_11_26_10,P193#2023_10_30_11_26_10#CSV5,csv_spectrum,2,train
\\ces-tp3\OE0645-data-uro\TIVITA_Cat\Cat_Pig_UMM\Cat_uro_kidney\Cat_uro_kidney_sel_4m\data\P193_OP157_2023_10_30_Experiment1\2023_10_30_11_26_10\_hypergui_2\spectrum_fromCSV1_(500.0-995.0)_masked_data_0_derivative.csv,kidney_sel,P193,2023_10_30_11_26_10,P193#2023_10_30_11_26_10#CSV1,csv_spectrum,2,train
\\ces-tp3\OE0645-data-uro\TIVITA_Cat\Cat_Pig_UMM\Cat_uro_kidney\Cat_uro_kidney_sel_4m\data\P193_OP157_2023_10_30_Experiment1\2023_10_30_11_26_10\_hypergui_2\spectrum_fromCSV5_(500.0-995.0)_masked_data_0_derivative.csv,kidney_sel,P193,2023_10_30_11_26_10,P193#2023_10_30_11_26_10#CSV5,csv_spectrum,2,train
\\ces-tp3\OE0645-data-uro\TIVITA_Cat\Cat_Pig_UMM\Cat_uro_kidney\Cat_uro_kidney_sel_6m\data\P161_OP125_2023_07_05_Experiment1\2023_07_05_11_13_37\_hypergui_1\spectrum_fromCSV1_(500.0-995.0)_masked_data_0_derivative.csv,kidney_sel,P161,2023_07_05_11_13_37,P161#2023_07_05_11_13_37#CSV1,csv_spectrum,2,train
\\ces-tp3\OE0645-data-uro\TIVITA_Cat\Cat_Pig_UMM\Cat_uro_kidney\Cat_uro_kidney_sel_6m\data\P161_OP125_2023_07_05_Experiment1\2023_07_05_11_13_37\_hypergui_1\spectrum_fromCSV5_(500.0-995.0)_masked_data_0_derivative.csv,kidney_sel,P161,2023_07_05_11_13_37,P161#2023_07_05_11_13_37#CSV5,csv_spectrum,2,train
\\ces-tp3\OE0645-data-uro\TIVITA_Cat\Cat_Pig_UMM\Cat_uro_kidney\Cat_uro_kidney_sel_6m\data\P161_OP125_2023_07_05_Experiment1\2023_07_05_11_13_37\_hypergui_2\spectrum_fromCSV1_(500.0-995.0)_masked_data_0_derivative.csv,kidney_sel,P161,2023_07_05_11_13_37,P161#2023_07_05_11_13_37#CSV1,csv_spectrum,2,train
\\ces-tp3\OE0645-data-uro\TIVITA_Cat\Cat_Pig_UMM\Cat_uro_kidney\Cat_uro_kidney_sel_6m\data\P161_OP125_2023_07_05_Experiment1\2023_07_05_11_13_37\_hypergui_2\spectrum_fromCSV5_(500.0-995.0)_masked_data_0_derivative.csv,kidney_sel,P161,2023_07_05_11_13_37,P161#2023_07_05_11_13_37#CSV5,csv_spectrum,2,train
\\ces-tp3\OE0645-data-uro\TIVITA_Cat\Cat_Pig_UMM\Cat_uro_kidney\Cat_uro_kidney_sel_6m\data\P161_OP125_2023_07_05_Experiment1\2023_07_05_11_14_07\_hypergui_1\spectrum_fromCSV1_(500.0-995.0)_masked_data_0_derivative.csv,kidney_sel,P161,2023_07_05_11_14_07,P161#2023_07_05_11_14_07#CSV1,csv_spectrum,2,train
\\ces-tp3\OE0645-data-uro\TIVITA_Cat\Cat_Pig_UMM\Cat_uro_kidney\Cat_uro_kidney_sel_6m\data\P161_OP125_2023_07_05_Experiment1\2023_07_05_11_14_07\_hypergui_1\spectrum_fromCSV5_(500.0-995.0)_masked_data_0_derivative.csv,kidney_sel,P161,2023_07_05_11_14_07,P161#2023_07_05_11_14_07#CSV5,csv_spectrum,2,train
\\ces-tp3\OE0645-data-uro\TIVITA_Cat\Cat_Pig_UMM\Cat_uro_kidney\Cat_uro_kidney_sel_6m\data\P161_OP125_2023_07_05_Experiment1\2023_07_05_11_14_07\_hypergui_2\spectrum_fromCSV1_(500.0-995.0)_masked_data_0_derivative.csv,kidney_sel,P161,2023_07_05_11_14_07,P161#2023_07_05_11_14_07#CSV1,csv_spectrum,2,train
\\ces-tp3\OE0645-data-uro\TIVITA_Cat\Cat_Pig_UMM\Cat_uro_kidney\Cat_uro_kidney_sel_6m\data\P161_OP125_2023_07_05_Experiment1\2023_07_05_11_14_07\_hypergui_2\spectrum_fromCSV5_(500.0-995.0)_masked_data_0_derivative.csv,kidney_sel,P161,2023_07_05_11_14_07,P161#2023_07_05_11_14_07#CSV5,csv_spectrum,2,train
\\ces-tp3\OE0645-data-uro\TIVITA_Cat\Cat_Pig_UMM\Cat_uro_kidney\Cat_uro_kidney_sel_6m\data\P161_OP125_2023_07_05_Experiment1\2023_07_05_11_14_37\_hypergui_1\spectrum_fromCSV1_(500.0-995.0)_masked_data_0_derivative.csv,kidney_sel,P161,2023_07_05_11_14_37,P161#2023_07_05_11_14_37#CSV1,csv_spectrum,2,train
\\ces-tp3\OE0645-data-uro\TIVITA_Cat\Cat_Pig_UMM\Cat_uro_kidney\Cat_uro_kidney_sel_6m\data\P161_OP125_2023_07_05_Experiment1\2023_07_05_11_14_37\_hypergui_1\spectrum_fromCSV5_(500.0-995.0)_masked_data_0_derivative.csv,kidney_sel,P161,2023_07_05_11_14_37,P161#2023_07_05_11_14_37#CSV5,csv_spectrum,2,train
\\ces-tp3\OE0645-data-uro\TIVITA_Cat\Cat_Pig_UMM\Cat_uro_kidney\Cat_uro_kidney_sel_6m\data\P161_OP125_2023_07_05_Experiment1\2023_07_05_11_14_37\_hypergui_2\spectrum_fromCSV1_(500.0-995.0)_masked_data_0_derivative.csv,kidney_sel,P161,2023_07_05_11_14_37,P161#2023_07_05_11_14_37#CSV1,csv_spectrum,2,train
\\ces-tp3\OE0645-data-uro\TIVITA_Cat\Cat_Pig_UMM\Cat_uro_kidney\Cat_uro_kidney_sel_6m\data\P161_OP125_2023_07_05_Experiment1\2023_07_05_11_14_37\_hypergui_2\spectrum_fromCSV5_(500.0-995.0)_masked_data_0_derivative.csv,kidney_sel,P161,2023_07_05_11_14_37,P161#2023_07_05_11_14_37#CSV5,csv_spectrum,2,train
\\ces-tp3\OE0645-data-uro\TIVITA_Cat\Cat_Pig_UMM\Cat_uro_kidney\Cat_uro_kidney_sel_6m\data\P162_OP126_2023_07_06_Experiment1\2023_07_06_12_43_22\_hypergui_1\spectrum_fromCSV1_(500.0-995.0)_masked_data_0_derivative.csv,kidney_sel,P162,2023_07_06_12_43_22,P162#2023_07_06_12_43_22#CSV1,csv_spectrum,2,train
\\ces-tp3\OE0645-data-uro\TIVITA_Cat\Cat_Pig_UMM\Cat_uro_kidney\Cat_uro_kidney_sel_6m\data\P162_OP126_2023_07_06_Experiment1\2023_07_06_12_43_22\_hypergui_1\spectrum_fromCSV5_(500.0-995.0)_masked_data_0_derivative.csv,kidney_sel,P162,2023_07_06_12_43_22,P162#2023_07_06_12_43_22#CSV5,csv_spectrum,2,train
\\ces-tp3\OE0645-data-uro\TIVITA_Cat\Cat_Pig_UMM\Cat_uro_kidney\Cat_uro_kidney_sel_6m\data\P162_OP126_2023_07_06_Experiment1\2023_07_06_12_43_22\_hypergui_2\spectrum_fromCSV1_(500.0-995.0)_masked_data_0_derivative.csv,kidney_sel,P162,2023_07_06_12_43_22,P162#2023_07_06_12_43_22#CSV1,csv_spectrum,2,train
\\ces-tp3\OE0645-data-uro\TIVITA_Cat\Cat_Pig_UMM\Cat_uro_kidney\Cat_uro_kidney_sel_6m\data\P162_OP126_2023_07_06_Experiment1\2023_07_06_12_43_22\_hypergui_2\spectrum_fromCSV5_(500.0-995.0)_masked_data_0_derivative.csv,kidney_sel,P162,2023_07_06_12_43_22,P162#2023_07_06_12_43_22#CSV5,csv_spectrum,2,train
\\ces-tp3\OE0645-data-uro\TIVITA_Cat\Cat_Pig_UMM\Cat_uro_kidney\Cat_uro_kidney_sel_6m\data\P162_OP126_2023_07_06_Experiment1\2023_07_06_12_43_52\_hypergui_1\spectrum_fromCSV1_(500.0-995.0)_masked_data_0_derivative.csv,kidney_sel,P162,2023_07_06_12_43_52,P162#2023_07_06_12_43_52#CSV1,csv_spectrum,2,train
\\ces-tp3\OE0645-data-uro\TIVITA_Cat\Cat_Pig_UMM\Cat_uro_kidney\Cat_uro_kidney_sel_6m\data\P162_OP126_2023_07_06_Experiment1\2023_07_06_12_43_52\_hypergui_1\spectrum_fromCSV5_(500.0-995.0)_masked_data_0_derivative.csv,kidney_sel,P162,2023_07_06_12_43_52,P162#2023_07_06_12_43_52#CSV5,csv_spectrum,2,train
\\ces-tp3\OE0645-data-uro\TIVITA_Cat\Cat_Pig_UMM\Cat_uro_kidney\Cat_uro_kidney_sel_6m\data\P162_OP126_2023_07_06_Experiment1\2023_07_06_12_43_52\_hypergui_2\spectrum_fromCSV1_(500.0-995.0)_masked_data_0_derivative.csv,kidney_sel,P162,2023_07_06_12_43_52,P162#2023_07_06_12_43_52#CSV1,csv_spectrum,2,train
\\ces-tp3\OE0645-data-uro\TIVITA_Cat\Cat_Pig_UMM\Cat_uro_kidney\Cat_uro_kidney_sel_6m\data\P162_OP126_2023_07_06_Experiment1\2023_07_06_12_43_52\_hypergui_2\spectrum_fromCSV5_(500.0-995.0)_masked_data_0_derivative.csv,kidney_sel,P162,2023_07_06_12_43_52,P162#2023_07_06_12_43_52#CSV5,csv_spectrum,2,train
\\ces-tp3\OE0645-data-uro\TIVITA_Cat\Cat_Pig_UMM\Cat_uro_kidney\Cat_uro_kidney_sel_6m\data\P162_OP126_2023_07_06_Experiment1\2023_07_06_12_44_22\_hypergui_1\spectrum_fromCSV1_(500.0-995.0)_masked_data_0_derivative.csv,kidney_sel,P162,2023_07_06_12_44_22,P162#2023_07_06_12_44_22#CSV1,csv_spectrum,2,train
\\ces-tp3\OE0645-data-uro\TIVITA_Cat\Cat_Pig_UMM\Cat_uro_kidney\Cat_uro_kidney_sel_6m\data\P162_OP126_2023_07_06_Experiment1\2023_07_06_12_44_22\_hypergui_1\spectrum_fromCSV5_(500.0-995.0)_masked_data_0_derivative.csv,kidney_sel,P162,2023_07_06_12_44_22,P162#2023_07_06_12_44_22#CSV5,csv_spectrum,2,train
\\ces-tp3\OE0645-data-uro\TIVITA_Cat\Cat_Pig_UMM\Cat_uro_kidney\Cat_uro_kidney_sel_6m\data\P162_OP126_2023_07_06_Experiment1\2023_07_06_12_44_22\_hypergui_2\spectrum_fromCSV1_(500.0-995.0)_masked_data_0_derivative.csv,kidney_sel,P162,2023_07_06_12_44_22,P162#2023_07_06_12_44_22#CSV1,csv_spectrum,2,train
\\ces-tp3\OE0645-data-uro\TIVITA_Cat\Cat_Pig_UMM\Cat_uro_kidney\Cat_uro_kidney_sel_6m\data\P162_OP126_2023_07_06_Experiment1\2023_07_06_12_44_22\_hypergui_2\spectrum_fromCSV5_(500.0-995.0)_masked_data_0_derivative.csv,kidney_sel,P162,2023_07_06_12_44_22,P162#2023_07_06_12_44_22#CSV5,csv_spectrum,2,train
\\ces-tp3\OE0645-data-uro\TIVITA_Cat\Cat_Pig_UMM\Cat_uro_kidney\Cat_uro_kidney_sel_6m\data\P162_OP126_2023_07_06_Experiment1\2023_07_06_12_44_53\_hypergui_1\spectrum_fromCSV1_(500.0-995.0)_masked_data_0_derivative.csv,kidney_sel,P162,2023_07_06_12_44_53,P162#2023_07_06_12_44_53#CSV1,csv_spectrum,2,train
\\ces-tp3\OE0645-data-uro\TIVITA_Cat\Cat_Pig_UMM\Cat_uro_kidney\Cat_uro_kidney_sel_6m\data\P162_OP126_2023_07_06_Experiment1\2023_07_06_12_44_53\_hypergui_1\spectrum_fromCSV5_(500.0-995.0)_masked_data_0_derivative.csv,kidney_sel,P162,2023_07_06_12_44_53,P162#2023_07_06_12_44_53#CSV5,csv_spectrum,2,train
\\ces-tp3\OE0645-data-uro\TIVITA_Cat\Cat_Pig_UMM\Cat_uro_kidney\Cat_uro_kidney_sel_6m\data\P162_OP126_2023_07_06_Experiment1\2023_07_06_12_44_53\_hypergui_2\spectrum_fromCSV1_(500.0-995.0)_masked_data_0_derivative.csv,kidney_sel,P162,2023_07_06_12_44_53,P162#2023_07_06_12_44_53#CSV1,csv_spectrum,2,train
\\ces-tp3\OE0645-data-uro\TIVITA_Cat\Cat_Pig_UMM\Cat_uro_kidney\Cat_uro_kidney_sel_6m\data\P162_OP126_2023_07_06_Experiment1\2023_07_06_12_44_53\_hypergui_2\spectrum_fromCSV5_(500.0-995.0)_masked_data_0_derivative.csv,kidney_sel,P162,2023_07_06_12_44_53,P162#2023_07_06_12_44_53#CSV5,csv_spectrum,2,train
\\ces-tp3\OE0645-data-uro\TIVITA_Cat\Cat_Pig_UMM\Cat_uro_kidney\Cat_uro_kidney_sel_6m\data\P165_OP129_2023_08_16_Experiment1\2023_08_16_12_14_11\_hypergui_1\spectrum_fromCSV1_(500.0-995.0)_masked_data_0_derivative.csv,kidney_sel,P165,2023_08_16_12_14_11,P165#2023_08_16_12_14_11#CSV1,csv_spectrum,2,train
\\ces-tp3\OE0645-data-uro\TIVITA_Cat\Cat_Pig_UMM\Cat_uro_kidney\Cat_uro_kidney_sel_6m\data\P165_OP129_2023_08_16_Experiment1\2023_08_16_12_14_11\_hypergui_1\spectrum_fromCSV5_(500.0-995.0)_masked_data_0_derivative.csv,kidney_sel,P165,2023_08_16_12_14_11,P165#2023_08_16_12_14_11#CSV5,csv_spectrum,2,train
\\ces-tp3\OE0645-data-uro\TIVITA_Cat\Cat_Pig_UMM\Cat_uro_kidney\Cat_uro_kidney_sel_6m\data\P165_OP129_2023_08_16_Experiment1\2023_08_16_12_14_11\_hypergui_2\spectrum_fromCSV1_(500.0-995.0)_masked_data_0_derivative.csv,kidney_sel,P165,2023_08_16_12_14_11,P165#2023_08_16_12_14_11#CSV1,csv_spectrum,2,train
\\ces-tp3\OE0645-data-uro\TIVITA_Cat\Cat_Pig_UMM\Cat_uro_kidney\Cat_uro_kidney_sel_6m\data\P165_OP129_2023_08_16_Experiment1\2023_08_16_12_14_11\_hypergui_2\spectrum_fromCSV5_(500.0-995.0)_masked_data_0_derivative.csv,kidney_sel,P165,2023_08_16_12_14_11,P165#2023_08_16_12_14_11#CSV5,csv_spectrum,2,train
\\ces-tp3\OE0645-data-uro\TIVITA_Cat\Cat_Pig_UMM\Cat_uro_kidney\Cat_uro_kidney_sel_6m\data\P165_OP129_2023_08_16_Experiment1\2023_08_16_12_15_11\_hypergui_1\spectrum_fromCSV1_(500.0-995.0)_masked_data_0_derivative.csv,kidney_sel,P165,2023_08_16_12_15_11,P165#2023_08_16_12_15_11#CSV1,csv_spectrum,2,train
\\ces-tp3\OE0645-data-uro\TIVITA_Cat\Cat_Pig_UMM\Cat_uro_kidney\Cat_uro_kidney_sel_6m\data\P165_OP129_2023_08_16_Experiment1\2023_08_16_12_15_11\_hypergui_1\spectrum_fromCSV5_(500.0-995.0)_masked_data_0_derivative.csv,kidney_sel,P165,2023_08_16_12_15_11,P165#2023_08_16_12_15_11#CSV5,csv_spectrum,2,train
\\ces-tp3\OE0645-data-uro\TIVITA_Cat\Cat_Pig_UMM\Cat_uro_kidney\Cat_uro_kidney_sel_6m\data\P165_OP129_2023_08_16_Experiment1\2023_08_16_12_15_11\_hypergui_2\spectrum_fromCSV1_(500.0-995.0)_masked_data_0_derivative.csv,kidney_sel,P165,2023_08_16_12_15_11,P165#2023_08_16_12_15_11#CSV1,csv_spectrum,2,train
\\ces-tp3\OE0645-data-uro\TIVITA_Cat\Cat_Pig_UMM\Cat_uro_kidney\Cat_uro_kidney_sel_6m\data\P165_OP129_2023_08_16_Experiment1\2023_08_16_12_15_11\_hypergui_2\spectrum_fromCSV5_(500.0-995.0)_masked_data_0_derivative.csv,kidney_sel,P165,2023_08_16_12_15_11,P165#2023_08_16_12_15_11#CSV5,csv_spectrum,2,train
\\ces-tp3\OE0645-data-uro\TIVITA_Cat\Cat_Pig_UMM\Cat_uro_kidney\Cat_uro_kidney_sel_6m\data\P166_OP130_2023_08_17_Experiment1\2023_08_17_11_42_43\_hypergui_1\spectrum_fromCSV1_(500.0-995.0)_masked_data_0_derivative.csv,kidney_sel,P166,2023_08_17_11_42_43,P166#2023_08_17_11_42_43#CSV1,csv_spectrum,2,train
\\ces-tp3\OE0645-data-uro\TIVITA_Cat\Cat_Pig_UMM\Cat_uro_kidney\Cat_uro_kidney_sel_6m\data\P166_OP130_2023_08_17_Experiment1\2023_08_17_11_42_43\_hypergui_1\spectrum_fromCSV5_(500.0-995.0)_masked_data_0_derivative.csv,kidney_sel,P166,2023_08_17_11_42_43,P166#2023_08_17_11_42_43#CSV5,csv_spectrum,2,train
\\ces-tp3\OE0645-data-uro\TIVITA_Cat\Cat_Pig_UMM\Cat_uro_kidney\Cat_uro_kidney_sel_6m\data\P166_OP130_2023_08_17_Experiment1\2023_08_17_11_42_43\_hypergui_2\spectrum_fromCSV1_(500.0-995.0)_masked_data_0_derivative.csv,kidney_sel,P166,2023_08_17_11_42_43,P166#2023_08_17_11_42_43#CSV1,csv_spectrum,2,train
\\ces-tp3\OE0645-data-uro\TIVITA_Cat\Cat_Pig_UMM\Cat_uro_kidney\Cat_uro_kidney_sel_6m\data\P166_OP130_2023_08_17_Experiment1\2023_08_17_11_42_43\_hypergui_2\spectrum_fromCSV5_(500.0-995.0)_masked_data_0_derivative.csv,kidney_sel,P166,2023_08_17_11_42_43,P166#2023_08_17_11_42_43#CSV5,csv_spectrum,2,train
\\ces-tp3\OE0645-data-uro\TIVITA_Cat\Cat_Pig_UMM\Cat_uro_kidney\Cat_uro_kidney_sel_6m\data\P166_OP130_2023_08_17_Experiment1\2023_08_17_11_43_43\_hypergui_1\spectrum_fromCSV1_(500.0-995.0)_masked_data_0_derivative.csv,kidney_sel,P166,2023_08_17_11_43_43,P166#2023_08_17_11_43_43#CSV1,csv_spectrum,2,train
\\ces-tp3\OE0645-data-uro\TIVITA_Cat\Cat_Pig_UMM\Cat_uro_kidney\Cat_uro_kidney_sel_6m\data\P166_OP130_2023_08_17_Experiment1\2023_08_17_11_43_43\_hypergui_1\spectrum_fromCSV5_(500.0-995.0)_masked_data_0_derivative.csv,kidney_sel,P166,2023_08_17_11_43_43,P166#2023_08_17_11_43_43#CSV5,csv_spectrum,2,train
\\ces-tp3\OE0645-data-uro\TIVITA_Cat\Cat_Pig_UMM\Cat_uro_kidney\Cat_uro_kidney_sel_6m\data\P166_OP130_2023_08_17_Experiment1\2023_08_17_11_43_43\_hypergui_2\spectrum_fromCSV1_(500.0-995.0)_masked_data_0_derivative.csv,kidney_sel,P166,2023_08_17_11_43_43,P166#2023_08_17_11_43_43#CSV1,csv_spectrum,2,train
\\ces-tp3\OE0645-data-uro\TIVITA_Cat\Cat_Pig_UMM\Cat_uro_kidney\Cat_uro_kidney_sel_6m\data\P166_OP130_2023_08_17_Experiment1\2023_08_17_11_43_43\_hypergui_2\spectrum_fromCSV5_(500.0-995.0)_masked_data_0_derivative.csv,kidney_sel,P166,2023_08_17_11_43_43,P166#2023_08_17_11_43_43#CSV5,csv_spectrum,2,train
\\ces-tp3\OE0645-data-uro\TIVITA_Cat\Cat_Pig_UMM\Cat_uro_kidney\Cat_uro_kidney_sel_6m\data\P168_OP132_2023_08_23_Experiment1\2023_08_23_12_53_24\_hypergui_1\spectrum_fromCSV1_(500.0-995.0)_masked_data_0_derivative.csv,kidney_sel,P168,2023_08_23_12_53_24,P168#2023_08_23_12_53_24#CSV1,csv_spectrum,2,train
\\ces-tp3\OE0645-data-uro\TIVITA_Cat\Cat_Pig_UMM\Cat_uro_kidney\Cat_uro_kidney_sel_6m\data\P168_OP132_2023_08_23_Experiment1\2023_08_23_12_53_24\_hypergui_1\spectrum_fromCSV5_(500.0-995.0)_masked_data_0_derivative.csv,kidney_sel,P168,2023_08_23_12_53_24,P168#2023_08_23_12_53_24#CSV5,csv_spectrum,2,train
\\ces-tp3\OE0645-data-uro\TIVITA_Cat\Cat_Pig_UMM\Cat_uro_kidney\Cat_uro_kidney_sel_6m\data\P168_OP132_2023_08_23_Experiment1\2023_08_23_12_53_24\_hypergui_2\spectrum_fromCSV1_(500.0-995.0)_masked_data_0_derivative.csv,kidney_sel,P168,2023_08_23_12_53_24,P168#2023_08_23_12_53_24#CSV1,csv_spectrum,2,train
\\ces-tp3\OE0645-data-uro\TIVITA_Cat\Cat_Pig_UMM\Cat_uro_kidney\Cat_uro_kidney_sel_6m\data\P168_OP132_2023_08_23_Experiment1\2023_08_23_12_53_24\_hypergui_2\spectrum_fromCSV5_(500.0-995.0)_masked_data_0_derivative.csv,kidney_sel,P168,2023_08_23_12_53_24,P168#2023_08_23_12_53_24#CSV5,csv_spectrum,2,train
\\ces-tp3\OE0645-data-uro\TIVITA_Cat\Cat_Pig_UMM\Cat_uro_kidney\Cat_uro_kidney_sel_6m\data\P168_OP132_2023_08_23_Experiment1\2023_08_23_12_53_54\_hypergui_1\spectrum_fromCSV1_(500.0-995.0)_masked_data_0_derivative.csv,kidney_sel,P168,2023_08_23_12_53_54,P168#2023_08_23_12_53_54#CSV1,csv_spectrum,2,train
\\ces-tp3\OE0645-data-uro\TIVITA_Cat\Cat_Pig_UMM\Cat_uro_kidney\Cat_uro_kidney_sel_6m\data\P168_OP132_2023_08_23_Experiment1\2023_08_23_12_53_54\_hypergui_1\spectrum_fromCSV5_(500.0-995.0)_masked_data_0_derivative.csv,kidney_sel,P168,2023_08_23_12_53_54,P168#2023_08_23_12_53_54#CSV5,csv_spectrum,2,train
\\ces-tp3\OE0645-data-uro\TIVITA_Cat\Cat_Pig_UMM\Cat_uro_kidney\Cat_uro_kidney_sel_6m\data\P168_OP132_2023_08_23_Experiment1\2023_08_23_12_53_54\_hypergui_2\spectrum_fromCSV1_(500.0-995.0)_masked_data_0_derivative.csv,kidney_sel,P168,2023_08_23_12_53_54,P168#2023_08_23_12_53_54#CSV1,csv_spectrum,2,train
\\ces-tp3\OE0645-data-uro\TIVITA_Cat\Cat_Pig_UMM\Cat_uro_kidney\Cat_uro_kidney_sel_6m\data\P168_OP132_2023_08_23_Experiment1\2023_08_23_12_53_54\_hypergui_2\spectrum_fromCSV5_(500.0-995.0)_masked_data_0_derivative.csv,kidney_sel,P168,2023_08_23_12_53_54,P168#2023_08_23_12_53_54#CSV5,csv_spectrum,2,train
\\ces-tp3\OE0645-data-uro\TIVITA_Cat\Cat_Pig_UMM\Cat_uro_kidney\Cat_uro_kidney_sel_6m\data\P168_OP132_2023_08_23_Experiment1\2023_08_23_12_54_24\_hypergui_1\spectrum_fromCSV1_(500.0-995.0)_masked_data_0_derivative.csv,kidney_sel,P168,2023_08_23_12_54_24,P168#2023_08_23_12_54_24#CSV1,csv_spectrum,2,train
\\ces-tp3\OE0645-data-uro\TIVITA_Cat\Cat_Pig_UMM\Cat_uro_kidney\Cat_uro_kidney_sel_6m\data\P168_OP132_2023_08_23_Experiment1\2023_08_23_12_54_24\_hypergui_1\spectrum_fromCSV5_(500.0-995.0)_masked_data_0_derivative.csv,kidney_sel,P168,2023_08_23_12_54_24,P168#2023_08_23_12_54_24#CSV5,csv_spectrum,2,train
\\ces-tp3\OE0645-data-uro\TIVITA_Cat\Cat_Pig_UMM\Cat_uro_kidney\Cat_uro_kidney_sel_6m\data\P168_OP132_2023_08_23_Experiment1\2023_08_23_12_54_24\_hypergui_2\spectrum_fromCSV1_(500.0-995.0)_masked_data_0_derivative.csv,kidney_sel,P168,2023_08_23_12_54_24,P168#2023_08_23_12_54_24#CSV1,csv_spectrum,2,train
\\ces-tp3\OE0645-data-uro\TIVITA_Cat\Cat_Pig_UMM\Cat_uro_kidney\Cat_uro_kidney_sel_6m\data\P168_OP132_2023_08_23_Experiment1\2023_08_23_12_54_24\_hypergui_2\spectrum_fromCSV5_(500.0-995.0)_masked_data_0_derivative.csv,kidney_sel,P168,2023_08_23_12_54_24,P168#2023_08_23_12_54_24#CSV5,csv_spectrum,2,train
\\ces-tp3\OE0645-data-uro\TIVITA_Cat\Cat_Pig_UMM\Cat_uro_kidney\Cat_uro_kidney_sel_6m\data\P168_OP132_2023_08_23_Experiment1\2023_08_23_12_54_54\_hypergui_1\spectrum_fromCSV1_(500.0-995.0)_masked_data_0_derivative.csv,kidney_sel,P168,2023_08_23_12_54_54,P168#2023_08_23_12_54_54#CSV1,csv_spectrum,2,train
\\ces-tp3\OE0645-data-uro\TIVITA_Cat\Cat_Pig_UMM\Cat_uro_kidney\Cat_uro_kidney_sel_6m\data\P168_OP132_2023_08_23_Experiment1\2023_08_23_12_54_54\_hypergui_1\spectrum_fromCSV5_(500.0-995.0)_masked_data_0_derivative.csv,kidney_sel,P168,2023_08_23_12_54_54,P168#2023_08_23_12_54_54#CSV5,csv_spectrum,2,train
\\ces-tp3\OE0645-data-uro\TIVITA_Cat\Cat_Pig_UMM\Cat_uro_kidney\Cat_uro_kidney_sel_6m\data\P168_OP132_2023_08_23_Experiment1\2023_08_23_12_54_54\_hypergui_2\spectrum_fromCSV1_(500.0-995.0)_masked_data_0_derivative.csv,kidney_sel,P168,2023_08_23_12_54_54,P168#2023_08_23_12_54_54#CSV1,csv_spectrum,2,train
\\ces-tp3\OE0645-data-uro\TIVITA_Cat\Cat_Pig_UMM\Cat_uro_kidney\Cat_uro_kidney_sel_6m\data\P168_OP132_2023_08_23_Experiment1\2023_08_23_12_54_54\_hypergui_2\spectrum_fromCSV5_(500.0-995.0)_masked_data_0_derivative.csv,kidney_sel,P168,2023_08_23_12_54_54,P168#2023_08_23_12_54_54#CSV5,csv_spectrum,2,train
\\ces-tp3\OE0645-data-uro\TIVITA_Cat\Cat_Pig_UMM\Cat_uro_kidney\Cat_uro_kidney_sel_6m\data\P174_OP138_2023_09_21_Experiment1\2023_09_21_13_30_08\_hypergui_1\spectrum_fromCSV1_(500.0-995.0)_masked_data_0_derivative.csv,kidney_sel,P174,2023_09_21_13_30_08,P174#2023_09_21_13_30_08#CSV1,csv_spectrum,2,train
\\ces-tp3\OE0645-data-uro\TIVITA_Cat\Cat_Pig_UMM\Cat_uro_kidney\Cat_uro_kidney_sel_6m\data\P174_OP138_2023_09_21_Experiment1\2023_09_21_13_30_08\_hypergui_1\spectrum_fromCSV5_(500.0-995.0)_masked_data_0_derivative.csv,kidney_sel,P174,2023_09_21_13_30_08,P174#2023_09_21_13_30_08#CSV5,csv_spectrum,2,train
\\ces-tp3\OE0645-data-uro\TIVITA_Cat\Cat_Pig_UMM\Cat_uro_kidney\Cat_uro_kidney_sel_6m\data\P174_OP138_2023_09_21_Experiment1\2023_09_21_13_30_08\_hypergui_2\spectrum_fromCSV1_(500.0-995.0)_masked_data_0_derivative.csv,kidney_sel,P174,2023_09_21_13_30_08,P174#2023_09_21_13_30_08#CSV1,csv_spectrum,2,train
\\ces-tp3\OE0645-data-uro\TIVITA_Cat\Cat_Pig_UMM\Cat_uro_kidney\Cat_uro_kidney_sel_6m\data\P174_OP138_2023_09_21_Experiment1\2023_09_21_13_30_08\_hypergui_2\spectrum_fromCSV5_(500.0-995.0)_masked_data_0_derivative.csv,kidney_sel,P174,2023_09_21_13_30_08,P174#2023_09_21_13_30_08#CSV5,csv_spectrum,2,train
\\ces-tp3\OE0645-data-uro\TIVITA_Cat\Cat_Pig_UMM\Cat_uro_kidney\Cat_uro_kidney_sel_6m\data\P174_OP138_2023_09_21_Experiment1\2023_09_21_13_31_08\_hypergui_1\spectrum_fromCSV1_(500.0-995.0)_masked_data_0_derivative.csv,kidney_sel,P174,2023_09_21_13_31_08,P174#2023_09_21_13_31_08#CSV1,csv_spectrum,2,train
\\ces-tp3\OE0645-data-uro\TIVITA_Cat\Cat_Pig_UMM\Cat_uro_kidney\Cat_uro_kidney_sel_6m\data\P174_OP138_2023_09_21_Experiment1\2023_09_21_13_31_08\_hypergui_1\spectrum_fromCSV5_(500.0-995.0)_masked_data_0_derivative.csv,kidney_sel,P174,2023_09_21_13_31_08,P174#2023_09_21_13_31_08#CSV5,csv_spectrum,2,train
\\ces-tp3\OE0645-data-uro\TIVITA_Cat\Cat_Pig_UMM\Cat_uro_kidney\Cat_uro_kidney_sel_6m\data\P174_OP138_2023_09_21_Experiment1\2023_09_21_13_31_08\_hypergui_2\spectrum_fromCSV1_(500.0-995.0)_masked_data_0_derivative.csv,kidney_sel,P174,2023_09_21_13_31_08,P174#2023_09_21_13_31_08#CSV1,csv_spectrum,2,train
\\ces-tp3\OE0645-data-uro\TIVITA_Cat\Cat_Pig_UMM\Cat_uro_kidney\Cat_uro_kidney_sel_6m\data\P174_OP138_2023_09_21_Experiment1\2023_09_21_13_31_08\_hypergui_2\spectrum_fromCSV5_(500.0-995.0)_masked_data_0_derivative.csv,kidney_sel,P174,2023_09_21_13_31_08,P174#2023_09_21_13_31_08#CSV5,csv_spectrum,2,train
\\ces-tp3\OE0645-data-uro\TIVITA_Cat\Cat_Pig_UMM\Cat_uro_kidney\Cat_uro_kidney_sel_6m\data\P175_OP139_2023_09_22_Experiment1\2023_09_22_11_20_39\_hypergui_1\spectrum_fromCSV1_(500.0-995.0)_masked_data_0_derivative.csv,kidney_sel,P175,2023_09_22_11_20_39,P175#2023_09_22_11_20_39#CSV1,csv_spectrum,2,train
\\ces-tp3\OE0645-data-uro\TIVITA_Cat\Cat_Pig_UMM\Cat_uro_kidney\Cat_uro_kidney_sel_6m\data\P175_OP139_2023_09_22_Experiment1\2023_09_22_11_20_39\_hypergui_1\spectrum_fromCSV5_(500.0-995.0)_masked_data_0_derivative.csv,kidney_sel,P175,2023_09_22_11_20_39,P175#2023_09_22_11_20_39#CSV5,csv_spectrum,2,train
\\ces-tp3\OE0645-data-uro\TIVITA_Cat\Cat_Pig_UMM\Cat_uro_kidney\Cat_uro_kidney_sel_6m\data\P175_OP139_2023_09_22_Experiment1\2023_09_22_11_20_39\_hypergui_2\spectrum_fromCSV1_(500.0-995.0)_masked_data_0_derivative.csv,kidney_sel,P175,2023_09_22_11_20_39,P175#2023_09_22_11_20_39#CSV1,csv_spectrum,2,train
\\ces-tp3\OE0645-data-uro\TIVITA_Cat\Cat_Pig_UMM\Cat_uro_kidney\Cat_uro_kidney_sel_6m\data\P175_OP139_2023_09_22_Experiment1\2023_09_22_11_20_39\_hypergui_2\spectrum_fromCSV5_(500.0-995.0)_masked_data_0_derivative.csv,kidney_sel,P175,2023_09_22_11_20_39,P175#2023_09_22_11_20_39#CSV5,csv_spectrum,2,train
\\ces-tp3\OE0645-data-uro\TIVITA_Cat\Cat_Pig_UMM\Cat_uro_kidney\Cat_uro_kidney_sel_6m\data\P175_OP139_2023_09_22_Experiment1\2023_09_22_11_21_39\_hypergui_1\spectrum_fromCSV1_(500.0-995.0)_masked_data_0_derivative.csv,kidney_sel,P175,2023_09_22_11_21_39,P175#2023_09_22_11_21_39#CSV1,csv_spectrum,2,train
\\ces-tp3\OE0645-data-uro\TIVITA_Cat\Cat_Pig_UMM\Cat_uro_kidney\Cat_uro_kidney_sel_6m\data\P175_OP139_2023_09_22_Experiment1\2023_09_22_11_21_39\_hypergui_1\spectrum_fromCSV5_(500.0-995.0)_masked_data_0_derivative.csv,kidney_sel,P175,2023_09_22_11_21_39,P175#2023_09_22_11_21_39#CSV5,csv_spectrum,2,train
\\ces-tp3\OE0645-data-uro\TIVITA_Cat\Cat_Pig_UMM\Cat_uro_kidney\Cat_uro_kidney_sel_6m\data\P175_OP139_2023_09_22_Experiment1\2023_09_22_11_21_39\_hypergui_2\spectrum_fromCSV1_(500.0-995.0)_masked_data_0_derivative.csv,kidney_sel,P175,2023_09_22_11_21_39,P175#2023_09_22_11_21_39#CSV1,csv_spectrum,2,train
\\ces-tp3\OE0645-data-uro\TIVITA_Cat\Cat_Pig_UMM\Cat_uro_kidney\Cat_uro_kidney_sel_6m\data\P175_OP139_2023_09_22_Experiment1\2023_09_22_11_21_39\_hypergui_2\spectrum_fromCSV5_(500.0-995.0)_masked_data_0_derivative.csv,kidney_sel,P175,2023_09_22_11_21_39,P175#2023_09_22_11_21_39#CSV5,csv_spectrum,2,train
\\ces-tp3\OE0645-data-uro\TIVITA_Cat\Cat_Pig_UMM\Cat_uro_kidney\Cat_uro_kidney_sel_6m\data\P175_OP139_2023_09_22_Experiment1\2023_09_22_13_42_55\_hypergui_1\spectrum_fromCSV1_(500.0-995.0)_masked_data_0_derivative.csv,kidney_sel,P175,2023_09_22_13_42_55,P175#2023_09_22_13_42_55#CSV1,csv_spectrum,2,train
\\ces-tp3\OE0645-data-uro\TIVITA_Cat\Cat_Pig_UMM\Cat_uro_kidney\Cat_uro_kidney_sel_6m\data\P175_OP139_2023_09_22_Experiment1\2023_09_22_13_42_55\_hypergui_1\spectrum_fromCSV5_(500.0-995.0)_masked_data_0_derivative.csv,kidney_sel,P175,2023_09_22_13_42_55,P175#2023_09_22_13_42_55#CSV5,csv_spectrum,2,train
\\ces-tp3\OE0645-data-uro\TIVITA_Cat\Cat_Pig_UMM\Cat_uro_kidney\Cat_uro_kidney_sel_6m\data\P175_OP139_2023_09_22_Experiment1\2023_09_22_13_42_55\_hypergui_2\spectrum_fromCSV1_(500.0-995.0)_masked_data_0_derivative.csv,kidney_sel,P175,2023_09_22_13_42_55,P175#2023_09_22_13_42_55#CSV1,csv_spectrum,2,train
\\ces-tp3\OE0645-data-uro\TIVITA_Cat\Cat_Pig_UMM\Cat_uro_kidney\Cat_uro_kidney_sel_6m\data\P175_OP139_2023_09_22_Experiment1\2023_09_22_13_42_55\_hypergui_2\spectrum_fromCSV5_(500.0-995.0)_masked_data_0_derivative.csv,kidney_sel,P175,2023_09_22_13_42_55,P175#2023_09_22_13_42_55#CSV5,csv_spectrum,2,train
\\ces-tp3\OE0645-data-uro\TIVITA_Cat\Cat_Pig_UMM\Cat_uro_kidney\Cat_uro_kidney_sel_6m\data\P175_OP139_2023_09_22_Experiment1\2023_09_22_13_43_55\_hypergui_1\spectrum_fromCSV1_(500.0-995.0)_masked_data_0_derivative.csv,kidney_sel,P175,2023_09_22_13_43_55,P175#2023_09_22_13_43_55#CSV1,csv_spectrum,2,train
\\ces-tp3\OE0645-data-uro\TIVITA_Cat\Cat_Pig_UMM\Cat_uro_kidney\Cat_uro_kidney_sel_6m\data\P175_OP139_2023_09_22_Experiment1\2023_09_22_13_43_55\_hypergui_1\spectrum_fromCSV5_(500.0-995.0)_masked_data_0_derivative.csv,kidney_sel,P175,2023_09_22_13_43_55,P175#2023_09_22_13_43_55#CSV5,csv_spectrum,2,train
\\ces-tp3\OE0645-data-uro\TIVITA_Cat\Cat_Pig_UMM\Cat_uro_kidney\Cat_uro_kidney_sel_6m\data\P175_OP139_2023_09_22_Experiment1\2023_09_22_13_43_55\_hypergui_2\spectrum_fromCSV1_(500.0-995.0)_masked_data_0_derivative.csv,kidney_sel,P175,2023_09_22_13_43_55,P175#2023_09_22_13_43_55#CSV1,csv_spectrum,2,train
\\ces-tp3\OE0645-data-uro\TIVITA_Cat\Cat_Pig_UMM\Cat_uro_kidney\Cat_uro_kidney_sel_6m\data\P175_OP139_2023_09_22_Experiment1\2023_09_22_13_43_55\_hypergui_2\spectrum_fromCSV5_(500.0-995.0)_masked_data_0_derivative.csv,kidney_sel,P175,2023_09_22_13_43_55,P175#2023_09_22_13_43_55#CSV5,csv_spectrum,2,train
\\ces-tp3\OE0645-data-uro\TIVITA_Cat\Cat_Pig_UMM\Cat_uro_kidney\Cat_uro_kidney_sel_6m\data\P188_OP152_2023_10_22_Experiment1\2023_10_22_12_10_40\_hypergui_1\spectrum_fromCSV1_(500.0-995.0)_masked_data_0_derivative.csv,kidney_sel,P188,2023_10_22_12_10_40,P188#2023_10_22_12_10_40#CSV1,csv_spectrum,2,train
\\ces-tp3\OE0645-data-uro\TIVITA_Cat\Cat_Pig_UMM\Cat_uro_kidney\Cat_uro_kidney_sel_6m\data\P188_OP152_2023_10_22_Experiment1\2023_10_22_12_10_40\_hypergui_1\spectrum_fromCSV5_(500.0-995.0)_masked_data_0_derivative.csv,kidney_sel,P188,2023_10_22_12_10_40,P188#2023_10_22_12_10_40#CSV5,csv_spectrum,2,train
\\ces-tp3\OE0645-data-uro\TIVITA_Cat\Cat_Pig_UMM\Cat_uro_kidney\Cat_uro_kidney_sel_6m\data\P188_OP152_2023_10_22_Experiment1\2023_10_22_12_10_40\_hypergui_2\spectrum_fromCSV1_(500.0-995.0)_masked_data_0_derivative.csv,kidney_sel,P188,2023_10_22_12_10_40,P188#2023_10_22_12_10_40#CSV1,csv_spectrum,2,train
\\ces-tp3\OE0645-data-uro\TIVITA_Cat\Cat_Pig_UMM\Cat_uro_kidney\Cat_uro_kidney_sel_6m\data\P188_OP152_2023_10_22_Experiment1\2023_10_22_12_10_40\_hypergui_2\spectrum_fromCSV5_(500.0-995.0)_masked_data_0_derivative.csv,kidney_sel,P188,2023_10_22_12_10_40,P188#2023_10_22_12_10_40#CSV5,csv_spectrum,2,train
\\ces-tp3\OE0645-data-uro\TIVITA_Cat\Cat_Pig_UMM\Cat_uro_kidney\Cat_uro_kidney_sel_6m\data\P188_OP152_2023_10_22_Experiment1\2023_10_22_12_11_40\_hypergui_1\spectrum_fromCSV1_(500.0-995.0)_masked_data_0_derivative.csv,kidney_sel,P188,2023_10_22_12_11_40,P188#2023_10_22_12_11_40#CSV1,csv_spectrum,2,train
\\ces-tp3\OE0645-data-uro\TIVITA_Cat\Cat_Pig_UMM\Cat_uro_kidney\Cat_uro_kidney_sel_6m\data\P188_OP152_2023_10_22_Experiment1\2023_10_22_12_11_40\_hypergui_1\spectrum_fromCSV5_(500.0-995.0)_masked_data_0_derivative.csv,kidney_sel,P188,2023_10_22_12_11_40,P188#2023_10_22_12_11_40#CSV5,csv_spectrum,2,train
\\ces-tp3\OE0645-data-uro\TIVITA_Cat\Cat_Pig_UMM\Cat_uro_kidney\Cat_uro_kidney_sel_6m\data\P188_OP152_2023_10_22_Experiment1\2023_10_22_12_11_40\_hypergui_2\spectrum_fromCSV1_(500.0-995.0)_masked_data_0_derivative.csv,kidney_sel,P188,2023_10_22_12_11_40,P188#2023_10_22_12_11_40#CSV1,csv_spectrum,2,train
\\ces-tp3\OE0645-data-uro\TIVITA_Cat\Cat_Pig_UMM\Cat_uro_kidney\Cat_uro_kidney_sel_6m\data\P188_OP152_2023_10_22_Experiment1\2023_10_22_12_11_40\_hypergui_2\spectrum_fromCSV5_(500.0-995.0)_masked_data_0_derivative.csv,kidney_sel,P188,2023_10_22_12_11_40,P188#2023_10_22_12_11_40#CSV5,csv_spectrum,2,train
\\ces-tp3\OE0645-data-uro\TIVITA_Cat\Cat_Pig_UMM\Cat_uro_kidney\Cat_uro_kidney_sel_6m\data\P191_OP155_2023_10_28_Experiment1\2023_10_28_11_32_55\_hypergui_1\spectrum_fromCSV1_(500.0-995.0)_masked_data_0_derivative.csv,kidney_sel,P191,2023_10_28_11_32_55,P191#2023_10_28_11_32_55#CSV1,csv_spectrum,2,train
\\ces-tp3\OE0645-data-uro\TIVITA_Cat\Cat_Pig_UMM\Cat_uro_kidney\Cat_uro_kidney_sel_6m\data\P191_OP155_2023_10_28_Experiment1\2023_10_28_11_32_55\_hypergui_1\spectrum_fromCSV5_(500.0-995.0)_masked_data_0_derivative.csv,kidney_sel,P191,2023_10_28_11_32_55,P191#2023_10_28_11_32_55#CSV5,csv_spectrum,2,train
\\ces-tp3\OE0645-data-uro\TIVITA_Cat\Cat_Pig_UMM\Cat_uro_kidney\Cat_uro_kidney_sel_6m\data\P191_OP155_2023_10_28_Experiment1\2023_10_28_11_32_55\_hypergui_2\spectrum_fromCSV1_(500.0-995.0)_masked_data_0_derivative.csv,kidney_sel,P191,2023_10_28_11_32_55,P191#2023_10_28_11_32_55#CSV1,csv_spectrum,2,train
\\ces-tp3\OE0645-data-uro\TIVITA_Cat\Cat_Pig_UMM\Cat_uro_kidney\Cat_uro_kidney_sel_6m\data\P191_OP155_2023_10_28_Experiment1\2023_10_28_11_32_55\_hypergui_2\spectrum_fromCSV5_(500.0-995.0)_masked_data_0_derivative.csv,kidney_sel,P191,2023_10_28_11_32_55,P191#2023_10_28_11_32_55#CSV5,csv_spectrum,2,train
\\ces-tp3\OE0645-data-uro\TIVITA_Cat\Cat_Pig_UMM\Cat_uro_kidney\Cat_uro_kidney_sel_6m\data\P191_OP155_2023_10_28_Experiment1\2023_10_28_11_33_55\_hypergui_1\spectrum_fromCSV1_(500.0-995.0)_masked_data_0_derivative.csv,kidney_sel,P191,2023_10_28_11_33_55,P191#2023_10_28_11_33_55#CSV1,csv_spectrum,2,train
\\ces-tp3\OE0645-data-uro\TIVITA_Cat\Cat_Pig_UMM\Cat_uro_kidney\Cat_uro_kidney_sel_6m\data\P191_OP155_2023_10_28_Experiment1\2023_10_28_11_33_55\_hypergui_1\spectrum_fromCSV5_(500.0-995.0)_masked_data_0_derivative.csv,kidney_sel,P191,2023_10_28_11_33_55,P191#2023_10_28_11_33_55#CSV5,csv_spectrum,2,train
\\ces-tp3\OE0645-data-uro\TIVITA_Cat\Cat_Pig_UMM\Cat_uro_kidney\Cat_uro_kidney_sel_6m\data\P191_OP155_2023_10_28_Experiment1\2023_10_28_11_33_55\_hypergui_2\spectrum_fromCSV1_(500.0-995.0)_masked_data_0_derivative.csv,kidney_sel,P191,2023_10_28_11_33_55,P191#2023_10_28_11_33_55#CSV1,csv_spectrum,2,train
\\ces-tp3\OE0645-data-uro\TIVITA_Cat\Cat_Pig_UMM\Cat_uro_kidney\Cat_uro_kidney_sel_6m\data\P191_OP155_2023_10_28_Experiment1\2023_10_28_11_33_55\_hypergui_2\spectrum_fromCSV5_(500.0-995.0)_masked_data_0_derivative.csv,kidney_sel,P191,2023_10_28_11_33_55,P191#2023_10_28_11_33_55#CSV5,csv_spectrum,2,train
\\ces-tp3\OE0645-data-uro\TIVITA_Cat\Cat_Pig_UMM\Cat_uro_kidney\Cat_uro_kidney_sel_6m\data\P192_OP156_2023_10_29_Experiment1\2023_10_29_12_00_43\_hypergui_1\spectrum_fromCSV1_(500.0-995.0)_masked_data_0_derivative.csv,kidney_sel,P192,2023_10_29_12_00_43,P192#2023_10_29_12_00_43#CSV1,csv_spectrum,2,train
\\ces-tp3\OE0645-data-uro\TIVITA_Cat\Cat_Pig_UMM\Cat_uro_kidney\Cat_uro_kidney_sel_6m\data\P192_OP156_2023_10_29_Experiment1\2023_10_29_12_00_43\_hypergui_1\spectrum_fromCSV5_(500.0-995.0)_masked_data_0_derivative.csv,kidney_sel,P192,2023_10_29_12_00_43,P192#2023_10_29_12_00_43#CSV5,csv_spectrum,2,train
\\ces-tp3\OE0645-data-uro\TIVITA_Cat\Cat_Pig_UMM\Cat_uro_kidney\Cat_uro_kidney_sel_6m\data\P192_OP156_2023_10_29_Experiment1\2023_10_29_12_00_43\_hypergui_2\spectrum_fromCSV1_(500.0-995.0)_masked_data_0_derivative.csv,kidney_sel,P192,2023_10_29_12_00_43,P192#2023_10_29_12_00_43#CSV1,csv_spectrum,2,train
\\ces-tp3\OE0645-data-uro\TIVITA_Cat\Cat_Pig_UMM\Cat_uro_kidney\Cat_uro_kidney_sel_6m\data\P192_OP156_2023_10_29_Experiment1\2023_10_29_12_00_43\_hypergui_2\spectrum_fromCSV5_(500.0-995.0)_masked_data_0_derivative.csv,kidney_sel,P192,2023_10_29_12_00_43,P192#2023_10_29_12_00_43#CSV5,csv_spectrum,2,train
\\ces-tp3\OE0645-data-uro\TIVITA_Cat\Cat_Pig_UMM\Cat_uro_kidney\Cat_uro_kidney_sel_6m\data\P192_OP156_2023_10_29_Experiment1\2023_10_29_12_01_43\_hypergui_1\spectrum_fromCSV1_(500.0-995.0)_masked_data_0_derivative.csv,kidney_sel,P192,2023_10_29_12_01_43,P192#2023_10_29_12_01_43#CSV1,csv_spectrum,2,train
\\ces-tp3\OE0645-data-uro\TIVITA_Cat\Cat_Pig_UMM\Cat_uro_kidney\Cat_uro_kidney_sel_6m\data\P192_OP156_2023_10_29_Experiment1\2023_10_29_12_01_43\_hypergui_1\spectrum_fromCSV5_(500.0-995.0)_masked_data_0_derivative.csv,kidney_sel,P192,2023_10_29_12_01_43,P192#2023_10_29_12_01_43#CSV5,csv_spectrum,2,train
\\ces-tp3\OE0645-data-uro\TIVITA_Cat\Cat_Pig_UMM\Cat_uro_kidney\Cat_uro_kidney_sel_6m\data\P192_OP156_2023_10_29_Experiment1\2023_10_29_12_01_43\_hypergui_2\spectrum_fromCSV1_(500.0-995.0)_masked_data_0_derivative.csv,kidney_sel,P192,2023_10_29_12_01_43,P192#2023_10_29_12_01_43#CSV1,csv_spectrum,2,train
\\ces-tp3\OE0645-data-uro\TIVITA_Cat\Cat_Pig_UMM\Cat_uro_kidney\Cat_uro_kidney_sel_6m\data\P192_OP156_2023_10_29_Experiment1\2023_10_29_12_01_43\_hypergui_2\spectrum_fromCSV5_(500.0-995.0)_masked_data_0_derivative.csv,kidney_sel,P192,2023_10_29_12_01_43,P192#2023_10_29_12_01_43#CSV5,csv_spectrum,2,train
\\ces-tp3\OE0645-data-uro\TIVITA_Cat\Cat_Pig_UMM\Cat_uro_kidney\Cat_uro_kidney_sel_6m\data\P193_OP157_2023_10_30_Experiment1\2023_10_30_11_27_10\_hypergui_1\spectrum_fromCSV1_(500.0-995.0)_masked_data_0_derivative.csv,kidney_sel,P193,2023_10_30_11_27_10,P193#2023_10_30_11_27_10#CSV1,csv_spectrum,2,train
\\ces-tp3\OE0645-data-uro\TIVITA_Cat\Cat_Pig_UMM\Cat_uro_kidney\Cat_uro_kidney_sel_6m\data\P193_OP157_2023_10_30_Experiment1\2023_10_30_11_27_10\_hypergui_1\spectrum_fromCSV5_(500.0-995.0)_masked_data_0_derivative.csv,kidney_sel,P193,2023_10_30_11_27_10,P193#2023_10_30_11_27_10#CSV5,csv_spectrum,2,train
\\ces-tp3\OE0645-data-uro\TIVITA_Cat\Cat_Pig_UMM\Cat_uro_kidney\Cat_uro_kidney_sel_6m\data\P193_OP157_2023_10_30_Experiment1\2023_10_30_11_27_10\_hypergui_2\spectrum_fromCSV1_(500.0-995.0)_masked_data_0_derivative.csv,kidney_sel,P193,2023_10_30_11_27_10,P193#2023_10_30_11_27_10#CSV1,csv_spectrum,2,train
\\ces-tp3\OE0645-data-uro\TIVITA_Cat\Cat_Pig_UMM\Cat_uro_kidney\Cat_uro_kidney_sel_6m\data\P193_OP157_2023_10_30_Experiment1\2023_10_30_11_27_10\_hypergui_2\spectrum_fromCSV5_(500.0-995.0)_masked_data_0_derivative.csv,kidney_sel,P193,2023_10_30_11_27_10,P193#2023_10_30_11_27_10#CSV5,csv_spectrum,2,train
\\ces-tp3\OE0645-data-uro\TIVITA_Cat\Cat_Pig_UMM\Cat_uro_kidney\Cat_uro_kidney_sel_6m\data\P193_OP157_2023_10_30_Experiment1\2023_10_30_11_28_10\_hypergui_1\spectrum_fromCSV1_(500.0-995.0)_masked_data_0_derivative.csv,kidney_sel,P193,2023_10_30_11_28_10,P193#2023_10_30_11_28_10#CSV1,csv_spectrum,2,train
\\ces-tp3\OE0645-data-uro\TIVITA_Cat\Cat_Pig_UMM\Cat_uro_kidney\Cat_uro_kidney_sel_6m\data\P193_OP157_2023_10_30_Experiment1\2023_10_30_11_28_10\_hypergui_1\spectrum_fromCSV5_(500.0-995.0)_masked_data_0_derivative.csv,kidney_sel,P193,2023_10_30_11_28_10,P193#2023_10_30_11_28_10#CSV5,csv_spectrum,2,train
\\ces-tp3\OE0645-data-uro\TIVITA_Cat\Cat_Pig_UMM\Cat_uro_kidney\Cat_uro_kidney_sel_6m\data\P193_OP157_2023_10_30_Experiment1\2023_10_30_11_28_10\_hypergui_2\spectrum_fromCSV1_(500.0-995.0)_masked_data_0_derivative.csv,kidney_sel,P193,2023_10_30_11_28_10,P193#2023_10_30_11_28_10#CSV1,csv_spectrum,2,train
\\ces-tp3\OE0645-data-uro\TIVITA_Cat\Cat_Pig_UMM\Cat_uro_kidney\Cat_uro_kidney_sel_6m\data\P193_OP157_2023_10_30_Experiment1\2023_10_30_11_28_10\_hypergui_2\spectrum_fromCSV5_(500.0-995.0)_masked_data_0_derivative.csv,kidney_sel,P193,2023_10_30_11_28_10,P193#2023_10_30_11_28_10#CSV5,csv_spectrum,2,train
\\ces-tp3\OE0645-data-uro\TIVITA_Cat\Cat_Pig_UMM\Cat_uro_kidney\Cat_uro_kidney_sel_8m\data\P161_OP125_2023_07_05_Experiment1\2023_07_05_11_15_34\_hypergui_1\spectrum_fromCSV1_(500.0-995.0)_masked_data_0_derivative.csv,kidney_sel,P161,2023_07_05_11_15_34,P161#2023_07_05_11_15_34#CSV1,csv_spectrum,2,train
\\ces-tp3\OE0645-data-uro\TIVITA_Cat\Cat_Pig_UMM\Cat_uro_kidney\Cat_uro_kidney_sel_8m\data\P161_OP125_2023_07_05_Experiment1\2023_07_05_11_15_34\_hypergui_1\spectrum_fromCSV5_(500.0-995.0)_masked_data_0_derivative.csv,kidney_sel,P161,2023_07_05_11_15_34,P161#2023_07_05_11_15_34#CSV5,csv_spectrum,2,train
\\ces-tp3\OE0645-data-uro\TIVITA_Cat\Cat_Pig_UMM\Cat_uro_kidney\Cat_uro_kidney_sel_8m\data\P161_OP125_2023_07_05_Experiment1\2023_07_05_11_15_34\_hypergui_2\spectrum_fromCSV1_(500.0-995.0)_masked_data_0_derivative.csv,kidney_sel,P161,2023_07_05_11_15_34,P161#2023_07_05_11_15_34#CSV1,csv_spectrum,2,train
\\ces-tp3\OE0645-data-uro\TIVITA_Cat\Cat_Pig_UMM\Cat_uro_kidney\Cat_uro_kidney_sel_8m\data\P161_OP125_2023_07_05_Experiment1\2023_07_05_11_15_34\_hypergui_2\spectrum_fromCSV5_(500.0-995.0)_masked_data_0_derivative.csv,kidney_sel,P161,2023_07_05_11_15_34,P161#2023_07_05_11_15_34#CSV5,csv_spectrum,2,train
\\ces-tp3\OE0645-data-uro\TIVITA_Cat\Cat_Pig_UMM\Cat_uro_kidney\Cat_uro_kidney_sel_8m\data\P161_OP125_2023_07_05_Experiment1\2023_07_05_11_16_04\_hypergui_1\spectrum_fromCSV1_(500.0-995.0)_masked_data_0_derivative.csv,kidney_sel,P161,2023_07_05_11_16_04,P161#2023_07_05_11_16_04#CSV1,csv_spectrum,2,train
\\ces-tp3\OE0645-data-uro\TIVITA_Cat\Cat_Pig_UMM\Cat_uro_kidney\Cat_uro_kidney_sel_8m\data\P161_OP125_2023_07_05_Experiment1\2023_07_05_11_16_04\_hypergui_1\spectrum_fromCSV5_(500.0-995.0)_masked_data_0_derivative.csv,kidney_sel,P161,2023_07_05_11_16_04,P161#2023_07_05_11_16_04#CSV5,csv_spectrum,2,train
\\ces-tp3\OE0645-data-uro\TIVITA_Cat\Cat_Pig_UMM\Cat_uro_kidney\Cat_uro_kidney_sel_8m\data\P161_OP125_2023_07_05_Experiment1\2023_07_05_11_16_04\_hypergui_2\spectrum_fromCSV1_(500.0-995.0)_masked_data_0_derivative.csv,kidney_sel,P161,2023_07_05_11_16_04,P161#2023_07_05_11_16_04#CSV1,csv_spectrum,2,train
\\ces-tp3\OE0645-data-uro\TIVITA_Cat\Cat_Pig_UMM\Cat_uro_kidney\Cat_uro_kidney_sel_8m\data\P161_OP125_2023_07_05_Experiment1\2023_07_05_11_16_04\_hypergui_2\spectrum_fromCSV5_(500.0-995.0)_masked_data_0_derivative.csv,kidney_sel,P161,2023_07_05_11_16_04,P161#2023_07_05_11_16_04#CSV5,csv_spectrum,2,train
\\ces-tp3\OE0645-data-uro\TIVITA_Cat\Cat_Pig_UMM\Cat_uro_kidney\Cat_uro_kidney_sel_8m\data\P161_OP125_2023_07_05_Experiment1\2023_07_05_11_16_35\_hypergui_1\spectrum_fromCSV1_(500.0-995.0)_masked_data_0_derivative.csv,kidney_sel,P161,2023_07_05_11_16_35,P161#2023_07_05_11_16_35#CSV1,csv_spectrum,2,train
\\ces-tp3\OE0645-data-uro\TIVITA_Cat\Cat_Pig_UMM\Cat_uro_kidney\Cat_uro_kidney_sel_8m\data\P161_OP125_2023_07_05_Experiment1\2023_07_05_11_16_35\_hypergui_1\spectrum_fromCSV5_(500.0-995.0)_masked_data_0_derivative.csv,kidney_sel,P161,2023_07_05_11_16_35,P161#2023_07_05_11_16_35#CSV5,csv_spectrum,2,train
\\ces-tp3\OE0645-data-uro\TIVITA_Cat\Cat_Pig_UMM\Cat_uro_kidney\Cat_uro_kidney_sel_8m\data\P161_OP125_2023_07_05_Experiment1\2023_07_05_11_16_35\_hypergui_2\spectrum_fromCSV1_(500.0-995.0)_masked_data_0_derivative.csv,kidney_sel,P161,2023_07_05_11_16_35,P161#2023_07_05_11_16_35#CSV1,csv_spectrum,2,train
\\ces-tp3\OE0645-data-uro\TIVITA_Cat\Cat_Pig_UMM\Cat_uro_kidney\Cat_uro_kidney_sel_8m\data\P161_OP125_2023_07_05_Experiment1\2023_07_05_11_16_35\_hypergui_2\spectrum_fromCSV5_(500.0-995.0)_masked_data_0_derivative.csv,kidney_sel,P161,2023_07_05_11_16_35,P161#2023_07_05_11_16_35#CSV5,csv_spectrum,2,train
\\ces-tp3\OE0645-data-uro\TIVITA_Cat\Cat_Pig_UMM\Cat_uro_kidney\Cat_uro_kidney_sel_8m\data\P162_OP126_2023_07_06_Experiment1\2023_07_06_12_45_23\_hypergui_1\spectrum_fromCSV1_(500.0-995.0)_masked_data_0_derivative.csv,kidney_sel,P162,2023_07_06_12_45_23,P162#2023_07_06_12_45_23#CSV1,csv_spectrum,2,train
\\ces-tp3\OE0645-data-uro\TIVITA_Cat\Cat_Pig_UMM\Cat_uro_kidney\Cat_uro_kidney_sel_8m\data\P162_OP126_2023_07_06_Experiment1\2023_07_06_12_45_23\_hypergui_1\spectrum_fromCSV5_(500.0-995.0)_masked_data_0_derivative.csv,kidney_sel,P162,2023_07_06_12_45_23,P162#2023_07_06_12_45_23#CSV5,csv_spectrum,2,train
\\ces-tp3\OE0645-data-uro\TIVITA_Cat\Cat_Pig_UMM\Cat_uro_kidney\Cat_uro_kidney_sel_8m\data\P162_OP126_2023_07_06_Experiment1\2023_07_06_12_45_23\_hypergui_2\spectrum_fromCSV1_(500.0-995.0)_masked_data_0_derivative.csv,kidney_sel,P162,2023_07_06_12_45_23,P162#2023_07_06_12_45_23#CSV1,csv_spectrum,2,train
\\ces-tp3\OE0645-data-uro\TIVITA_Cat\Cat_Pig_UMM\Cat_uro_kidney\Cat_uro_kidney_sel_8m\data\P162_OP126_2023_07_06_Experiment1\2023_07_06_12_45_23\_hypergui_2\spectrum_fromCSV5_(500.0-995.0)_masked_data_0_derivative.csv,kidney_sel,P162,2023_07_06_12_45_23,P162#2023_07_06_12_45_23#CSV5,csv_spectrum,2,train
\\ces-tp3\OE0645-data-uro\TIVITA_Cat\Cat_Pig_UMM\Cat_uro_kidney\Cat_uro_kidney_sel_8m\data\P162_OP126_2023_07_06_Experiment1\2023_07_06_12_45_53\_hypergui_1\spectrum_fromCSV1_(500.0-995.0)_masked_data_0_derivative.csv,kidney_sel,P162,2023_07_06_12_45_53,P162#2023_07_06_12_45_53#CSV1,csv_spectrum,2,train
\\ces-tp3\OE0645-data-uro\TIVITA_Cat\Cat_Pig_UMM\Cat_uro_kidney\Cat_uro_kidney_sel_8m\data\P162_OP126_2023_07_06_Experiment1\2023_07_06_12_45_53\_hypergui_1\spectrum_fromCSV5_(500.0-995.0)_masked_data_0_derivative.csv,kidney_sel,P162,2023_07_06_12_45_53,P162#2023_07_06_12_45_53#CSV5,csv_spectrum,2,train
\\ces-tp3\OE0645-data-uro\TIVITA_Cat\Cat_Pig_UMM\Cat_uro_kidney\Cat_uro_kidney_sel_8m\data\P162_OP126_2023_07_06_Experiment1\2023_07_06_12_45_53\_hypergui_2\spectrum_fromCSV1_(500.0-995.0)_masked_data_0_derivative.csv,kidney_sel,P162,2023_07_06_12_45_53,P162#2023_07_06_12_45_53#CSV1,csv_spectrum,2,train
\\ces-tp3\OE0645-data-uro\TIVITA_Cat\Cat_Pig_UMM\Cat_uro_kidney\Cat_uro_kidney_sel_8m\data\P162_OP126_2023_07_06_Experiment1\2023_07_06_12_45_53\_hypergui_2\spectrum_fromCSV5_(500.0-995.0)_masked_data_0_derivative.csv,kidney_sel,P162,2023_07_06_12_45_53,P162#2023_07_06_12_45_53#CSV5,csv_spectrum,2,train
\\ces-tp3\OE0645-data-uro\TIVITA_Cat\Cat_Pig_UMM\Cat_uro_kidney\Cat_uro_kidney_sel_8m\data\P162_OP126_2023_07_06_Experiment1\2023_07_06_12_46_23\_hypergui_1\spectrum_fromCSV1_(500.0-995.0)_masked_data_0_derivative.csv,kidney_sel,P162,2023_07_06_12_46_23,P162#2023_07_06_12_46_23#CSV1,csv_spectrum,2,train
\\ces-tp3\OE0645-data-uro\TIVITA_Cat\Cat_Pig_UMM\Cat_uro_kidney\Cat_uro_kidney_sel_8m\data\P162_OP126_2023_07_06_Experiment1\2023_07_06_12_46_23\_hypergui_1\spectrum_fromCSV5_(500.0-995.0)_masked_data_0_derivative.csv,kidney_sel,P162,2023_07_06_12_46_23,P162#2023_07_06_12_46_23#CSV5,csv_spectrum,2,train
\\ces-tp3\OE0645-data-uro\TIVITA_Cat\Cat_Pig_UMM\Cat_uro_kidney\Cat_uro_kidney_sel_8m\data\P162_OP126_2023_07_06_Experiment1\2023_07_06_12_46_23\_hypergui_2\spectrum_fromCSV1_(500.0-995.0)_masked_data_0_derivative.csv,kidney_sel,P162,2023_07_06_12_46_23,P162#2023_07_06_12_46_23#CSV1,csv_spectrum,2,train
\\ces-tp3\OE0645-data-uro\TIVITA_Cat\Cat_Pig_UMM\Cat_uro_kidney\Cat_uro_kidney_sel_8m\data\P162_OP126_2023_07_06_Experiment1\2023_07_06_12_46_23\_hypergui_2\spectrum_fromCSV5_(500.0-995.0)_masked_data_0_derivative.csv,kidney_sel,P162,2023_07_06_12_46_23,P162#2023_07_06_12_46_23#CSV5,csv_spectrum,2,train
\\ces-tp3\OE0645-data-uro\TIVITA_Cat\Cat_Pig_UMM\Cat_uro_kidney\Cat_uro_kidney_sel_8m\data\P162_OP126_2023_07_06_Experiment1\2023_07_06_12_46_53\_hypergui_1\spectrum_fromCSV1_(500.0-995.0)_masked_data_0_derivative.csv,kidney_sel,P162,2023_07_06_12_46_53,P162#2023_07_06_12_46_53#CSV1,csv_spectrum,2,train
\\ces-tp3\OE0645-data-uro\TIVITA_Cat\Cat_Pig_UMM\Cat_uro_kidney\Cat_uro_kidney_sel_8m\data\P162_OP126_2023_07_06_Experiment1\2023_07_06_12_46_53\_hypergui_1\spectrum_fromCSV5_(500.0-995.0)_masked_data_0_derivative.csv,kidney_sel,P162,2023_07_06_12_46_53,P162#2023_07_06_12_46_53#CSV5,csv_spectrum,2,train
\\ces-tp3\OE0645-data-uro\TIVITA_Cat\Cat_Pig_UMM\Cat_uro_kidney\Cat_uro_kidney_sel_8m\data\P162_OP126_2023_07_06_Experiment1\2023_07_06_12_46_53\_hypergui_2\spectrum_fromCSV1_(500.0-995.0)_masked_data_0_derivative.csv,kidney_sel,P162,2023_07_06_12_46_53,P162#2023_07_06_12_46_53#CSV1,csv_spectrum,2,train
\\ces-tp3\OE0645-data-uro\TIVITA_Cat\Cat_Pig_UMM\Cat_uro_kidney\Cat_uro_kidney_sel_8m\data\P162_OP126_2023_07_06_Experiment1\2023_07_06_12_46_53\_hypergui_2\spectrum_fromCSV5_(500.0-995.0)_masked_data_0_derivative.csv,kidney_sel,P162,2023_07_06_12_46_53,P162#2023_07_06_12_46_53#CSV5,csv_spectrum,2,train
\\ces-tp3\OE0645-data-uro\TIVITA_Cat\Cat_Pig_UMM\Cat_uro_kidney\Cat_uro_kidney_sel_8m\data\P165_OP129_2023_08_16_Experiment1\2023_08_16_12_16_12\_hypergui_1\spectrum_fromCSV1_(500.0-995.0)_masked_data_0_derivative.csv,kidney_sel,P165,2023_08_16_12_16_12,P165#2023_08_16_12_16_12#CSV1,csv_spectrum,2,train
\\ces-tp3\OE0645-data-uro\TIVITA_Cat\Cat_Pig_UMM\Cat_uro_kidney\Cat_uro_kidney_sel_8m\data\P165_OP129_2023_08_16_Experiment1\2023_08_16_12_16_12\_hypergui_1\spectrum_fromCSV5_(500.0-995.0)_masked_data_0_derivative.csv,kidney_sel,P165,2023_08_16_12_16_12,P165#2023_08_16_12_16_12#CSV5,csv_spectrum,2,train
\\ces-tp3\OE0645-data-uro\TIVITA_Cat\Cat_Pig_UMM\Cat_uro_kidney\Cat_uro_kidney_sel_8m\data\P165_OP129_2023_08_16_Experiment1\2023_08_16_12_16_12\_hypergui_2\spectrum_fromCSV1_(500.0-995.0)_masked_data_0_derivative.csv,kidney_sel,P165,2023_08_16_12_16_12,P165#2023_08_16_12_16_12#CSV1,csv_spectrum,2,train
\\ces-tp3\OE0645-data-uro\TIVITA_Cat\Cat_Pig_UMM\Cat_uro_kidney\Cat_uro_kidney_sel_8m\data\P165_OP129_2023_08_16_Experiment1\2023_08_16_12_16_12\_hypergui_2\spectrum_fromCSV5_(500.0-995.0)_masked_data_0_derivative.csv,kidney_sel,P165,2023_08_16_12_16_12,P165#2023_08_16_12_16_12#CSV5,csv_spectrum,2,train
\\ces-tp3\OE0645-data-uro\TIVITA_Cat\Cat_Pig_UMM\Cat_uro_kidney\Cat_uro_kidney_sel_8m\data\P165_OP129_2023_08_16_Experiment1\2023_08_16_12_16_39\_hypergui_1\spectrum_fromCSV1_(500.0-995.0)_masked_data_0_derivative.csv,kidney_sel,P165,2023_08_16_12_16_39,P165#2023_08_16_12_16_39#CSV1,csv_spectrum,2,train
\\ces-tp3\OE0645-data-uro\TIVITA_Cat\Cat_Pig_UMM\Cat_uro_kidney\Cat_uro_kidney_sel_8m\data\P165_OP129_2023_08_16_Experiment1\2023_08_16_12_16_39\_hypergui_1\spectrum_fromCSV5_(500.0-995.0)_masked_data_0_derivative.csv,kidney_sel,P165,2023_08_16_12_16_39,P165#2023_08_16_12_16_39#CSV5,csv_spectrum,2,train
\\ces-tp3\OE0645-data-uro\TIVITA_Cat\Cat_Pig_UMM\Cat_uro_kidney\Cat_uro_kidney_sel_8m\data\P165_OP129_2023_08_16_Experiment1\2023_08_16_12_16_39\_hypergui_2\spectrum_fromCSV1_(500.0-995.0)_masked_data_0_derivative.csv,kidney_sel,P165,2023_08_16_12_16_39,P165#2023_08_16_12_16_39#CSV1,csv_spectrum,2,train
\\ces-tp3\OE0645-data-uro\TIVITA_Cat\Cat_Pig_UMM\Cat_uro_kidney\Cat_uro_kidney_sel_8m\data\P165_OP129_2023_08_16_Experiment1\2023_08_16_12_16_39\_hypergui_2\spectrum_fromCSV5_(500.0-995.0)_masked_data_0_derivative.csv,kidney_sel,P165,2023_08_16_12_16_39,P165#2023_08_16_12_16_39#CSV5,csv_spectrum,2,train
\\ces-tp3\OE0645-data-uro\TIVITA_Cat\Cat_Pig_UMM\Cat_uro_kidney\Cat_uro_kidney_sel_8m\data\P166_OP130_2023_08_17_Experiment1\2023_08_17_11_44_43\_hypergui_1\spectrum_fromCSV1_(500.0-995.0)_masked_data_0_derivative.csv,kidney_sel,P166,2023_08_17_11_44_43,P166#2023_08_17_11_44_43#CSV1,csv_spectrum,2,train
\\ces-tp3\OE0645-data-uro\TIVITA_Cat\Cat_Pig_UMM\Cat_uro_kidney\Cat_uro_kidney_sel_8m\data\P166_OP130_2023_08_17_Experiment1\2023_08_17_11_44_43\_hypergui_1\spectrum_fromCSV5_(500.0-995.0)_masked_data_0_derivative.csv,kidney_sel,P166,2023_08_17_11_44_43,P166#2023_08_17_11_44_43#CSV5,csv_spectrum,2,train
\\ces-tp3\OE0645-data-uro\TIVITA_Cat\Cat_Pig_UMM\Cat_uro_kidney\Cat_uro_kidney_sel_8m\data\P166_OP130_2023_08_17_Experiment1\2023_08_17_11_44_43\_hypergui_2\spectrum_fromCSV1_(500.0-995.0)_masked_data_0_derivative.csv,kidney_sel,P166,2023_08_17_11_44_43,P166#2023_08_17_11_44_43#CSV1,csv_spectrum,2,train
\\ces-tp3\OE0645-data-uro\TIVITA_Cat\Cat_Pig_UMM\Cat_uro_kidney\Cat_uro_kidney_sel_8m\data\P166_OP130_2023_08_17_Experiment1\2023_08_17_11_44_43\_hypergui_2\spectrum_fromCSV5_(500.0-995.0)_masked_data_0_derivative.csv,kidney_sel,P166,2023_08_17_11_44_43,P166#2023_08_17_11_44_43#CSV5,csv_spectrum,2,train
\\ces-tp3\OE0645-data-uro\TIVITA_Cat\Cat_Pig_UMM\Cat_uro_kidney\Cat_uro_kidney_sel_8m\data\P166_OP130_2023_08_17_Experiment1\2023_08_17_11_45_43\_hypergui_1\spectrum_fromCSV1_(500.0-995.0)_masked_data_0_derivative.csv,kidney_sel,P166,2023_08_17_11_45_43,P166#2023_08_17_11_45_43#CSV1,csv_spectrum,2,train
\\ces-tp3\OE0645-data-uro\TIVITA_Cat\Cat_Pig_UMM\Cat_uro_kidney\Cat_uro_kidney_sel_8m\data\P166_OP130_2023_08_17_Experiment1\2023_08_17_11_45_43\_hypergui_1\spectrum_fromCSV5_(500.0-995.0)_masked_data_0_derivative.csv,kidney_sel,P166,2023_08_17_11_45_43,P166#2023_08_17_11_45_43#CSV5,csv_spectrum,2,train
\\ces-tp3\OE0645-data-uro\TIVITA_Cat\Cat_Pig_UMM\Cat_uro_kidney\Cat_uro_kidney_sel_8m\data\P166_OP130_2023_08_17_Experiment1\2023_08_17_11_45_43\_hypergui_2\spectrum_fromCSV1_(500.0-995.0)_masked_data_0_derivative.csv,kidney_sel,P166,2023_08_17_11_45_43,P166#2023_08_17_11_45_43#CSV1,csv_spectrum,2,train
\\ces-tp3\OE0645-data-uro\TIVITA_Cat\Cat_Pig_UMM\Cat_uro_kidney\Cat_uro_kidney_sel_8m\data\P166_OP130_2023_08_17_Experiment1\2023_08_17_11_45_43\_hypergui_2\spectrum_fromCSV5_(500.0-995.0)_masked_data_0_derivative.csv,kidney_sel,P166,2023_08_17_11_45_43,P166#2023_08_17_11_45_43#CSV5,csv_spectrum,2,train
\\ces-tp3\OE0645-data-uro\TIVITA_Cat\Cat_Pig_UMM\Cat_uro_kidney\Cat_uro_kidney_sel_8m\data\P168_OP132_2023_08_23_Experiment1\2023_08_23_12_55_24\_hypergui_1\spectrum_fromCSV1_(500.0-995.0)_masked_data_0_derivative.csv,kidney_sel,P168,2023_08_23_12_55_24,P168#2023_08_23_12_55_24#CSV1,csv_spectrum,2,train
\\ces-tp3\OE0645-data-uro\TIVITA_Cat\Cat_Pig_UMM\Cat_uro_kidney\Cat_uro_kidney_sel_8m\data\P168_OP132_2023_08_23_Experiment1\2023_08_23_12_55_24\_hypergui_1\spectrum_fromCSV5_(500.0-995.0)_masked_data_0_derivative.csv,kidney_sel,P168,2023_08_23_12_55_24,P168#2023_08_23_12_55_24#CSV5,csv_spectrum,2,train
\\ces-tp3\OE0645-data-uro\TIVITA_Cat\Cat_Pig_UMM\Cat_uro_kidney\Cat_uro_kidney_sel_8m\data\P168_OP132_2023_08_23_Experiment1\2023_08_23_12_55_24\_hypergui_2\spectrum_fromCSV1_(500.0-995.0)_masked_data_0_derivative.csv,kidney_sel,P168,2023_08_23_12_55_24,P168#2023_08_23_12_55_24#CSV1,csv_spectrum,2,train
\\ces-tp3\OE0645-data-uro\TIVITA_Cat\Cat_Pig_UMM\Cat_uro_kidney\Cat_uro_kidney_sel_8m\data\P168_OP132_2023_08_23_Experiment1\2023_08_23_12_55_24\_hypergui_2\spectrum_fromCSV5_(500.0-995.0)_masked_data_0_derivative.csv,kidney_sel,P168,2023_08_23_12_55_24,P168#2023_08_23_12_55_24#CSV5,csv_spectrum,2,train
\\ces-tp3\OE0645-data-uro\TIVITA_Cat\Cat_Pig_UMM\Cat_uro_kidney\Cat_uro_kidney_sel_8m\data\P174_OP138_2023_09_21_Experiment1\2023_09_21_13_32_08\_hypergui_1\spectrum_fromCSV1_(500.0-995.0)_masked_data_0_derivative.csv,kidney_sel,P174,2023_09_21_13_32_08,P174#2023_09_21_13_32_08#CSV1,csv_spectrum,2,train
\\ces-tp3\OE0645-data-uro\TIVITA_Cat\Cat_Pig_UMM\Cat_uro_kidney\Cat_uro_kidney_sel_8m\data\P174_OP138_2023_09_21_Experiment1\2023_09_21_13_32_08\_hypergui_1\spectrum_fromCSV5_(500.0-995.0)_masked_data_0_derivative.csv,kidney_sel,P174,2023_09_21_13_32_08,P174#2023_09_21_13_32_08#CSV5,csv_spectrum,2,train
\\ces-tp3\OE0645-data-uro\TIVITA_Cat\Cat_Pig_UMM\Cat_uro_kidney\Cat_uro_kidney_sel_8m\data\P174_OP138_2023_09_21_Experiment1\2023_09_21_13_32_08\_hypergui_2\spectrum_fromCSV1_(500.0-995.0)_masked_data_0_derivative.csv,kidney_sel,P174,2023_09_21_13_32_08,P174#2023_09_21_13_32_08#CSV1,csv_spectrum,2,train
\\ces-tp3\OE0645-data-uro\TIVITA_Cat\Cat_Pig_UMM\Cat_uro_kidney\Cat_uro_kidney_sel_8m\data\P174_OP138_2023_09_21_Experiment1\2023_09_21_13_32_08\_hypergui_2\spectrum_fromCSV5_(500.0-995.0)_masked_data_0_derivative.csv,kidney_sel,P174,2023_09_21_13_32_08,P174#2023_09_21_13_32_08#CSV5,csv_spectrum,2,train
\\ces-tp3\OE0645-data-uro\TIVITA_Cat\Cat_Pig_UMM\Cat_uro_kidney\Cat_uro_kidney_sel_8m\data\P175_OP139_2023_09_22_Experiment1\2023_09_22_11_22_39\_hypergui_1\spectrum_fromCSV1_(500.0-995.0)_masked_data_0_derivative.csv,kidney_sel,P175,2023_09_22_11_22_39,P175#2023_09_22_11_22_39#CSV1,csv_spectrum,2,train
\\ces-tp3\OE0645-data-uro\TIVITA_Cat\Cat_Pig_UMM\Cat_uro_kidney\Cat_uro_kidney_sel_8m\data\P175_OP139_2023_09_22_Experiment1\2023_09_22_11_22_39\_hypergui_1\spectrum_fromCSV5_(500.0-995.0)_masked_data_0_derivative.csv,kidney_sel,P175,2023_09_22_11_22_39,P175#2023_09_22_11_22_39#CSV5,csv_spectrum,2,train
\\ces-tp3\OE0645-data-uro\TIVITA_Cat\Cat_Pig_UMM\Cat_uro_kidney\Cat_uro_kidney_sel_8m\data\P175_OP139_2023_09_22_Experiment1\2023_09_22_11_22_39\_hypergui_2\spectrum_fromCSV1_(500.0-995.0)_masked_data_0_derivative.csv,kidney_sel,P175,2023_09_22_11_22_39,P175#2023_09_22_11_22_39#CSV1,csv_spectrum,2,train
\\ces-tp3\OE0645-data-uro\TIVITA_Cat\Cat_Pig_UMM\Cat_uro_kidney\Cat_uro_kidney_sel_8m\data\P175_OP139_2023_09_22_Experiment1\2023_09_22_11_22_39\_hypergui_2\spectrum_fromCSV5_(500.0-995.0)_masked_data_0_derivative.csv,kidney_sel,P175,2023_09_22_11_22_39,P175#2023_09_22_11_22_39#CSV5,csv_spectrum,2,train
\\ces-tp3\OE0645-data-uro\TIVITA_Cat\Cat_Pig_UMM\Cat_uro_kidney\Cat_uro_kidney_sel_8m\data\P175_OP139_2023_09_22_Experiment1\2023_09_22_11_23_39\_hypergui_1\spectrum_fromCSV1_(500.0-995.0)_masked_data_0_derivative.csv,kidney_sel,P175,2023_09_22_11_23_39,P175#2023_09_22_11_23_39#CSV1,csv_spectrum,2,train
\\ces-tp3\OE0645-data-uro\TIVITA_Cat\Cat_Pig_UMM\Cat_uro_kidney\Cat_uro_kidney_sel_8m\data\P175_OP139_2023_09_22_Experiment1\2023_09_22_11_23_39\_hypergui_1\spectrum_fromCSV5_(500.0-995.0)_masked_data_0_derivative.csv,kidney_sel,P175,2023_09_22_11_23_39,P175#2023_09_22_11_23_39#CSV5,csv_spectrum,2,train
\\ces-tp3\OE0645-data-uro\TIVITA_Cat\Cat_Pig_UMM\Cat_uro_kidney\Cat_uro_kidney_sel_8m\data\P175_OP139_2023_09_22_Experiment1\2023_09_22_11_23_39\_hypergui_2\spectrum_fromCSV1_(500.0-995.0)_masked_data_0_derivative.csv,kidney_sel,P175,2023_09_22_11_23_39,P175#2023_09_22_11_23_39#CSV1,csv_spectrum,2,train
\\ces-tp3\OE0645-data-uro\TIVITA_Cat\Cat_Pig_UMM\Cat_uro_kidney\Cat_uro_kidney_sel_8m\data\P175_OP139_2023_09_22_Experiment1\2023_09_22_11_23_39\_hypergui_2\spectrum_fromCSV5_(500.0-995.0)_masked_data_0_derivative.csv,kidney_sel,P175,2023_09_22_11_23_39,P175#2023_09_22_11_23_39#CSV5,csv_spectrum,2,train
\\ces-tp3\OE0645-data-uro\TIVITA_Cat\Cat_Pig_UMM\Cat_uro_kidney\Cat_uro_kidney_sel_8m\data\P175_OP139_2023_09_22_Experiment1\2023_09_22_13_44_56\_hypergui_1\spectrum_fromCSV1_(500.0-995.0)_masked_data_0_derivative.csv,kidney_sel,P175,2023_09_22_13_44_56,P175#2023_09_22_13_44_56#CSV1,csv_spectrum,2,train
\\ces-tp3\OE0645-data-uro\TIVITA_Cat\Cat_Pig_UMM\Cat_uro_kidney\Cat_uro_kidney_sel_8m\data\P175_OP139_2023_09_22_Experiment1\2023_09_22_13_44_56\_hypergui_1\spectrum_fromCSV5_(500.0-995.0)_masked_data_0_derivative.csv,kidney_sel,P175,2023_09_22_13_44_56,P175#2023_09_22_13_44_56#CSV5,csv_spectrum,2,train
\\ces-tp3\OE0645-data-uro\TIVITA_Cat\Cat_Pig_UMM\Cat_uro_kidney\Cat_uro_kidney_sel_8m\data\P175_OP139_2023_09_22_Experiment1\2023_09_22_13_44_56\_hypergui_2\spectrum_fromCSV1_(500.0-995.0)_masked_data_0_derivative.csv,kidney_sel,P175,2023_09_22_13_44_56,P175#2023_09_22_13_44_56#CSV1,csv_spectrum,2,train
\\ces-tp3\OE0645-data-uro\TIVITA_Cat\Cat_Pig_UMM\Cat_uro_kidney\Cat_uro_kidney_sel_8m\data\P175_OP139_2023_09_22_Experiment1\2023_09_22_13_44_56\_hypergui_2\spectrum_fromCSV5_(500.0-995.0)_masked_data_0_derivative.csv,kidney_sel,P175,2023_09_22_13_44_56,P175#2023_09_22_13_44_56#CSV5,csv_spectrum,2,train
\\ces-tp3\OE0645-data-uro\TIVITA_Cat\Cat_Pig_UMM\Cat_uro_kidney\Cat_uro_kidney_sel_8m\data\P175_OP139_2023_09_22_Experiment1\2023_09_22_13_45_56\_hypergui_1\spectrum_fromCSV1_(500.0-995.0)_masked_data_0_derivative.csv,kidney_sel,P175,2023_09_22_13_45_56,P175#2023_09_22_13_45_56#CSV1,csv_spectrum,2,train
\\ces-tp3\OE0645-data-uro\TIVITA_Cat\Cat_Pig_UMM\Cat_uro_kidney\Cat_uro_kidney_sel_8m\data\P175_OP139_2023_09_22_Experiment1\2023_09_22_13_45_56\_hypergui_1\spectrum_fromCSV5_(500.0-995.0)_masked_data_0_derivative.csv,kidney_sel,P175,2023_09_22_13_45_56,P175#2023_09_22_13_45_56#CSV5,csv_spectrum,2,train
\\ces-tp3\OE0645-data-uro\TIVITA_Cat\Cat_Pig_UMM\Cat_uro_kidney\Cat_uro_kidney_sel_8m\data\P175_OP139_2023_09_22_Experiment1\2023_09_22_13_45_56\_hypergui_2\spectrum_fromCSV1_(500.0-995.0)_masked_data_0_derivative.csv,kidney_sel,P175,2023_09_22_13_45_56,P175#2023_09_22_13_45_56#CSV1,csv_spectrum,2,train
\\ces-tp3\OE0645-data-uro\TIVITA_Cat\Cat_Pig_UMM\Cat_uro_kidney\Cat_uro_kidney_sel_8m\data\P175_OP139_2023_09_22_Experiment1\2023_09_22_13_45_56\_hypergui_2\spectrum_fromCSV5_(500.0-995.0)_masked_data_0_derivative.csv,kidney_sel,P175,2023_09_22_13_45_56,P175#2023_09_22_13_45_56#CSV5,csv_spectrum,2,train
\\ces-tp3\OE0645-data-uro\TIVITA_Cat\Cat_Pig_UMM\Cat_uro_kidney\Cat_uro_kidney_sel_8m\data\P188_OP152_2023_10_22_Experiment1\2023_10_22_12_12_41\_hypergui_1\spectrum_fromCSV1_(500.0-995.0)_masked_data_0_derivative.csv,kidney_sel,P188,2023_10_22_12_12_41,P188#2023_10_22_12_12_41#CSV1,csv_spectrum,2,train
\\ces-tp3\OE0645-data-uro\TIVITA_Cat\Cat_Pig_UMM\Cat_uro_kidney\Cat_uro_kidney_sel_8m\data\P188_OP152_2023_10_22_Experiment1\2023_10_22_12_12_41\_hypergui_1\spectrum_fromCSV5_(500.0-995.0)_masked_data_0_derivative.csv,kidney_sel,P188,2023_10_22_12_12_41,P188#2023_10_22_12_12_41#CSV5,csv_spectrum,2,train
\\ces-tp3\OE0645-data-uro\TIVITA_Cat\Cat_Pig_UMM\Cat_uro_kidney\Cat_uro_kidney_sel_8m\data\P188_OP152_2023_10_22_Experiment1\2023_10_22_12_12_41\_hypergui_2\spectrum_fromCSV1_(500.0-995.0)_masked_data_0_derivative.csv,kidney_sel,P188,2023_10_22_12_12_41,P188#2023_10_22_12_12_41#CSV1,csv_spectrum,2,train
\\ces-tp3\OE0645-data-uro\TIVITA_Cat\Cat_Pig_UMM\Cat_uro_kidney\Cat_uro_kidney_sel_8m\data\P188_OP152_2023_10_22_Experiment1\2023_10_22_12_12_41\_hypergui_2\spectrum_fromCSV5_(500.0-995.0)_masked_data_0_derivative.csv,kidney_sel,P188,2023_10_22_12_12_41,P188#2023_10_22_12_12_41#CSV5,csv_spectrum,2,train
\\ces-tp3\OE0645-data-uro\TIVITA_Cat\Cat_Pig_UMM\Cat_uro_kidney\Cat_uro_kidney_sel_8m\data\P188_OP152_2023_10_22_Experiment1\2023_10_22_12_13_41\_hypergui_1\spectrum_fromCSV1_(500.0-995.0)_masked_data_0_derivative.csv,kidney_sel,P188,2023_10_22_12_13_41,P188#2023_10_22_12_13_41#CSV1,csv_spectrum,2,train
\\ces-tp3\OE0645-data-uro\TIVITA_Cat\Cat_Pig_UMM\Cat_uro_kidney\Cat_uro_kidney_sel_8m\data\P188_OP152_2023_10_22_Experiment1\2023_10_22_12_13_41\_hypergui_1\spectrum_fromCSV5_(500.0-995.0)_masked_data_0_derivative.csv,kidney_sel,P188,2023_10_22_12_13_41,P188#2023_10_22_12_13_41#CSV5,csv_spectrum,2,train
\\ces-tp3\OE0645-data-uro\TIVITA_Cat\Cat_Pig_UMM\Cat_uro_kidney\Cat_uro_kidney_sel_8m\data\P188_OP152_2023_10_22_Experiment1\2023_10_22_12_13_41\_hypergui_2\spectrum_fromCSV1_(500.0-995.0)_masked_data_0_derivative.csv,kidney_sel,P188,2023_10_22_12_13_41,P188#2023_10_22_12_13_41#CSV1,csv_spectrum,2,train
\\ces-tp3\OE0645-data-uro\TIVITA_Cat\Cat_Pig_UMM\Cat_uro_kidney\Cat_uro_kidney_sel_8m\data\P188_OP152_2023_10_22_Experiment1\2023_10_22_12_13_41\_hypergui_2\spectrum_fromCSV5_(500.0-995.0)_masked_data_0_derivative.csv,kidney_sel,P188,2023_10_22_12_13_41,P188#2023_10_22_12_13_41#CSV5,csv_spectrum,2,train
\\ces-tp3\OE0645-data-uro\TIVITA_Cat\Cat_Pig_UMM\Cat_uro_kidney\Cat_uro_kidney_sel_8m\data\P191_OP155_2023_10_28_Experiment1\2023_10_28_11_34_55\_hypergui_1\spectrum_fromCSV1_(500.0-995.0)_masked_data_0_derivative.csv,kidney_sel,P191,2023_10_28_11_34_55,P191#2023_10_28_11_34_55#CSV1,csv_spectrum,2,train
\\ces-tp3\OE0645-data-uro\TIVITA_Cat\Cat_Pig_UMM\Cat_uro_kidney\Cat_uro_kidney_sel_8m\data\P191_OP155_2023_10_28_Experiment1\2023_10_28_11_34_55\_hypergui_1\spectrum_fromCSV5_(500.0-995.0)_masked_data_0_derivative.csv,kidney_sel,P191,2023_10_28_11_34_55,P191#2023_10_28_11_34_55#CSV5,csv_spectrum,2,train
\\ces-tp3\OE0645-data-uro\TIVITA_Cat\Cat_Pig_UMM\Cat_uro_kidney\Cat_uro_kidney_sel_8m\data\P191_OP155_2023_10_28_Experiment1\2023_10_28_11_34_55\_hypergui_2\spectrum_fromCSV1_(500.0-995.0)_masked_data_0_derivative.csv,kidney_sel,P191,2023_10_28_11_34_55,P191#2023_10_28_11_34_55#CSV1,csv_spectrum,2,train
\\ces-tp3\OE0645-data-uro\TIVITA_Cat\Cat_Pig_UMM\Cat_uro_kidney\Cat_uro_kidney_sel_8m\data\P191_OP155_2023_10_28_Experiment1\2023_10_28_11_34_55\_hypergui_2\spectrum_fromCSV5_(500.0-995.0)_masked_data_0_derivative.csv,kidney_sel,P191,2023_10_28_11_34_55,P191#2023_10_28_11_34_55#CSV5,csv_spectrum,2,train
\\ces-tp3\OE0645-data-uro\TIVITA_Cat\Cat_Pig_UMM\Cat_uro_kidney\Cat_uro_kidney_sel_8m\data\P191_OP155_2023_10_28_Experiment1\2023_10_28_11_35_55\_hypergui_1\spectrum_fromCSV1_(500.0-995.0)_masked_data_0_derivative.csv,kidney_sel,P191,2023_10_28_11_35_55,P191#2023_10_28_11_35_55#CSV1,csv_spectrum,2,train
\\ces-tp3\OE0645-data-uro\TIVITA_Cat\Cat_Pig_UMM\Cat_uro_kidney\Cat_uro_kidney_sel_8m\data\P191_OP155_2023_10_28_Experiment1\2023_10_28_11_35_55\_hypergui_1\spectrum_fromCSV5_(500.0-995.0)_masked_data_0_derivative.csv,kidney_sel,P191,2023_10_28_11_35_55,P191#2023_10_28_11_35_55#CSV5,csv_spectrum,2,train
\\ces-tp3\OE0645-data-uro\TIVITA_Cat\Cat_Pig_UMM\Cat_uro_kidney\Cat_uro_kidney_sel_8m\data\P191_OP155_2023_10_28_Experiment1\2023_10_28_11_35_55\_hypergui_2\spectrum_fromCSV1_(500.0-995.0)_masked_data_0_derivative.csv,kidney_sel,P191,2023_10_28_11_35_55,P191#2023_10_28_11_35_55#CSV1,csv_spectrum,2,train
\\ces-tp3\OE0645-data-uro\TIVITA_Cat\Cat_Pig_UMM\Cat_uro_kidney\Cat_uro_kidney_sel_8m\data\P191_OP155_2023_10_28_Experiment1\2023_10_28_11_35_55\_hypergui_2\spectrum_fromCSV5_(500.0-995.0)_masked_data_0_derivative.csv,kidney_sel,P191,2023_10_28_11_35_55,P191#2023_10_28_11_35_55#CSV5,csv_spectrum,2,train
\\ces-tp3\OE0645-data-uro\TIVITA_Cat\Cat_Pig_UMM\Cat_uro_kidney\Cat_uro_kidney_sel_8m\data\P192_OP156_2023_10_29_Experiment1\2023_10_29_12_02_43\_hypergui_1\spectrum_fromCSV1_(500.0-995.0)_masked_data_0_derivative.csv,kidney_sel,P192,2023_10_29_12_02_43,P192#2023_10_29_12_02_43#CSV1,csv_spectrum,2,train
\\ces-tp3\OE0645-data-uro\TIVITA_Cat\Cat_Pig_UMM\Cat_uro_kidney\Cat_uro_kidney_sel_8m\data\P192_OP156_2023_10_29_Experiment1\2023_10_29_12_02_43\_hypergui_1\spectrum_fromCSV5_(500.0-995.0)_masked_data_0_derivative.csv,kidney_sel,P192,2023_10_29_12_02_43,P192#2023_10_29_12_02_43#CSV5,csv_spectrum,2,train
\\ces-tp3\OE0645-data-uro\TIVITA_Cat\Cat_Pig_UMM\Cat_uro_kidney\Cat_uro_kidney_sel_8m\data\P192_OP156_2023_10_29_Experiment1\2023_10_29_12_02_43\_hypergui_2\spectrum_fromCSV1_(500.0-995.0)_masked_data_0_derivative.csv,kidney_sel,P192,2023_10_29_12_02_43,P192#2023_10_29_12_02_43#CSV1,csv_spectrum,2,train
\\ces-tp3\OE0645-data-uro\TIVITA_Cat\Cat_Pig_UMM\Cat_uro_kidney\Cat_uro_kidney_sel_8m\data\P192_OP156_2023_10_29_Experiment1\2023_10_29_12_02_43\_hypergui_2\spectrum_fromCSV5_(500.0-995.0)_masked_data_0_derivative.csv,kidney_sel,P192,2023_10_29_12_02_43,P192#2023_10_29_12_02_43#CSV5,csv_spectrum,2,train
\\ces-tp3\OE0645-data-uro\TIVITA_Cat\Cat_Pig_UMM\Cat_uro_kidney\Cat_uro_kidney_sel_8m\data\P192_OP156_2023_10_29_Experiment1\2023_10_29_12_03_43\_hypergui_1\spectrum_fromCSV1_(500.0-995.0)_masked_data_0_derivative.csv,kidney_sel,P192,2023_10_29_12_03_43,P192#2023_10_29_12_03_43#CSV1,csv_spectrum,2,train
\\ces-tp3\OE0645-data-uro\TIVITA_Cat\Cat_Pig_UMM\Cat_uro_kidney\Cat_uro_kidney_sel_8m\data\P192_OP156_2023_10_29_Experiment1\2023_10_29_12_03_43\_hypergui_1\spectrum_fromCSV5_(500.0-995.0)_masked_data_0_derivative.csv,kidney_sel,P192,2023_10_29_12_03_43,P192#2023_10_29_12_03_43#CSV5,csv_spectrum,2,train
\\ces-tp3\OE0645-data-uro\TIVITA_Cat\Cat_Pig_UMM\Cat_uro_kidney\Cat_uro_kidney_sel_8m\data\P192_OP156_2023_10_29_Experiment1\2023_10_29_12_03_43\_hypergui_2\spectrum_fromCSV1_(500.0-995.0)_masked_data_0_derivative.csv,kidney_sel,P192,2023_10_29_12_03_43,P192#2023_10_29_12_03_43#CSV1,csv_spectrum,2,train
\\ces-tp3\OE0645-data-uro\TIVITA_Cat\Cat_Pig_UMM\Cat_uro_kidney\Cat_uro_kidney_sel_8m\data\P192_OP156_2023_10_29_Experiment1\2023_10_29_12_03_43\_hypergui_2\spectrum_fromCSV5_(500.0-995.0)_masked_data_0_derivative.csv,kidney_sel,P192,2023_10_29_12_03_43,P192#2023_10_29_12_03_43#CSV5,csv_spectrum,2,train
\\ces-tp3\OE0645-data-uro\TIVITA_Cat\Cat_Pig_UMM\Cat_uro_kidney\Cat_uro_kidney_sel_8m\data\P193_OP157_2023_10_30_Experiment1\2023_10_30_11_29_11\_hypergui_1\spectrum_fromCSV1_(500.0-995.0)_masked_data_0_derivative.csv,kidney_sel,P193,2023_10_30_11_29_11,P193#2023_10_30_11_29_11#CSV1,csv_spectrum,2,train
\\ces-tp3\OE0645-data-uro\TIVITA_Cat\Cat_Pig_UMM\Cat_uro_kidney\Cat_uro_kidney_sel_8m\data\P193_OP157_2023_10_30_Experiment1\2023_10_30_11_29_11\_hypergui_1\spectrum_fromCSV5_(500.0-995.0)_masked_data_0_derivative.csv,kidney_sel,P193,2023_10_30_11_29_11,P193#2023_10_30_11_29_11#CSV5,csv_spectrum,2,train
\\ces-tp3\OE0645-data-uro\TIVITA_Cat\Cat_Pig_UMM\Cat_uro_kidney\Cat_uro_kidney_sel_8m\data\P193_OP157_2023_10_30_Experiment1\2023_10_30_11_29_11\_hypergui_2\spectrum_fromCSV1_(500.0-995.0)_masked_data_0_derivative.csv,kidney_sel,P193,2023_10_30_11_29_11,P193#2023_10_30_11_29_11#CSV1,csv_spectrum,2,train
\\ces-tp3\OE0645-data-uro\TIVITA_Cat\Cat_Pig_UMM\Cat_uro_kidney\Cat_uro_kidney_sel_8m\data\P193_OP157_2023_10_30_Experiment1\2023_10_30_11_29_11\_hypergui_2\spectrum_fromCSV5_(500.0-995.0)_masked_data_0_derivative.csv,kidney_sel,P193,2023_10_30_11_29_11,P193#2023_10_30_11_29_11#CSV5,csv_spectrum,2,train
\\ces-tp3\OE0645-data-uro\TIVITA_Cat\Cat_Pig_UMM\Cat_uro_kidney\Cat_uro_kidney_sel_8m\data\P193_OP157_2023_10_30_Experiment1\2023_10_30_11_30_10\_hypergui_1\spectrum_fromCSV1_(500.0-995.0)_masked_data_0_derivative.csv,kidney_sel,P193,2023_10_30_11_30_10,P193#2023_10_30_11_30_10#CSV1,csv_spectrum,2,train
\\ces-tp3\OE0645-data-uro\TIVITA_Cat\Cat_Pig_UMM\Cat_uro_kidney\Cat_uro_kidney_sel_8m\data\P193_OP157_2023_10_30_Experiment1\2023_10_30_11_30_10\_hypergui_1\spectrum_fromCSV5_(500.0-995.0)_masked_data_0_derivative.csv,kidney_sel,P193,2023_10_30_11_30_10,P193#2023_10_30_11_30_10#CSV5,csv_spectrum,2,train
\\ces-tp3\OE0645-data-uro\TIVITA_Cat\Cat_Pig_UMM\Cat_uro_kidney\Cat_uro_kidney_sel_8m\data\P193_OP157_2023_10_30_Experiment1\2023_10_30_11_30_10\_hypergui_2\spectrum_fromCSV1_(500.0-995.0)_masked_data_0_derivative.csv,kidney_sel,P193,2023_10_30_11_30_10,P193#2023_10_30_11_30_10#CSV1,csv_spectrum,2,train
\\ces-tp3\OE0645-data-uro\TIVITA_Cat\Cat_Pig_UMM\Cat_uro_kidney\Cat_uro_kidney_sel_8m\data\P193_OP157_2023_10_30_Experiment1\2023_10_30_11_30_10\_hypergui_2\spectrum_fromCSV5_(500.0-995.0)_masked_data_0_derivative.csv,kidney_sel,P193,2023_10_30_11_30_10,P193#2023_10_30_11_30_10#CSV5,csv_spectrum,2,train
\\ces-tp3\OE0645-data-uro\TIVITA_Cat\Cat_Pig_UMM\Cat_uro_kidney\Cat_uro_kidney_sel__base\data\P161_OP125_2023_07_05_Experiment1\2023_07_05_11_03_33\_hypergui_1\spectrum_fromCSV1_(500.0-995.0)_masked_data_0_derivative.csv,kidney_sel,P161,2023_07_05_11_03_33,P161#2023_07_05_11_03_33#CSV1,csv_spectrum,2,train
\\ces-tp3\OE0645-data-uro\TIVITA_Cat\Cat_Pig_UMM\Cat_uro_kidney\Cat_uro_kidney_sel__base\data\P161_OP125_2023_07_05_Experiment1\2023_07_05_11_03_33\_hypergui_1\spectrum_fromCSV5_(500.0-995.0)_masked_data_0_derivative.csv,kidney_sel,P161,2023_07_05_11_03_33,P161#2023_07_05_11_03_33#CSV5,csv_spectrum,2,train
\\ces-tp3\OE0645-data-uro\TIVITA_Cat\Cat_Pig_UMM\Cat_uro_kidney\Cat_uro_kidney_sel__base\data\P161_OP125_2023_07_05_Experiment1\2023_07_05_11_03_33\_hypergui_2\spectrum_fromCSV1_(500.0-995.0)_masked_data_0_derivative.csv,kidney_sel,P161,2023_07_05_11_03_33,P161#2023_07_05_11_03_33#CSV1,csv_spectrum,2,train
\\ces-tp3\OE0645-data-uro\TIVITA_Cat\Cat_Pig_UMM\Cat_uro_kidney\Cat_uro_kidney_sel__base\data\P161_OP125_2023_07_05_Experiment1\2023_07_05_11_03_33\_hypergui_2\spectrum_fromCSV5_(500.0-995.0)_masked_data_0_derivative.csv,kidney_sel,P161,2023_07_05_11_03_33,P161#2023_07_05_11_03_33#CSV5,csv_spectrum,2,train
\\ces-tp3\OE0645-data-uro\TIVITA_Cat\Cat_Pig_UMM\Cat_uro_kidney\Cat_uro_kidney_sel__base\data\P161_OP125_2023_07_05_Experiment1\2023_07_05_11_04_03\_hypergui_1\spectrum_fromCSV1_(500.0-995.0)_masked_data_0_derivative.csv,kidney_sel,P161,2023_07_05_11_04_03,P161#2023_07_05_11_04_03#CSV1,csv_spectrum,2,train
\\ces-tp3\OE0645-data-uro\TIVITA_Cat\Cat_Pig_UMM\Cat_uro_kidney\Cat_uro_kidney_sel__base\data\P161_OP125_2023_07_05_Experiment1\2023_07_05_11_04_03\_hypergui_1\spectrum_fromCSV5_(500.0-995.0)_masked_data_0_derivative.csv,kidney_sel,P161,2023_07_05_11_04_03,P161#2023_07_05_11_04_03#CSV5,csv_spectrum,2,train
\\ces-tp3\OE0645-data-uro\TIVITA_Cat\Cat_Pig_UMM\Cat_uro_kidney\Cat_uro_kidney_sel__base\data\P161_OP125_2023_07_05_Experiment1\2023_07_05_11_04_03\_hypergui_2\spectrum_fromCSV1_(500.0-995.0)_masked_data_0_derivative.csv,kidney_sel,P161,2023_07_05_11_04_03,P161#2023_07_05_11_04_03#CSV1,csv_spectrum,2,train
\\ces-tp3\OE0645-data-uro\TIVITA_Cat\Cat_Pig_UMM\Cat_uro_kidney\Cat_uro_kidney_sel__base\data\P161_OP125_2023_07_05_Experiment1\2023_07_05_11_04_03\_hypergui_2\spectrum_fromCSV5_(500.0-995.0)_masked_data_0_derivative.csv,kidney_sel,P161,2023_07_05_11_04_03,P161#2023_07_05_11_04_03#CSV5,csv_spectrum,2,train
\\ces-tp3\OE0645-data-uro\TIVITA_Cat\Cat_Pig_UMM\Cat_uro_kidney\Cat_uro_kidney_sel__base\data\P161_OP125_2023_07_05_Experiment1\2023_07_05_11_04_33\_hypergui_1\spectrum_fromCSV1_(500.0-995.0)_masked_data_0_derivative.csv,kidney_sel,P161,2023_07_05_11_04_33,P161#2023_07_05_11_04_33#CSV1,csv_spectrum,2,train
\\ces-tp3\OE0645-data-uro\TIVITA_Cat\Cat_Pig_UMM\Cat_uro_kidney\Cat_uro_kidney_sel__base\data\P161_OP125_2023_07_05_Experiment1\2023_07_05_11_04_33\_hypergui_1\spectrum_fromCSV5_(500.0-995.0)_masked_data_0_derivative.csv,kidney_sel,P161,2023_07_05_11_04_33,P161#2023_07_05_11_04_33#CSV5,csv_spectrum,2,train
\\ces-tp3\OE0645-data-uro\TIVITA_Cat\Cat_Pig_UMM\Cat_uro_kidney\Cat_uro_kidney_sel__base\data\P161_OP125_2023_07_05_Experiment1\2023_07_05_11_04_33\_hypergui_2\spectrum_fromCSV1_(500.0-995.0)_masked_data_0_derivative.csv,kidney_sel,P161,2023_07_05_11_04_33,P161#2023_07_05_11_04_33#CSV1,csv_spectrum,2,train
\\ces-tp3\OE0645-data-uro\TIVITA_Cat\Cat_Pig_UMM\Cat_uro_kidney\Cat_uro_kidney_sel__base\data\P161_OP125_2023_07_05_Experiment1\2023_07_05_11_04_33\_hypergui_2\spectrum_fromCSV5_(500.0-995.0)_masked_data_0_derivative.csv,kidney_sel,P161,2023_07_05_11_04_33,P161#2023_07_05_11_04_33#CSV5,csv_spectrum,2,train
\\ces-tp3\OE0645-data-uro\TIVITA_Cat\Cat_Pig_UMM\Cat_uro_kidney\Cat_uro_kidney_sel__base\data\P162_OP126_2023_07_06_Experiment1\2023_07_06_12_32_35\_hypergui_1\spectrum_fromCSV1_(500.0-995.0)_masked_data_0_derivative.csv,kidney_sel,P162,2023_07_06_12_32_35,P162#2023_07_06_12_32_35#CSV1,csv_spectrum,2,train
\\ces-tp3\OE0645-data-uro\TIVITA_Cat\Cat_Pig_UMM\Cat_uro_kidney\Cat_uro_kidney_sel__base\data\P162_OP126_2023_07_06_Experiment1\2023_07_06_12_32_35\_hypergui_1\spectrum_fromCSV5_(500.0-995.0)_masked_data_0_derivative.csv,kidney_sel,P162,2023_07_06_12_32_35,P162#2023_07_06_12_32_35#CSV5,csv_spectrum,2,train
\\ces-tp3\OE0645-data-uro\TIVITA_Cat\Cat_Pig_UMM\Cat_uro_kidney\Cat_uro_kidney_sel__base\data\P162_OP126_2023_07_06_Experiment1\2023_07_06_12_32_35\_hypergui_2\spectrum_fromCSV1_(500.0-995.0)_masked_data_0_derivative.csv,kidney_sel,P162,2023_07_06_12_32_35,P162#2023_07_06_12_32_35#CSV1,csv_spectrum,2,train
\\ces-tp3\OE0645-data-uro\TIVITA_Cat\Cat_Pig_UMM\Cat_uro_kidney\Cat_uro_kidney_sel__base\data\P162_OP126_2023_07_06_Experiment1\2023_07_06_12_32_35\_hypergui_2\spectrum_fromCSV5_(500.0-995.0)_masked_data_0_derivative.csv,kidney_sel,P162,2023_07_06_12_32_35,P162#2023_07_06_12_32_35#CSV5,csv_spectrum,2,train
\\ces-tp3\OE0645-data-uro\TIVITA_Cat\Cat_Pig_UMM\Cat_uro_kidney\Cat_uro_kidney_sel__base\data\P162_OP126_2023_07_06_Experiment1\2023_07_06_12_33_05\_hypergui_1\spectrum_fromCSV1_(500.0-995.0)_masked_data_0_derivative.csv,kidney_sel,P162,2023_07_06_12_33_05,P162#2023_07_06_12_33_05#CSV1,csv_spectrum,2,train
\\ces-tp3\OE0645-data-uro\TIVITA_Cat\Cat_Pig_UMM\Cat_uro_kidney\Cat_uro_kidney_sel__base\data\P162_OP126_2023_07_06_Experiment1\2023_07_06_12_33_05\_hypergui_1\spectrum_fromCSV5_(500.0-995.0)_masked_data_0_derivative.csv,kidney_sel,P162,2023_07_06_12_33_05,P162#2023_07_06_12_33_05#CSV5,csv_spectrum,2,train
\\ces-tp3\OE0645-data-uro\TIVITA_Cat\Cat_Pig_UMM\Cat_uro_kidney\Cat_uro_kidney_sel__base\data\P162_OP126_2023_07_06_Experiment1\2023_07_06_12_33_05\_hypergui_2\spectrum_fromCSV1_(500.0-995.0)_masked_data_0_derivative.csv,kidney_sel,P162,2023_07_06_12_33_05,P162#2023_07_06_12_33_05#CSV1,csv_spectrum,2,train
\\ces-tp3\OE0645-data-uro\TIVITA_Cat\Cat_Pig_UMM\Cat_uro_kidney\Cat_uro_kidney_sel__base\data\P162_OP126_2023_07_06_Experiment1\2023_07_06_12_33_05\_hypergui_2\spectrum_fromCSV5_(500.0-995.0)_masked_data_0_derivative.csv,kidney_sel,P162,2023_07_06_12_33_05,P162#2023_07_06_12_33_05#CSV5,csv_spectrum,2,train
\\ces-tp3\OE0645-data-uro\TIVITA_Cat\Cat_Pig_UMM\Cat_uro_kidney\Cat_uro_kidney_sel__base\data\P162_OP126_2023_07_06_Experiment1\2023_07_06_12_33_35\_hypergui_1\spectrum_fromCSV1_(500.0-995.0)_masked_data_0_derivative.csv,kidney_sel,P162,2023_07_06_12_33_35,P162#2023_07_06_12_33_35#CSV1,csv_spectrum,2,train
\\ces-tp3\OE0645-data-uro\TIVITA_Cat\Cat_Pig_UMM\Cat_uro_kidney\Cat_uro_kidney_sel__base\data\P162_OP126_2023_07_06_Experiment1\2023_07_06_12_33_35\_hypergui_1\spectrum_fromCSV5_(500.0-995.0)_masked_data_0_derivative.csv,kidney_sel,P162,2023_07_06_12_33_35,P162#2023_07_06_12_33_35#CSV5,csv_spectrum,2,train
\\ces-tp3\OE0645-data-uro\TIVITA_Cat\Cat_Pig_UMM\Cat_uro_kidney\Cat_uro_kidney_sel__base\data\P162_OP126_2023_07_06_Experiment1\2023_07_06_12_33_35\_hypergui_2\spectrum_fromCSV1_(500.0-995.0)_masked_data_0_derivative.csv,kidney_sel,P162,2023_07_06_12_33_35,P162#2023_07_06_12_33_35#CSV1,csv_spectrum,2,train
\\ces-tp3\OE0645-data-uro\TIVITA_Cat\Cat_Pig_UMM\Cat_uro_kidney\Cat_uro_kidney_sel__base\data\P162_OP126_2023_07_06_Experiment1\2023_07_06_12_33_35\_hypergui_2\spectrum_fromCSV5_(500.0-995.0)_masked_data_0_derivative.csv,kidney_sel,P162,2023_07_06_12_33_35,P162#2023_07_06_12_33_35#CSV5,csv_spectrum,2,train
\\ces-tp3\OE0645-data-uro\TIVITA_Cat\Cat_Pig_UMM\Cat_uro_kidney\Cat_uro_kidney_sel__base\data\P165_OP129_2023_08_16_Experiment1\2023_08_16_11_58_08\_hypergui_1\spectrum_fromCSV1_(500.0-995.0)_masked_data_0_derivative.csv,kidney_sel,P165,2023_08_16_11_58_08,P165#2023_08_16_11_58_08#CSV1,csv_spectrum,2,train
\\ces-tp3\OE0645-data-uro\TIVITA_Cat\Cat_Pig_UMM\Cat_uro_kidney\Cat_uro_kidney_sel__base\data\P165_OP129_2023_08_16_Experiment1\2023_08_16_11_58_08\_hypergui_1\spectrum_fromCSV5_(500.0-995.0)_masked_data_0_derivative.csv,kidney_sel,P165,2023_08_16_11_58_08,P165#2023_08_16_11_58_08#CSV5,csv_spectrum,2,train
\\ces-tp3\OE0645-data-uro\TIVITA_Cat\Cat_Pig_UMM\Cat_uro_kidney\Cat_uro_kidney_sel__base\data\P165_OP129_2023_08_16_Experiment1\2023_08_16_11_58_08\_hypergui_2\spectrum_fromCSV1_(500.0-995.0)_masked_data_0_derivative.csv,kidney_sel,P165,2023_08_16_11_58_08,P165#2023_08_16_11_58_08#CSV1,csv_spectrum,2,train
\\ces-tp3\OE0645-data-uro\TIVITA_Cat\Cat_Pig_UMM\Cat_uro_kidney\Cat_uro_kidney_sel__base\data\P165_OP129_2023_08_16_Experiment1\2023_08_16_11_58_08\_hypergui_2\spectrum_fromCSV5_(500.0-995.0)_masked_data_0_derivative.csv,kidney_sel,P165,2023_08_16_11_58_08,P165#2023_08_16_11_58_08#CSV5,csv_spectrum,2,train
\\ces-tp3\OE0645-data-uro\TIVITA_Cat\Cat_Pig_UMM\Cat_uro_kidney\Cat_uro_kidney_sel__base\data\P165_OP129_2023_08_16_Experiment1\2023_08_16_11_58_38\_hypergui_1\spectrum_fromCSV1_(500.0-995.0)_masked_data_0_derivative.csv,kidney_sel,P165,2023_08_16_11_58_38,P165#2023_08_16_11_58_38#CSV1,csv_spectrum,2,train
\\ces-tp3\OE0645-data-uro\TIVITA_Cat\Cat_Pig_UMM\Cat_uro_kidney\Cat_uro_kidney_sel__base\data\P165_OP129_2023_08_16_Experiment1\2023_08_16_11_58_38\_hypergui_1\spectrum_fromCSV5_(500.0-995.0)_masked_data_0_derivative.csv,kidney_sel,P165,2023_08_16_11_58_38,P165#2023_08_16_11_58_38#CSV5,csv_spectrum,2,train
\\ces-tp3\OE0645-data-uro\TIVITA_Cat\Cat_Pig_UMM\Cat_uro_kidney\Cat_uro_kidney_sel__base\data\P165_OP129_2023_08_16_Experiment1\2023_08_16_11_58_38\_hypergui_2\spectrum_fromCSV1_(500.0-995.0)_masked_data_0_derivative.csv,kidney_sel,P165,2023_08_16_11_58_38,P165#2023_08_16_11_58_38#CSV1,csv_spectrum,2,train
\\ces-tp3\OE0645-data-uro\TIVITA_Cat\Cat_Pig_UMM\Cat_uro_kidney\Cat_uro_kidney_sel__base\data\P165_OP129_2023_08_16_Experiment1\2023_08_16_11_58_38\_hypergui_2\spectrum_fromCSV5_(500.0-995.0)_masked_data_0_derivative.csv,kidney_sel,P165,2023_08_16_11_58_38,P165#2023_08_16_11_58_38#CSV5,csv_spectrum,2,train
\\ces-tp3\OE0645-data-uro\TIVITA_Cat\Cat_Pig_UMM\Cat_uro_kidney\Cat_uro_kidney_sel__base\data\P165_OP129_2023_08_16_Experiment1\2023_08_16_11_59_08\_hypergui_1\spectrum_fromCSV1_(500.0-995.0)_masked_data_0_derivative.csv,kidney_sel,P165,2023_08_16_11_59_08,P165#2023_08_16_11_59_08#CSV1,csv_spectrum,2,train
\\ces-tp3\OE0645-data-uro\TIVITA_Cat\Cat_Pig_UMM\Cat_uro_kidney\Cat_uro_kidney_sel__base\data\P165_OP129_2023_08_16_Experiment1\2023_08_16_11_59_08\_hypergui_1\spectrum_fromCSV5_(500.0-995.0)_masked_data_0_derivative.csv,kidney_sel,P165,2023_08_16_11_59_08,P165#2023_08_16_11_59_08#CSV5,csv_spectrum,2,train
\\ces-tp3\OE0645-data-uro\TIVITA_Cat\Cat_Pig_UMM\Cat_uro_kidney\Cat_uro_kidney_sel__base\data\P165_OP129_2023_08_16_Experiment1\2023_08_16_11_59_08\_hypergui_2\spectrum_fromCSV1_(500.0-995.0)_masked_data_0_derivative.csv,kidney_sel,P165,2023_08_16_11_59_08,P165#2023_08_16_11_59_08#CSV1,csv_spectrum,2,train
\\ces-tp3\OE0645-data-uro\TIVITA_Cat\Cat_Pig_UMM\Cat_uro_kidney\Cat_uro_kidney_sel__base\data\P165_OP129_2023_08_16_Experiment1\2023_08_16_11_59_08\_hypergui_2\spectrum_fromCSV5_(500.0-995.0)_masked_data_0_derivative.csv,kidney_sel,P165,2023_08_16_11_59_08,P165#2023_08_16_11_59_08#CSV5,csv_spectrum,2,train
\\ces-tp3\OE0645-data-uro\TIVITA_Cat\Cat_Pig_UMM\Cat_uro_kidney\Cat_uro_kidney_sel__base\data\P165_OP129_2023_08_16_Experiment1\2023_08_16_12_06_13\_hypergui_1\spectrum_fromCSV1_(500.0-995.0)_masked_data_0_derivative.csv,kidney_sel,P165,2023_08_16_12_06_13,P165#2023_08_16_12_06_13#CSV1,csv_spectrum,2,train
\\ces-tp3\OE0645-data-uro\TIVITA_Cat\Cat_Pig_UMM\Cat_uro_kidney\Cat_uro_kidney_sel__base\data\P165_OP129_2023_08_16_Experiment1\2023_08_16_12_06_13\_hypergui_1\spectrum_fromCSV5_(500.0-995.0)_masked_data_0_derivative.csv,kidney_sel,P165,2023_08_16_12_06_13,P165#2023_08_16_12_06_13#CSV5,csv_spectrum,2,train
\\ces-tp3\OE0645-data-uro\TIVITA_Cat\Cat_Pig_UMM\Cat_uro_kidney\Cat_uro_kidney_sel__base\data\P165_OP129_2023_08_16_Experiment1\2023_08_16_12_06_13\_hypergui_2\spectrum_fromCSV1_(500.0-995.0)_masked_data_0_derivative.csv,kidney_sel,P165,2023_08_16_12_06_13,P165#2023_08_16_12_06_13#CSV1,csv_spectrum,2,train
\\ces-tp3\OE0645-data-uro\TIVITA_Cat\Cat_Pig_UMM\Cat_uro_kidney\Cat_uro_kidney_sel__base\data\P165_OP129_2023_08_16_Experiment1\2023_08_16_12_06_13\_hypergui_2\spectrum_fromCSV5_(500.0-995.0)_masked_data_0_derivative.csv,kidney_sel,P165,2023_08_16_12_06_13,P165#2023_08_16_12_06_13#CSV5,csv_spectrum,2,train
\\ces-tp3\OE0645-data-uro\TIVITA_Cat\Cat_Pig_UMM\Cat_uro_kidney\Cat_uro_kidney_sel__base\data\P166_OP130_2023_08_17_Experiment1\2023_08_17_11_32_37\_hypergui_1\spectrum_fromCSV1_(500.0-995.0)_masked_data_0_derivative.csv,kidney_sel,P166,2023_08_17_11_32_37,P166#2023_08_17_11_32_37#CSV1,csv_spectrum,2,train
\\ces-tp3\OE0645-data-uro\TIVITA_Cat\Cat_Pig_UMM\Cat_uro_kidney\Cat_uro_kidney_sel__base\data\P166_OP130_2023_08_17_Experiment1\2023_08_17_11_32_37\_hypergui_1\spectrum_fromCSV5_(500.0-995.0)_masked_data_0_derivative.csv,kidney_sel,P166,2023_08_17_11_32_37,P166#2023_08_17_11_32_37#CSV5,csv_spectrum,2,train
\\ces-tp3\OE0645-data-uro\TIVITA_Cat\Cat_Pig_UMM\Cat_uro_kidney\Cat_uro_kidney_sel__base\data\P166_OP130_2023_08_17_Experiment1\2023_08_17_11_32_37\_hypergui_2\spectrum_fromCSV1_(500.0-995.0)_masked_data_0_derivative.csv,kidney_sel,P166,2023_08_17_11_32_37,P166#2023_08_17_11_32_37#CSV1,csv_spectrum,2,train
\\ces-tp3\OE0645-data-uro\TIVITA_Cat\Cat_Pig_UMM\Cat_uro_kidney\Cat_uro_kidney_sel__base\data\P166_OP130_2023_08_17_Experiment1\2023_08_17_11_32_37\_hypergui_2\spectrum_fromCSV5_(500.0-995.0)_masked_data_0_derivative.csv,kidney_sel,P166,2023_08_17_11_32_37,P166#2023_08_17_11_32_37#CSV5,csv_spectrum,2,train
\\ces-tp3\OE0645-data-uro\TIVITA_Cat\Cat_Pig_UMM\Cat_uro_kidney\Cat_uro_kidney_sel__base\data\P166_OP130_2023_08_17_Experiment1\2023_08_17_11_33_07\_hypergui_1\spectrum_fromCSV1_(500.0-995.0)_masked_data_0_derivative.csv,kidney_sel,P166,2023_08_17_11_33_07,P166#2023_08_17_11_33_07#CSV1,csv_spectrum,2,train
\\ces-tp3\OE0645-data-uro\TIVITA_Cat\Cat_Pig_UMM\Cat_uro_kidney\Cat_uro_kidney_sel__base\data\P166_OP130_2023_08_17_Experiment1\2023_08_17_11_33_07\_hypergui_1\spectrum_fromCSV5_(500.0-995.0)_masked_data_0_derivative.csv,kidney_sel,P166,2023_08_17_11_33_07,P166#2023_08_17_11_33_07#CSV5,csv_spectrum,2,train
\\ces-tp3\OE0645-data-uro\TIVITA_Cat\Cat_Pig_UMM\Cat_uro_kidney\Cat_uro_kidney_sel__base\data\P166_OP130_2023_08_17_Experiment1\2023_08_17_11_33_07\_hypergui_2\spectrum_fromCSV1_(500.0-995.0)_masked_data_0_derivative.csv,kidney_sel,P166,2023_08_17_11_33_07,P166#2023_08_17_11_33_07#CSV1,csv_spectrum,2,train
\\ces-tp3\OE0645-data-uro\TIVITA_Cat\Cat_Pig_UMM\Cat_uro_kidney\Cat_uro_kidney_sel__base\data\P166_OP130_2023_08_17_Experiment1\2023_08_17_11_33_07\_hypergui_2\spectrum_fromCSV5_(500.0-995.0)_masked_data_0_derivative.csv,kidney_sel,P166,2023_08_17_11_33_07,P166#2023_08_17_11_33_07#CSV5,csv_spectrum,2,train
\\ces-tp3\OE0645-data-uro\TIVITA_Cat\Cat_Pig_UMM\Cat_uro_kidney\Cat_uro_kidney_sel__base\data\P166_OP130_2023_08_17_Experiment1\2023_08_17_11_33_37\_hypergui_1\spectrum_fromCSV1_(500.0-995.0)_masked_data_0_derivative.csv,kidney_sel,P166,2023_08_17_11_33_37,P166#2023_08_17_11_33_37#CSV1,csv_spectrum,2,train
\\ces-tp3\OE0645-data-uro\TIVITA_Cat\Cat_Pig_UMM\Cat_uro_kidney\Cat_uro_kidney_sel__base\data\P166_OP130_2023_08_17_Experiment1\2023_08_17_11_33_37\_hypergui_1\spectrum_fromCSV5_(500.0-995.0)_masked_data_0_derivative.csv,kidney_sel,P166,2023_08_17_11_33_37,P166#2023_08_17_11_33_37#CSV5,csv_spectrum,2,train
\\ces-tp3\OE0645-data-uro\TIVITA_Cat\Cat_Pig_UMM\Cat_uro_kidney\Cat_uro_kidney_sel__base\data\P166_OP130_2023_08_17_Experiment1\2023_08_17_11_33_37\_hypergui_2\spectrum_fromCSV1_(500.0-995.0)_masked_data_0_derivative.csv,kidney_sel,P166,2023_08_17_11_33_37,P166#2023_08_17_11_33_37#CSV1,csv_spectrum,2,train
\\ces-tp3\OE0645-data-uro\TIVITA_Cat\Cat_Pig_UMM\Cat_uro_kidney\Cat_uro_kidney_sel__base\data\P166_OP130_2023_08_17_Experiment1\2023_08_17_11_33_37\_hypergui_2\spectrum_fromCSV5_(500.0-995.0)_masked_data_0_derivative.csv,kidney_sel,P166,2023_08_17_11_33_37,P166#2023_08_17_11_33_37#CSV5,csv_spectrum,2,train
\\ces-tp3\OE0645-data-uro\TIVITA_Cat\Cat_Pig_UMM\Cat_uro_kidney\Cat_uro_kidney_sel__base\data\P168_OP132_2023_08_23_Experiment1\2023_08_23_12_43_51\_hypergui_1\spectrum_fromCSV1_(500.0-995.0)_masked_data_0_derivative.csv,kidney_sel,P168,2023_08_23_12_43_51,P168#2023_08_23_12_43_51#CSV1,csv_spectrum,2,train
\\ces-tp3\OE0645-data-uro\TIVITA_Cat\Cat_Pig_UMM\Cat_uro_kidney\Cat_uro_kidney_sel__base\data\P168_OP132_2023_08_23_Experiment1\2023_08_23_12_43_51\_hypergui_1\spectrum_fromCSV5_(500.0-995.0)_masked_data_0_derivative.csv,kidney_sel,P168,2023_08_23_12_43_51,P168#2023_08_23_12_43_51#CSV5,csv_spectrum,2,train
\\ces-tp3\OE0645-data-uro\TIVITA_Cat\Cat_Pig_UMM\Cat_uro_kidney\Cat_uro_kidney_sel__base\data\P168_OP132_2023_08_23_Experiment1\2023_08_23_12_43_51\_hypergui_2\spectrum_fromCSV1_(500.0-995.0)_masked_data_0_derivative.csv,kidney_sel,P168,2023_08_23_12_43_51,P168#2023_08_23_12_43_51#CSV1,csv_spectrum,2,train
\\ces-tp3\OE0645-data-uro\TIVITA_Cat\Cat_Pig_UMM\Cat_uro_kidney\Cat_uro_kidney_sel__base\data\P168_OP132_2023_08_23_Experiment1\2023_08_23_12_43_51\_hypergui_2\spectrum_fromCSV5_(500.0-995.0)_masked_data_0_derivative.csv,kidney_sel,P168,2023_08_23_12_43_51,P168#2023_08_23_12_43_51#CSV5,csv_spectrum,2,train
\\ces-tp3\OE0645-data-uro\TIVITA_Cat\Cat_Pig_UMM\Cat_uro_kidney\Cat_uro_kidney_sel__base\data\P168_OP132_2023_08_23_Experiment1\2023_08_23_12_44_21\_hypergui_1\spectrum_fromCSV1_(500.0-995.0)_masked_data_0_derivative.csv,kidney_sel,P168,2023_08_23_12_44_21,P168#2023_08_23_12_44_21#CSV1,csv_spectrum,2,train
\\ces-tp3\OE0645-data-uro\TIVITA_Cat\Cat_Pig_UMM\Cat_uro_kidney\Cat_uro_kidney_sel__base\data\P168_OP132_2023_08_23_Experiment1\2023_08_23_12_44_21\_hypergui_1\spectrum_fromCSV5_(500.0-995.0)_masked_data_0_derivative.csv,kidney_sel,P168,2023_08_23_12_44_21,P168#2023_08_23_12_44_21#CSV5,csv_spectrum,2,train
\\ces-tp3\OE0645-data-uro\TIVITA_Cat\Cat_Pig_UMM\Cat_uro_kidney\Cat_uro_kidney_sel__base\data\P168_OP132_2023_08_23_Experiment1\2023_08_23_12_44_21\_hypergui_2\spectrum_fromCSV1_(500.0-995.0)_masked_data_0_derivative.csv,kidney_sel,P168,2023_08_23_12_44_21,P168#2023_08_23_12_44_21#CSV1,csv_spectrum,2,train
\\ces-tp3\OE0645-data-uro\TIVITA_Cat\Cat_Pig_UMM\Cat_uro_kidney\Cat_uro_kidney_sel__base\data\P168_OP132_2023_08_23_Experiment1\2023_08_23_12_44_21\_hypergui_2\spectrum_fromCSV5_(500.0-995.0)_masked_data_0_derivative.csv,kidney_sel,P168,2023_08_23_12_44_21,P168#2023_08_23_12_44_21#CSV5,csv_spectrum,2,train
\\ces-tp3\OE0645-data-uro\TIVITA_Cat\Cat_Pig_UMM\Cat_uro_kidney\Cat_uro_kidney_sel__base\data\P168_OP132_2023_08_23_Experiment1\2023_08_23_12_44_51\_hypergui_1\spectrum_fromCSV1_(500.0-995.0)_masked_data_0_derivative.csv,kidney_sel,P168,2023_08_23_12_44_51,P168#2023_08_23_12_44_51#CSV1,csv_spectrum,2,train
\\ces-tp3\OE0645-data-uro\TIVITA_Cat\Cat_Pig_UMM\Cat_uro_kidney\Cat_uro_kidney_sel__base\data\P168_OP132_2023_08_23_Experiment1\2023_08_23_12_44_51\_hypergui_1\spectrum_fromCSV5_(500.0-995.0)_masked_data_0_derivative.csv,kidney_sel,P168,2023_08_23_12_44_51,P168#2023_08_23_12_44_51#CSV5,csv_spectrum,2,train
\\ces-tp3\OE0645-data-uro\TIVITA_Cat\Cat_Pig_UMM\Cat_uro_kidney\Cat_uro_kidney_sel__base\data\P168_OP132_2023_08_23_Experiment1\2023_08_23_12_44_51\_hypergui_2\spectrum_fromCSV1_(500.0-995.0)_masked_data_0_derivative.csv,kidney_sel,P168,2023_08_23_12_44_51,P168#2023_08_23_12_44_51#CSV1,csv_spectrum,2,train
\\ces-tp3\OE0645-data-uro\TIVITA_Cat\Cat_Pig_UMM\Cat_uro_kidney\Cat_uro_kidney_sel__base\data\P168_OP132_2023_08_23_Experiment1\2023_08_23_12_44_51\_hypergui_2\spectrum_fromCSV5_(500.0-995.0)_masked_data_0_derivative.csv,kidney_sel,P168,2023_08_23_12_44_51,P168#2023_08_23_12_44_51#CSV5,csv_spectrum,2,train
\\ces-tp3\OE0645-data-uro\TIVITA_Cat\Cat_Pig_UMM\Cat_uro_kidney\Cat_uro_kidney_sel__base\data\P174_OP138_2023_09_21_Experiment1\2023_09_21_13_18_34\_hypergui_1\spectrum_fromCSV1_(500.0-995.0)_masked_data_0_derivative.csv,kidney_sel,P174,2023_09_21_13_18_34,P174#2023_09_21_13_18_34#CSV1,csv_spectrum,2,train
\\ces-tp3\OE0645-data-uro\TIVITA_Cat\Cat_Pig_UMM\Cat_uro_kidney\Cat_uro_kidney_sel__base\data\P174_OP138_2023_09_21_Experiment1\2023_09_21_13_18_34\_hypergui_1\spectrum_fromCSV5_(500.0-995.0)_masked_data_0_derivative.csv,kidney_sel,P174,2023_09_21_13_18_34,P174#2023_09_21_13_18_34#CSV5,csv_spectrum,2,train
\\ces-tp3\OE0645-data-uro\TIVITA_Cat\Cat_Pig_UMM\Cat_uro_kidney\Cat_uro_kidney_sel__base\data\P174_OP138_2023_09_21_Experiment1\2023_09_21_13_18_34\_hypergui_2\spectrum_fromCSV1_(500.0-995.0)_masked_data_0_derivative.csv,kidney_sel,P174,2023_09_21_13_18_34,P174#2023_09_21_13_18_34#CSV1,csv_spectrum,2,train
\\ces-tp3\OE0645-data-uro\TIVITA_Cat\Cat_Pig_UMM\Cat_uro_kidney\Cat_uro_kidney_sel__base\data\P174_OP138_2023_09_21_Experiment1\2023_09_21_13_18_34\_hypergui_2\spectrum_fromCSV5_(500.0-995.0)_masked_data_0_derivative.csv,kidney_sel,P174,2023_09_21_13_18_34,P174#2023_09_21_13_18_34#CSV5,csv_spectrum,2,train
\\ces-tp3\OE0645-data-uro\TIVITA_Cat\Cat_Pig_UMM\Cat_uro_kidney\Cat_uro_kidney_sel__base\data\P174_OP138_2023_09_21_Experiment1\2023_09_21_13_19_22\_hypergui_1\spectrum_fromCSV1_(500.0-995.0)_masked_data_0_derivative.csv,kidney_sel,P174,2023_09_21_13_19_22,P174#2023_09_21_13_19_22#CSV1,csv_spectrum,2,train
\\ces-tp3\OE0645-data-uro\TIVITA_Cat\Cat_Pig_UMM\Cat_uro_kidney\Cat_uro_kidney_sel__base\data\P174_OP138_2023_09_21_Experiment1\2023_09_21_13_19_22\_hypergui_1\spectrum_fromCSV5_(500.0-995.0)_masked_data_0_derivative.csv,kidney_sel,P174,2023_09_21_13_19_22,P174#2023_09_21_13_19_22#CSV5,csv_spectrum,2,train
\\ces-tp3\OE0645-data-uro\TIVITA_Cat\Cat_Pig_UMM\Cat_uro_kidney\Cat_uro_kidney_sel__base\data\P174_OP138_2023_09_21_Experiment1\2023_09_21_13_19_22\_hypergui_2\spectrum_fromCSV1_(500.0-995.0)_masked_data_0_derivative.csv,kidney_sel,P174,2023_09_21_13_19_22,P174#2023_09_21_13_19_22#CSV1,csv_spectrum,2,train
\\ces-tp3\OE0645-data-uro\TIVITA_Cat\Cat_Pig_UMM\Cat_uro_kidney\Cat_uro_kidney_sel__base\data\P174_OP138_2023_09_21_Experiment1\2023_09_21_13_19_22\_hypergui_2\spectrum_fromCSV5_(500.0-995.0)_masked_data_0_derivative.csv,kidney_sel,P174,2023_09_21_13_19_22,P174#2023_09_21_13_19_22#CSV5,csv_spectrum,2,train
\\ces-tp3\OE0645-data-uro\TIVITA_Cat\Cat_Pig_UMM\Cat_uro_kidney\Cat_uro_kidney_sel__base\data\P174_OP138_2023_09_21_Experiment1\2023_09_21_13_19_52\_hypergui_1\spectrum_fromCSV1_(500.0-995.0)_masked_data_0_derivative.csv,kidney_sel,P174,2023_09_21_13_19_52,P174#2023_09_21_13_19_52#CSV1,csv_spectrum,2,train
\\ces-tp3\OE0645-data-uro\TIVITA_Cat\Cat_Pig_UMM\Cat_uro_kidney\Cat_uro_kidney_sel__base\data\P174_OP138_2023_09_21_Experiment1\2023_09_21_13_19_52\_hypergui_1\spectrum_fromCSV5_(500.0-995.0)_masked_data_0_derivative.csv,kidney_sel,P174,2023_09_21_13_19_52,P174#2023_09_21_13_19_52#CSV5,csv_spectrum,2,train
\\ces-tp3\OE0645-data-uro\TIVITA_Cat\Cat_Pig_UMM\Cat_uro_kidney\Cat_uro_kidney_sel__base\data\P174_OP138_2023_09_21_Experiment1\2023_09_21_13_19_52\_hypergui_2\spectrum_fromCSV1_(500.0-995.0)_masked_data_0_derivative.csv,kidney_sel,P174,2023_09_21_13_19_52,P174#2023_09_21_13_19_52#CSV1,csv_spectrum,2,train
\\ces-tp3\OE0645-data-uro\TIVITA_Cat\Cat_Pig_UMM\Cat_uro_kidney\Cat_uro_kidney_sel__base\data\P174_OP138_2023_09_21_Experiment1\2023_09_21_13_19_52\_hypergui_2\spectrum_fromCSV5_(500.0-995.0)_masked_data_0_derivative.csv,kidney_sel,P174,2023_09_21_13_19_52,P174#2023_09_21_13_19_52#CSV5,csv_spectrum,2,train
\\ces-tp3\OE0645-data-uro\TIVITA_Cat\Cat_Pig_UMM\Cat_uro_kidney\Cat_uro_kidney_sel__base\data\P175_OP139_2023_09_22_Experiment1\2023_09_22_11_12_57\_hypergui_1\spectrum_fromCSV1_(500.0-995.0)_masked_data_0_derivative.csv,kidney_sel,P175,2023_09_22_11_12_57,P175#2023_09_22_11_12_57#CSV1,csv_spectrum,2,train
\\ces-tp3\OE0645-data-uro\TIVITA_Cat\Cat_Pig_UMM\Cat_uro_kidney\Cat_uro_kidney_sel__base\data\P175_OP139_2023_09_22_Experiment1\2023_09_22_11_12_57\_hypergui_1\spectrum_fromCSV5_(500.0-995.0)_masked_data_0_derivative.csv,kidney_sel,P175,2023_09_22_11_12_57,P175#2023_09_22_11_12_57#CSV5,csv_spectrum,2,train
\\ces-tp3\OE0645-data-uro\TIVITA_Cat\Cat_Pig_UMM\Cat_uro_kidney\Cat_uro_kidney_sel__base\data\P175_OP139_2023_09_22_Experiment1\2023_09_22_11_12_57\_hypergui_2\spectrum_fromCSV1_(500.0-995.0)_masked_data_0_derivative.csv,kidney_sel,P175,2023_09_22_11_12_57,P175#2023_09_22_11_12_57#CSV1,csv_spectrum,2,train
\\ces-tp3\OE0645-data-uro\TIVITA_Cat\Cat_Pig_UMM\Cat_uro_kidney\Cat_uro_kidney_sel__base\data\P175_OP139_2023_09_22_Experiment1\2023_09_22_11_12_57\_hypergui_2\spectrum_fromCSV5_(500.0-995.0)_masked_data_0_derivative.csv,kidney_sel,P175,2023_09_22_11_12_57,P175#2023_09_22_11_12_57#CSV5,csv_spectrum,2,train
\\ces-tp3\OE0645-data-uro\TIVITA_Cat\Cat_Pig_UMM\Cat_uro_kidney\Cat_uro_kidney_sel__base\data\P175_OP139_2023_09_22_Experiment1\2023_09_22_11_13_27\_hypergui_1\spectrum_fromCSV1_(500.0-995.0)_masked_data_0_derivative.csv,kidney_sel,P175,2023_09_22_11_13_27,P175#2023_09_22_11_13_27#CSV1,csv_spectrum,2,train
\\ces-tp3\OE0645-data-uro\TIVITA_Cat\Cat_Pig_UMM\Cat_uro_kidney\Cat_uro_kidney_sel__base\data\P175_OP139_2023_09_22_Experiment1\2023_09_22_11_13_27\_hypergui_1\spectrum_fromCSV5_(500.0-995.0)_masked_data_0_derivative.csv,kidney_sel,P175,2023_09_22_11_13_27,P175#2023_09_22_11_13_27#CSV5,csv_spectrum,2,train
\\ces-tp3\OE0645-data-uro\TIVITA_Cat\Cat_Pig_UMM\Cat_uro_kidney\Cat_uro_kidney_sel__base\data\P175_OP139_2023_09_22_Experiment1\2023_09_22_11_13_27\_hypergui_2\spectrum_fromCSV1_(500.0-995.0)_masked_data_0_derivative.csv,kidney_sel,P175,2023_09_22_11_13_27,P175#2023_09_22_11_13_27#CSV1,csv_spectrum,2,train
\\ces-tp3\OE0645-data-uro\TIVITA_Cat\Cat_Pig_UMM\Cat_uro_kidney\Cat_uro_kidney_sel__base\data\P175_OP139_2023_09_22_Experiment1\2023_09_22_11_13_27\_hypergui_2\spectrum_fromCSV5_(500.0-995.0)_masked_data_0_derivative.csv,kidney_sel,P175,2023_09_22_11_13_27,P175#2023_09_22_11_13_27#CSV5,csv_spectrum,2,train
\\ces-tp3\OE0645-data-uro\TIVITA_Cat\Cat_Pig_UMM\Cat_uro_kidney\Cat_uro_kidney_sel__base\data\P175_OP139_2023_09_22_Experiment1\2023_09_22_11_13_57\_hypergui_1\spectrum_fromCSV1_(500.0-995.0)_masked_data_0_derivative.csv,kidney_sel,P175,2023_09_22_11_13_57,P175#2023_09_22_11_13_57#CSV1,csv_spectrum,2,train
\\ces-tp3\OE0645-data-uro\TIVITA_Cat\Cat_Pig_UMM\Cat_uro_kidney\Cat_uro_kidney_sel__base\data\P175_OP139_2023_09_22_Experiment1\2023_09_22_11_13_57\_hypergui_1\spectrum_fromCSV5_(500.0-995.0)_masked_data_0_derivative.csv,kidney_sel,P175,2023_09_22_11_13_57,P175#2023_09_22_11_13_57#CSV5,csv_spectrum,2,train
\\ces-tp3\OE0645-data-uro\TIVITA_Cat\Cat_Pig_UMM\Cat_uro_kidney\Cat_uro_kidney_sel__base\data\P175_OP139_2023_09_22_Experiment1\2023_09_22_11_13_57\_hypergui_2\spectrum_fromCSV1_(500.0-995.0)_masked_data_0_derivative.csv,kidney_sel,P175,2023_09_22_11_13_57,P175#2023_09_22_11_13_57#CSV1,csv_spectrum,2,train
\\ces-tp3\OE0645-data-uro\TIVITA_Cat\Cat_Pig_UMM\Cat_uro_kidney\Cat_uro_kidney_sel__base\data\P175_OP139_2023_09_22_Experiment1\2023_09_22_11_13_57\_hypergui_2\spectrum_fromCSV5_(500.0-995.0)_masked_data_0_derivative.csv,kidney_sel,P175,2023_09_22_11_13_57,P175#2023_09_22_11_13_57#CSV5,csv_spectrum,2,train
\\ces-tp3\OE0645-data-uro\TIVITA_Cat\Cat_Pig_UMM\Cat_uro_kidney\Cat_uro_kidney_sel__base\data\P175_OP139_2023_09_22_Experiment1\2023_09_22_13_31_51\_hypergui_1\spectrum_fromCSV1_(500.0-995.0)_masked_data_0_derivative.csv,kidney_sel,P175,2023_09_22_13_31_51,P175#2023_09_22_13_31_51#CSV1,csv_spectrum,2,train
\\ces-tp3\OE0645-data-uro\TIVITA_Cat\Cat_Pig_UMM\Cat_uro_kidney\Cat_uro_kidney_sel__base\data\P175_OP139_2023_09_22_Experiment1\2023_09_22_13_31_51\_hypergui_1\spectrum_fromCSV5_(500.0-995.0)_masked_data_0_derivative.csv,kidney_sel,P175,2023_09_22_13_31_51,P175#2023_09_22_13_31_51#CSV5,csv_spectrum,2,train
\\ces-tp3\OE0645-data-uro\TIVITA_Cat\Cat_Pig_UMM\Cat_uro_kidney\Cat_uro_kidney_sel__base\data\P175_OP139_2023_09_22_Experiment1\2023_09_22_13_31_51\_hypergui_2\spectrum_fromCSV1_(500.0-995.0)_masked_data_0_derivative.csv,kidney_sel,P175,2023_09_22_13_31_51,P175#2023_09_22_13_31_51#CSV1,csv_spectrum,2,train
\\ces-tp3\OE0645-data-uro\TIVITA_Cat\Cat_Pig_UMM\Cat_uro_kidney\Cat_uro_kidney_sel__base\data\P175_OP139_2023_09_22_Experiment1\2023_09_22_13_31_51\_hypergui_2\spectrum_fromCSV5_(500.0-995.0)_masked_data_0_derivative.csv,kidney_sel,P175,2023_09_22_13_31_51,P175#2023_09_22_13_31_51#CSV5,csv_spectrum,2,train
\\ces-tp3\OE0645-data-uro\TIVITA_Cat\Cat_Pig_UMM\Cat_uro_kidney\Cat_uro_kidney_sel__base\data\P175_OP139_2023_09_22_Experiment1\2023_09_22_13_32_21\_hypergui_1\spectrum_fromCSV1_(500.0-995.0)_masked_data_0_derivative.csv,kidney_sel,P175,2023_09_22_13_32_21,P175#2023_09_22_13_32_21#CSV1,csv_spectrum,2,train
\\ces-tp3\OE0645-data-uro\TIVITA_Cat\Cat_Pig_UMM\Cat_uro_kidney\Cat_uro_kidney_sel__base\data\P175_OP139_2023_09_22_Experiment1\2023_09_22_13_32_21\_hypergui_1\spectrum_fromCSV5_(500.0-995.0)_masked_data_0_derivative.csv,kidney_sel,P175,2023_09_22_13_32_21,P175#2023_09_22_13_32_21#CSV5,csv_spectrum,2,train
\\ces-tp3\OE0645-data-uro\TIVITA_Cat\Cat_Pig_UMM\Cat_uro_kidney\Cat_uro_kidney_sel__base\data\P175_OP139_2023_09_22_Experiment1\2023_09_22_13_32_21\_hypergui_2\spectrum_fromCSV1_(500.0-995.0)_masked_data_0_derivative.csv,kidney_sel,P175,2023_09_22_13_32_21,P175#2023_09_22_13_32_21#CSV1,csv_spectrum,2,train
\\ces-tp3\OE0645-data-uro\TIVITA_Cat\Cat_Pig_UMM\Cat_uro_kidney\Cat_uro_kidney_sel__base\data\P175_OP139_2023_09_22_Experiment1\2023_09_22_13_32_21\_hypergui_2\spectrum_fromCSV5_(500.0-995.0)_masked_data_0_derivative.csv,kidney_sel,P175,2023_09_22_13_32_21,P175#2023_09_22_13_32_21#CSV5,csv_spectrum,2,train
\\ces-tp3\OE0645-data-uro\TIVITA_Cat\Cat_Pig_UMM\Cat_uro_kidney\Cat_uro_kidney_sel__base\data\P175_OP139_2023_09_22_Experiment1\2023_09_22_13_32_51\_hypergui_1\spectrum_fromCSV1_(500.0-995.0)_masked_data_0_derivative.csv,kidney_sel,P175,2023_09_22_13_32_51,P175#2023_09_22_13_32_51#CSV1,csv_spectrum,2,train
\\ces-tp3\OE0645-data-uro\TIVITA_Cat\Cat_Pig_UMM\Cat_uro_kidney\Cat_uro_kidney_sel__base\data\P175_OP139_2023_09_22_Experiment1\2023_09_22_13_32_51\_hypergui_1\spectrum_fromCSV5_(500.0-995.0)_masked_data_0_derivative.csv,kidney_sel,P175,2023_09_22_13_32_51,P175#2023_09_22_13_32_51#CSV5,csv_spectrum,2,train
\\ces-tp3\OE0645-data-uro\TIVITA_Cat\Cat_Pig_UMM\Cat_uro_kidney\Cat_uro_kidney_sel__base\data\P175_OP139_2023_09_22_Experiment1\2023_09_22_13_32_51\_hypergui_2\spectrum_fromCSV1_(500.0-995.0)_masked_data_0_derivative.csv,kidney_sel,P175,2023_09_22_13_32_51,P175#2023_09_22_13_32_51#CSV1,csv_spectrum,2,train
\\ces-tp3\OE0645-data-uro\TIVITA_Cat\Cat_Pig_UMM\Cat_uro_kidney\Cat_uro_kidney_sel__base\data\P175_OP139_2023_09_22_Experiment1\2023_09_22_13_32_51\_hypergui_2\spectrum_fromCSV5_(500.0-995.0)_masked_data_0_derivative.csv,kidney_sel,P175,2023_09_22_13_32_51,P175#2023_09_22_13_32_51#CSV5,csv_spectrum,2,train
\\ces-tp3\OE0645-data-uro\TIVITA_Cat\Cat_Pig_UMM\Cat_uro_kidney\Cat_uro_kidney_sel__base\data\P188_OP152_2023_10_22_Experiment1\2023_10_22_12_02_35\_hypergui_1\spectrum_fromCSV1_(500.0-995.0)_masked_data_0_derivative.csv,kidney_sel,P188,2023_10_22_12_02_35,P188#2023_10_22_12_02_35#CSV1,csv_spectrum,2,train
\\ces-tp3\OE0645-data-uro\TIVITA_Cat\Cat_Pig_UMM\Cat_uro_kidney\Cat_uro_kidney_sel__base\data\P188_OP152_2023_10_22_Experiment1\2023_10_22_12_02_35\_hypergui_1\spectrum_fromCSV5_(500.0-995.0)_masked_data_0_derivative.csv,kidney_sel,P188,2023_10_22_12_02_35,P188#2023_10_22_12_02_35#CSV5,csv_spectrum,2,train
\\ces-tp3\OE0645-data-uro\TIVITA_Cat\Cat_Pig_UMM\Cat_uro_kidney\Cat_uro_kidney_sel__base\data\P188_OP152_2023_10_22_Experiment1\2023_10_22_12_02_35\_hypergui_2\spectrum_fromCSV1_(500.0-995.0)_masked_data_0_derivative.csv,kidney_sel,P188,2023_10_22_12_02_35,P188#2023_10_22_12_02_35#CSV1,csv_spectrum,2,train
\\ces-tp3\OE0645-data-uro\TIVITA_Cat\Cat_Pig_UMM\Cat_uro_kidney\Cat_uro_kidney_sel__base\data\P188_OP152_2023_10_22_Experiment1\2023_10_22_12_02_35\_hypergui_2\spectrum_fromCSV5_(500.0-995.0)_masked_data_0_derivative.csv,kidney_sel,P188,2023_10_22_12_02_35,P188#2023_10_22_12_02_35#CSV5,csv_spectrum,2,train
\\ces-tp3\OE0645-data-uro\TIVITA_Cat\Cat_Pig_UMM\Cat_uro_kidney\Cat_uro_kidney_sel__base\data\P188_OP152_2023_10_22_Experiment1\2023_10_22_12_03_05\_hypergui_1\spectrum_fromCSV1_(500.0-995.0)_masked_data_0_derivative.csv,kidney_sel,P188,2023_10_22_12_03_05,P188#2023_10_22_12_03_05#CSV1,csv_spectrum,2,train
\\ces-tp3\OE0645-data-uro\TIVITA_Cat\Cat_Pig_UMM\Cat_uro_kidney\Cat_uro_kidney_sel__base\data\P188_OP152_2023_10_22_Experiment1\2023_10_22_12_03_05\_hypergui_1\spectrum_fromCSV5_(500.0-995.0)_masked_data_0_derivative.csv,kidney_sel,P188,2023_10_22_12_03_05,P188#2023_10_22_12_03_05#CSV5,csv_spectrum,2,train
\\ces-tp3\OE0645-data-uro\TIVITA_Cat\Cat_Pig_UMM\Cat_uro_kidney\Cat_uro_kidney_sel__base\data\P188_OP152_2023_10_22_Experiment1\2023_10_22_12_03_05\_hypergui_2\spectrum_fromCSV1_(500.0-995.0)_masked_data_0_derivative.csv,kidney_sel,P188,2023_10_22_12_03_05,P188#2023_10_22_12_03_05#CSV1,csv_spectrum,2,train
\\ces-tp3\OE0645-data-uro\TIVITA_Cat\Cat_Pig_UMM\Cat_uro_kidney\Cat_uro_kidney_sel__base\data\P188_OP152_2023_10_22_Experiment1\2023_10_22_12_03_05\_hypergui_2\spectrum_fromCSV5_(500.0-995.0)_masked_data_0_derivative.csv,kidney_sel,P188,2023_10_22_12_03_05,P188#2023_10_22_12_03_05#CSV5,csv_spectrum,2,train
\\ces-tp3\OE0645-data-uro\TIVITA_Cat\Cat_Pig_UMM\Cat_uro_kidney\Cat_uro_kidney_sel__base\data\P188_OP152_2023_10_22_Experiment1\2023_10_22_12_03_35\_hypergui_1\spectrum_fromCSV1_(500.0-995.0)_masked_data_0_derivative.csv,kidney_sel,P188,2023_10_22_12_03_35,P188#2023_10_22_12_03_35#CSV1,csv_spectrum,2,train
\\ces-tp3\OE0645-data-uro\TIVITA_Cat\Cat_Pig_UMM\Cat_uro_kidney\Cat_uro_kidney_sel__base\data\P188_OP152_2023_10_22_Experiment1\2023_10_22_12_03_35\_hypergui_1\spectrum_fromCSV5_(500.0-995.0)_masked_data_0_derivative.csv,kidney_sel,P188,2023_10_22_12_03_35,P188#2023_10_22_12_03_35#CSV5,csv_spectrum,2,train
\\ces-tp3\OE0645-data-uro\TIVITA_Cat\Cat_Pig_UMM\Cat_uro_kidney\Cat_uro_kidney_sel__base\data\P188_OP152_2023_10_22_Experiment1\2023_10_22_12_03_35\_hypergui_2\spectrum_fromCSV1_(500.0-995.0)_masked_data_0_derivative.csv,kidney_sel,P188,2023_10_22_12_03_35,P188#2023_10_22_12_03_35#CSV1,csv_spectrum,2,train
\\ces-tp3\OE0645-data-uro\TIVITA_Cat\Cat_Pig_UMM\Cat_uro_kidney\Cat_uro_kidney_sel__base\data\P188_OP152_2023_10_22_Experiment1\2023_10_22_12_03_35\_hypergui_2\spectrum_fromCSV5_(500.0-995.0)_masked_data_0_derivative.csv,kidney_sel,P188,2023_10_22_12_03_35,P188#2023_10_22_12_03_35#CSV5,csv_spectrum,2,train
\\ces-tp3\OE0645-data-uro\TIVITA_Cat\Cat_Pig_UMM\Cat_uro_kidney\Cat_uro_kidney_sel__base\data\P191_OP155_2023_10_28_Experiment1\2023_10_28_11_25_09\_hypergui_1\spectrum_fromCSV1_(500.0-995.0)_masked_data_0_derivative.csv,kidney_sel,P191,2023_10_28_11_25_09,P191#2023_10_28_11_25_09#CSV1,csv_spectrum,2,train
\\ces-tp3\OE0645-data-uro\TIVITA_Cat\Cat_Pig_UMM\Cat_uro_kidney\Cat_uro_kidney_sel__base\data\P191_OP155_2023_10_28_Experiment1\2023_10_28_11_25_09\_hypergui_1\spectrum_fromCSV5_(500.0-995.0)_masked_data_0_derivative.csv,kidney_sel,P191,2023_10_28_11_25_09,P191#2023_10_28_11_25_09#CSV5,csv_spectrum,2,train
\\ces-tp3\OE0645-data-uro\TIVITA_Cat\Cat_Pig_UMM\Cat_uro_kidney\Cat_uro_kidney_sel__base\data\P191_OP155_2023_10_28_Experiment1\2023_10_28_11_25_09\_hypergui_2\spectrum_fromCSV1_(500.0-995.0)_masked_data_0_derivative.csv,kidney_sel,P191,2023_10_28_11_25_09,P191#2023_10_28_11_25_09#CSV1,csv_spectrum,2,train
\\ces-tp3\OE0645-data-uro\TIVITA_Cat\Cat_Pig_UMM\Cat_uro_kidney\Cat_uro_kidney_sel__base\data\P191_OP155_2023_10_28_Experiment1\2023_10_28_11_25_09\_hypergui_2\spectrum_fromCSV5_(500.0-995.0)_masked_data_0_derivative.csv,kidney_sel,P191,2023_10_28_11_25_09,P191#2023_10_28_11_25_09#CSV5,csv_spectrum,2,train
\\ces-tp3\OE0645-data-uro\TIVITA_Cat\Cat_Pig_UMM\Cat_uro_kidney\Cat_uro_kidney_sel__base\data\P191_OP155_2023_10_28_Experiment1\2023_10_28_11_25_39\_hypergui_1\spectrum_fromCSV1_(500.0-995.0)_masked_data_0_derivative.csv,kidney_sel,P191,2023_10_28_11_25_39,P191#2023_10_28_11_25_39#CSV1,csv_spectrum,2,train
\\ces-tp3\OE0645-data-uro\TIVITA_Cat\Cat_Pig_UMM\Cat_uro_kidney\Cat_uro_kidney_sel__base\data\P191_OP155_2023_10_28_Experiment1\2023_10_28_11_25_39\_hypergui_1\spectrum_fromCSV5_(500.0-995.0)_masked_data_0_derivative.csv,kidney_sel,P191,2023_10_28_11_25_39,P191#2023_10_28_11_25_39#CSV5,csv_spectrum,2,train
\\ces-tp3\OE0645-data-uro\TIVITA_Cat\Cat_Pig_UMM\Cat_uro_kidney\Cat_uro_kidney_sel__base\data\P191_OP155_2023_10_28_Experiment1\2023_10_28_11_25_39\_hypergui_2\spectrum_fromCSV1_(500.0-995.0)_masked_data_0_derivative.csv,kidney_sel,P191,2023_10_28_11_25_39,P191#2023_10_28_11_25_39#CSV1,csv_spectrum,2,train
\\ces-tp3\OE0645-data-uro\TIVITA_Cat\Cat_Pig_UMM\Cat_uro_kidney\Cat_uro_kidney_sel__base\data\P191_OP155_2023_10_28_Experiment1\2023_10_28_11_25_39\_hypergui_2\spectrum_fromCSV5_(500.0-995.0)_masked_data_0_derivative.csv,kidney_sel,P191,2023_10_28_11_25_39,P191#2023_10_28_11_25_39#CSV5,csv_spectrum,2,train
\\ces-tp3\OE0645-data-uro\TIVITA_Cat\Cat_Pig_UMM\Cat_uro_kidney\Cat_uro_kidney_sel__base\data\P191_OP155_2023_10_28_Experiment1\2023_10_28_11_26_09\_hypergui_1\spectrum_fromCSV1_(500.0-995.0)_masked_data_0_derivative.csv,kidney_sel,P191,2023_10_28_11_26_09,P191#2023_10_28_11_26_09#CSV1,csv_spectrum,2,train
\\ces-tp3\OE0645-data-uro\TIVITA_Cat\Cat_Pig_UMM\Cat_uro_kidney\Cat_uro_kidney_sel__base\data\P191_OP155_2023_10_28_Experiment1\2023_10_28_11_26_09\_hypergui_1\spectrum_fromCSV5_(500.0-995.0)_masked_data_0_derivative.csv,kidney_sel,P191,2023_10_28_11_26_09,P191#2023_10_28_11_26_09#CSV5,csv_spectrum,2,train
\\ces-tp3\OE0645-data-uro\TIVITA_Cat\Cat_Pig_UMM\Cat_uro_kidney\Cat_uro_kidney_sel__base\data\P191_OP155_2023_10_28_Experiment1\2023_10_28_11_26_09\_hypergui_2\spectrum_fromCSV1_(500.0-995.0)_masked_data_0_derivative.csv,kidney_sel,P191,2023_10_28_11_26_09,P191#2023_10_28_11_26_09#CSV1,csv_spectrum,2,train
\\ces-tp3\OE0645-data-uro\TIVITA_Cat\Cat_Pig_UMM\Cat_uro_kidney\Cat_uro_kidney_sel__base\data\P191_OP155_2023_10_28_Experiment1\2023_10_28_11_26_09\_hypergui_2\spectrum_fromCSV5_(500.0-995.0)_masked_data_0_derivative.csv,kidney_sel,P191,2023_10_28_11_26_09,P191#2023_10_28_11_26_09#CSV5,csv_spectrum,2,train
\\ces-tp3\OE0645-data-uro\TIVITA_Cat\Cat_Pig_UMM\Cat_uro_kidney\Cat_uro_kidney_sel__base\data\P192_OP156_2023_10_29_Experiment1\2023_10_29_11_52_55\_hypergui_1\spectrum_fromCSV1_(500.0-995.0)_masked_data_0_derivative.csv,kidney_sel,P192,2023_10_29_11_52_55,P192#2023_10_29_11_52_55#CSV1,csv_spectrum,2,train
\\ces-tp3\OE0645-data-uro\TIVITA_Cat\Cat_Pig_UMM\Cat_uro_kidney\Cat_uro_kidney_sel__base\data\P192_OP156_2023_10_29_Experiment1\2023_10_29_11_52_55\_hypergui_1\spectrum_fromCSV5_(500.0-995.0)_masked_data_0_derivative.csv,kidney_sel,P192,2023_10_29_11_52_55,P192#2023_10_29_11_52_55#CSV5,csv_spectrum,2,train
\\ces-tp3\OE0645-data-uro\TIVITA_Cat\Cat_Pig_UMM\Cat_uro_kidney\Cat_uro_kidney_sel__base\data\P192_OP156_2023_10_29_Experiment1\2023_10_29_11_52_55\_hypergui_2\spectrum_fromCSV1_(500.0-995.0)_masked_data_0_derivative.csv,kidney_sel,P192,2023_10_29_11_52_55,P192#2023_10_29_11_52_55#CSV1,csv_spectrum,2,train
\\ces-tp3\OE0645-data-uro\TIVITA_Cat\Cat_Pig_UMM\Cat_uro_kidney\Cat_uro_kidney_sel__base\data\P192_OP156_2023_10_29_Experiment1\2023_10_29_11_52_55\_hypergui_2\spectrum_fromCSV5_(500.0-995.0)_masked_data_0_derivative.csv,kidney_sel,P192,2023_10_29_11_52_55,P192#2023_10_29_11_52_55#CSV5,csv_spectrum,2,train
\\ces-tp3\OE0645-data-uro\TIVITA_Cat\Cat_Pig_UMM\Cat_uro_kidney\Cat_uro_kidney_sel__base\data\P192_OP156_2023_10_29_Experiment1\2023_10_29_11_53_25\_hypergui_1\spectrum_fromCSV1_(500.0-995.0)_masked_data_0_derivative.csv,kidney_sel,P192,2023_10_29_11_53_25,P192#2023_10_29_11_53_25#CSV1,csv_spectrum,2,train
\\ces-tp3\OE0645-data-uro\TIVITA_Cat\Cat_Pig_UMM\Cat_uro_kidney\Cat_uro_kidney_sel__base\data\P192_OP156_2023_10_29_Experiment1\2023_10_29_11_53_25\_hypergui_1\spectrum_fromCSV5_(500.0-995.0)_masked_data_0_derivative.csv,kidney_sel,P192,2023_10_29_11_53_25,P192#2023_10_29_11_53_25#CSV5,csv_spectrum,2,train
\\ces-tp3\OE0645-data-uro\TIVITA_Cat\Cat_Pig_UMM\Cat_uro_kidney\Cat_uro_kidney_sel__base\data\P192_OP156_2023_10_29_Experiment1\2023_10_29_11_53_25\_hypergui_2\spectrum_fromCSV1_(500.0-995.0)_masked_data_0_derivative.csv,kidney_sel,P192,2023_10_29_11_53_25,P192#2023_10_29_11_53_25#CSV1,csv_spectrum,2,train
\\ces-tp3\OE0645-data-uro\TIVITA_Cat\Cat_Pig_UMM\Cat_uro_kidney\Cat_uro_kidney_sel__base\data\P192_OP156_2023_10_29_Experiment1\2023_10_29_11_53_25\_hypergui_2\spectrum_fromCSV5_(500.0-995.0)_masked_data_0_derivative.csv,kidney_sel,P192,2023_10_29_11_53_25,P192#2023_10_29_11_53_25#CSV5,csv_spectrum,2,train
\\ces-tp3\OE0645-data-uro\TIVITA_Cat\Cat_Pig_UMM\Cat_uro_kidney\Cat_uro_kidney_sel__base\data\P192_OP156_2023_10_29_Experiment1\2023_10_29_11_53_55\_hypergui_1\spectrum_fromCSV1_(500.0-995.0)_masked_data_0_derivative.csv,kidney_sel,P192,2023_10_29_11_53_55,P192#2023_10_29_11_53_55#CSV1,csv_spectrum,2,train
\\ces-tp3\OE0645-data-uro\TIVITA_Cat\Cat_Pig_UMM\Cat_uro_kidney\Cat_uro_kidney_sel__base\data\P192_OP156_2023_10_29_Experiment1\2023_10_29_11_53_55\_hypergui_1\spectrum_fromCSV5_(500.0-995.0)_masked_data_0_derivative.csv,kidney_sel,P192,2023_10_29_11_53_55,P192#2023_10_29_11_53_55#CSV5,csv_spectrum,2,train
\\ces-tp3\OE0645-data-uro\TIVITA_Cat\Cat_Pig_UMM\Cat_uro_kidney\Cat_uro_kidney_sel__base\data\P192_OP156_2023_10_29_Experiment1\2023_10_29_11_53_55\_hypergui_2\spectrum_fromCSV1_(500.0-995.0)_masked_data_0_derivative.csv,kidney_sel,P192,2023_10_29_11_53_55,P192#2023_10_29_11_53_55#CSV1,csv_spectrum,2,train
\\ces-tp3\OE0645-data-uro\TIVITA_Cat\Cat_Pig_UMM\Cat_uro_kidney\Cat_uro_kidney_sel__base\data\P192_OP156_2023_10_29_Experiment1\2023_10_29_11_53_55\_hypergui_2\spectrum_fromCSV5_(500.0-995.0)_masked_data_0_derivative.csv,kidney_sel,P192,2023_10_29_11_53_55,P192#2023_10_29_11_53_55#CSV5,csv_spectrum,2,train
\\ces-tp3\OE0645-data-uro\TIVITA_Cat\Cat_Pig_UMM\Cat_uro_kidney\Cat_uro_kidney_sel__base\data\P193_OP157_2023_10_30_Experiment1\2023_10_30_11_18_15\_hypergui_1\spectrum_fromCSV1_(500.0-995.0)_masked_data_0_derivative.csv,kidney_sel,P193,2023_10_30_11_18_15,P193#2023_10_30_11_18_15#CSV1,csv_spectrum,2,train
\\ces-tp3\OE0645-data-uro\TIVITA_Cat\Cat_Pig_UMM\Cat_uro_kidney\Cat_uro_kidney_sel__base\data\P193_OP157_2023_10_30_Experiment1\2023_10_30_11_18_15\_hypergui_1\spectrum_fromCSV5_(500.0-995.0)_masked_data_0_derivative.csv,kidney_sel,P193,2023_10_30_11_18_15,P193#2023_10_30_11_18_15#CSV5,csv_spectrum,2,train
\\ces-tp3\OE0645-data-uro\TIVITA_Cat\Cat_Pig_UMM\Cat_uro_kidney\Cat_uro_kidney_sel__base\data\P193_OP157_2023_10_30_Experiment1\2023_10_30_11_18_15\_hypergui_2\spectrum_fromCSV1_(500.0-995.0)_masked_data_0_derivative.csv,kidney_sel,P193,2023_10_30_11_18_15,P193#2023_10_30_11_18_15#CSV1,csv_spectrum,2,train
\\ces-tp3\OE0645-data-uro\TIVITA_Cat\Cat_Pig_UMM\Cat_uro_kidney\Cat_uro_kidney_sel__base\data\P193_OP157_2023_10_30_Experiment1\2023_10_30_11_18_15\_hypergui_2\spectrum_fromCSV5_(500.0-995.0)_masked_data_0_derivative.csv,kidney_sel,P193,2023_10_30_11_18_15,P193#2023_10_30_11_18_15#CSV5,csv_spectrum,2,train
\\ces-tp3\OE0645-data-uro\TIVITA_Cat\Cat_Pig_UMM\Cat_uro_kidney\Cat_uro_kidney_sel__base\data\P193_OP157_2023_10_30_Experiment1\2023_10_30_11_18_45\_hypergui_1\spectrum_fromCSV1_(500.0-995.0)_masked_data_0_derivative.csv,kidney_sel,P193,2023_10_30_11_18_45,P193#2023_10_30_11_18_45#CSV1,csv_spectrum,2,train
\\ces-tp3\OE0645-data-uro\TIVITA_Cat\Cat_Pig_UMM\Cat_uro_kidney\Cat_uro_kidney_sel__base\data\P193_OP157_2023_10_30_Experiment1\2023_10_30_11_18_45\_hypergui_1\spectrum_fromCSV5_(500.0-995.0)_masked_data_0_derivative.csv,kidney_sel,P193,2023_10_30_11_18_45,P193#2023_10_30_11_18_45#CSV5,csv_spectrum,2,train
\\ces-tp3\OE0645-data-uro\TIVITA_Cat\Cat_Pig_UMM\Cat_uro_kidney\Cat_uro_kidney_sel__base\data\P193_OP157_2023_10_30_Experiment1\2023_10_30_11_18_45\_hypergui_2\spectrum_fromCSV1_(500.0-995.0)_masked_data_0_derivative.csv,kidney_sel,P193,2023_10_30_11_18_45,P193#2023_10_30_11_18_45#CSV1,csv_spectrum,2,train
\\ces-tp3\OE0645-data-uro\TIVITA_Cat\Cat_Pig_UMM\Cat_uro_kidney\Cat_uro_kidney_sel__base\data\P193_OP157_2023_10_30_Experiment1\2023_10_30_11_18_45\_hypergui_2\spectrum_fromCSV5_(500.0-995.0)_masked_data_0_derivative.csv,kidney_sel,P193,2023_10_30_11_18_45,P193#2023_10_30_11_18_45#CSV5,csv_spectrum,2,train
\\ces-tp3\OE0645-data-uro\TIVITA_Cat\Cat_Pig_UMM\Cat_uro_kidney\Cat_uro_kidney_sel__base\data\P193_OP157_2023_10_30_Experiment1\2023_10_30_11_19_15\_hypergui_1\spectrum_fromCSV1_(500.0-995.0)_masked_data_0_derivative.csv,kidney_sel,P193,2023_10_30_11_19_15,P193#2023_10_30_11_19_15#CSV1,csv_spectrum,2,train
\\ces-tp3\OE0645-data-uro\TIVITA_Cat\Cat_Pig_UMM\Cat_uro_kidney\Cat_uro_kidney_sel__base\data\P193_OP157_2023_10_30_Experiment1\2023_10_30_11_19_15\_hypergui_1\spectrum_fromCSV5_(500.0-995.0)_masked_data_0_derivative.csv,kidney_sel,P193,2023_10_30_11_19_15,P193#2023_10_30_11_19_15#CSV5,csv_spectrum,2,train
\\ces-tp3\OE0645-data-uro\TIVITA_Cat\Cat_Pig_UMM\Cat_uro_kidney\Cat_uro_kidney_sel__base\data\P193_OP157_2023_10_30_Experiment1\2023_10_30_11_19_15\_hypergui_2\spectrum_fromCSV1_(500.0-995.0)_masked_data_0_derivative.csv,kidney_sel,P193,2023_10_30_11_19_15,P193#2023_10_30_11_19_15#CSV1,csv_spectrum,2,train
\\ces-tp3\OE0645-data-uro\TIVITA_Cat\Cat_Pig_UMM\Cat_uro_kidney\Cat_uro_kidney_sel__base\data\P193_OP157_2023_10_30_Experiment1\2023_10_30_11_19_15\_hypergui_2\spectrum_fromCSV5_(500.0-995.0)_masked_data_0_derivative.csv,kidney_sel,P193,2023_10_30_11_19_15,P193#2023_10_30_11_19_15#CSV5,csv_spectrum,2,train
\\ces-tp3\OE0645-data-uro\TIVITA_Cat\Cat_Pig_UMM\Cat_uro_kidney\Cat_uro_kidney_sel_reperfusion30_0m\data\P188_OP152_2023_10_22_Experiment1\2023_10_22_12_35_11\_hypergui_1\spectrum_fromCSV1_(500.0-995.0)_masked_data_0_derivative.csv,kidney_sel_reperfusion,P188,2023_10_22_12_35_11,P188#2023_10_22_12_35_11#CSV1,csv_spectrum,3,train
\\ces-tp3\OE0645-data-uro\TIVITA_Cat\Cat_Pig_UMM\Cat_uro_kidney\Cat_uro_kidney_sel_reperfusion30_0m\data\P188_OP152_2023_10_22_Experiment1\2023_10_22_12_35_11\_hypergui_1\spectrum_fromCSV5_(500.0-995.0)_masked_data_0_derivative.csv,kidney_sel_reperfusion,P188,2023_10_22_12_35_11,P188#2023_10_22_12_35_11#CSV5,csv_spectrum,3,train
\\ces-tp3\OE0645-data-uro\TIVITA_Cat\Cat_Pig_UMM\Cat_uro_kidney\Cat_uro_kidney_sel_reperfusion30_0m\data\P188_OP152_2023_10_22_Experiment1\2023_10_22_12_35_11\_hypergui_2\spectrum_fromCSV1_(500.0-995.0)_masked_data_0_derivative.csv,kidney_sel_reperfusion,P188,2023_10_22_12_35_11,P188#2023_10_22_12_35_11#CSV1,csv_spectrum,3,train
\\ces-tp3\OE0645-data-uro\TIVITA_Cat\Cat_Pig_UMM\Cat_uro_kidney\Cat_uro_kidney_sel_reperfusion30_0m\data\P188_OP152_2023_10_22_Experiment1\2023_10_22_12_35_11\_hypergui_2\spectrum_fromCSV5_(500.0-995.0)_masked_data_0_derivative.csv,kidney_sel_reperfusion,P188,2023_10_22_12_35_11,P188#2023_10_22_12_35_11#CSV5,csv_spectrum,3,train
\\ces-tp3\OE0645-data-uro\TIVITA_Cat\Cat_Pig_UMM\Cat_uro_kidney\Cat_uro_kidney_sel_reperfusion30_0m\data\P188_OP152_2023_10_22_Experiment1\2023_10_22_12_35_41\_hypergui_1\spectrum_fromCSV1_(500.0-995.0)_masked_data_0_derivative.csv,kidney_sel_reperfusion,P188,2023_10_22_12_35_41,P188#2023_10_22_12_35_41#CSV1,csv_spectrum,3,train
\\ces-tp3\OE0645-data-uro\TIVITA_Cat\Cat_Pig_UMM\Cat_uro_kidney\Cat_uro_kidney_sel_reperfusion30_0m\data\P188_OP152_2023_10_22_Experiment1\2023_10_22_12_35_41\_hypergui_1\spectrum_fromCSV5_(500.0-995.0)_masked_data_0_derivative.csv,kidney_sel_reperfusion,P188,2023_10_22_12_35_41,P188#2023_10_22_12_35_41#CSV5,csv_spectrum,3,train
\\ces-tp3\OE0645-data-uro\TIVITA_Cat\Cat_Pig_UMM\Cat_uro_kidney\Cat_uro_kidney_sel_reperfusion30_0m\data\P188_OP152_2023_10_22_Experiment1\2023_10_22_12_35_41\_hypergui_2\spectrum_fromCSV1_(500.0-995.0)_masked_data_0_derivative.csv,kidney_sel_reperfusion,P188,2023_10_22_12_35_41,P188#2023_10_22_12_35_41#CSV1,csv_spectrum,3,train
\\ces-tp3\OE0645-data-uro\TIVITA_Cat\Cat_Pig_UMM\Cat_uro_kidney\Cat_uro_kidney_sel_reperfusion30_0m\data\P188_OP152_2023_10_22_Experiment1\2023_10_22_12_35_41\_hypergui_2\spectrum_fromCSV5_(500.0-995.0)_masked_data_0_derivative.csv,kidney_sel_reperfusion,P188,2023_10_22_12_35_41,P188#2023_10_22_12_35_41#CSV5,csv_spectrum,3,train
\\ces-tp3\OE0645-data-uro\TIVITA_Cat\Cat_Pig_UMM\Cat_uro_kidney\Cat_uro_kidney_sel_reperfusion30_0m\data\P191_OP155_2023_10_28_Experiment1\2023_10_28_11_57_27\_hypergui_1\spectrum_fromCSV1_(500.0-995.0)_masked_data_0_derivative.csv,kidney_sel_reperfusion,P191,2023_10_28_11_57_27,P191#2023_10_28_11_57_27#CSV1,csv_spectrum,3,train
\\ces-tp3\OE0645-data-uro\TIVITA_Cat\Cat_Pig_UMM\Cat_uro_kidney\Cat_uro_kidney_sel_reperfusion30_0m\data\P191_OP155_2023_10_28_Experiment1\2023_10_28_11_57_27\_hypergui_1\spectrum_fromCSV5_(500.0-995.0)_masked_data_0_derivative.csv,kidney_sel_reperfusion,P191,2023_10_28_11_57_27,P191#2023_10_28_11_57_27#CSV5,csv_spectrum,3,train
\\ces-tp3\OE0645-data-uro\TIVITA_Cat\Cat_Pig_UMM\Cat_uro_kidney\Cat_uro_kidney_sel_reperfusion30_0m\data\P191_OP155_2023_10_28_Experiment1\2023_10_28_11_57_27\_hypergui_2\spectrum_fromCSV1_(500.0-995.0)_masked_data_0_derivative.csv,kidney_sel_reperfusion,P191,2023_10_28_11_57_27,P191#2023_10_28_11_57_27#CSV1,csv_spectrum,3,train
\\ces-tp3\OE0645-data-uro\TIVITA_Cat\Cat_Pig_UMM\Cat_uro_kidney\Cat_uro_kidney_sel_reperfusion30_0m\data\P191_OP155_2023_10_28_Experiment1\2023_10_28_11_57_27\_hypergui_2\spectrum_fromCSV5_(500.0-995.0)_masked_data_0_derivative.csv,kidney_sel_reperfusion,P191,2023_10_28_11_57_27,P191#2023_10_28_11_57_27#CSV5,csv_spectrum,3,train
\\ces-tp3\OE0645-data-uro\TIVITA_Cat\Cat_Pig_UMM\Cat_uro_kidney\Cat_uro_kidney_sel_reperfusion30_0m\data\P191_OP155_2023_10_28_Experiment1\2023_10_28_11_57_57\_hypergui_1\spectrum_fromCSV1_(500.0-995.0)_masked_data_0_derivative.csv,kidney_sel_reperfusion,P191,2023_10_28_11_57_57,P191#2023_10_28_11_57_57#CSV1,csv_spectrum,3,train
\\ces-tp3\OE0645-data-uro\TIVITA_Cat\Cat_Pig_UMM\Cat_uro_kidney\Cat_uro_kidney_sel_reperfusion30_0m\data\P191_OP155_2023_10_28_Experiment1\2023_10_28_11_57_57\_hypergui_1\spectrum_fromCSV5_(500.0-995.0)_masked_data_0_derivative.csv,kidney_sel_reperfusion,P191,2023_10_28_11_57_57,P191#2023_10_28_11_57_57#CSV5,csv_spectrum,3,train
\\ces-tp3\OE0645-data-uro\TIVITA_Cat\Cat_Pig_UMM\Cat_uro_kidney\Cat_uro_kidney_sel_reperfusion30_0m\data\P191_OP155_2023_10_28_Experiment1\2023_10_28_11_57_57\_hypergui_2\spectrum_fromCSV1_(500.0-995.0)_masked_data_0_derivative.csv,kidney_sel_reperfusion,P191,2023_10_28_11_57_57,P191#2023_10_28_11_57_57#CSV1,csv_spectrum,3,train
\\ces-tp3\OE0645-data-uro\TIVITA_Cat\Cat_Pig_UMM\Cat_uro_kidney\Cat_uro_kidney_sel_reperfusion30_0m\data\P191_OP155_2023_10_28_Experiment1\2023_10_28_11_57_57\_hypergui_2\spectrum_fromCSV5_(500.0-995.0)_masked_data_0_derivative.csv,kidney_sel_reperfusion,P191,2023_10_28_11_57_57,P191#2023_10_28_11_57_57#CSV5,csv_spectrum,3,train
\\ces-tp3\OE0645-data-uro\TIVITA_Cat\Cat_Pig_UMM\Cat_uro_kidney\Cat_uro_kidney_sel_reperfusion30_0m\data\P192_OP156_2023_10_29_Experiment1\2023_10_29_12_26_13\_hypergui_1\spectrum_fromCSV1_(500.0-995.0)_masked_data_0_derivative.csv,kidney_sel_reperfusion,P192,2023_10_29_12_26_13,P192#2023_10_29_12_26_13#CSV1,csv_spectrum,3,train
\\ces-tp3\OE0645-data-uro\TIVITA_Cat\Cat_Pig_UMM\Cat_uro_kidney\Cat_uro_kidney_sel_reperfusion30_0m\data\P192_OP156_2023_10_29_Experiment1\2023_10_29_12_26_13\_hypergui_1\spectrum_fromCSV5_(500.0-995.0)_masked_data_0_derivative.csv,kidney_sel_reperfusion,P192,2023_10_29_12_26_13,P192#2023_10_29_12_26_13#CSV5,csv_spectrum,3,train
\\ces-tp3\OE0645-data-uro\TIVITA_Cat\Cat_Pig_UMM\Cat_uro_kidney\Cat_uro_kidney_sel_reperfusion30_0m\data\P192_OP156_2023_10_29_Experiment1\2023_10_29_12_26_13\_hypergui_2\spectrum_fromCSV1_(500.0-995.0)_masked_data_0_derivative.csv,kidney_sel_reperfusion,P192,2023_10_29_12_26_13,P192#2023_10_29_12_26_13#CSV1,csv_spectrum,3,train
\\ces-tp3\OE0645-data-uro\TIVITA_Cat\Cat_Pig_UMM\Cat_uro_kidney\Cat_uro_kidney_sel_reperfusion30_0m\data\P192_OP156_2023_10_29_Experiment1\2023_10_29_12_26_13\_hypergui_2\spectrum_fromCSV5_(500.0-995.0)_masked_data_0_derivative.csv,kidney_sel_reperfusion,P192,2023_10_29_12_26_13,P192#2023_10_29_12_26_13#CSV5,csv_spectrum,3,train
\\ces-tp3\OE0645-data-uro\TIVITA_Cat\Cat_Pig_UMM\Cat_uro_kidney\Cat_uro_kidney_sel_reperfusion30_0m\data\P192_OP156_2023_10_29_Experiment1\2023_10_29_12_26_43\_hypergui_1\spectrum_fromCSV1_(500.0-995.0)_masked_data_0_derivative.csv,kidney_sel_reperfusion,P192,2023_10_29_12_26_43,P192#2023_10_29_12_26_43#CSV1,csv_spectrum,3,train
\\ces-tp3\OE0645-data-uro\TIVITA_Cat\Cat_Pig_UMM\Cat_uro_kidney\Cat_uro_kidney_sel_reperfusion30_0m\data\P192_OP156_2023_10_29_Experiment1\2023_10_29_12_26_43\_hypergui_1\spectrum_fromCSV5_(500.0-995.0)_masked_data_0_derivative.csv,kidney_sel_reperfusion,P192,2023_10_29_12_26_43,P192#2023_10_29_12_26_43#CSV5,csv_spectrum,3,train
\\ces-tp3\OE0645-data-uro\TIVITA_Cat\Cat_Pig_UMM\Cat_uro_kidney\Cat_uro_kidney_sel_reperfusion30_0m\data\P192_OP156_2023_10_29_Experiment1\2023_10_29_12_26_43\_hypergui_2\spectrum_fromCSV1_(500.0-995.0)_masked_data_0_derivative.csv,kidney_sel_reperfusion,P192,2023_10_29_12_26_43,P192#2023_10_29_12_26_43#CSV1,csv_spectrum,3,train
\\ces-tp3\OE0645-data-uro\TIVITA_Cat\Cat_Pig_UMM\Cat_uro_kidney\Cat_uro_kidney_sel_reperfusion30_0m\data\P192_OP156_2023_10_29_Experiment1\2023_10_29_12_26_43\_hypergui_2\spectrum_fromCSV5_(500.0-995.0)_masked_data_0_derivative.csv,kidney_sel_reperfusion,P192,2023_10_29_12_26_43,P192#2023_10_29_12_26_43#CSV5,csv_spectrum,3,train
\\ces-tp3\OE0645-data-uro\TIVITA_Cat\Cat_Pig_UMM\Cat_uro_kidney\Cat_uro_kidney_sel_reperfusion30_0m\data\P193_OP157_2023_10_30_Experiment1\2023_10_30_11_51_39\_hypergui_1\spectrum_fromCSV1_(500.0-995.0)_masked_data_0_derivative.csv,kidney_sel_reperfusion,P193,2023_10_30_11_51_39,P193#2023_10_30_11_51_39#CSV1,csv_spectrum,3,train
\\ces-tp3\OE0645-data-uro\TIVITA_Cat\Cat_Pig_UMM\Cat_uro_kidney\Cat_uro_kidney_sel_reperfusion30_0m\data\P193_OP157_2023_10_30_Experiment1\2023_10_30_11_51_39\_hypergui_1\spectrum_fromCSV5_(500.0-995.0)_masked_data_0_derivative.csv,kidney_sel_reperfusion,P193,2023_10_30_11_51_39,P193#2023_10_30_11_51_39#CSV5,csv_spectrum,3,train
\\ces-tp3\OE0645-data-uro\TIVITA_Cat\Cat_Pig_UMM\Cat_uro_kidney\Cat_uro_kidney_sel_reperfusion30_0m\data\P193_OP157_2023_10_30_Experiment1\2023_10_30_11_51_39\_hypergui_2\spectrum_fromCSV1_(500.0-995.0)_masked_data_0_derivative.csv,kidney_sel_reperfusion,P193,2023_10_30_11_51_39,P193#2023_10_30_11_51_39#CSV1,csv_spectrum,3,train
\\ces-tp3\OE0645-data-uro\TIVITA_Cat\Cat_Pig_UMM\Cat_uro_kidney\Cat_uro_kidney_sel_reperfusion30_0m\data\P193_OP157_2023_10_30_Experiment1\2023_10_30_11_51_39\_hypergui_2\spectrum_fromCSV5_(500.0-995.0)_masked_data_0_derivative.csv,kidney_sel_reperfusion,P193,2023_10_30_11_51_39,P193#2023_10_30_11_51_39#CSV5,csv_spectrum,3,train
\\ces-tp3\OE0645-data-uro\TIVITA_Cat\Cat_Pig_UMM\Cat_uro_kidney\Cat_uro_kidney_sel_reperfusion30_0m\data\P193_OP157_2023_10_30_Experiment1\2023_10_30_11_52_10\_hypergui_1\spectrum_fromCSV1_(500.0-995.0)_masked_data_0_derivative.csv,kidney_sel_reperfusion,P193,2023_10_30_11_52_10,P193#2023_10_30_11_52_10#CSV1,csv_spectrum,3,train
\\ces-tp3\OE0645-data-uro\TIVITA_Cat\Cat_Pig_UMM\Cat_uro_kidney\Cat_uro_kidney_sel_reperfusion30_0m\data\P193_OP157_2023_10_30_Experiment1\2023_10_30_11_52_10\_hypergui_1\spectrum_fromCSV5_(500.0-995.0)_masked_data_0_derivative.csv,kidney_sel_reperfusion,P193,2023_10_30_11_52_10,P193#2023_10_30_11_52_10#CSV5,csv_spectrum,3,train
\\ces-tp3\OE0645-data-uro\TIVITA_Cat\Cat_Pig_UMM\Cat_uro_kidney\Cat_uro_kidney_sel_reperfusion30_0m\data\P193_OP157_2023_10_30_Experiment1\2023_10_30_11_52_10\_hypergui_2\spectrum_fromCSV1_(500.0-995.0)_masked_data_0_derivative.csv,kidney_sel_reperfusion,P193,2023_10_30_11_52_10,P193#2023_10_30_11_52_10#CSV1,csv_spectrum,3,train
\\ces-tp3\OE0645-data-uro\TIVITA_Cat\Cat_Pig_UMM\Cat_uro_kidney\Cat_uro_kidney_sel_reperfusion30_0m\data\P193_OP157_2023_10_30_Experiment1\2023_10_30_11_52_10\_hypergui_2\spectrum_fromCSV5_(500.0-995.0)_masked_data_0_derivative.csv,kidney_sel_reperfusion,P193,2023_10_30_11_52_10,P193#2023_10_30_11_52_10#CSV5,csv_spectrum,3,train
\\ces-tp3\OE0645-data-uro\TIVITA_Cat\Cat_Pig_UMM\Cat_uro_kidney\Cat_uro_kidney_sel_reperfusion30_10m\data\P188_OP152_2023_10_22_Experiment1\2023_10_22_12_45_13\_hypergui_1\spectrum_fromCSV1_(500.0-995.0)_masked_data_0_derivative.csv,kidney_sel_reperfusion,P188,2023_10_22_12_45_13,P188#2023_10_22_12_45_13#CSV1,csv_spectrum,3,train
\\ces-tp3\OE0645-data-uro\TIVITA_Cat\Cat_Pig_UMM\Cat_uro_kidney\Cat_uro_kidney_sel_reperfusion30_10m\data\P188_OP152_2023_10_22_Experiment1\2023_10_22_12_45_13\_hypergui_1\spectrum_fromCSV5_(500.0-995.0)_masked_data_0_derivative.csv,kidney_sel_reperfusion,P188,2023_10_22_12_45_13,P188#2023_10_22_12_45_13#CSV5,csv_spectrum,3,train
\\ces-tp3\OE0645-data-uro\TIVITA_Cat\Cat_Pig_UMM\Cat_uro_kidney\Cat_uro_kidney_sel_reperfusion30_10m\data\P188_OP152_2023_10_22_Experiment1\2023_10_22_12_45_13\_hypergui_2\spectrum_fromCSV1_(500.0-995.0)_masked_data_0_derivative.csv,kidney_sel_reperfusion,P188,2023_10_22_12_45_13,P188#2023_10_22_12_45_13#CSV1,csv_spectrum,3,train
\\ces-tp3\OE0645-data-uro\TIVITA_Cat\Cat_Pig_UMM\Cat_uro_kidney\Cat_uro_kidney_sel_reperfusion30_10m\data\P188_OP152_2023_10_22_Experiment1\2023_10_22_12_45_13\_hypergui_2\spectrum_fromCSV5_(500.0-995.0)_masked_data_0_derivative.csv,kidney_sel_reperfusion,P188,2023_10_22_12_45_13,P188#2023_10_22_12_45_13#CSV5,csv_spectrum,3,train
\\ces-tp3\OE0645-data-uro\TIVITA_Cat\Cat_Pig_UMM\Cat_uro_kidney\Cat_uro_kidney_sel_reperfusion30_10m\data\P188_OP152_2023_10_22_Experiment1\2023_10_22_12_47_13\_hypergui_1\spectrum_fromCSV1_(500.0-995.0)_masked_data_0_derivative.csv,kidney_sel_reperfusion,P188,2023_10_22_12_47_13,P188#2023_10_22_12_47_13#CSV1,csv_spectrum,3,train
\\ces-tp3\OE0645-data-uro\TIVITA_Cat\Cat_Pig_UMM\Cat_uro_kidney\Cat_uro_kidney_sel_reperfusion30_10m\data\P188_OP152_2023_10_22_Experiment1\2023_10_22_12_47_13\_hypergui_1\spectrum_fromCSV5_(500.0-995.0)_masked_data_0_derivative.csv,kidney_sel_reperfusion,P188,2023_10_22_12_47_13,P188#2023_10_22_12_47_13#CSV5,csv_spectrum,3,train
\\ces-tp3\OE0645-data-uro\TIVITA_Cat\Cat_Pig_UMM\Cat_uro_kidney\Cat_uro_kidney_sel_reperfusion30_10m\data\P188_OP152_2023_10_22_Experiment1\2023_10_22_12_47_13\_hypergui_2\spectrum_fromCSV1_(500.0-995.0)_masked_data_0_derivative.csv,kidney_sel_reperfusion,P188,2023_10_22_12_47_13,P188#2023_10_22_12_47_13#CSV1,csv_spectrum,3,train
\\ces-tp3\OE0645-data-uro\TIVITA_Cat\Cat_Pig_UMM\Cat_uro_kidney\Cat_uro_kidney_sel_reperfusion30_10m\data\P188_OP152_2023_10_22_Experiment1\2023_10_22_12_47_13\_hypergui_2\spectrum_fromCSV5_(500.0-995.0)_masked_data_0_derivative.csv,kidney_sel_reperfusion,P188,2023_10_22_12_47_13,P188#2023_10_22_12_47_13#CSV5,csv_spectrum,3,train
\\ces-tp3\OE0645-data-uro\TIVITA_Cat\Cat_Pig_UMM\Cat_uro_kidney\Cat_uro_kidney_sel_reperfusion30_10m\data\P188_OP152_2023_10_22_Experiment1\2023_10_22_12_49_13\_hypergui_1\spectrum_fromCSV1_(500.0-995.0)_masked_data_0_derivative.csv,kidney_sel_reperfusion,P188,2023_10_22_12_49_13,P188#2023_10_22_12_49_13#CSV1,csv_spectrum,3,train
\\ces-tp3\OE0645-data-uro\TIVITA_Cat\Cat_Pig_UMM\Cat_uro_kidney\Cat_uro_kidney_sel_reperfusion30_10m\data\P188_OP152_2023_10_22_Experiment1\2023_10_22_12_49_13\_hypergui_1\spectrum_fromCSV5_(500.0-995.0)_masked_data_0_derivative.csv,kidney_sel_reperfusion,P188,2023_10_22_12_49_13,P188#2023_10_22_12_49_13#CSV5,csv_spectrum,3,train
\\ces-tp3\OE0645-data-uro\TIVITA_Cat\Cat_Pig_UMM\Cat_uro_kidney\Cat_uro_kidney_sel_reperfusion30_10m\data\P188_OP152_2023_10_22_Experiment1\2023_10_22_12_49_13\_hypergui_2\spectrum_fromCSV1_(500.0-995.0)_masked_data_0_derivative.csv,kidney_sel_reperfusion,P188,2023_10_22_12_49_13,P188#2023_10_22_12_49_13#CSV1,csv_spectrum,3,train
\\ces-tp3\OE0645-data-uro\TIVITA_Cat\Cat_Pig_UMM\Cat_uro_kidney\Cat_uro_kidney_sel_reperfusion30_10m\data\P188_OP152_2023_10_22_Experiment1\2023_10_22_12_49_13\_hypergui_2\spectrum_fromCSV5_(500.0-995.0)_masked_data_0_derivative.csv,kidney_sel_reperfusion,P188,2023_10_22_12_49_13,P188#2023_10_22_12_49_13#CSV5,csv_spectrum,3,train
\\ces-tp3\OE0645-data-uro\TIVITA_Cat\Cat_Pig_UMM\Cat_uro_kidney\Cat_uro_kidney_sel_reperfusion30_10m\data\P191_OP155_2023_10_28_Experiment1\2023_10_28_12_07_58\_hypergui_1\spectrum_fromCSV1_(500.0-995.0)_masked_data_0_derivative.csv,kidney_sel_reperfusion,P191,2023_10_28_12_07_58,P191#2023_10_28_12_07_58#CSV1,csv_spectrum,3,train
\\ces-tp3\OE0645-data-uro\TIVITA_Cat\Cat_Pig_UMM\Cat_uro_kidney\Cat_uro_kidney_sel_reperfusion30_10m\data\P191_OP155_2023_10_28_Experiment1\2023_10_28_12_07_58\_hypergui_1\spectrum_fromCSV5_(500.0-995.0)_masked_data_0_derivative.csv,kidney_sel_reperfusion,P191,2023_10_28_12_07_58,P191#2023_10_28_12_07_58#CSV5,csv_spectrum,3,train
\\ces-tp3\OE0645-data-uro\TIVITA_Cat\Cat_Pig_UMM\Cat_uro_kidney\Cat_uro_kidney_sel_reperfusion30_10m\data\P191_OP155_2023_10_28_Experiment1\2023_10_28_12_07_58\_hypergui_2\spectrum_fromCSV1_(500.0-995.0)_masked_data_0_derivative.csv,kidney_sel_reperfusion,P191,2023_10_28_12_07_58,P191#2023_10_28_12_07_58#CSV1,csv_spectrum,3,train
\\ces-tp3\OE0645-data-uro\TIVITA_Cat\Cat_Pig_UMM\Cat_uro_kidney\Cat_uro_kidney_sel_reperfusion30_10m\data\P191_OP155_2023_10_28_Experiment1\2023_10_28_12_07_58\_hypergui_2\spectrum_fromCSV5_(500.0-995.0)_masked_data_0_derivative.csv,kidney_sel_reperfusion,P191,2023_10_28_12_07_58,P191#2023_10_28_12_07_58#CSV5,csv_spectrum,3,train
\\ces-tp3\OE0645-data-uro\TIVITA_Cat\Cat_Pig_UMM\Cat_uro_kidney\Cat_uro_kidney_sel_reperfusion30_10m\data\P191_OP155_2023_10_28_Experiment1\2023_10_28_12_09_58\_hypergui_1\spectrum_fromCSV1_(500.0-995.0)_masked_data_0_derivative.csv,kidney_sel_reperfusion,P191,2023_10_28_12_09_58,P191#2023_10_28_12_09_58#CSV1,csv_spectrum,3,train
\\ces-tp3\OE0645-data-uro\TIVITA_Cat\Cat_Pig_UMM\Cat_uro_kidney\Cat_uro_kidney_sel_reperfusion30_10m\data\P191_OP155_2023_10_28_Experiment1\2023_10_28_12_09_58\_hypergui_1\spectrum_fromCSV5_(500.0-995.0)_masked_data_0_derivative.csv,kidney_sel_reperfusion,P191,2023_10_28_12_09_58,P191#2023_10_28_12_09_58#CSV5,csv_spectrum,3,train
\\ces-tp3\OE0645-data-uro\TIVITA_Cat\Cat_Pig_UMM\Cat_uro_kidney\Cat_uro_kidney_sel_reperfusion30_10m\data\P191_OP155_2023_10_28_Experiment1\2023_10_28_12_09_58\_hypergui_2\spectrum_fromCSV1_(500.0-995.0)_masked_data_0_derivative.csv,kidney_sel_reperfusion,P191,2023_10_28_12_09_58,P191#2023_10_28_12_09_58#CSV1,csv_spectrum,3,train
\\ces-tp3\OE0645-data-uro\TIVITA_Cat\Cat_Pig_UMM\Cat_uro_kidney\Cat_uro_kidney_sel_reperfusion30_10m\data\P191_OP155_2023_10_28_Experiment1\2023_10_28_12_09_58\_hypergui_2\spectrum_fromCSV5_(500.0-995.0)_masked_data_0_derivative.csv,kidney_sel_reperfusion,P191,2023_10_28_12_09_58,P191#2023_10_28_12_09_58#CSV5,csv_spectrum,3,train
\\ces-tp3\OE0645-data-uro\TIVITA_Cat\Cat_Pig_UMM\Cat_uro_kidney\Cat_uro_kidney_sel_reperfusion30_10m\data\P191_OP155_2023_10_28_Experiment1\2023_10_28_12_11_58\_hypergui_1\spectrum_fromCSV1_(500.0-995.0)_masked_data_0_derivative.csv,kidney_sel_reperfusion,P191,2023_10_28_12_11_58,P191#2023_10_28_12_11_58#CSV1,csv_spectrum,3,train
\\ces-tp3\OE0645-data-uro\TIVITA_Cat\Cat_Pig_UMM\Cat_uro_kidney\Cat_uro_kidney_sel_reperfusion30_10m\data\P191_OP155_2023_10_28_Experiment1\2023_10_28_12_11_58\_hypergui_1\spectrum_fromCSV5_(500.0-995.0)_masked_data_0_derivative.csv,kidney_sel_reperfusion,P191,2023_10_28_12_11_58,P191#2023_10_28_12_11_58#CSV5,csv_spectrum,3,train
\\ces-tp3\OE0645-data-uro\TIVITA_Cat\Cat_Pig_UMM\Cat_uro_kidney\Cat_uro_kidney_sel_reperfusion30_10m\data\P191_OP155_2023_10_28_Experiment1\2023_10_28_12_11_58\_hypergui_2\spectrum_fromCSV1_(500.0-995.0)_masked_data_0_derivative.csv,kidney_sel_reperfusion,P191,2023_10_28_12_11_58,P191#2023_10_28_12_11_58#CSV1,csv_spectrum,3,train
\\ces-tp3\OE0645-data-uro\TIVITA_Cat\Cat_Pig_UMM\Cat_uro_kidney\Cat_uro_kidney_sel_reperfusion30_10m\data\P191_OP155_2023_10_28_Experiment1\2023_10_28_12_11_58\_hypergui_2\spectrum_fromCSV5_(500.0-995.0)_masked_data_0_derivative.csv,kidney_sel_reperfusion,P191,2023_10_28_12_11_58,P191#2023_10_28_12_11_58#CSV5,csv_spectrum,3,train
\\ces-tp3\OE0645-data-uro\TIVITA_Cat\Cat_Pig_UMM\Cat_uro_kidney\Cat_uro_kidney_sel_reperfusion30_10m\data\P192_OP156_2023_10_29_Experiment1\2023_10_29_12_36_14\_hypergui_1\spectrum_fromCSV1_(500.0-995.0)_masked_data_0_derivative.csv,kidney_sel_reperfusion,P192,2023_10_29_12_36_14,P192#2023_10_29_12_36_14#CSV1,csv_spectrum,3,train
\\ces-tp3\OE0645-data-uro\TIVITA_Cat\Cat_Pig_UMM\Cat_uro_kidney\Cat_uro_kidney_sel_reperfusion30_10m\data\P192_OP156_2023_10_29_Experiment1\2023_10_29_12_36_14\_hypergui_1\spectrum_fromCSV5_(500.0-995.0)_masked_data_0_derivative.csv,kidney_sel_reperfusion,P192,2023_10_29_12_36_14,P192#2023_10_29_12_36_14#CSV5,csv_spectrum,3,train
\\ces-tp3\OE0645-data-uro\TIVITA_Cat\Cat_Pig_UMM\Cat_uro_kidney\Cat_uro_kidney_sel_reperfusion30_10m\data\P192_OP156_2023_10_29_Experiment1\2023_10_29_12_36_14\_hypergui_2\spectrum_fromCSV1_(500.0-995.0)_masked_data_0_derivative.csv,kidney_sel_reperfusion,P192,2023_10_29_12_36_14,P192#2023_10_29_12_36_14#CSV1,csv_spectrum,3,train
\\ces-tp3\OE0645-data-uro\TIVITA_Cat\Cat_Pig_UMM\Cat_uro_kidney\Cat_uro_kidney_sel_reperfusion30_10m\data\P192_OP156_2023_10_29_Experiment1\2023_10_29_12_36_14\_hypergui_2\spectrum_fromCSV5_(500.0-995.0)_masked_data_0_derivative.csv,kidney_sel_reperfusion,P192,2023_10_29_12_36_14,P192#2023_10_29_12_36_14#CSV5,csv_spectrum,3,train
\\ces-tp3\OE0645-data-uro\TIVITA_Cat\Cat_Pig_UMM\Cat_uro_kidney\Cat_uro_kidney_sel_reperfusion30_10m\data\P192_OP156_2023_10_29_Experiment1\2023_10_29_12_37_14\_hypergui_1\spectrum_fromCSV1_(500.0-995.0)_masked_data_0_derivative.csv,kidney_sel_reperfusion,P192,2023_10_29_12_37_14,P192#2023_10_29_12_37_14#CSV1,csv_spectrum,3,train
\\ces-tp3\OE0645-data-uro\TIVITA_Cat\Cat_Pig_UMM\Cat_uro_kidney\Cat_uro_kidney_sel_reperfusion30_10m\data\P192_OP156_2023_10_29_Experiment1\2023_10_29_12_37_14\_hypergui_1\spectrum_fromCSV5_(500.0-995.0)_masked_data_0_derivative.csv,kidney_sel_reperfusion,P192,2023_10_29_12_37_14,P192#2023_10_29_12_37_14#CSV5,csv_spectrum,3,train
\\ces-tp3\OE0645-data-uro\TIVITA_Cat\Cat_Pig_UMM\Cat_uro_kidney\Cat_uro_kidney_sel_reperfusion30_10m\data\P192_OP156_2023_10_29_Experiment1\2023_10_29_12_37_14\_hypergui_2\spectrum_fromCSV1_(500.0-995.0)_masked_data_0_derivative.csv,kidney_sel_reperfusion,P192,2023_10_29_12_37_14,P192#2023_10_29_12_37_14#CSV1,csv_spectrum,3,train
\\ces-tp3\OE0645-data-uro\TIVITA_Cat\Cat_Pig_UMM\Cat_uro_kidney\Cat_uro_kidney_sel_reperfusion30_10m\data\P192_OP156_2023_10_29_Experiment1\2023_10_29_12_37_14\_hypergui_2\spectrum_fromCSV5_(500.0-995.0)_masked_data_0_derivative.csv,kidney_sel_reperfusion,P192,2023_10_29_12_37_14,P192#2023_10_29_12_37_14#CSV5,csv_spectrum,3,train
\\ces-tp3\OE0645-data-uro\TIVITA_Cat\Cat_Pig_UMM\Cat_uro_kidney\Cat_uro_kidney_sel_reperfusion30_10m\data\P192_OP156_2023_10_29_Experiment1\2023_10_29_12_39_14\_hypergui_1\spectrum_fromCSV1_(500.0-995.0)_masked_data_0_derivative.csv,kidney_sel_reperfusion,P192,2023_10_29_12_39_14,P192#2023_10_29_12_39_14#CSV1,csv_spectrum,3,train
\\ces-tp3\OE0645-data-uro\TIVITA_Cat\Cat_Pig_UMM\Cat_uro_kidney\Cat_uro_kidney_sel_reperfusion30_10m\data\P192_OP156_2023_10_29_Experiment1\2023_10_29_12_39_14\_hypergui_1\spectrum_fromCSV5_(500.0-995.0)_masked_data_0_derivative.csv,kidney_sel_reperfusion,P192,2023_10_29_12_39_14,P192#2023_10_29_12_39_14#CSV5,csv_spectrum,3,train
\\ces-tp3\OE0645-data-uro\TIVITA_Cat\Cat_Pig_UMM\Cat_uro_kidney\Cat_uro_kidney_sel_reperfusion30_10m\data\P192_OP156_2023_10_29_Experiment1\2023_10_29_12_39_14\_hypergui_2\spectrum_fromCSV1_(500.0-995.0)_masked_data_0_derivative.csv,kidney_sel_reperfusion,P192,2023_10_29_12_39_14,P192#2023_10_29_12_39_14#CSV1,csv_spectrum,3,train
\\ces-tp3\OE0645-data-uro\TIVITA_Cat\Cat_Pig_UMM\Cat_uro_kidney\Cat_uro_kidney_sel_reperfusion30_10m\data\P192_OP156_2023_10_29_Experiment1\2023_10_29_12_39_14\_hypergui_2\spectrum_fromCSV5_(500.0-995.0)_masked_data_0_derivative.csv,kidney_sel_reperfusion,P192,2023_10_29_12_39_14,P192#2023_10_29_12_39_14#CSV5,csv_spectrum,3,train
\\ces-tp3\OE0645-data-uro\TIVITA_Cat\Cat_Pig_UMM\Cat_uro_kidney\Cat_uro_kidney_sel_reperfusion30_10m\data\P193_OP157_2023_10_30_Experiment1\2023_10_30_12_01_40\_hypergui_1\spectrum_fromCSV1_(500.0-995.0)_masked_data_0_derivative.csv,kidney_sel_reperfusion,P193,2023_10_30_12_01_40,P193#2023_10_30_12_01_40#CSV1,csv_spectrum,3,train
\\ces-tp3\OE0645-data-uro\TIVITA_Cat\Cat_Pig_UMM\Cat_uro_kidney\Cat_uro_kidney_sel_reperfusion30_10m\data\P193_OP157_2023_10_30_Experiment1\2023_10_30_12_01_40\_hypergui_1\spectrum_fromCSV5_(500.0-995.0)_masked_data_0_derivative.csv,kidney_sel_reperfusion,P193,2023_10_30_12_01_40,P193#2023_10_30_12_01_40#CSV5,csv_spectrum,3,train
\\ces-tp3\OE0645-data-uro\TIVITA_Cat\Cat_Pig_UMM\Cat_uro_kidney\Cat_uro_kidney_sel_reperfusion30_10m\data\P193_OP157_2023_10_30_Experiment1\2023_10_30_12_01_40\_hypergui_2\spectrum_fromCSV1_(500.0-995.0)_masked_data_0_derivative.csv,kidney_sel_reperfusion,P193,2023_10_30_12_01_40,P193#2023_10_30_12_01_40#CSV1,csv_spectrum,3,train
\\ces-tp3\OE0645-data-uro\TIVITA_Cat\Cat_Pig_UMM\Cat_uro_kidney\Cat_uro_kidney_sel_reperfusion30_10m\data\P193_OP157_2023_10_30_Experiment1\2023_10_30_12_01_40\_hypergui_2\spectrum_fromCSV5_(500.0-995.0)_masked_data_0_derivative.csv,kidney_sel_reperfusion,P193,2023_10_30_12_01_40,P193#2023_10_30_12_01_40#CSV5,csv_spectrum,3,train
\\ces-tp3\OE0645-data-uro\TIVITA_Cat\Cat_Pig_UMM\Cat_uro_kidney\Cat_uro_kidney_sel_reperfusion30_10m\data\P193_OP157_2023_10_30_Experiment1\2023_10_30_12_03_40\_hypergui_1\spectrum_fromCSV1_(500.0-995.0)_masked_data_0_derivative.csv,kidney_sel_reperfusion,P193,2023_10_30_12_03_40,P193#2023_10_30_12_03_40#CSV1,csv_spectrum,3,train
\\ces-tp3\OE0645-data-uro\TIVITA_Cat\Cat_Pig_UMM\Cat_uro_kidney\Cat_uro_kidney_sel_reperfusion30_10m\data\P193_OP157_2023_10_30_Experiment1\2023_10_30_12_03_40\_hypergui_1\spectrum_fromCSV5_(500.0-995.0)_masked_data_0_derivative.csv,kidney_sel_reperfusion,P193,2023_10_30_12_03_40,P193#2023_10_30_12_03_40#CSV5,csv_spectrum,3,train
\\ces-tp3\OE0645-data-uro\TIVITA_Cat\Cat_Pig_UMM\Cat_uro_kidney\Cat_uro_kidney_sel_reperfusion30_10m\data\P193_OP157_2023_10_30_Experiment1\2023_10_30_12_03_40\_hypergui_2\spectrum_fromCSV1_(500.0-995.0)_masked_data_0_derivative.csv,kidney_sel_reperfusion,P193,2023_10_30_12_03_40,P193#2023_10_30_12_03_40#CSV1,csv_spectrum,3,train
\\ces-tp3\OE0645-data-uro\TIVITA_Cat\Cat_Pig_UMM\Cat_uro_kidney\Cat_uro_kidney_sel_reperfusion30_10m\data\P193_OP157_2023_10_30_Experiment1\2023_10_30_12_03_40\_hypergui_2\spectrum_fromCSV5_(500.0-995.0)_masked_data_0_derivative.csv,kidney_sel_reperfusion,P193,2023_10_30_12_03_40,P193#2023_10_30_12_03_40#CSV5,csv_spectrum,3,train
\\ces-tp3\OE0645-data-uro\TIVITA_Cat\Cat_Pig_UMM\Cat_uro_kidney\Cat_uro_kidney_sel_reperfusion30_1m\data\P188_OP152_2023_10_22_Experiment1\2023_10_22_12_36_12\_hypergui_1\spectrum_fromCSV1_(500.0-995.0)_masked_data_0_derivative.csv,kidney_sel_reperfusion,P188,2023_10_22_12_36_12,P188#2023_10_22_12_36_12#CSV1,csv_spectrum,3,train
\\ces-tp3\OE0645-data-uro\TIVITA_Cat\Cat_Pig_UMM\Cat_uro_kidney\Cat_uro_kidney_sel_reperfusion30_1m\data\P188_OP152_2023_10_22_Experiment1\2023_10_22_12_36_12\_hypergui_1\spectrum_fromCSV5_(500.0-995.0)_masked_data_0_derivative.csv,kidney_sel_reperfusion,P188,2023_10_22_12_36_12,P188#2023_10_22_12_36_12#CSV5,csv_spectrum,3,train
\\ces-tp3\OE0645-data-uro\TIVITA_Cat\Cat_Pig_UMM\Cat_uro_kidney\Cat_uro_kidney_sel_reperfusion30_1m\data\P188_OP152_2023_10_22_Experiment1\2023_10_22_12_36_12\_hypergui_2\spectrum_fromCSV1_(500.0-995.0)_masked_data_0_derivative.csv,kidney_sel_reperfusion,P188,2023_10_22_12_36_12,P188#2023_10_22_12_36_12#CSV1,csv_spectrum,3,train
\\ces-tp3\OE0645-data-uro\TIVITA_Cat\Cat_Pig_UMM\Cat_uro_kidney\Cat_uro_kidney_sel_reperfusion30_1m\data\P188_OP152_2023_10_22_Experiment1\2023_10_22_12_36_12\_hypergui_2\spectrum_fromCSV5_(500.0-995.0)_masked_data_0_derivative.csv,kidney_sel_reperfusion,P188,2023_10_22_12_36_12,P188#2023_10_22_12_36_12#CSV5,csv_spectrum,3,train
\\ces-tp3\OE0645-data-uro\TIVITA_Cat\Cat_Pig_UMM\Cat_uro_kidney\Cat_uro_kidney_sel_reperfusion30_1m\data\P188_OP152_2023_10_22_Experiment1\2023_10_22_12_36_42\_hypergui_1\spectrum_fromCSV1_(500.0-995.0)_masked_data_0_derivative.csv,kidney_sel_reperfusion,P188,2023_10_22_12_36_42,P188#2023_10_22_12_36_42#CSV1,csv_spectrum,3,train
\\ces-tp3\OE0645-data-uro\TIVITA_Cat\Cat_Pig_UMM\Cat_uro_kidney\Cat_uro_kidney_sel_reperfusion30_1m\data\P188_OP152_2023_10_22_Experiment1\2023_10_22_12_36_42\_hypergui_1\spectrum_fromCSV5_(500.0-995.0)_masked_data_0_derivative.csv,kidney_sel_reperfusion,P188,2023_10_22_12_36_42,P188#2023_10_22_12_36_42#CSV5,csv_spectrum,3,train
\\ces-tp3\OE0645-data-uro\TIVITA_Cat\Cat_Pig_UMM\Cat_uro_kidney\Cat_uro_kidney_sel_reperfusion30_1m\data\P188_OP152_2023_10_22_Experiment1\2023_10_22_12_36_42\_hypergui_2\spectrum_fromCSV1_(500.0-995.0)_masked_data_0_derivative.csv,kidney_sel_reperfusion,P188,2023_10_22_12_36_42,P188#2023_10_22_12_36_42#CSV1,csv_spectrum,3,train
\\ces-tp3\OE0645-data-uro\TIVITA_Cat\Cat_Pig_UMM\Cat_uro_kidney\Cat_uro_kidney_sel_reperfusion30_1m\data\P188_OP152_2023_10_22_Experiment1\2023_10_22_12_36_42\_hypergui_2\spectrum_fromCSV5_(500.0-995.0)_masked_data_0_derivative.csv,kidney_sel_reperfusion,P188,2023_10_22_12_36_42,P188#2023_10_22_12_36_42#CSV5,csv_spectrum,3,train
\\ces-tp3\OE0645-data-uro\TIVITA_Cat\Cat_Pig_UMM\Cat_uro_kidney\Cat_uro_kidney_sel_reperfusion30_1m\data\P191_OP155_2023_10_28_Experiment1\2023_10_28_11_58_27\_hypergui_1\spectrum_fromCSV1_(500.0-995.0)_masked_data_0_derivative.csv,kidney_sel_reperfusion,P191,2023_10_28_11_58_27,P191#2023_10_28_11_58_27#CSV1,csv_spectrum,3,train
\\ces-tp3\OE0645-data-uro\TIVITA_Cat\Cat_Pig_UMM\Cat_uro_kidney\Cat_uro_kidney_sel_reperfusion30_1m\data\P191_OP155_2023_10_28_Experiment1\2023_10_28_11_58_27\_hypergui_1\spectrum_fromCSV5_(500.0-995.0)_masked_data_0_derivative.csv,kidney_sel_reperfusion,P191,2023_10_28_11_58_27,P191#2023_10_28_11_58_27#CSV5,csv_spectrum,3,train
\\ces-tp3\OE0645-data-uro\TIVITA_Cat\Cat_Pig_UMM\Cat_uro_kidney\Cat_uro_kidney_sel_reperfusion30_1m\data\P191_OP155_2023_10_28_Experiment1\2023_10_28_11_58_27\_hypergui_2\spectrum_fromCSV1_(500.0-995.0)_masked_data_0_derivative.csv,kidney_sel_reperfusion,P191,2023_10_28_11_58_27,P191#2023_10_28_11_58_27#CSV1,csv_spectrum,3,train
\\ces-tp3\OE0645-data-uro\TIVITA_Cat\Cat_Pig_UMM\Cat_uro_kidney\Cat_uro_kidney_sel_reperfusion30_1m\data\P191_OP155_2023_10_28_Experiment1\2023_10_28_11_58_27\_hypergui_2\spectrum_fromCSV5_(500.0-995.0)_masked_data_0_derivative.csv,kidney_sel_reperfusion,P191,2023_10_28_11_58_27,P191#2023_10_28_11_58_27#CSV5,csv_spectrum,3,train
\\ces-tp3\OE0645-data-uro\TIVITA_Cat\Cat_Pig_UMM\Cat_uro_kidney\Cat_uro_kidney_sel_reperfusion30_1m\data\P191_OP155_2023_10_28_Experiment1\2023_10_28_11_58_57\_hypergui_1\spectrum_fromCSV1_(500.0-995.0)_masked_data_0_derivative.csv,kidney_sel_reperfusion,P191,2023_10_28_11_58_57,P191#2023_10_28_11_58_57#CSV1,csv_spectrum,3,train
\\ces-tp3\OE0645-data-uro\TIVITA_Cat\Cat_Pig_UMM\Cat_uro_kidney\Cat_uro_kidney_sel_reperfusion30_1m\data\P191_OP155_2023_10_28_Experiment1\2023_10_28_11_58_57\_hypergui_1\spectrum_fromCSV5_(500.0-995.0)_masked_data_0_derivative.csv,kidney_sel_reperfusion,P191,2023_10_28_11_58_57,P191#2023_10_28_11_58_57#CSV5,csv_spectrum,3,train
\\ces-tp3\OE0645-data-uro\TIVITA_Cat\Cat_Pig_UMM\Cat_uro_kidney\Cat_uro_kidney_sel_reperfusion30_1m\data\P191_OP155_2023_10_28_Experiment1\2023_10_28_11_58_57\_hypergui_2\spectrum_fromCSV1_(500.0-995.0)_masked_data_0_derivative.csv,kidney_sel_reperfusion,P191,2023_10_28_11_58_57,P191#2023_10_28_11_58_57#CSV1,csv_spectrum,3,train
\\ces-tp3\OE0645-data-uro\TIVITA_Cat\Cat_Pig_UMM\Cat_uro_kidney\Cat_uro_kidney_sel_reperfusion30_1m\data\P191_OP155_2023_10_28_Experiment1\2023_10_28_11_58_57\_hypergui_2\spectrum_fromCSV5_(500.0-995.0)_masked_data_0_derivative.csv,kidney_sel_reperfusion,P191,2023_10_28_11_58_57,P191#2023_10_28_11_58_57#CSV5,csv_spectrum,3,train
\\ces-tp3\OE0645-data-uro\TIVITA_Cat\Cat_Pig_UMM\Cat_uro_kidney\Cat_uro_kidney_sel_reperfusion30_1m\data\P192_OP156_2023_10_29_Experiment1\2023_10_29_12_27_13\_hypergui_1\spectrum_fromCSV1_(500.0-995.0)_masked_data_0_derivative.csv,kidney_sel_reperfusion,P192,2023_10_29_12_27_13,P192#2023_10_29_12_27_13#CSV1,csv_spectrum,3,train
\\ces-tp3\OE0645-data-uro\TIVITA_Cat\Cat_Pig_UMM\Cat_uro_kidney\Cat_uro_kidney_sel_reperfusion30_1m\data\P192_OP156_2023_10_29_Experiment1\2023_10_29_12_27_13\_hypergui_1\spectrum_fromCSV5_(500.0-995.0)_masked_data_0_derivative.csv,kidney_sel_reperfusion,P192,2023_10_29_12_27_13,P192#2023_10_29_12_27_13#CSV5,csv_spectrum,3,train
\\ces-tp3\OE0645-data-uro\TIVITA_Cat\Cat_Pig_UMM\Cat_uro_kidney\Cat_uro_kidney_sel_reperfusion30_1m\data\P192_OP156_2023_10_29_Experiment1\2023_10_29_12_27_13\_hypergui_2\spectrum_fromCSV1_(500.0-995.0)_masked_data_0_derivative.csv,kidney_sel_reperfusion,P192,2023_10_29_12_27_13,P192#2023_10_29_12_27_13#CSV1,csv_spectrum,3,train
\\ces-tp3\OE0645-data-uro\TIVITA_Cat\Cat_Pig_UMM\Cat_uro_kidney\Cat_uro_kidney_sel_reperfusion30_1m\data\P192_OP156_2023_10_29_Experiment1\2023_10_29_12_27_13\_hypergui_2\spectrum_fromCSV5_(500.0-995.0)_masked_data_0_derivative.csv,kidney_sel_reperfusion,P192,2023_10_29_12_27_13,P192#2023_10_29_12_27_13#CSV5,csv_spectrum,3,train
\\ces-tp3\OE0645-data-uro\TIVITA_Cat\Cat_Pig_UMM\Cat_uro_kidney\Cat_uro_kidney_sel_reperfusion30_1m\data\P192_OP156_2023_10_29_Experiment1\2023_10_29_12_27_44\_hypergui_1\spectrum_fromCSV1_(500.0-995.0)_masked_data_0_derivative.csv,kidney_sel_reperfusion,P192,2023_10_29_12_27_44,P192#2023_10_29_12_27_44#CSV1,csv_spectrum,3,train
\\ces-tp3\OE0645-data-uro\TIVITA_Cat\Cat_Pig_UMM\Cat_uro_kidney\Cat_uro_kidney_sel_reperfusion30_1m\data\P192_OP156_2023_10_29_Experiment1\2023_10_29_12_27_44\_hypergui_1\spectrum_fromCSV5_(500.0-995.0)_masked_data_0_derivative.csv,kidney_sel_reperfusion,P192,2023_10_29_12_27_44,P192#2023_10_29_12_27_44#CSV5,csv_spectrum,3,train
\\ces-tp3\OE0645-data-uro\TIVITA_Cat\Cat_Pig_UMM\Cat_uro_kidney\Cat_uro_kidney_sel_reperfusion30_1m\data\P192_OP156_2023_10_29_Experiment1\2023_10_29_12_27_44\_hypergui_2\spectrum_fromCSV1_(500.0-995.0)_masked_data_0_derivative.csv,kidney_sel_reperfusion,P192,2023_10_29_12_27_44,P192#2023_10_29_12_27_44#CSV1,csv_spectrum,3,train
\\ces-tp3\OE0645-data-uro\TIVITA_Cat\Cat_Pig_UMM\Cat_uro_kidney\Cat_uro_kidney_sel_reperfusion30_1m\data\P192_OP156_2023_10_29_Experiment1\2023_10_29_12_27_44\_hypergui_2\spectrum_fromCSV5_(500.0-995.0)_masked_data_0_derivative.csv,kidney_sel_reperfusion,P192,2023_10_29_12_27_44,P192#2023_10_29_12_27_44#CSV5,csv_spectrum,3,train
\\ces-tp3\OE0645-data-uro\TIVITA_Cat\Cat_Pig_UMM\Cat_uro_kidney\Cat_uro_kidney_sel_reperfusion30_1m\data\P193_OP157_2023_10_30_Experiment1\2023_10_30_11_52_40\_hypergui_1\spectrum_fromCSV1_(500.0-995.0)_masked_data_0_derivative.csv,kidney_sel_reperfusion,P193,2023_10_30_11_52_40,P193#2023_10_30_11_52_40#CSV1,csv_spectrum,3,train
\\ces-tp3\OE0645-data-uro\TIVITA_Cat\Cat_Pig_UMM\Cat_uro_kidney\Cat_uro_kidney_sel_reperfusion30_1m\data\P193_OP157_2023_10_30_Experiment1\2023_10_30_11_52_40\_hypergui_1\spectrum_fromCSV5_(500.0-995.0)_masked_data_0_derivative.csv,kidney_sel_reperfusion,P193,2023_10_30_11_52_40,P193#2023_10_30_11_52_40#CSV5,csv_spectrum,3,train
\\ces-tp3\OE0645-data-uro\TIVITA_Cat\Cat_Pig_UMM\Cat_uro_kidney\Cat_uro_kidney_sel_reperfusion30_1m\data\P193_OP157_2023_10_30_Experiment1\2023_10_30_11_52_40\_hypergui_2\spectrum_fromCSV1_(500.0-995.0)_masked_data_0_derivative.csv,kidney_sel_reperfusion,P193,2023_10_30_11_52_40,P193#2023_10_30_11_52_40#CSV1,csv_spectrum,3,train
\\ces-tp3\OE0645-data-uro\TIVITA_Cat\Cat_Pig_UMM\Cat_uro_kidney\Cat_uro_kidney_sel_reperfusion30_1m\data\P193_OP157_2023_10_30_Experiment1\2023_10_30_11_52_40\_hypergui_2\spectrum_fromCSV5_(500.0-995.0)_masked_data_0_derivative.csv,kidney_sel_reperfusion,P193,2023_10_30_11_52_40,P193#2023_10_30_11_52_40#CSV5,csv_spectrum,3,train
\\ces-tp3\OE0645-data-uro\TIVITA_Cat\Cat_Pig_UMM\Cat_uro_kidney\Cat_uro_kidney_sel_reperfusion30_1m\data\P193_OP157_2023_10_30_Experiment1\2023_10_30_11_53_10\_hypergui_1\spectrum_fromCSV1_(500.0-995.0)_masked_data_0_derivative.csv,kidney_sel_reperfusion,P193,2023_10_30_11_53_10,P193#2023_10_30_11_53_10#CSV1,csv_spectrum,3,train
\\ces-tp3\OE0645-data-uro\TIVITA_Cat\Cat_Pig_UMM\Cat_uro_kidney\Cat_uro_kidney_sel_reperfusion30_1m\data\P193_OP157_2023_10_30_Experiment1\2023_10_30_11_53_10\_hypergui_1\spectrum_fromCSV5_(500.0-995.0)_masked_data_0_derivative.csv,kidney_sel_reperfusion,P193,2023_10_30_11_53_10,P193#2023_10_30_11_53_10#CSV5,csv_spectrum,3,train
\\ces-tp3\OE0645-data-uro\TIVITA_Cat\Cat_Pig_UMM\Cat_uro_kidney\Cat_uro_kidney_sel_reperfusion30_1m\data\P193_OP157_2023_10_30_Experiment1\2023_10_30_11_53_10\_hypergui_2\spectrum_fromCSV1_(500.0-995.0)_masked_data_0_derivative.csv,kidney_sel_reperfusion,P193,2023_10_30_11_53_10,P193#2023_10_30_11_53_10#CSV1,csv_spectrum,3,train
\\ces-tp3\OE0645-data-uro\TIVITA_Cat\Cat_Pig_UMM\Cat_uro_kidney\Cat_uro_kidney_sel_reperfusion30_1m\data\P193_OP157_2023_10_30_Experiment1\2023_10_30_11_53_10\_hypergui_2\spectrum_fromCSV5_(500.0-995.0)_masked_data_0_derivative.csv,kidney_sel_reperfusion,P193,2023_10_30_11_53_10,P193#2023_10_30_11_53_10#CSV5,csv_spectrum,3,train
\\ces-tp3\OE0645-data-uro\TIVITA_Cat\Cat_Pig_UMM\Cat_uro_kidney\Cat_uro_kidney_sel_reperfusion30_20m\data\P188_OP152_2023_10_22_Experiment1\2023_10_22_12_53_13\_hypergui_1\spectrum_fromCSV1_(500.0-995.0)_masked_data_0_derivative.csv,kidney_sel_reperfusion,P188,2023_10_22_12_53_13,P188#2023_10_22_12_53_13#CSV1,csv_spectrum,3,train
\\ces-tp3\OE0645-data-uro\TIVITA_Cat\Cat_Pig_UMM\Cat_uro_kidney\Cat_uro_kidney_sel_reperfusion30_20m\data\P188_OP152_2023_10_22_Experiment1\2023_10_22_12_53_13\_hypergui_1\spectrum_fromCSV5_(500.0-995.0)_masked_data_0_derivative.csv,kidney_sel_reperfusion,P188,2023_10_22_12_53_13,P188#2023_10_22_12_53_13#CSV5,csv_spectrum,3,train
\\ces-tp3\OE0645-data-uro\TIVITA_Cat\Cat_Pig_UMM\Cat_uro_kidney\Cat_uro_kidney_sel_reperfusion30_20m\data\P188_OP152_2023_10_22_Experiment1\2023_10_22_12_53_13\_hypergui_2\spectrum_fromCSV1_(500.0-995.0)_masked_data_0_derivative.csv,kidney_sel_reperfusion,P188,2023_10_22_12_53_13,P188#2023_10_22_12_53_13#CSV1,csv_spectrum,3,train
\\ces-tp3\OE0645-data-uro\TIVITA_Cat\Cat_Pig_UMM\Cat_uro_kidney\Cat_uro_kidney_sel_reperfusion30_20m\data\P188_OP152_2023_10_22_Experiment1\2023_10_22_12_53_13\_hypergui_2\spectrum_fromCSV5_(500.0-995.0)_masked_data_0_derivative.csv,kidney_sel_reperfusion,P188,2023_10_22_12_53_13,P188#2023_10_22_12_53_13#CSV5,csv_spectrum,3,train
\\ces-tp3\OE0645-data-uro\TIVITA_Cat\Cat_Pig_UMM\Cat_uro_kidney\Cat_uro_kidney_sel_reperfusion30_20m\data\P188_OP152_2023_10_22_Experiment1\2023_10_22_12_55_13\_hypergui_1\spectrum_fromCSV1_(500.0-995.0)_masked_data_0_derivative.csv,kidney_sel_reperfusion,P188,2023_10_22_12_55_13,P188#2023_10_22_12_55_13#CSV1,csv_spectrum,3,train
\\ces-tp3\OE0645-data-uro\TIVITA_Cat\Cat_Pig_UMM\Cat_uro_kidney\Cat_uro_kidney_sel_reperfusion30_20m\data\P188_OP152_2023_10_22_Experiment1\2023_10_22_12_55_13\_hypergui_1\spectrum_fromCSV5_(500.0-995.0)_masked_data_0_derivative.csv,kidney_sel_reperfusion,P188,2023_10_22_12_55_13,P188#2023_10_22_12_55_13#CSV5,csv_spectrum,3,train
\\ces-tp3\OE0645-data-uro\TIVITA_Cat\Cat_Pig_UMM\Cat_uro_kidney\Cat_uro_kidney_sel_reperfusion30_20m\data\P188_OP152_2023_10_22_Experiment1\2023_10_22_12_55_13\_hypergui_2\spectrum_fromCSV1_(500.0-995.0)_masked_data_0_derivative.csv,kidney_sel_reperfusion,P188,2023_10_22_12_55_13,P188#2023_10_22_12_55_13#CSV1,csv_spectrum,3,train
\\ces-tp3\OE0645-data-uro\TIVITA_Cat\Cat_Pig_UMM\Cat_uro_kidney\Cat_uro_kidney_sel_reperfusion30_20m\data\P188_OP152_2023_10_22_Experiment1\2023_10_22_12_55_13\_hypergui_2\spectrum_fromCSV5_(500.0-995.0)_masked_data_0_derivative.csv,kidney_sel_reperfusion,P188,2023_10_22_12_55_13,P188#2023_10_22_12_55_13#CSV5,csv_spectrum,3,train
\\ces-tp3\OE0645-data-uro\TIVITA_Cat\Cat_Pig_UMM\Cat_uro_kidney\Cat_uro_kidney_sel_reperfusion30_20m\data\P188_OP152_2023_10_22_Experiment1\2023_10_22_12_57_13\_hypergui_1\spectrum_fromCSV1_(500.0-995.0)_masked_data_0_derivative.csv,kidney_sel_reperfusion,P188,2023_10_22_12_57_13,P188#2023_10_22_12_57_13#CSV1,csv_spectrum,3,train
\\ces-tp3\OE0645-data-uro\TIVITA_Cat\Cat_Pig_UMM\Cat_uro_kidney\Cat_uro_kidney_sel_reperfusion30_20m\data\P188_OP152_2023_10_22_Experiment1\2023_10_22_12_57_13\_hypergui_1\spectrum_fromCSV5_(500.0-995.0)_masked_data_0_derivative.csv,kidney_sel_reperfusion,P188,2023_10_22_12_57_13,P188#2023_10_22_12_57_13#CSV5,csv_spectrum,3,train
\\ces-tp3\OE0645-data-uro\TIVITA_Cat\Cat_Pig_UMM\Cat_uro_kidney\Cat_uro_kidney_sel_reperfusion30_20m\data\P188_OP152_2023_10_22_Experiment1\2023_10_22_12_57_13\_hypergui_2\spectrum_fromCSV1_(500.0-995.0)_masked_data_0_derivative.csv,kidney_sel_reperfusion,P188,2023_10_22_12_57_13,P188#2023_10_22_12_57_13#CSV1,csv_spectrum,3,train
\\ces-tp3\OE0645-data-uro\TIVITA_Cat\Cat_Pig_UMM\Cat_uro_kidney\Cat_uro_kidney_sel_reperfusion30_20m\data\P188_OP152_2023_10_22_Experiment1\2023_10_22_12_57_13\_hypergui_2\spectrum_fromCSV5_(500.0-995.0)_masked_data_0_derivative.csv,kidney_sel_reperfusion,P188,2023_10_22_12_57_13,P188#2023_10_22_12_57_13#CSV5,csv_spectrum,3,train
\\ces-tp3\OE0645-data-uro\TIVITA_Cat\Cat_Pig_UMM\Cat_uro_kidney\Cat_uro_kidney_sel_reperfusion30_20m\data\P191_OP155_2023_10_28_Experiment1\2023_10_28_12_15_58\_hypergui_1\spectrum_fromCSV1_(500.0-995.0)_masked_data_0_derivative.csv,kidney_sel_reperfusion,P191,2023_10_28_12_15_58,P191#2023_10_28_12_15_58#CSV1,csv_spectrum,3,train
\\ces-tp3\OE0645-data-uro\TIVITA_Cat\Cat_Pig_UMM\Cat_uro_kidney\Cat_uro_kidney_sel_reperfusion30_20m\data\P191_OP155_2023_10_28_Experiment1\2023_10_28_12_15_58\_hypergui_1\spectrum_fromCSV5_(500.0-995.0)_masked_data_0_derivative.csv,kidney_sel_reperfusion,P191,2023_10_28_12_15_58,P191#2023_10_28_12_15_58#CSV5,csv_spectrum,3,train
\\ces-tp3\OE0645-data-uro\TIVITA_Cat\Cat_Pig_UMM\Cat_uro_kidney\Cat_uro_kidney_sel_reperfusion30_20m\data\P191_OP155_2023_10_28_Experiment1\2023_10_28_12_15_58\_hypergui_2\spectrum_fromCSV1_(500.0-995.0)_masked_data_0_derivative.csv,kidney_sel_reperfusion,P191,2023_10_28_12_15_58,P191#2023_10_28_12_15_58#CSV1,csv_spectrum,3,train
\\ces-tp3\OE0645-data-uro\TIVITA_Cat\Cat_Pig_UMM\Cat_uro_kidney\Cat_uro_kidney_sel_reperfusion30_20m\data\P191_OP155_2023_10_28_Experiment1\2023_10_28_12_15_58\_hypergui_2\spectrum_fromCSV5_(500.0-995.0)_masked_data_0_derivative.csv,kidney_sel_reperfusion,P191,2023_10_28_12_15_58,P191#2023_10_28_12_15_58#CSV5,csv_spectrum,3,train
\\ces-tp3\OE0645-data-uro\TIVITA_Cat\Cat_Pig_UMM\Cat_uro_kidney\Cat_uro_kidney_sel_reperfusion30_20m\data\P191_OP155_2023_10_28_Experiment1\2023_10_28_12_17_58\_hypergui_1\spectrum_fromCSV1_(500.0-995.0)_masked_data_0_derivative.csv,kidney_sel_reperfusion,P191,2023_10_28_12_17_58,P191#2023_10_28_12_17_58#CSV1,csv_spectrum,3,train
\\ces-tp3\OE0645-data-uro\TIVITA_Cat\Cat_Pig_UMM\Cat_uro_kidney\Cat_uro_kidney_sel_reperfusion30_20m\data\P191_OP155_2023_10_28_Experiment1\2023_10_28_12_17_58\_hypergui_1\spectrum_fromCSV5_(500.0-995.0)_masked_data_0_derivative.csv,kidney_sel_reperfusion,P191,2023_10_28_12_17_58,P191#2023_10_28_12_17_58#CSV5,csv_spectrum,3,train
\\ces-tp3\OE0645-data-uro\TIVITA_Cat\Cat_Pig_UMM\Cat_uro_kidney\Cat_uro_kidney_sel_reperfusion30_20m\data\P191_OP155_2023_10_28_Experiment1\2023_10_28_12_17_58\_hypergui_2\spectrum_fromCSV1_(500.0-995.0)_masked_data_0_derivative.csv,kidney_sel_reperfusion,P191,2023_10_28_12_17_58,P191#2023_10_28_12_17_58#CSV1,csv_spectrum,3,train
\\ces-tp3\OE0645-data-uro\TIVITA_Cat\Cat_Pig_UMM\Cat_uro_kidney\Cat_uro_kidney_sel_reperfusion30_20m\data\P191_OP155_2023_10_28_Experiment1\2023_10_28_12_17_58\_hypergui_2\spectrum_fromCSV5_(500.0-995.0)_masked_data_0_derivative.csv,kidney_sel_reperfusion,P191,2023_10_28_12_17_58,P191#2023_10_28_12_17_58#CSV5,csv_spectrum,3,train
\\ces-tp3\OE0645-data-uro\TIVITA_Cat\Cat_Pig_UMM\Cat_uro_kidney\Cat_uro_kidney_sel_reperfusion30_20m\data\P191_OP155_2023_10_28_Experiment1\2023_10_28_12_19_58\_hypergui_1\spectrum_fromCSV1_(500.0-995.0)_masked_data_0_derivative.csv,kidney_sel_reperfusion,P191,2023_10_28_12_19_58,P191#2023_10_28_12_19_58#CSV1,csv_spectrum,3,train
\\ces-tp3\OE0645-data-uro\TIVITA_Cat\Cat_Pig_UMM\Cat_uro_kidney\Cat_uro_kidney_sel_reperfusion30_20m\data\P191_OP155_2023_10_28_Experiment1\2023_10_28_12_19_58\_hypergui_1\spectrum_fromCSV5_(500.0-995.0)_masked_data_0_derivative.csv,kidney_sel_reperfusion,P191,2023_10_28_12_19_58,P191#2023_10_28_12_19_58#CSV5,csv_spectrum,3,train
\\ces-tp3\OE0645-data-uro\TIVITA_Cat\Cat_Pig_UMM\Cat_uro_kidney\Cat_uro_kidney_sel_reperfusion30_20m\data\P191_OP155_2023_10_28_Experiment1\2023_10_28_12_19_58\_hypergui_2\spectrum_fromCSV1_(500.0-995.0)_masked_data_0_derivative.csv,kidney_sel_reperfusion,P191,2023_10_28_12_19_58,P191#2023_10_28_12_19_58#CSV1,csv_spectrum,3,train
\\ces-tp3\OE0645-data-uro\TIVITA_Cat\Cat_Pig_UMM\Cat_uro_kidney\Cat_uro_kidney_sel_reperfusion30_20m\data\P191_OP155_2023_10_28_Experiment1\2023_10_28_12_19_58\_hypergui_2\spectrum_fromCSV5_(500.0-995.0)_masked_data_0_derivative.csv,kidney_sel_reperfusion,P191,2023_10_28_12_19_58,P191#2023_10_28_12_19_58#CSV5,csv_spectrum,3,train
\\ces-tp3\OE0645-data-uro\TIVITA_Cat\Cat_Pig_UMM\Cat_uro_kidney\Cat_uro_kidney_sel_reperfusion30_20m\data\P192_OP156_2023_10_29_Experiment1\2023_10_29_12_43_14\_hypergui_1\spectrum_fromCSV1_(500.0-995.0)_masked_data_0_derivative.csv,kidney_sel_reperfusion,P192,2023_10_29_12_43_14,P192#2023_10_29_12_43_14#CSV1,csv_spectrum,3,train
\\ces-tp3\OE0645-data-uro\TIVITA_Cat\Cat_Pig_UMM\Cat_uro_kidney\Cat_uro_kidney_sel_reperfusion30_20m\data\P192_OP156_2023_10_29_Experiment1\2023_10_29_12_43_14\_hypergui_1\spectrum_fromCSV5_(500.0-995.0)_masked_data_0_derivative.csv,kidney_sel_reperfusion,P192,2023_10_29_12_43_14,P192#2023_10_29_12_43_14#CSV5,csv_spectrum,3,train
\\ces-tp3\OE0645-data-uro\TIVITA_Cat\Cat_Pig_UMM\Cat_uro_kidney\Cat_uro_kidney_sel_reperfusion30_20m\data\P192_OP156_2023_10_29_Experiment1\2023_10_29_12_43_14\_hypergui_2\spectrum_fromCSV1_(500.0-995.0)_masked_data_0_derivative.csv,kidney_sel_reperfusion,P192,2023_10_29_12_43_14,P192#2023_10_29_12_43_14#CSV1,csv_spectrum,3,train
\\ces-tp3\OE0645-data-uro\TIVITA_Cat\Cat_Pig_UMM\Cat_uro_kidney\Cat_uro_kidney_sel_reperfusion30_20m\data\P192_OP156_2023_10_29_Experiment1\2023_10_29_12_43_14\_hypergui_2\spectrum_fromCSV5_(500.0-995.0)_masked_data_0_derivative.csv,kidney_sel_reperfusion,P192,2023_10_29_12_43_14,P192#2023_10_29_12_43_14#CSV5,csv_spectrum,3,train
\\ces-tp3\OE0645-data-uro\TIVITA_Cat\Cat_Pig_UMM\Cat_uro_kidney\Cat_uro_kidney_sel_reperfusion30_20m\data\P192_OP156_2023_10_29_Experiment1\2023_10_29_12_45_14\_hypergui_1\spectrum_fromCSV1_(500.0-995.0)_masked_data_0_derivative.csv,kidney_sel_reperfusion,P192,2023_10_29_12_45_14,P192#2023_10_29_12_45_14#CSV1,csv_spectrum,3,train
\\ces-tp3\OE0645-data-uro\TIVITA_Cat\Cat_Pig_UMM\Cat_uro_kidney\Cat_uro_kidney_sel_reperfusion30_20m\data\P192_OP156_2023_10_29_Experiment1\2023_10_29_12_45_14\_hypergui_1\spectrum_fromCSV5_(500.0-995.0)_masked_data_0_derivative.csv,kidney_sel_reperfusion,P192,2023_10_29_12_45_14,P192#2023_10_29_12_45_14#CSV5,csv_spectrum,3,train
\\ces-tp3\OE0645-data-uro\TIVITA_Cat\Cat_Pig_UMM\Cat_uro_kidney\Cat_uro_kidney_sel_reperfusion30_20m\data\P192_OP156_2023_10_29_Experiment1\2023_10_29_12_45_14\_hypergui_2\spectrum_fromCSV1_(500.0-995.0)_masked_data_0_derivative.csv,kidney_sel_reperfusion,P192,2023_10_29_12_45_14,P192#2023_10_29_12_45_14#CSV1,csv_spectrum,3,train
\\ces-tp3\OE0645-data-uro\TIVITA_Cat\Cat_Pig_UMM\Cat_uro_kidney\Cat_uro_kidney_sel_reperfusion30_20m\data\P192_OP156_2023_10_29_Experiment1\2023_10_29_12_45_14\_hypergui_2\spectrum_fromCSV5_(500.0-995.0)_masked_data_0_derivative.csv,kidney_sel_reperfusion,P192,2023_10_29_12_45_14,P192#2023_10_29_12_45_14#CSV5,csv_spectrum,3,train
\\ces-tp3\OE0645-data-uro\TIVITA_Cat\Cat_Pig_UMM\Cat_uro_kidney\Cat_uro_kidney_sel_reperfusion30_20m\data\P192_OP156_2023_10_29_Experiment1\2023_10_29_12_47_14\_hypergui_1\spectrum_fromCSV1_(500.0-995.0)_masked_data_0_derivative.csv,kidney_sel_reperfusion,P192,2023_10_29_12_47_14,P192#2023_10_29_12_47_14#CSV1,csv_spectrum,3,train
\\ces-tp3\OE0645-data-uro\TIVITA_Cat\Cat_Pig_UMM\Cat_uro_kidney\Cat_uro_kidney_sel_reperfusion30_20m\data\P192_OP156_2023_10_29_Experiment1\2023_10_29_12_47_14\_hypergui_1\spectrum_fromCSV5_(500.0-995.0)_masked_data_0_derivative.csv,kidney_sel_reperfusion,P192,2023_10_29_12_47_14,P192#2023_10_29_12_47_14#CSV5,csv_spectrum,3,train
\\ces-tp3\OE0645-data-uro\TIVITA_Cat\Cat_Pig_UMM\Cat_uro_kidney\Cat_uro_kidney_sel_reperfusion30_20m\data\P192_OP156_2023_10_29_Experiment1\2023_10_29_12_47_14\_hypergui_2\spectrum_fromCSV1_(500.0-995.0)_masked_data_0_derivative.csv,kidney_sel_reperfusion,P192,2023_10_29_12_47_14,P192#2023_10_29_12_47_14#CSV1,csv_spectrum,3,train
\\ces-tp3\OE0645-data-uro\TIVITA_Cat\Cat_Pig_UMM\Cat_uro_kidney\Cat_uro_kidney_sel_reperfusion30_20m\data\P192_OP156_2023_10_29_Experiment1\2023_10_29_12_47_14\_hypergui_2\spectrum_fromCSV5_(500.0-995.0)_masked_data_0_derivative.csv,kidney_sel_reperfusion,P192,2023_10_29_12_47_14,P192#2023_10_29_12_47_14#CSV5,csv_spectrum,3,train
\\ces-tp3\OE0645-data-uro\TIVITA_Cat\Cat_Pig_UMM\Cat_uro_kidney\Cat_uro_kidney_sel_reperfusion30_20m\data\P192_OP156_2023_10_29_Experiment1\2023_10_29_12_49_14\_hypergui_1\spectrum_fromCSV1_(500.0-995.0)_masked_data_0_derivative.csv,kidney_sel_reperfusion,P192,2023_10_29_12_49_14,P192#2023_10_29_12_49_14#CSV1,csv_spectrum,3,train
\\ces-tp3\OE0645-data-uro\TIVITA_Cat\Cat_Pig_UMM\Cat_uro_kidney\Cat_uro_kidney_sel_reperfusion30_20m\data\P192_OP156_2023_10_29_Experiment1\2023_10_29_12_49_14\_hypergui_1\spectrum_fromCSV5_(500.0-995.0)_masked_data_0_derivative.csv,kidney_sel_reperfusion,P192,2023_10_29_12_49_14,P192#2023_10_29_12_49_14#CSV5,csv_spectrum,3,train
\\ces-tp3\OE0645-data-uro\TIVITA_Cat\Cat_Pig_UMM\Cat_uro_kidney\Cat_uro_kidney_sel_reperfusion30_20m\data\P192_OP156_2023_10_29_Experiment1\2023_10_29_12_49_14\_hypergui_2\spectrum_fromCSV1_(500.0-995.0)_masked_data_0_derivative.csv,kidney_sel_reperfusion,P192,2023_10_29_12_49_14,P192#2023_10_29_12_49_14#CSV1,csv_spectrum,3,train
\\ces-tp3\OE0645-data-uro\TIVITA_Cat\Cat_Pig_UMM\Cat_uro_kidney\Cat_uro_kidney_sel_reperfusion30_20m\data\P192_OP156_2023_10_29_Experiment1\2023_10_29_12_49_14\_hypergui_2\spectrum_fromCSV5_(500.0-995.0)_masked_data_0_derivative.csv,kidney_sel_reperfusion,P192,2023_10_29_12_49_14,P192#2023_10_29_12_49_14#CSV5,csv_spectrum,3,train
\\ces-tp3\OE0645-data-uro\TIVITA_Cat\Cat_Pig_UMM\Cat_uro_kidney\Cat_uro_kidney_sel_reperfusion30_20m\data\P193_OP157_2023_10_30_Experiment1\2023_10_30_12_09_40\_hypergui_1\spectrum_fromCSV1_(500.0-995.0)_masked_data_0_derivative.csv,kidney_sel_reperfusion,P193,2023_10_30_12_09_40,P193#2023_10_30_12_09_40#CSV1,csv_spectrum,3,train
\\ces-tp3\OE0645-data-uro\TIVITA_Cat\Cat_Pig_UMM\Cat_uro_kidney\Cat_uro_kidney_sel_reperfusion30_20m\data\P193_OP157_2023_10_30_Experiment1\2023_10_30_12_09_40\_hypergui_1\spectrum_fromCSV5_(500.0-995.0)_masked_data_0_derivative.csv,kidney_sel_reperfusion,P193,2023_10_30_12_09_40,P193#2023_10_30_12_09_40#CSV5,csv_spectrum,3,train
\\ces-tp3\OE0645-data-uro\TIVITA_Cat\Cat_Pig_UMM\Cat_uro_kidney\Cat_uro_kidney_sel_reperfusion30_20m\data\P193_OP157_2023_10_30_Experiment1\2023_10_30_12_09_40\_hypergui_2\spectrum_fromCSV1_(500.0-995.0)_masked_data_0_derivative.csv,kidney_sel_reperfusion,P193,2023_10_30_12_09_40,P193#2023_10_30_12_09_40#CSV1,csv_spectrum,3,train
\\ces-tp3\OE0645-data-uro\TIVITA_Cat\Cat_Pig_UMM\Cat_uro_kidney\Cat_uro_kidney_sel_reperfusion30_20m\data\P193_OP157_2023_10_30_Experiment1\2023_10_30_12_09_40\_hypergui_2\spectrum_fromCSV5_(500.0-995.0)_masked_data_0_derivative.csv,kidney_sel_reperfusion,P193,2023_10_30_12_09_40,P193#2023_10_30_12_09_40#CSV5,csv_spectrum,3,train
\\ces-tp3\OE0645-data-uro\TIVITA_Cat\Cat_Pig_UMM\Cat_uro_kidney\Cat_uro_kidney_sel_reperfusion30_20m\data\P193_OP157_2023_10_30_Experiment1\2023_10_30_12_11_40\_hypergui_1\spectrum_fromCSV1_(500.0-995.0)_masked_data_0_derivative.csv,kidney_sel_reperfusion,P193,2023_10_30_12_11_40,P193#2023_10_30_12_11_40#CSV1,csv_spectrum,3,train
\\ces-tp3\OE0645-data-uro\TIVITA_Cat\Cat_Pig_UMM\Cat_uro_kidney\Cat_uro_kidney_sel_reperfusion30_20m\data\P193_OP157_2023_10_30_Experiment1\2023_10_30_12_11_40\_hypergui_1\spectrum_fromCSV5_(500.0-995.0)_masked_data_0_derivative.csv,kidney_sel_reperfusion,P193,2023_10_30_12_11_40,P193#2023_10_30_12_11_40#CSV5,csv_spectrum,3,train
\\ces-tp3\OE0645-data-uro\TIVITA_Cat\Cat_Pig_UMM\Cat_uro_kidney\Cat_uro_kidney_sel_reperfusion30_20m\data\P193_OP157_2023_10_30_Experiment1\2023_10_30_12_11_40\_hypergui_2\spectrum_fromCSV1_(500.0-995.0)_masked_data_0_derivative.csv,kidney_sel_reperfusion,P193,2023_10_30_12_11_40,P193#2023_10_30_12_11_40#CSV1,csv_spectrum,3,train
\\ces-tp3\OE0645-data-uro\TIVITA_Cat\Cat_Pig_UMM\Cat_uro_kidney\Cat_uro_kidney_sel_reperfusion30_20m\data\P193_OP157_2023_10_30_Experiment1\2023_10_30_12_11_40\_hypergui_2\spectrum_fromCSV5_(500.0-995.0)_masked_data_0_derivative.csv,kidney_sel_reperfusion,P193,2023_10_30_12_11_40,P193#2023_10_30_12_11_40#CSV5,csv_spectrum,3,train
\\ces-tp3\OE0645-data-uro\TIVITA_Cat\Cat_Pig_UMM\Cat_uro_kidney\Cat_uro_kidney_sel_reperfusion30_20m\data\P193_OP157_2023_10_30_Experiment1\2023_10_30_12_13_41\_hypergui_1\spectrum_fromCSV1_(500.0-995.0)_masked_data_0_derivative.csv,kidney_sel_reperfusion,P193,2023_10_30_12_13_41,P193#2023_10_30_12_13_41#CSV1,csv_spectrum,3,train
\\ces-tp3\OE0645-data-uro\TIVITA_Cat\Cat_Pig_UMM\Cat_uro_kidney\Cat_uro_kidney_sel_reperfusion30_20m\data\P193_OP157_2023_10_30_Experiment1\2023_10_30_12_13_41\_hypergui_1\spectrum_fromCSV5_(500.0-995.0)_masked_data_0_derivative.csv,kidney_sel_reperfusion,P193,2023_10_30_12_13_41,P193#2023_10_30_12_13_41#CSV5,csv_spectrum,3,train
\\ces-tp3\OE0645-data-uro\TIVITA_Cat\Cat_Pig_UMM\Cat_uro_kidney\Cat_uro_kidney_sel_reperfusion30_20m\data\P193_OP157_2023_10_30_Experiment1\2023_10_30_12_13_41\_hypergui_2\spectrum_fromCSV1_(500.0-995.0)_masked_data_0_derivative.csv,kidney_sel_reperfusion,P193,2023_10_30_12_13_41,P193#2023_10_30_12_13_41#CSV1,csv_spectrum,3,train
\\ces-tp3\OE0645-data-uro\TIVITA_Cat\Cat_Pig_UMM\Cat_uro_kidney\Cat_uro_kidney_sel_reperfusion30_20m\data\P193_OP157_2023_10_30_Experiment1\2023_10_30_12_13_41\_hypergui_2\spectrum_fromCSV5_(500.0-995.0)_masked_data_0_derivative.csv,kidney_sel_reperfusion,P193,2023_10_30_12_13_41,P193#2023_10_30_12_13_41#CSV5,csv_spectrum,3,train
\\ces-tp3\OE0645-data-uro\TIVITA_Cat\Cat_Pig_UMM\Cat_uro_kidney\Cat_uro_kidney_sel_reperfusion30_2m\data\P188_OP152_2023_10_22_Experiment1\2023_10_22_12_37_12\_hypergui_1\spectrum_fromCSV1_(500.0-995.0)_masked_data_0_derivative.csv,kidney_sel_reperfusion,P188,2023_10_22_12_37_12,P188#2023_10_22_12_37_12#CSV1,csv_spectrum,3,train
\\ces-tp3\OE0645-data-uro\TIVITA_Cat\Cat_Pig_UMM\Cat_uro_kidney\Cat_uro_kidney_sel_reperfusion30_2m\data\P188_OP152_2023_10_22_Experiment1\2023_10_22_12_37_12\_hypergui_1\spectrum_fromCSV5_(500.0-995.0)_masked_data_0_derivative.csv,kidney_sel_reperfusion,P188,2023_10_22_12_37_12,P188#2023_10_22_12_37_12#CSV5,csv_spectrum,3,train
\\ces-tp3\OE0645-data-uro\TIVITA_Cat\Cat_Pig_UMM\Cat_uro_kidney\Cat_uro_kidney_sel_reperfusion30_2m\data\P188_OP152_2023_10_22_Experiment1\2023_10_22_12_37_12\_hypergui_2\spectrum_fromCSV1_(500.0-995.0)_masked_data_0_derivative.csv,kidney_sel_reperfusion,P188,2023_10_22_12_37_12,P188#2023_10_22_12_37_12#CSV1,csv_spectrum,3,train
\\ces-tp3\OE0645-data-uro\TIVITA_Cat\Cat_Pig_UMM\Cat_uro_kidney\Cat_uro_kidney_sel_reperfusion30_2m\data\P188_OP152_2023_10_22_Experiment1\2023_10_22_12_37_12\_hypergui_2\spectrum_fromCSV5_(500.0-995.0)_masked_data_0_derivative.csv,kidney_sel_reperfusion,P188,2023_10_22_12_37_12,P188#2023_10_22_12_37_12#CSV5,csv_spectrum,3,train
\\ces-tp3\OE0645-data-uro\TIVITA_Cat\Cat_Pig_UMM\Cat_uro_kidney\Cat_uro_kidney_sel_reperfusion30_2m\data\P188_OP152_2023_10_22_Experiment1\2023_10_22_12_37_42\_hypergui_1\spectrum_fromCSV1_(500.0-995.0)_masked_data_0_derivative.csv,kidney_sel_reperfusion,P188,2023_10_22_12_37_42,P188#2023_10_22_12_37_42#CSV1,csv_spectrum,3,train
\\ces-tp3\OE0645-data-uro\TIVITA_Cat\Cat_Pig_UMM\Cat_uro_kidney\Cat_uro_kidney_sel_reperfusion30_2m\data\P188_OP152_2023_10_22_Experiment1\2023_10_22_12_37_42\_hypergui_1\spectrum_fromCSV5_(500.0-995.0)_masked_data_0_derivative.csv,kidney_sel_reperfusion,P188,2023_10_22_12_37_42,P188#2023_10_22_12_37_42#CSV5,csv_spectrum,3,train
\\ces-tp3\OE0645-data-uro\TIVITA_Cat\Cat_Pig_UMM\Cat_uro_kidney\Cat_uro_kidney_sel_reperfusion30_2m\data\P188_OP152_2023_10_22_Experiment1\2023_10_22_12_37_42\_hypergui_2\spectrum_fromCSV1_(500.0-995.0)_masked_data_0_derivative.csv,kidney_sel_reperfusion,P188,2023_10_22_12_37_42,P188#2023_10_22_12_37_42#CSV1,csv_spectrum,3,train
\\ces-tp3\OE0645-data-uro\TIVITA_Cat\Cat_Pig_UMM\Cat_uro_kidney\Cat_uro_kidney_sel_reperfusion30_2m\data\P188_OP152_2023_10_22_Experiment1\2023_10_22_12_37_42\_hypergui_2\spectrum_fromCSV5_(500.0-995.0)_masked_data_0_derivative.csv,kidney_sel_reperfusion,P188,2023_10_22_12_37_42,P188#2023_10_22_12_37_42#CSV5,csv_spectrum,3,train
\\ces-tp3\OE0645-data-uro\TIVITA_Cat\Cat_Pig_UMM\Cat_uro_kidney\Cat_uro_kidney_sel_reperfusion30_2m\data\P188_OP152_2023_10_22_Experiment1\2023_10_22_12_38_12\_hypergui_1\spectrum_fromCSV1_(500.0-995.0)_masked_data_0_derivative.csv,kidney_sel_reperfusion,P188,2023_10_22_12_38_12,P188#2023_10_22_12_38_12#CSV1,csv_spectrum,3,train
\\ces-tp3\OE0645-data-uro\TIVITA_Cat\Cat_Pig_UMM\Cat_uro_kidney\Cat_uro_kidney_sel_reperfusion30_2m\data\P188_OP152_2023_10_22_Experiment1\2023_10_22_12_38_12\_hypergui_1\spectrum_fromCSV5_(500.0-995.0)_masked_data_0_derivative.csv,kidney_sel_reperfusion,P188,2023_10_22_12_38_12,P188#2023_10_22_12_38_12#CSV5,csv_spectrum,3,train
\\ces-tp3\OE0645-data-uro\TIVITA_Cat\Cat_Pig_UMM\Cat_uro_kidney\Cat_uro_kidney_sel_reperfusion30_2m\data\P188_OP152_2023_10_22_Experiment1\2023_10_22_12_38_12\_hypergui_2\spectrum_fromCSV1_(500.0-995.0)_masked_data_0_derivative.csv,kidney_sel_reperfusion,P188,2023_10_22_12_38_12,P188#2023_10_22_12_38_12#CSV1,csv_spectrum,3,train
\\ces-tp3\OE0645-data-uro\TIVITA_Cat\Cat_Pig_UMM\Cat_uro_kidney\Cat_uro_kidney_sel_reperfusion30_2m\data\P188_OP152_2023_10_22_Experiment1\2023_10_22_12_38_12\_hypergui_2\spectrum_fromCSV5_(500.0-995.0)_masked_data_0_derivative.csv,kidney_sel_reperfusion,P188,2023_10_22_12_38_12,P188#2023_10_22_12_38_12#CSV5,csv_spectrum,3,train
\\ces-tp3\OE0645-data-uro\TIVITA_Cat\Cat_Pig_UMM\Cat_uro_kidney\Cat_uro_kidney_sel_reperfusion30_2m\data\P188_OP152_2023_10_22_Experiment1\2023_10_22_12_38_42\_hypergui_1\spectrum_fromCSV1_(500.0-995.0)_masked_data_0_derivative.csv,kidney_sel_reperfusion,P188,2023_10_22_12_38_42,P188#2023_10_22_12_38_42#CSV1,csv_spectrum,3,train
\\ces-tp3\OE0645-data-uro\TIVITA_Cat\Cat_Pig_UMM\Cat_uro_kidney\Cat_uro_kidney_sel_reperfusion30_2m\data\P188_OP152_2023_10_22_Experiment1\2023_10_22_12_38_42\_hypergui_1\spectrum_fromCSV5_(500.0-995.0)_masked_data_0_derivative.csv,kidney_sel_reperfusion,P188,2023_10_22_12_38_42,P188#2023_10_22_12_38_42#CSV5,csv_spectrum,3,train
\\ces-tp3\OE0645-data-uro\TIVITA_Cat\Cat_Pig_UMM\Cat_uro_kidney\Cat_uro_kidney_sel_reperfusion30_2m\data\P188_OP152_2023_10_22_Experiment1\2023_10_22_12_38_42\_hypergui_2\spectrum_fromCSV1_(500.0-995.0)_masked_data_0_derivative.csv,kidney_sel_reperfusion,P188,2023_10_22_12_38_42,P188#2023_10_22_12_38_42#CSV1,csv_spectrum,3,train
\\ces-tp3\OE0645-data-uro\TIVITA_Cat\Cat_Pig_UMM\Cat_uro_kidney\Cat_uro_kidney_sel_reperfusion30_2m\data\P188_OP152_2023_10_22_Experiment1\2023_10_22_12_38_42\_hypergui_2\spectrum_fromCSV5_(500.0-995.0)_masked_data_0_derivative.csv,kidney_sel_reperfusion,P188,2023_10_22_12_38_42,P188#2023_10_22_12_38_42#CSV5,csv_spectrum,3,train
\\ces-tp3\OE0645-data-uro\TIVITA_Cat\Cat_Pig_UMM\Cat_uro_kidney\Cat_uro_kidney_sel_reperfusion30_2m\data\P191_OP155_2023_10_28_Experiment1\2023_10_28_11_59_27\_hypergui_1\spectrum_fromCSV1_(500.0-995.0)_masked_data_0_derivative.csv,kidney_sel_reperfusion,P191,2023_10_28_11_59_27,P191#2023_10_28_11_59_27#CSV1,csv_spectrum,3,train
\\ces-tp3\OE0645-data-uro\TIVITA_Cat\Cat_Pig_UMM\Cat_uro_kidney\Cat_uro_kidney_sel_reperfusion30_2m\data\P191_OP155_2023_10_28_Experiment1\2023_10_28_11_59_27\_hypergui_1\spectrum_fromCSV5_(500.0-995.0)_masked_data_0_derivative.csv,kidney_sel_reperfusion,P191,2023_10_28_11_59_27,P191#2023_10_28_11_59_27#CSV5,csv_spectrum,3,train
\\ces-tp3\OE0645-data-uro\TIVITA_Cat\Cat_Pig_UMM\Cat_uro_kidney\Cat_uro_kidney_sel_reperfusion30_2m\data\P191_OP155_2023_10_28_Experiment1\2023_10_28_11_59_27\_hypergui_2\spectrum_fromCSV1_(500.0-995.0)_masked_data_0_derivative.csv,kidney_sel_reperfusion,P191,2023_10_28_11_59_27,P191#2023_10_28_11_59_27#CSV1,csv_spectrum,3,train
\\ces-tp3\OE0645-data-uro\TIVITA_Cat\Cat_Pig_UMM\Cat_uro_kidney\Cat_uro_kidney_sel_reperfusion30_2m\data\P191_OP155_2023_10_28_Experiment1\2023_10_28_11_59_27\_hypergui_2\spectrum_fromCSV5_(500.0-995.0)_masked_data_0_derivative.csv,kidney_sel_reperfusion,P191,2023_10_28_11_59_27,P191#2023_10_28_11_59_27#CSV5,csv_spectrum,3,train
\\ces-tp3\OE0645-data-uro\TIVITA_Cat\Cat_Pig_UMM\Cat_uro_kidney\Cat_uro_kidney_sel_reperfusion30_2m\data\P191_OP155_2023_10_28_Experiment1\2023_10_28_11_59_57\_hypergui_1\spectrum_fromCSV1_(500.0-995.0)_masked_data_0_derivative.csv,kidney_sel_reperfusion,P191,2023_10_28_11_59_57,P191#2023_10_28_11_59_57#CSV1,csv_spectrum,3,train
\\ces-tp3\OE0645-data-uro\TIVITA_Cat\Cat_Pig_UMM\Cat_uro_kidney\Cat_uro_kidney_sel_reperfusion30_2m\data\P191_OP155_2023_10_28_Experiment1\2023_10_28_11_59_57\_hypergui_1\spectrum_fromCSV5_(500.0-995.0)_masked_data_0_derivative.csv,kidney_sel_reperfusion,P191,2023_10_28_11_59_57,P191#2023_10_28_11_59_57#CSV5,csv_spectrum,3,train
\\ces-tp3\OE0645-data-uro\TIVITA_Cat\Cat_Pig_UMM\Cat_uro_kidney\Cat_uro_kidney_sel_reperfusion30_2m\data\P191_OP155_2023_10_28_Experiment1\2023_10_28_11_59_57\_hypergui_2\spectrum_fromCSV1_(500.0-995.0)_masked_data_0_derivative.csv,kidney_sel_reperfusion,P191,2023_10_28_11_59_57,P191#2023_10_28_11_59_57#CSV1,csv_spectrum,3,train
\\ces-tp3\OE0645-data-uro\TIVITA_Cat\Cat_Pig_UMM\Cat_uro_kidney\Cat_uro_kidney_sel_reperfusion30_2m\data\P191_OP155_2023_10_28_Experiment1\2023_10_28_11_59_57\_hypergui_2\spectrum_fromCSV5_(500.0-995.0)_masked_data_0_derivative.csv,kidney_sel_reperfusion,P191,2023_10_28_11_59_57,P191#2023_10_28_11_59_57#CSV5,csv_spectrum,3,train
\\ces-tp3\OE0645-data-uro\TIVITA_Cat\Cat_Pig_UMM\Cat_uro_kidney\Cat_uro_kidney_sel_reperfusion30_2m\data\P191_OP155_2023_10_28_Experiment1\2023_10_28_12_00_27\_hypergui_1\spectrum_fromCSV1_(500.0-995.0)_masked_data_0_derivative.csv,kidney_sel_reperfusion,P191,2023_10_28_12_00_27,P191#2023_10_28_12_00_27#CSV1,csv_spectrum,3,train
\\ces-tp3\OE0645-data-uro\TIVITA_Cat\Cat_Pig_UMM\Cat_uro_kidney\Cat_uro_kidney_sel_reperfusion30_2m\data\P191_OP155_2023_10_28_Experiment1\2023_10_28_12_00_27\_hypergui_1\spectrum_fromCSV5_(500.0-995.0)_masked_data_0_derivative.csv,kidney_sel_reperfusion,P191,2023_10_28_12_00_27,P191#2023_10_28_12_00_27#CSV5,csv_spectrum,3,train
\\ces-tp3\OE0645-data-uro\TIVITA_Cat\Cat_Pig_UMM\Cat_uro_kidney\Cat_uro_kidney_sel_reperfusion30_2m\data\P191_OP155_2023_10_28_Experiment1\2023_10_28_12_00_27\_hypergui_2\spectrum_fromCSV1_(500.0-995.0)_masked_data_0_derivative.csv,kidney_sel_reperfusion,P191,2023_10_28_12_00_27,P191#2023_10_28_12_00_27#CSV1,csv_spectrum,3,train
\\ces-tp3\OE0645-data-uro\TIVITA_Cat\Cat_Pig_UMM\Cat_uro_kidney\Cat_uro_kidney_sel_reperfusion30_2m\data\P191_OP155_2023_10_28_Experiment1\2023_10_28_12_00_27\_hypergui_2\spectrum_fromCSV5_(500.0-995.0)_masked_data_0_derivative.csv,kidney_sel_reperfusion,P191,2023_10_28_12_00_27,P191#2023_10_28_12_00_27#CSV5,csv_spectrum,3,train
\\ces-tp3\OE0645-data-uro\TIVITA_Cat\Cat_Pig_UMM\Cat_uro_kidney\Cat_uro_kidney_sel_reperfusion30_2m\data\P191_OP155_2023_10_28_Experiment1\2023_10_28_12_00_57\_hypergui_1\spectrum_fromCSV1_(500.0-995.0)_masked_data_0_derivative.csv,kidney_sel_reperfusion,P191,2023_10_28_12_00_57,P191#2023_10_28_12_00_57#CSV1,csv_spectrum,3,train
\\ces-tp3\OE0645-data-uro\TIVITA_Cat\Cat_Pig_UMM\Cat_uro_kidney\Cat_uro_kidney_sel_reperfusion30_2m\data\P191_OP155_2023_10_28_Experiment1\2023_10_28_12_00_57\_hypergui_1\spectrum_fromCSV5_(500.0-995.0)_masked_data_0_derivative.csv,kidney_sel_reperfusion,P191,2023_10_28_12_00_57,P191#2023_10_28_12_00_57#CSV5,csv_spectrum,3,train
\\ces-tp3\OE0645-data-uro\TIVITA_Cat\Cat_Pig_UMM\Cat_uro_kidney\Cat_uro_kidney_sel_reperfusion30_2m\data\P191_OP155_2023_10_28_Experiment1\2023_10_28_12_00_57\_hypergui_2\spectrum_fromCSV1_(500.0-995.0)_masked_data_0_derivative.csv,kidney_sel_reperfusion,P191,2023_10_28_12_00_57,P191#2023_10_28_12_00_57#CSV1,csv_spectrum,3,train
\\ces-tp3\OE0645-data-uro\TIVITA_Cat\Cat_Pig_UMM\Cat_uro_kidney\Cat_uro_kidney_sel_reperfusion30_2m\data\P191_OP155_2023_10_28_Experiment1\2023_10_28_12_00_57\_hypergui_2\spectrum_fromCSV5_(500.0-995.0)_masked_data_0_derivative.csv,kidney_sel_reperfusion,P191,2023_10_28_12_00_57,P191#2023_10_28_12_00_57#CSV5,csv_spectrum,3,train
\\ces-tp3\OE0645-data-uro\TIVITA_Cat\Cat_Pig_UMM\Cat_uro_kidney\Cat_uro_kidney_sel_reperfusion30_2m\data\P192_OP156_2023_10_29_Experiment1\2023_10_29_12_28_14\_hypergui_1\spectrum_fromCSV1_(500.0-995.0)_masked_data_0_derivative.csv,kidney_sel_reperfusion,P192,2023_10_29_12_28_14,P192#2023_10_29_12_28_14#CSV1,csv_spectrum,3,train
\\ces-tp3\OE0645-data-uro\TIVITA_Cat\Cat_Pig_UMM\Cat_uro_kidney\Cat_uro_kidney_sel_reperfusion30_2m\data\P192_OP156_2023_10_29_Experiment1\2023_10_29_12_28_14\_hypergui_1\spectrum_fromCSV5_(500.0-995.0)_masked_data_0_derivative.csv,kidney_sel_reperfusion,P192,2023_10_29_12_28_14,P192#2023_10_29_12_28_14#CSV5,csv_spectrum,3,train
\\ces-tp3\OE0645-data-uro\TIVITA_Cat\Cat_Pig_UMM\Cat_uro_kidney\Cat_uro_kidney_sel_reperfusion30_2m\data\P192_OP156_2023_10_29_Experiment1\2023_10_29_12_28_14\_hypergui_2\spectrum_fromCSV1_(500.0-995.0)_masked_data_0_derivative.csv,kidney_sel_reperfusion,P192,2023_10_29_12_28_14,P192#2023_10_29_12_28_14#CSV1,csv_spectrum,3,train
\\ces-tp3\OE0645-data-uro\TIVITA_Cat\Cat_Pig_UMM\Cat_uro_kidney\Cat_uro_kidney_sel_reperfusion30_2m\data\P192_OP156_2023_10_29_Experiment1\2023_10_29_12_28_14\_hypergui_2\spectrum_fromCSV5_(500.0-995.0)_masked_data_0_derivative.csv,kidney_sel_reperfusion,P192,2023_10_29_12_28_14,P192#2023_10_29_12_28_14#CSV5,csv_spectrum,3,train
\\ces-tp3\OE0645-data-uro\TIVITA_Cat\Cat_Pig_UMM\Cat_uro_kidney\Cat_uro_kidney_sel_reperfusion30_2m\data\P192_OP156_2023_10_29_Experiment1\2023_10_29_12_28_44\_hypergui_1\spectrum_fromCSV1_(500.0-995.0)_masked_data_0_derivative.csv,kidney_sel_reperfusion,P192,2023_10_29_12_28_44,P192#2023_10_29_12_28_44#CSV1,csv_spectrum,3,train
\\ces-tp3\OE0645-data-uro\TIVITA_Cat\Cat_Pig_UMM\Cat_uro_kidney\Cat_uro_kidney_sel_reperfusion30_2m\data\P192_OP156_2023_10_29_Experiment1\2023_10_29_12_28_44\_hypergui_1\spectrum_fromCSV5_(500.0-995.0)_masked_data_0_derivative.csv,kidney_sel_reperfusion,P192,2023_10_29_12_28_44,P192#2023_10_29_12_28_44#CSV5,csv_spectrum,3,train
\\ces-tp3\OE0645-data-uro\TIVITA_Cat\Cat_Pig_UMM\Cat_uro_kidney\Cat_uro_kidney_sel_reperfusion30_2m\data\P192_OP156_2023_10_29_Experiment1\2023_10_29_12_28_44\_hypergui_2\spectrum_fromCSV1_(500.0-995.0)_masked_data_0_derivative.csv,kidney_sel_reperfusion,P192,2023_10_29_12_28_44,P192#2023_10_29_12_28_44#CSV1,csv_spectrum,3,train
\\ces-tp3\OE0645-data-uro\TIVITA_Cat\Cat_Pig_UMM\Cat_uro_kidney\Cat_uro_kidney_sel_reperfusion30_2m\data\P192_OP156_2023_10_29_Experiment1\2023_10_29_12_28_44\_hypergui_2\spectrum_fromCSV5_(500.0-995.0)_masked_data_0_derivative.csv,kidney_sel_reperfusion,P192,2023_10_29_12_28_44,P192#2023_10_29_12_28_44#CSV5,csv_spectrum,3,train
\\ces-tp3\OE0645-data-uro\TIVITA_Cat\Cat_Pig_UMM\Cat_uro_kidney\Cat_uro_kidney_sel_reperfusion30_2m\data\P192_OP156_2023_10_29_Experiment1\2023_10_29_12_29_14\_hypergui_1\spectrum_fromCSV1_(500.0-995.0)_masked_data_0_derivative.csv,kidney_sel_reperfusion,P192,2023_10_29_12_29_14,P192#2023_10_29_12_29_14#CSV1,csv_spectrum,3,train
\\ces-tp3\OE0645-data-uro\TIVITA_Cat\Cat_Pig_UMM\Cat_uro_kidney\Cat_uro_kidney_sel_reperfusion30_2m\data\P192_OP156_2023_10_29_Experiment1\2023_10_29_12_29_14\_hypergui_1\spectrum_fromCSV5_(500.0-995.0)_masked_data_0_derivative.csv,kidney_sel_reperfusion,P192,2023_10_29_12_29_14,P192#2023_10_29_12_29_14#CSV5,csv_spectrum,3,train
\\ces-tp3\OE0645-data-uro\TIVITA_Cat\Cat_Pig_UMM\Cat_uro_kidney\Cat_uro_kidney_sel_reperfusion30_2m\data\P192_OP156_2023_10_29_Experiment1\2023_10_29_12_29_14\_hypergui_2\spectrum_fromCSV1_(500.0-995.0)_masked_data_0_derivative.csv,kidney_sel_reperfusion,P192,2023_10_29_12_29_14,P192#2023_10_29_12_29_14#CSV1,csv_spectrum,3,train
\\ces-tp3\OE0645-data-uro\TIVITA_Cat\Cat_Pig_UMM\Cat_uro_kidney\Cat_uro_kidney_sel_reperfusion30_2m\data\P192_OP156_2023_10_29_Experiment1\2023_10_29_12_29_14\_hypergui_2\spectrum_fromCSV5_(500.0-995.0)_masked_data_0_derivative.csv,kidney_sel_reperfusion,P192,2023_10_29_12_29_14,P192#2023_10_29_12_29_14#CSV5,csv_spectrum,3,train
\\ces-tp3\OE0645-data-uro\TIVITA_Cat\Cat_Pig_UMM\Cat_uro_kidney\Cat_uro_kidney_sel_reperfusion30_2m\data\P192_OP156_2023_10_29_Experiment1\2023_10_29_12_29_44\_hypergui_1\spectrum_fromCSV1_(500.0-995.0)_masked_data_0_derivative.csv,kidney_sel_reperfusion,P192,2023_10_29_12_29_44,P192#2023_10_29_12_29_44#CSV1,csv_spectrum,3,train
\\ces-tp3\OE0645-data-uro\TIVITA_Cat\Cat_Pig_UMM\Cat_uro_kidney\Cat_uro_kidney_sel_reperfusion30_2m\data\P192_OP156_2023_10_29_Experiment1\2023_10_29_12_29_44\_hypergui_1\spectrum_fromCSV5_(500.0-995.0)_masked_data_0_derivative.csv,kidney_sel_reperfusion,P192,2023_10_29_12_29_44,P192#2023_10_29_12_29_44#CSV5,csv_spectrum,3,train
\\ces-tp3\OE0645-data-uro\TIVITA_Cat\Cat_Pig_UMM\Cat_uro_kidney\Cat_uro_kidney_sel_reperfusion30_2m\data\P192_OP156_2023_10_29_Experiment1\2023_10_29_12_29_44\_hypergui_2\spectrum_fromCSV1_(500.0-995.0)_masked_data_0_derivative.csv,kidney_sel_reperfusion,P192,2023_10_29_12_29_44,P192#2023_10_29_12_29_44#CSV1,csv_spectrum,3,train
\\ces-tp3\OE0645-data-uro\TIVITA_Cat\Cat_Pig_UMM\Cat_uro_kidney\Cat_uro_kidney_sel_reperfusion30_2m\data\P192_OP156_2023_10_29_Experiment1\2023_10_29_12_29_44\_hypergui_2\spectrum_fromCSV5_(500.0-995.0)_masked_data_0_derivative.csv,kidney_sel_reperfusion,P192,2023_10_29_12_29_44,P192#2023_10_29_12_29_44#CSV5,csv_spectrum,3,train
\\ces-tp3\OE0645-data-uro\TIVITA_Cat\Cat_Pig_UMM\Cat_uro_kidney\Cat_uro_kidney_sel_reperfusion30_2m\data\P193_OP157_2023_10_30_Experiment1\2023_10_30_11_53_40\_hypergui_1\spectrum_fromCSV1_(500.0-995.0)_masked_data_0_derivative.csv,kidney_sel_reperfusion,P193,2023_10_30_11_53_40,P193#2023_10_30_11_53_40#CSV1,csv_spectrum,3,train
\\ces-tp3\OE0645-data-uro\TIVITA_Cat\Cat_Pig_UMM\Cat_uro_kidney\Cat_uro_kidney_sel_reperfusion30_2m\data\P193_OP157_2023_10_30_Experiment1\2023_10_30_11_53_40\_hypergui_1\spectrum_fromCSV5_(500.0-995.0)_masked_data_0_derivative.csv,kidney_sel_reperfusion,P193,2023_10_30_11_53_40,P193#2023_10_30_11_53_40#CSV5,csv_spectrum,3,train
\\ces-tp3\OE0645-data-uro\TIVITA_Cat\Cat_Pig_UMM\Cat_uro_kidney\Cat_uro_kidney_sel_reperfusion30_2m\data\P193_OP157_2023_10_30_Experiment1\2023_10_30_11_53_40\_hypergui_2\spectrum_fromCSV1_(500.0-995.0)_masked_data_0_derivative.csv,kidney_sel_reperfusion,P193,2023_10_30_11_53_40,P193#2023_10_30_11_53_40#CSV1,csv_spectrum,3,train
\\ces-tp3\OE0645-data-uro\TIVITA_Cat\Cat_Pig_UMM\Cat_uro_kidney\Cat_uro_kidney_sel_reperfusion30_2m\data\P193_OP157_2023_10_30_Experiment1\2023_10_30_11_53_40\_hypergui_2\spectrum_fromCSV5_(500.0-995.0)_masked_data_0_derivative.csv,kidney_sel_reperfusion,P193,2023_10_30_11_53_40,P193#2023_10_30_11_53_40#CSV5,csv_spectrum,3,train
\\ces-tp3\OE0645-data-uro\TIVITA_Cat\Cat_Pig_UMM\Cat_uro_kidney\Cat_uro_kidney_sel_reperfusion30_2m\data\P193_OP157_2023_10_30_Experiment1\2023_10_30_11_54_10\_hypergui_1\spectrum_fromCSV1_(500.0-995.0)_masked_data_0_derivative.csv,kidney_sel_reperfusion,P193,2023_10_30_11_54_10,P193#2023_10_30_11_54_10#CSV1,csv_spectrum,3,train
\\ces-tp3\OE0645-data-uro\TIVITA_Cat\Cat_Pig_UMM\Cat_uro_kidney\Cat_uro_kidney_sel_reperfusion30_2m\data\P193_OP157_2023_10_30_Experiment1\2023_10_30_11_54_10\_hypergui_1\spectrum_fromCSV5_(500.0-995.0)_masked_data_0_derivative.csv,kidney_sel_reperfusion,P193,2023_10_30_11_54_10,P193#2023_10_30_11_54_10#CSV5,csv_spectrum,3,train
\\ces-tp3\OE0645-data-uro\TIVITA_Cat\Cat_Pig_UMM\Cat_uro_kidney\Cat_uro_kidney_sel_reperfusion30_2m\data\P193_OP157_2023_10_30_Experiment1\2023_10_30_11_54_10\_hypergui_2\spectrum_fromCSV1_(500.0-995.0)_masked_data_0_derivative.csv,kidney_sel_reperfusion,P193,2023_10_30_11_54_10,P193#2023_10_30_11_54_10#CSV1,csv_spectrum,3,train
\\ces-tp3\OE0645-data-uro\TIVITA_Cat\Cat_Pig_UMM\Cat_uro_kidney\Cat_uro_kidney_sel_reperfusion30_2m\data\P193_OP157_2023_10_30_Experiment1\2023_10_30_11_54_10\_hypergui_2\spectrum_fromCSV5_(500.0-995.0)_masked_data_0_derivative.csv,kidney_sel_reperfusion,P193,2023_10_30_11_54_10,P193#2023_10_30_11_54_10#CSV5,csv_spectrum,3,train
\\ces-tp3\OE0645-data-uro\TIVITA_Cat\Cat_Pig_UMM\Cat_uro_kidney\Cat_uro_kidney_sel_reperfusion30_2m\data\P193_OP157_2023_10_30_Experiment1\2023_10_30_11_54_40\_hypergui_1\spectrum_fromCSV1_(500.0-995.0)_masked_data_0_derivative.csv,kidney_sel_reperfusion,P193,2023_10_30_11_54_40,P193#2023_10_30_11_54_40#CSV1,csv_spectrum,3,train
\\ces-tp3\OE0645-data-uro\TIVITA_Cat\Cat_Pig_UMM\Cat_uro_kidney\Cat_uro_kidney_sel_reperfusion30_2m\data\P193_OP157_2023_10_30_Experiment1\2023_10_30_11_54_40\_hypergui_1\spectrum_fromCSV5_(500.0-995.0)_masked_data_0_derivative.csv,kidney_sel_reperfusion,P193,2023_10_30_11_54_40,P193#2023_10_30_11_54_40#CSV5,csv_spectrum,3,train
\\ces-tp3\OE0645-data-uro\TIVITA_Cat\Cat_Pig_UMM\Cat_uro_kidney\Cat_uro_kidney_sel_reperfusion30_2m\data\P193_OP157_2023_10_30_Experiment1\2023_10_30_11_54_40\_hypergui_2\spectrum_fromCSV1_(500.0-995.0)_masked_data_0_derivative.csv,kidney_sel_reperfusion,P193,2023_10_30_11_54_40,P193#2023_10_30_11_54_40#CSV1,csv_spectrum,3,train
\\ces-tp3\OE0645-data-uro\TIVITA_Cat\Cat_Pig_UMM\Cat_uro_kidney\Cat_uro_kidney_sel_reperfusion30_2m\data\P193_OP157_2023_10_30_Experiment1\2023_10_30_11_54_40\_hypergui_2\spectrum_fromCSV5_(500.0-995.0)_masked_data_0_derivative.csv,kidney_sel_reperfusion,P193,2023_10_30_11_54_40,P193#2023_10_30_11_54_40#CSV5,csv_spectrum,3,train
\\ces-tp3\OE0645-data-uro\TIVITA_Cat\Cat_Pig_UMM\Cat_uro_kidney\Cat_uro_kidney_sel_reperfusion30_2m\data\P193_OP157_2023_10_30_Experiment1\2023_10_30_11_55_10\_hypergui_1\spectrum_fromCSV1_(500.0-995.0)_masked_data_0_derivative.csv,kidney_sel_reperfusion,P193,2023_10_30_11_55_10,P193#2023_10_30_11_55_10#CSV1,csv_spectrum,3,train
\\ces-tp3\OE0645-data-uro\TIVITA_Cat\Cat_Pig_UMM\Cat_uro_kidney\Cat_uro_kidney_sel_reperfusion30_2m\data\P193_OP157_2023_10_30_Experiment1\2023_10_30_11_55_10\_hypergui_1\spectrum_fromCSV5_(500.0-995.0)_masked_data_0_derivative.csv,kidney_sel_reperfusion,P193,2023_10_30_11_55_10,P193#2023_10_30_11_55_10#CSV5,csv_spectrum,3,train
\\ces-tp3\OE0645-data-uro\TIVITA_Cat\Cat_Pig_UMM\Cat_uro_kidney\Cat_uro_kidney_sel_reperfusion30_2m\data\P193_OP157_2023_10_30_Experiment1\2023_10_30_11_55_10\_hypergui_2\spectrum_fromCSV1_(500.0-995.0)_masked_data_0_derivative.csv,kidney_sel_reperfusion,P193,2023_10_30_11_55_10,P193#2023_10_30_11_55_10#CSV1,csv_spectrum,3,train
\\ces-tp3\OE0645-data-uro\TIVITA_Cat\Cat_Pig_UMM\Cat_uro_kidney\Cat_uro_kidney_sel_reperfusion30_2m\data\P193_OP157_2023_10_30_Experiment1\2023_10_30_11_55_10\_hypergui_2\spectrum_fromCSV5_(500.0-995.0)_masked_data_0_derivative.csv,kidney_sel_reperfusion,P193,2023_10_30_11_55_10,P193#2023_10_30_11_55_10#CSV5,csv_spectrum,3,train
\\ces-tp3\OE0645-data-uro\TIVITA_Cat\Cat_Pig_UMM\Cat_uro_kidney\Cat_uro_kidney_sel_reperfusion30_30m\data\P188_OP152_2023_10_22_Experiment1\2023_10_22_13_01_13\_hypergui_1\spectrum_fromCSV1_(500.0-995.0)_masked_data_0_derivative.csv,kidney_sel_reperfusion,P188,2023_10_22_13_01_13,P188#2023_10_22_13_01_13#CSV1,csv_spectrum,3,train
\\ces-tp3\OE0645-data-uro\TIVITA_Cat\Cat_Pig_UMM\Cat_uro_kidney\Cat_uro_kidney_sel_reperfusion30_30m\data\P188_OP152_2023_10_22_Experiment1\2023_10_22_13_01_13\_hypergui_1\spectrum_fromCSV5_(500.0-995.0)_masked_data_0_derivative.csv,kidney_sel_reperfusion,P188,2023_10_22_13_01_13,P188#2023_10_22_13_01_13#CSV5,csv_spectrum,3,train
\\ces-tp3\OE0645-data-uro\TIVITA_Cat\Cat_Pig_UMM\Cat_uro_kidney\Cat_uro_kidney_sel_reperfusion30_30m\data\P188_OP152_2023_10_22_Experiment1\2023_10_22_13_01_13\_hypergui_2\spectrum_fromCSV1_(500.0-995.0)_masked_data_0_derivative.csv,kidney_sel_reperfusion,P188,2023_10_22_13_01_13,P188#2023_10_22_13_01_13#CSV1,csv_spectrum,3,train
\\ces-tp3\OE0645-data-uro\TIVITA_Cat\Cat_Pig_UMM\Cat_uro_kidney\Cat_uro_kidney_sel_reperfusion30_30m\data\P188_OP152_2023_10_22_Experiment1\2023_10_22_13_01_13\_hypergui_2\spectrum_fromCSV5_(500.0-995.0)_masked_data_0_derivative.csv,kidney_sel_reperfusion,P188,2023_10_22_13_01_13,P188#2023_10_22_13_01_13#CSV5,csv_spectrum,3,train
\\ces-tp3\OE0645-data-uro\TIVITA_Cat\Cat_Pig_UMM\Cat_uro_kidney\Cat_uro_kidney_sel_reperfusion30_30m\data\P188_OP152_2023_10_22_Experiment1\2023_10_22_13_03_13\_hypergui_1\spectrum_fromCSV1_(500.0-995.0)_masked_data_0_derivative.csv,kidney_sel_reperfusion,P188,2023_10_22_13_03_13,P188#2023_10_22_13_03_13#CSV1,csv_spectrum,3,train
\\ces-tp3\OE0645-data-uro\TIVITA_Cat\Cat_Pig_UMM\Cat_uro_kidney\Cat_uro_kidney_sel_reperfusion30_30m\data\P188_OP152_2023_10_22_Experiment1\2023_10_22_13_03_13\_hypergui_1\spectrum_fromCSV5_(500.0-995.0)_masked_data_0_derivative.csv,kidney_sel_reperfusion,P188,2023_10_22_13_03_13,P188#2023_10_22_13_03_13#CSV5,csv_spectrum,3,train
\\ces-tp3\OE0645-data-uro\TIVITA_Cat\Cat_Pig_UMM\Cat_uro_kidney\Cat_uro_kidney_sel_reperfusion30_30m\data\P188_OP152_2023_10_22_Experiment1\2023_10_22_13_03_13\_hypergui_2\spectrum_fromCSV1_(500.0-995.0)_masked_data_0_derivative.csv,kidney_sel_reperfusion,P188,2023_10_22_13_03_13,P188#2023_10_22_13_03_13#CSV1,csv_spectrum,3,train
\\ces-tp3\OE0645-data-uro\TIVITA_Cat\Cat_Pig_UMM\Cat_uro_kidney\Cat_uro_kidney_sel_reperfusion30_30m\data\P188_OP152_2023_10_22_Experiment1\2023_10_22_13_03_13\_hypergui_2\spectrum_fromCSV5_(500.0-995.0)_masked_data_0_derivative.csv,kidney_sel_reperfusion,P188,2023_10_22_13_03_13,P188#2023_10_22_13_03_13#CSV5,csv_spectrum,3,train
\\ces-tp3\OE0645-data-uro\TIVITA_Cat\Cat_Pig_UMM\Cat_uro_kidney\Cat_uro_kidney_sel_reperfusion30_30m\data\P188_OP152_2023_10_22_Experiment1\2023_10_22_13_05_13\_hypergui_1\spectrum_fromCSV1_(500.0-995.0)_masked_data_0_derivative.csv,kidney_sel_reperfusion,P188,2023_10_22_13_05_13,P188#2023_10_22_13_05_13#CSV1,csv_spectrum,3,train
\\ces-tp3\OE0645-data-uro\TIVITA_Cat\Cat_Pig_UMM\Cat_uro_kidney\Cat_uro_kidney_sel_reperfusion30_30m\data\P188_OP152_2023_10_22_Experiment1\2023_10_22_13_05_13\_hypergui_1\spectrum_fromCSV5_(500.0-995.0)_masked_data_0_derivative.csv,kidney_sel_reperfusion,P188,2023_10_22_13_05_13,P188#2023_10_22_13_05_13#CSV5,csv_spectrum,3,train
\\ces-tp3\OE0645-data-uro\TIVITA_Cat\Cat_Pig_UMM\Cat_uro_kidney\Cat_uro_kidney_sel_reperfusion30_30m\data\P188_OP152_2023_10_22_Experiment1\2023_10_22_13_05_13\_hypergui_2\spectrum_fromCSV1_(500.0-995.0)_masked_data_0_derivative.csv,kidney_sel_reperfusion,P188,2023_10_22_13_05_13,P188#2023_10_22_13_05_13#CSV1,csv_spectrum,3,train
\\ces-tp3\OE0645-data-uro\TIVITA_Cat\Cat_Pig_UMM\Cat_uro_kidney\Cat_uro_kidney_sel_reperfusion30_30m\data\P188_OP152_2023_10_22_Experiment1\2023_10_22_13_05_13\_hypergui_2\spectrum_fromCSV5_(500.0-995.0)_masked_data_0_derivative.csv,kidney_sel_reperfusion,P188,2023_10_22_13_05_13,P188#2023_10_22_13_05_13#CSV5,csv_spectrum,3,train
\\ces-tp3\OE0645-data-uro\TIVITA_Cat\Cat_Pig_UMM\Cat_uro_kidney\Cat_uro_kidney_sel_reperfusion30_30m\data\P191_OP155_2023_10_28_Experiment1\2023_10_28_12_23_58\_hypergui_1\spectrum_fromCSV1_(500.0-995.0)_masked_data_0_derivative.csv,kidney_sel_reperfusion,P191,2023_10_28_12_23_58,P191#2023_10_28_12_23_58#CSV1,csv_spectrum,3,train
\\ces-tp3\OE0645-data-uro\TIVITA_Cat\Cat_Pig_UMM\Cat_uro_kidney\Cat_uro_kidney_sel_reperfusion30_30m\data\P191_OP155_2023_10_28_Experiment1\2023_10_28_12_23_58\_hypergui_1\spectrum_fromCSV5_(500.0-995.0)_masked_data_0_derivative.csv,kidney_sel_reperfusion,P191,2023_10_28_12_23_58,P191#2023_10_28_12_23_58#CSV5,csv_spectrum,3,train
\\ces-tp3\OE0645-data-uro\TIVITA_Cat\Cat_Pig_UMM\Cat_uro_kidney\Cat_uro_kidney_sel_reperfusion30_30m\data\P191_OP155_2023_10_28_Experiment1\2023_10_28_12_23_58\_hypergui_2\spectrum_fromCSV1_(500.0-995.0)_masked_data_0_derivative.csv,kidney_sel_reperfusion,P191,2023_10_28_12_23_58,P191#2023_10_28_12_23_58#CSV1,csv_spectrum,3,train
\\ces-tp3\OE0645-data-uro\TIVITA_Cat\Cat_Pig_UMM\Cat_uro_kidney\Cat_uro_kidney_sel_reperfusion30_30m\data\P191_OP155_2023_10_28_Experiment1\2023_10_28_12_23_58\_hypergui_2\spectrum_fromCSV5_(500.0-995.0)_masked_data_0_derivative.csv,kidney_sel_reperfusion,P191,2023_10_28_12_23_58,P191#2023_10_28_12_23_58#CSV5,csv_spectrum,3,train
\\ces-tp3\OE0645-data-uro\TIVITA_Cat\Cat_Pig_UMM\Cat_uro_kidney\Cat_uro_kidney_sel_reperfusion30_30m\data\P191_OP155_2023_10_28_Experiment1\2023_10_28_12_25_58\_hypergui_1\spectrum_fromCSV1_(500.0-995.0)_masked_data_0_derivative.csv,kidney_sel_reperfusion,P191,2023_10_28_12_25_58,P191#2023_10_28_12_25_58#CSV1,csv_spectrum,3,train
\\ces-tp3\OE0645-data-uro\TIVITA_Cat\Cat_Pig_UMM\Cat_uro_kidney\Cat_uro_kidney_sel_reperfusion30_30m\data\P191_OP155_2023_10_28_Experiment1\2023_10_28_12_25_58\_hypergui_1\spectrum_fromCSV5_(500.0-995.0)_masked_data_0_derivative.csv,kidney_sel_reperfusion,P191,2023_10_28_12_25_58,P191#2023_10_28_12_25_58#CSV5,csv_spectrum,3,train
\\ces-tp3\OE0645-data-uro\TIVITA_Cat\Cat_Pig_UMM\Cat_uro_kidney\Cat_uro_kidney_sel_reperfusion30_30m\data\P191_OP155_2023_10_28_Experiment1\2023_10_28_12_25_58\_hypergui_2\spectrum_fromCSV1_(500.0-995.0)_masked_data_0_derivative.csv,kidney_sel_reperfusion,P191,2023_10_28_12_25_58,P191#2023_10_28_12_25_58#CSV1,csv_spectrum,3,train
\\ces-tp3\OE0645-data-uro\TIVITA_Cat\Cat_Pig_UMM\Cat_uro_kidney\Cat_uro_kidney_sel_reperfusion30_30m\data\P191_OP155_2023_10_28_Experiment1\2023_10_28_12_25_58\_hypergui_2\spectrum_fromCSV5_(500.0-995.0)_masked_data_0_derivative.csv,kidney_sel_reperfusion,P191,2023_10_28_12_25_58,P191#2023_10_28_12_25_58#CSV5,csv_spectrum,3,train
\\ces-tp3\OE0645-data-uro\TIVITA_Cat\Cat_Pig_UMM\Cat_uro_kidney\Cat_uro_kidney_sel_reperfusion30_30m\data\P191_OP155_2023_10_28_Experiment1\2023_10_28_12_27_58\_hypergui_1\spectrum_fromCSV1_(500.0-995.0)_masked_data_0_derivative.csv,kidney_sel_reperfusion,P191,2023_10_28_12_27_58,P191#2023_10_28_12_27_58#CSV1,csv_spectrum,3,train
\\ces-tp3\OE0645-data-uro\TIVITA_Cat\Cat_Pig_UMM\Cat_uro_kidney\Cat_uro_kidney_sel_reperfusion30_30m\data\P191_OP155_2023_10_28_Experiment1\2023_10_28_12_27_58\_hypergui_1\spectrum_fromCSV5_(500.0-995.0)_masked_data_0_derivative.csv,kidney_sel_reperfusion,P191,2023_10_28_12_27_58,P191#2023_10_28_12_27_58#CSV5,csv_spectrum,3,train
\\ces-tp3\OE0645-data-uro\TIVITA_Cat\Cat_Pig_UMM\Cat_uro_kidney\Cat_uro_kidney_sel_reperfusion30_30m\data\P191_OP155_2023_10_28_Experiment1\2023_10_28_12_27_58\_hypergui_2\spectrum_fromCSV1_(500.0-995.0)_masked_data_0_derivative.csv,kidney_sel_reperfusion,P191,2023_10_28_12_27_58,P191#2023_10_28_12_27_58#CSV1,csv_spectrum,3,train
\\ces-tp3\OE0645-data-uro\TIVITA_Cat\Cat_Pig_UMM\Cat_uro_kidney\Cat_uro_kidney_sel_reperfusion30_30m\data\P191_OP155_2023_10_28_Experiment1\2023_10_28_12_27_58\_hypergui_2\spectrum_fromCSV5_(500.0-995.0)_masked_data_0_derivative.csv,kidney_sel_reperfusion,P191,2023_10_28_12_27_58,P191#2023_10_28_12_27_58#CSV5,csv_spectrum,3,train
\\ces-tp3\OE0645-data-uro\TIVITA_Cat\Cat_Pig_UMM\Cat_uro_kidney\Cat_uro_kidney_sel_reperfusion30_30m\data\P192_OP156_2023_10_29_Experiment1\2023_10_29_12_53_15\_hypergui_1\spectrum_fromCSV1_(500.0-995.0)_masked_data_0_derivative.csv,kidney_sel_reperfusion,P192,2023_10_29_12_53_15,P192#2023_10_29_12_53_15#CSV1,csv_spectrum,3,train
\\ces-tp3\OE0645-data-uro\TIVITA_Cat\Cat_Pig_UMM\Cat_uro_kidney\Cat_uro_kidney_sel_reperfusion30_30m\data\P192_OP156_2023_10_29_Experiment1\2023_10_29_12_53_15\_hypergui_1\spectrum_fromCSV5_(500.0-995.0)_masked_data_0_derivative.csv,kidney_sel_reperfusion,P192,2023_10_29_12_53_15,P192#2023_10_29_12_53_15#CSV5,csv_spectrum,3,train
\\ces-tp3\OE0645-data-uro\TIVITA_Cat\Cat_Pig_UMM\Cat_uro_kidney\Cat_uro_kidney_sel_reperfusion30_30m\data\P192_OP156_2023_10_29_Experiment1\2023_10_29_12_53_15\_hypergui_2\spectrum_fromCSV1_(500.0-995.0)_masked_data_0_derivative.csv,kidney_sel_reperfusion,P192,2023_10_29_12_53_15,P192#2023_10_29_12_53_15#CSV1,csv_spectrum,3,train
\\ces-tp3\OE0645-data-uro\TIVITA_Cat\Cat_Pig_UMM\Cat_uro_kidney\Cat_uro_kidney_sel_reperfusion30_30m\data\P192_OP156_2023_10_29_Experiment1\2023_10_29_12_53_15\_hypergui_2\spectrum_fromCSV5_(500.0-995.0)_masked_data_0_derivative.csv,kidney_sel_reperfusion,P192,2023_10_29_12_53_15,P192#2023_10_29_12_53_15#CSV5,csv_spectrum,3,train
\\ces-tp3\OE0645-data-uro\TIVITA_Cat\Cat_Pig_UMM\Cat_uro_kidney\Cat_uro_kidney_sel_reperfusion30_30m\data\P192_OP156_2023_10_29_Experiment1\2023_10_29_12_55_14\_hypergui_1\spectrum_fromCSV1_(500.0-995.0)_masked_data_0_derivative.csv,kidney_sel_reperfusion,P192,2023_10_29_12_55_14,P192#2023_10_29_12_55_14#CSV1,csv_spectrum,3,train
\\ces-tp3\OE0645-data-uro\TIVITA_Cat\Cat_Pig_UMM\Cat_uro_kidney\Cat_uro_kidney_sel_reperfusion30_30m\data\P192_OP156_2023_10_29_Experiment1\2023_10_29_12_55_14\_hypergui_1\spectrum_fromCSV5_(500.0-995.0)_masked_data_0_derivative.csv,kidney_sel_reperfusion,P192,2023_10_29_12_55_14,P192#2023_10_29_12_55_14#CSV5,csv_spectrum,3,train
\\ces-tp3\OE0645-data-uro\TIVITA_Cat\Cat_Pig_UMM\Cat_uro_kidney\Cat_uro_kidney_sel_reperfusion30_30m\data\P192_OP156_2023_10_29_Experiment1\2023_10_29_12_55_14\_hypergui_2\spectrum_fromCSV1_(500.0-995.0)_masked_data_0_derivative.csv,kidney_sel_reperfusion,P192,2023_10_29_12_55_14,P192#2023_10_29_12_55_14#CSV1,csv_spectrum,3,train
\\ces-tp3\OE0645-data-uro\TIVITA_Cat\Cat_Pig_UMM\Cat_uro_kidney\Cat_uro_kidney_sel_reperfusion30_30m\data\P192_OP156_2023_10_29_Experiment1\2023_10_29_12_55_14\_hypergui_2\spectrum_fromCSV5_(500.0-995.0)_masked_data_0_derivative.csv,kidney_sel_reperfusion,P192,2023_10_29_12_55_14,P192#2023_10_29_12_55_14#CSV5,csv_spectrum,3,train
\\ces-tp3\OE0645-data-uro\TIVITA_Cat\Cat_Pig_UMM\Cat_uro_kidney\Cat_uro_kidney_sel_reperfusion30_30m\data\P192_OP156_2023_10_29_Experiment1\2023_10_29_12_57_15\_hypergui_1\spectrum_fromCSV1_(500.0-995.0)_masked_data_0_derivative.csv,kidney_sel_reperfusion,P192,2023_10_29_12_57_15,P192#2023_10_29_12_57_15#CSV1,csv_spectrum,3,train
\\ces-tp3\OE0645-data-uro\TIVITA_Cat\Cat_Pig_UMM\Cat_uro_kidney\Cat_uro_kidney_sel_reperfusion30_30m\data\P192_OP156_2023_10_29_Experiment1\2023_10_29_12_57_15\_hypergui_1\spectrum_fromCSV5_(500.0-995.0)_masked_data_0_derivative.csv,kidney_sel_reperfusion,P192,2023_10_29_12_57_15,P192#2023_10_29_12_57_15#CSV5,csv_spectrum,3,train
\\ces-tp3\OE0645-data-uro\TIVITA_Cat\Cat_Pig_UMM\Cat_uro_kidney\Cat_uro_kidney_sel_reperfusion30_30m\data\P192_OP156_2023_10_29_Experiment1\2023_10_29_12_57_15\_hypergui_2\spectrum_fromCSV1_(500.0-995.0)_masked_data_0_derivative.csv,kidney_sel_reperfusion,P192,2023_10_29_12_57_15,P192#2023_10_29_12_57_15#CSV1,csv_spectrum,3,train
\\ces-tp3\OE0645-data-uro\TIVITA_Cat\Cat_Pig_UMM\Cat_uro_kidney\Cat_uro_kidney_sel_reperfusion30_30m\data\P192_OP156_2023_10_29_Experiment1\2023_10_29_12_57_15\_hypergui_2\spectrum_fromCSV5_(500.0-995.0)_masked_data_0_derivative.csv,kidney_sel_reperfusion,P192,2023_10_29_12_57_15,P192#2023_10_29_12_57_15#CSV5,csv_spectrum,3,train
\\ces-tp3\OE0645-data-uro\TIVITA_Cat\Cat_Pig_UMM\Cat_uro_kidney\Cat_uro_kidney_sel_reperfusion30_30m\data\P193_OP157_2023_10_30_Experiment1\2023_10_30_12_17_41\_hypergui_1\spectrum_fromCSV1_(500.0-995.0)_masked_data_0_derivative.csv,kidney_sel_reperfusion,P193,2023_10_30_12_17_41,P193#2023_10_30_12_17_41#CSV1,csv_spectrum,3,train
\\ces-tp3\OE0645-data-uro\TIVITA_Cat\Cat_Pig_UMM\Cat_uro_kidney\Cat_uro_kidney_sel_reperfusion30_30m\data\P193_OP157_2023_10_30_Experiment1\2023_10_30_12_17_41\_hypergui_1\spectrum_fromCSV5_(500.0-995.0)_masked_data_0_derivative.csv,kidney_sel_reperfusion,P193,2023_10_30_12_17_41,P193#2023_10_30_12_17_41#CSV5,csv_spectrum,3,train
\\ces-tp3\OE0645-data-uro\TIVITA_Cat\Cat_Pig_UMM\Cat_uro_kidney\Cat_uro_kidney_sel_reperfusion30_30m\data\P193_OP157_2023_10_30_Experiment1\2023_10_30_12_17_41\_hypergui_2\spectrum_fromCSV1_(500.0-995.0)_masked_data_0_derivative.csv,kidney_sel_reperfusion,P193,2023_10_30_12_17_41,P193#2023_10_30_12_17_41#CSV1,csv_spectrum,3,train
\\ces-tp3\OE0645-data-uro\TIVITA_Cat\Cat_Pig_UMM\Cat_uro_kidney\Cat_uro_kidney_sel_reperfusion30_30m\data\P193_OP157_2023_10_30_Experiment1\2023_10_30_12_17_41\_hypergui_2\spectrum_fromCSV5_(500.0-995.0)_masked_data_0_derivative.csv,kidney_sel_reperfusion,P193,2023_10_30_12_17_41,P193#2023_10_30_12_17_41#CSV5,csv_spectrum,3,train
\\ces-tp3\OE0645-data-uro\TIVITA_Cat\Cat_Pig_UMM\Cat_uro_kidney\Cat_uro_kidney_sel_reperfusion30_30m\data\P193_OP157_2023_10_30_Experiment1\2023_10_30_12_19_41\_hypergui_1\spectrum_fromCSV1_(500.0-995.0)_masked_data_0_derivative.csv,kidney_sel_reperfusion,P193,2023_10_30_12_19_41,P193#2023_10_30_12_19_41#CSV1,csv_spectrum,3,train
\\ces-tp3\OE0645-data-uro\TIVITA_Cat\Cat_Pig_UMM\Cat_uro_kidney\Cat_uro_kidney_sel_reperfusion30_30m\data\P193_OP157_2023_10_30_Experiment1\2023_10_30_12_19_41\_hypergui_1\spectrum_fromCSV5_(500.0-995.0)_masked_data_0_derivative.csv,kidney_sel_reperfusion,P193,2023_10_30_12_19_41,P193#2023_10_30_12_19_41#CSV5,csv_spectrum,3,train
\\ces-tp3\OE0645-data-uro\TIVITA_Cat\Cat_Pig_UMM\Cat_uro_kidney\Cat_uro_kidney_sel_reperfusion30_30m\data\P193_OP157_2023_10_30_Experiment1\2023_10_30_12_19_41\_hypergui_2\spectrum_fromCSV1_(500.0-995.0)_masked_data_0_derivative.csv,kidney_sel_reperfusion,P193,2023_10_30_12_19_41,P193#2023_10_30_12_19_41#CSV1,csv_spectrum,3,train
\\ces-tp3\OE0645-data-uro\TIVITA_Cat\Cat_Pig_UMM\Cat_uro_kidney\Cat_uro_kidney_sel_reperfusion30_30m\data\P193_OP157_2023_10_30_Experiment1\2023_10_30_12_19_41\_hypergui_2\spectrum_fromCSV5_(500.0-995.0)_masked_data_0_derivative.csv,kidney_sel_reperfusion,P193,2023_10_30_12_19_41,P193#2023_10_30_12_19_41#CSV5,csv_spectrum,3,train
\\ces-tp3\OE0645-data-uro\TIVITA_Cat\Cat_Pig_UMM\Cat_uro_kidney\Cat_uro_kidney_sel_reperfusion30_30m\data\P193_OP157_2023_10_30_Experiment1\2023_10_30_12_21_41\_hypergui_1\spectrum_fromCSV1_(500.0-995.0)_masked_data_0_derivative.csv,kidney_sel_reperfusion,P193,2023_10_30_12_21_41,P193#2023_10_30_12_21_41#CSV1,csv_spectrum,3,train
\\ces-tp3\OE0645-data-uro\TIVITA_Cat\Cat_Pig_UMM\Cat_uro_kidney\Cat_uro_kidney_sel_reperfusion30_30m\data\P193_OP157_2023_10_30_Experiment1\2023_10_30_12_21_41\_hypergui_1\spectrum_fromCSV5_(500.0-995.0)_masked_data_0_derivative.csv,kidney_sel_reperfusion,P193,2023_10_30_12_21_41,P193#2023_10_30_12_21_41#CSV5,csv_spectrum,3,train
\\ces-tp3\OE0645-data-uro\TIVITA_Cat\Cat_Pig_UMM\Cat_uro_kidney\Cat_uro_kidney_sel_reperfusion30_30m\data\P193_OP157_2023_10_30_Experiment1\2023_10_30_12_21_41\_hypergui_2\spectrum_fromCSV1_(500.0-995.0)_masked_data_0_derivative.csv,kidney_sel_reperfusion,P193,2023_10_30_12_21_41,P193#2023_10_30_12_21_41#CSV1,csv_spectrum,3,train
\\ces-tp3\OE0645-data-uro\TIVITA_Cat\Cat_Pig_UMM\Cat_uro_kidney\Cat_uro_kidney_sel_reperfusion30_30m\data\P193_OP157_2023_10_30_Experiment1\2023_10_30_12_21_41\_hypergui_2\spectrum_fromCSV5_(500.0-995.0)_masked_data_0_derivative.csv,kidney_sel_reperfusion,P193,2023_10_30_12_21_41,P193#2023_10_30_12_21_41#CSV5,csv_spectrum,3,train
\\ces-tp3\OE0645-data-uro\TIVITA_Cat\Cat_Pig_UMM\Cat_uro_kidney\Cat_uro_kidney_sel_reperfusion30_4m\data\P188_OP152_2023_10_22_Experiment1\2023_10_22_12_39_12\_hypergui_1\spectrum_fromCSV1_(500.0-995.0)_masked_data_0_derivative.csv,kidney_sel_reperfusion,P188,2023_10_22_12_39_12,P188#2023_10_22_12_39_12#CSV1,csv_spectrum,3,train
\\ces-tp3\OE0645-data-uro\TIVITA_Cat\Cat_Pig_UMM\Cat_uro_kidney\Cat_uro_kidney_sel_reperfusion30_4m\data\P188_OP152_2023_10_22_Experiment1\2023_10_22_12_39_12\_hypergui_1\spectrum_fromCSV5_(500.0-995.0)_masked_data_0_derivative.csv,kidney_sel_reperfusion,P188,2023_10_22_12_39_12,P188#2023_10_22_12_39_12#CSV5,csv_spectrum,3,train
\\ces-tp3\OE0645-data-uro\TIVITA_Cat\Cat_Pig_UMM\Cat_uro_kidney\Cat_uro_kidney_sel_reperfusion30_4m\data\P188_OP152_2023_10_22_Experiment1\2023_10_22_12_39_12\_hypergui_2\spectrum_fromCSV1_(500.0-995.0)_masked_data_0_derivative.csv,kidney_sel_reperfusion,P188,2023_10_22_12_39_12,P188#2023_10_22_12_39_12#CSV1,csv_spectrum,3,train
\\ces-tp3\OE0645-data-uro\TIVITA_Cat\Cat_Pig_UMM\Cat_uro_kidney\Cat_uro_kidney_sel_reperfusion30_4m\data\P188_OP152_2023_10_22_Experiment1\2023_10_22_12_39_12\_hypergui_2\spectrum_fromCSV5_(500.0-995.0)_masked_data_0_derivative.csv,kidney_sel_reperfusion,P188,2023_10_22_12_39_12,P188#2023_10_22_12_39_12#CSV5,csv_spectrum,3,train
\\ces-tp3\OE0645-data-uro\TIVITA_Cat\Cat_Pig_UMM\Cat_uro_kidney\Cat_uro_kidney_sel_reperfusion30_4m\data\P188_OP152_2023_10_22_Experiment1\2023_10_22_12_39_42\_hypergui_1\spectrum_fromCSV1_(500.0-995.0)_masked_data_0_derivative.csv,kidney_sel_reperfusion,P188,2023_10_22_12_39_42,P188#2023_10_22_12_39_42#CSV1,csv_spectrum,3,train
\\ces-tp3\OE0645-data-uro\TIVITA_Cat\Cat_Pig_UMM\Cat_uro_kidney\Cat_uro_kidney_sel_reperfusion30_4m\data\P188_OP152_2023_10_22_Experiment1\2023_10_22_12_39_42\_hypergui_1\spectrum_fromCSV5_(500.0-995.0)_masked_data_0_derivative.csv,kidney_sel_reperfusion,P188,2023_10_22_12_39_42,P188#2023_10_22_12_39_42#CSV5,csv_spectrum,3,train
\\ces-tp3\OE0645-data-uro\TIVITA_Cat\Cat_Pig_UMM\Cat_uro_kidney\Cat_uro_kidney_sel_reperfusion30_4m\data\P188_OP152_2023_10_22_Experiment1\2023_10_22_12_39_42\_hypergui_2\spectrum_fromCSV1_(500.0-995.0)_masked_data_0_derivative.csv,kidney_sel_reperfusion,P188,2023_10_22_12_39_42,P188#2023_10_22_12_39_42#CSV1,csv_spectrum,3,train
\\ces-tp3\OE0645-data-uro\TIVITA_Cat\Cat_Pig_UMM\Cat_uro_kidney\Cat_uro_kidney_sel_reperfusion30_4m\data\P188_OP152_2023_10_22_Experiment1\2023_10_22_12_39_42\_hypergui_2\spectrum_fromCSV5_(500.0-995.0)_masked_data_0_derivative.csv,kidney_sel_reperfusion,P188,2023_10_22_12_39_42,P188#2023_10_22_12_39_42#CSV5,csv_spectrum,3,train
\\ces-tp3\OE0645-data-uro\TIVITA_Cat\Cat_Pig_UMM\Cat_uro_kidney\Cat_uro_kidney_sel_reperfusion30_4m\data\P188_OP152_2023_10_22_Experiment1\2023_10_22_12_40_12\_hypergui_1\spectrum_fromCSV1_(500.0-995.0)_masked_data_0_derivative.csv,kidney_sel_reperfusion,P188,2023_10_22_12_40_12,P188#2023_10_22_12_40_12#CSV1,csv_spectrum,3,train
\\ces-tp3\OE0645-data-uro\TIVITA_Cat\Cat_Pig_UMM\Cat_uro_kidney\Cat_uro_kidney_sel_reperfusion30_4m\data\P188_OP152_2023_10_22_Experiment1\2023_10_22_12_40_12\_hypergui_1\spectrum_fromCSV5_(500.0-995.0)_masked_data_0_derivative.csv,kidney_sel_reperfusion,P188,2023_10_22_12_40_12,P188#2023_10_22_12_40_12#CSV5,csv_spectrum,3,train
\\ces-tp3\OE0645-data-uro\TIVITA_Cat\Cat_Pig_UMM\Cat_uro_kidney\Cat_uro_kidney_sel_reperfusion30_4m\data\P188_OP152_2023_10_22_Experiment1\2023_10_22_12_40_12\_hypergui_2\spectrum_fromCSV1_(500.0-995.0)_masked_data_0_derivative.csv,kidney_sel_reperfusion,P188,2023_10_22_12_40_12,P188#2023_10_22_12_40_12#CSV1,csv_spectrum,3,train
\\ces-tp3\OE0645-data-uro\TIVITA_Cat\Cat_Pig_UMM\Cat_uro_kidney\Cat_uro_kidney_sel_reperfusion30_4m\data\P188_OP152_2023_10_22_Experiment1\2023_10_22_12_40_12\_hypergui_2\spectrum_fromCSV5_(500.0-995.0)_masked_data_0_derivative.csv,kidney_sel_reperfusion,P188,2023_10_22_12_40_12,P188#2023_10_22_12_40_12#CSV5,csv_spectrum,3,train
\\ces-tp3\OE0645-data-uro\TIVITA_Cat\Cat_Pig_UMM\Cat_uro_kidney\Cat_uro_kidney_sel_reperfusion30_4m\data\P191_OP155_2023_10_28_Experiment1\2023_10_28_12_01_28\_hypergui_1\spectrum_fromCSV1_(500.0-995.0)_masked_data_0_derivative.csv,kidney_sel_reperfusion,P191,2023_10_28_12_01_28,P191#2023_10_28_12_01_28#CSV1,csv_spectrum,3,train
\\ces-tp3\OE0645-data-uro\TIVITA_Cat\Cat_Pig_UMM\Cat_uro_kidney\Cat_uro_kidney_sel_reperfusion30_4m\data\P191_OP155_2023_10_28_Experiment1\2023_10_28_12_01_28\_hypergui_1\spectrum_fromCSV5_(500.0-995.0)_masked_data_0_derivative.csv,kidney_sel_reperfusion,P191,2023_10_28_12_01_28,P191#2023_10_28_12_01_28#CSV5,csv_spectrum,3,train
\\ces-tp3\OE0645-data-uro\TIVITA_Cat\Cat_Pig_UMM\Cat_uro_kidney\Cat_uro_kidney_sel_reperfusion30_4m\data\P191_OP155_2023_10_28_Experiment1\2023_10_28_12_01_28\_hypergui_2\spectrum_fromCSV1_(500.0-995.0)_masked_data_0_derivative.csv,kidney_sel_reperfusion,P191,2023_10_28_12_01_28,P191#2023_10_28_12_01_28#CSV1,csv_spectrum,3,train
\\ces-tp3\OE0645-data-uro\TIVITA_Cat\Cat_Pig_UMM\Cat_uro_kidney\Cat_uro_kidney_sel_reperfusion30_4m\data\P191_OP155_2023_10_28_Experiment1\2023_10_28_12_01_28\_hypergui_2\spectrum_fromCSV5_(500.0-995.0)_masked_data_0_derivative.csv,kidney_sel_reperfusion,P191,2023_10_28_12_01_28,P191#2023_10_28_12_01_28#CSV5,csv_spectrum,3,train
\\ces-tp3\OE0645-data-uro\TIVITA_Cat\Cat_Pig_UMM\Cat_uro_kidney\Cat_uro_kidney_sel_reperfusion30_4m\data\P191_OP155_2023_10_28_Experiment1\2023_10_28_12_01_58\_hypergui_1\spectrum_fromCSV1_(500.0-995.0)_masked_data_0_derivative.csv,kidney_sel_reperfusion,P191,2023_10_28_12_01_58,P191#2023_10_28_12_01_58#CSV1,csv_spectrum,3,train
\\ces-tp3\OE0645-data-uro\TIVITA_Cat\Cat_Pig_UMM\Cat_uro_kidney\Cat_uro_kidney_sel_reperfusion30_4m\data\P191_OP155_2023_10_28_Experiment1\2023_10_28_12_01_58\_hypergui_1\spectrum_fromCSV5_(500.0-995.0)_masked_data_0_derivative.csv,kidney_sel_reperfusion,P191,2023_10_28_12_01_58,P191#2023_10_28_12_01_58#CSV5,csv_spectrum,3,train
\\ces-tp3\OE0645-data-uro\TIVITA_Cat\Cat_Pig_UMM\Cat_uro_kidney\Cat_uro_kidney_sel_reperfusion30_4m\data\P191_OP155_2023_10_28_Experiment1\2023_10_28_12_01_58\_hypergui_2\spectrum_fromCSV1_(500.0-995.0)_masked_data_0_derivative.csv,kidney_sel_reperfusion,P191,2023_10_28_12_01_58,P191#2023_10_28_12_01_58#CSV1,csv_spectrum,3,train
\\ces-tp3\OE0645-data-uro\TIVITA_Cat\Cat_Pig_UMM\Cat_uro_kidney\Cat_uro_kidney_sel_reperfusion30_4m\data\P191_OP155_2023_10_28_Experiment1\2023_10_28_12_01_58\_hypergui_2\spectrum_fromCSV5_(500.0-995.0)_masked_data_0_derivative.csv,kidney_sel_reperfusion,P191,2023_10_28_12_01_58,P191#2023_10_28_12_01_58#CSV5,csv_spectrum,3,train
\\ces-tp3\OE0645-data-uro\TIVITA_Cat\Cat_Pig_UMM\Cat_uro_kidney\Cat_uro_kidney_sel_reperfusion30_4m\data\P191_OP155_2023_10_28_Experiment1\2023_10_28_12_02_58\_hypergui_1\spectrum_fromCSV1_(500.0-995.0)_masked_data_0_derivative.csv,kidney_sel_reperfusion,P191,2023_10_28_12_02_58,P191#2023_10_28_12_02_58#CSV1,csv_spectrum,3,train
\\ces-tp3\OE0645-data-uro\TIVITA_Cat\Cat_Pig_UMM\Cat_uro_kidney\Cat_uro_kidney_sel_reperfusion30_4m\data\P191_OP155_2023_10_28_Experiment1\2023_10_28_12_02_58\_hypergui_1\spectrum_fromCSV5_(500.0-995.0)_masked_data_0_derivative.csv,kidney_sel_reperfusion,P191,2023_10_28_12_02_58,P191#2023_10_28_12_02_58#CSV5,csv_spectrum,3,train
\\ces-tp3\OE0645-data-uro\TIVITA_Cat\Cat_Pig_UMM\Cat_uro_kidney\Cat_uro_kidney_sel_reperfusion30_4m\data\P191_OP155_2023_10_28_Experiment1\2023_10_28_12_02_58\_hypergui_2\spectrum_fromCSV1_(500.0-995.0)_masked_data_0_derivative.csv,kidney_sel_reperfusion,P191,2023_10_28_12_02_58,P191#2023_10_28_12_02_58#CSV1,csv_spectrum,3,train
\\ces-tp3\OE0645-data-uro\TIVITA_Cat\Cat_Pig_UMM\Cat_uro_kidney\Cat_uro_kidney_sel_reperfusion30_4m\data\P191_OP155_2023_10_28_Experiment1\2023_10_28_12_02_58\_hypergui_2\spectrum_fromCSV5_(500.0-995.0)_masked_data_0_derivative.csv,kidney_sel_reperfusion,P191,2023_10_28_12_02_58,P191#2023_10_28_12_02_58#CSV5,csv_spectrum,3,train
\\ces-tp3\OE0645-data-uro\TIVITA_Cat\Cat_Pig_UMM\Cat_uro_kidney\Cat_uro_kidney_sel_reperfusion30_4m\data\P192_OP156_2023_10_29_Experiment1\2023_10_29_12_30_14\_hypergui_1\spectrum_fromCSV1_(500.0-995.0)_masked_data_0_derivative.csv,kidney_sel_reperfusion,P192,2023_10_29_12_30_14,P192#2023_10_29_12_30_14#CSV1,csv_spectrum,3,train
\\ces-tp3\OE0645-data-uro\TIVITA_Cat\Cat_Pig_UMM\Cat_uro_kidney\Cat_uro_kidney_sel_reperfusion30_4m\data\P192_OP156_2023_10_29_Experiment1\2023_10_29_12_30_14\_hypergui_1\spectrum_fromCSV5_(500.0-995.0)_masked_data_0_derivative.csv,kidney_sel_reperfusion,P192,2023_10_29_12_30_14,P192#2023_10_29_12_30_14#CSV5,csv_spectrum,3,train
\\ces-tp3\OE0645-data-uro\TIVITA_Cat\Cat_Pig_UMM\Cat_uro_kidney\Cat_uro_kidney_sel_reperfusion30_4m\data\P192_OP156_2023_10_29_Experiment1\2023_10_29_12_30_14\_hypergui_2\spectrum_fromCSV1_(500.0-995.0)_masked_data_0_derivative.csv,kidney_sel_reperfusion,P192,2023_10_29_12_30_14,P192#2023_10_29_12_30_14#CSV1,csv_spectrum,3,train
\\ces-tp3\OE0645-data-uro\TIVITA_Cat\Cat_Pig_UMM\Cat_uro_kidney\Cat_uro_kidney_sel_reperfusion30_4m\data\P192_OP156_2023_10_29_Experiment1\2023_10_29_12_30_14\_hypergui_2\spectrum_fromCSV5_(500.0-995.0)_masked_data_0_derivative.csv,kidney_sel_reperfusion,P192,2023_10_29_12_30_14,P192#2023_10_29_12_30_14#CSV5,csv_spectrum,3,train
\\ces-tp3\OE0645-data-uro\TIVITA_Cat\Cat_Pig_UMM\Cat_uro_kidney\Cat_uro_kidney_sel_reperfusion30_4m\data\P192_OP156_2023_10_29_Experiment1\2023_10_29_12_30_44\_hypergui_1\spectrum_fromCSV1_(500.0-995.0)_masked_data_0_derivative.csv,kidney_sel_reperfusion,P192,2023_10_29_12_30_44,P192#2023_10_29_12_30_44#CSV1,csv_spectrum,3,train
\\ces-tp3\OE0645-data-uro\TIVITA_Cat\Cat_Pig_UMM\Cat_uro_kidney\Cat_uro_kidney_sel_reperfusion30_4m\data\P192_OP156_2023_10_29_Experiment1\2023_10_29_12_30_44\_hypergui_1\spectrum_fromCSV5_(500.0-995.0)_masked_data_0_derivative.csv,kidney_sel_reperfusion,P192,2023_10_29_12_30_44,P192#2023_10_29_12_30_44#CSV5,csv_spectrum,3,train
\\ces-tp3\OE0645-data-uro\TIVITA_Cat\Cat_Pig_UMM\Cat_uro_kidney\Cat_uro_kidney_sel_reperfusion30_4m\data\P192_OP156_2023_10_29_Experiment1\2023_10_29_12_30_44\_hypergui_2\spectrum_fromCSV1_(500.0-995.0)_masked_data_0_derivative.csv,kidney_sel_reperfusion,P192,2023_10_29_12_30_44,P192#2023_10_29_12_30_44#CSV1,csv_spectrum,3,train
\\ces-tp3\OE0645-data-uro\TIVITA_Cat\Cat_Pig_UMM\Cat_uro_kidney\Cat_uro_kidney_sel_reperfusion30_4m\data\P192_OP156_2023_10_29_Experiment1\2023_10_29_12_30_44\_hypergui_2\spectrum_fromCSV5_(500.0-995.0)_masked_data_0_derivative.csv,kidney_sel_reperfusion,P192,2023_10_29_12_30_44,P192#2023_10_29_12_30_44#CSV5,csv_spectrum,3,train
\\ces-tp3\OE0645-data-uro\TIVITA_Cat\Cat_Pig_UMM\Cat_uro_kidney\Cat_uro_kidney_sel_reperfusion30_4m\data\P192_OP156_2023_10_29_Experiment1\2023_10_29_12_31_14\_hypergui_1\spectrum_fromCSV1_(500.0-995.0)_masked_data_0_derivative.csv,kidney_sel_reperfusion,P192,2023_10_29_12_31_14,P192#2023_10_29_12_31_14#CSV1,csv_spectrum,3,train
\\ces-tp3\OE0645-data-uro\TIVITA_Cat\Cat_Pig_UMM\Cat_uro_kidney\Cat_uro_kidney_sel_reperfusion30_4m\data\P192_OP156_2023_10_29_Experiment1\2023_10_29_12_31_14\_hypergui_1\spectrum_fromCSV5_(500.0-995.0)_masked_data_0_derivative.csv,kidney_sel_reperfusion,P192,2023_10_29_12_31_14,P192#2023_10_29_12_31_14#CSV5,csv_spectrum,3,train
\\ces-tp3\OE0645-data-uro\TIVITA_Cat\Cat_Pig_UMM\Cat_uro_kidney\Cat_uro_kidney_sel_reperfusion30_4m\data\P192_OP156_2023_10_29_Experiment1\2023_10_29_12_31_14\_hypergui_2\spectrum_fromCSV1_(500.0-995.0)_masked_data_0_derivative.csv,kidney_sel_reperfusion,P192,2023_10_29_12_31_14,P192#2023_10_29_12_31_14#CSV1,csv_spectrum,3,train
\\ces-tp3\OE0645-data-uro\TIVITA_Cat\Cat_Pig_UMM\Cat_uro_kidney\Cat_uro_kidney_sel_reperfusion30_4m\data\P192_OP156_2023_10_29_Experiment1\2023_10_29_12_31_14\_hypergui_2\spectrum_fromCSV5_(500.0-995.0)_masked_data_0_derivative.csv,kidney_sel_reperfusion,P192,2023_10_29_12_31_14,P192#2023_10_29_12_31_14#CSV5,csv_spectrum,3,train
\\ces-tp3\OE0645-data-uro\TIVITA_Cat\Cat_Pig_UMM\Cat_uro_kidney\Cat_uro_kidney_sel_reperfusion30_4m\data\P193_OP157_2023_10_30_Experiment1\2023_10_30_11_55_40\_hypergui_1\spectrum_fromCSV1_(500.0-995.0)_masked_data_0_derivative.csv,kidney_sel_reperfusion,P193,2023_10_30_11_55_40,P193#2023_10_30_11_55_40#CSV1,csv_spectrum,3,train
\\ces-tp3\OE0645-data-uro\TIVITA_Cat\Cat_Pig_UMM\Cat_uro_kidney\Cat_uro_kidney_sel_reperfusion30_4m\data\P193_OP157_2023_10_30_Experiment1\2023_10_30_11_55_40\_hypergui_1\spectrum_fromCSV5_(500.0-995.0)_masked_data_0_derivative.csv,kidney_sel_reperfusion,P193,2023_10_30_11_55_40,P193#2023_10_30_11_55_40#CSV5,csv_spectrum,3,train
\\ces-tp3\OE0645-data-uro\TIVITA_Cat\Cat_Pig_UMM\Cat_uro_kidney\Cat_uro_kidney_sel_reperfusion30_4m\data\P193_OP157_2023_10_30_Experiment1\2023_10_30_11_55_40\_hypergui_2\spectrum_fromCSV1_(500.0-995.0)_masked_data_0_derivative.csv,kidney_sel_reperfusion,P193,2023_10_30_11_55_40,P193#2023_10_30_11_55_40#CSV1,csv_spectrum,3,train
\\ces-tp3\OE0645-data-uro\TIVITA_Cat\Cat_Pig_UMM\Cat_uro_kidney\Cat_uro_kidney_sel_reperfusion30_4m\data\P193_OP157_2023_10_30_Experiment1\2023_10_30_11_55_40\_hypergui_2\spectrum_fromCSV5_(500.0-995.0)_masked_data_0_derivative.csv,kidney_sel_reperfusion,P193,2023_10_30_11_55_40,P193#2023_10_30_11_55_40#CSV5,csv_spectrum,3,train
\\ces-tp3\OE0645-data-uro\TIVITA_Cat\Cat_Pig_UMM\Cat_uro_kidney\Cat_uro_kidney_sel_reperfusion30_4m\data\P193_OP157_2023_10_30_Experiment1\2023_10_30_11_56_10\_hypergui_1\spectrum_fromCSV1_(500.0-995.0)_masked_data_0_derivative.csv,kidney_sel_reperfusion,P193,2023_10_30_11_56_10,P193#2023_10_30_11_56_10#CSV1,csv_spectrum,3,train
\\ces-tp3\OE0645-data-uro\TIVITA_Cat\Cat_Pig_UMM\Cat_uro_kidney\Cat_uro_kidney_sel_reperfusion30_4m\data\P193_OP157_2023_10_30_Experiment1\2023_10_30_11_56_10\_hypergui_1\spectrum_fromCSV5_(500.0-995.0)_masked_data_0_derivative.csv,kidney_sel_reperfusion,P193,2023_10_30_11_56_10,P193#2023_10_30_11_56_10#CSV5,csv_spectrum,3,train
\\ces-tp3\OE0645-data-uro\TIVITA_Cat\Cat_Pig_UMM\Cat_uro_kidney\Cat_uro_kidney_sel_reperfusion30_4m\data\P193_OP157_2023_10_30_Experiment1\2023_10_30_11_56_10\_hypergui_2\spectrum_fromCSV1_(500.0-995.0)_masked_data_0_derivative.csv,kidney_sel_reperfusion,P193,2023_10_30_11_56_10,P193#2023_10_30_11_56_10#CSV1,csv_spectrum,3,train
\\ces-tp3\OE0645-data-uro\TIVITA_Cat\Cat_Pig_UMM\Cat_uro_kidney\Cat_uro_kidney_sel_reperfusion30_4m\data\P193_OP157_2023_10_30_Experiment1\2023_10_30_11_56_10\_hypergui_2\spectrum_fromCSV5_(500.0-995.0)_masked_data_0_derivative.csv,kidney_sel_reperfusion,P193,2023_10_30_11_56_10,P193#2023_10_30_11_56_10#CSV5,csv_spectrum,3,train
\\ces-tp3\OE0645-data-uro\TIVITA_Cat\Cat_Pig_UMM\Cat_uro_kidney\Cat_uro_kidney_sel_reperfusion30_4m\data\P193_OP157_2023_10_30_Experiment1\2023_10_30_11_56_40\_hypergui_1\spectrum_fromCSV1_(500.0-995.0)_masked_data_0_derivative.csv,kidney_sel_reperfusion,P193,2023_10_30_11_56_40,P193#2023_10_30_11_56_40#CSV1,csv_spectrum,3,train
\\ces-tp3\OE0645-data-uro\TIVITA_Cat\Cat_Pig_UMM\Cat_uro_kidney\Cat_uro_kidney_sel_reperfusion30_4m\data\P193_OP157_2023_10_30_Experiment1\2023_10_30_11_56_40\_hypergui_1\spectrum_fromCSV5_(500.0-995.0)_masked_data_0_derivative.csv,kidney_sel_reperfusion,P193,2023_10_30_11_56_40,P193#2023_10_30_11_56_40#CSV5,csv_spectrum,3,train
\\ces-tp3\OE0645-data-uro\TIVITA_Cat\Cat_Pig_UMM\Cat_uro_kidney\Cat_uro_kidney_sel_reperfusion30_4m\data\P193_OP157_2023_10_30_Experiment1\2023_10_30_11_56_40\_hypergui_2\spectrum_fromCSV1_(500.0-995.0)_masked_data_0_derivative.csv,kidney_sel_reperfusion,P193,2023_10_30_11_56_40,P193#2023_10_30_11_56_40#CSV1,csv_spectrum,3,train
\\ces-tp3\OE0645-data-uro\TIVITA_Cat\Cat_Pig_UMM\Cat_uro_kidney\Cat_uro_kidney_sel_reperfusion30_4m\data\P193_OP157_2023_10_30_Experiment1\2023_10_30_11_56_40\_hypergui_2\spectrum_fromCSV5_(500.0-995.0)_masked_data_0_derivative.csv,kidney_sel_reperfusion,P193,2023_10_30_11_56_40,P193#2023_10_30_11_56_40#CSV5,csv_spectrum,3,train
\\ces-tp3\OE0645-data-uro\TIVITA_Cat\Cat_Pig_UMM\Cat_uro_kidney\Cat_uro_kidney_sel_reperfusion30_6m\data\P188_OP152_2023_10_22_Experiment1\2023_10_22_12_41_12\_hypergui_1\spectrum_fromCSV1_(500.0-995.0)_masked_data_0_derivative.csv,kidney_sel_reperfusion,P188,2023_10_22_12_41_12,P188#2023_10_22_12_41_12#CSV1,csv_spectrum,3,train
\\ces-tp3\OE0645-data-uro\TIVITA_Cat\Cat_Pig_UMM\Cat_uro_kidney\Cat_uro_kidney_sel_reperfusion30_6m\data\P188_OP152_2023_10_22_Experiment1\2023_10_22_12_41_12\_hypergui_1\spectrum_fromCSV5_(500.0-995.0)_masked_data_0_derivative.csv,kidney_sel_reperfusion,P188,2023_10_22_12_41_12,P188#2023_10_22_12_41_12#CSV5,csv_spectrum,3,train
\\ces-tp3\OE0645-data-uro\TIVITA_Cat\Cat_Pig_UMM\Cat_uro_kidney\Cat_uro_kidney_sel_reperfusion30_6m\data\P188_OP152_2023_10_22_Experiment1\2023_10_22_12_41_12\_hypergui_2\spectrum_fromCSV1_(500.0-995.0)_masked_data_0_derivative.csv,kidney_sel_reperfusion,P188,2023_10_22_12_41_12,P188#2023_10_22_12_41_12#CSV1,csv_spectrum,3,train
\\ces-tp3\OE0645-data-uro\TIVITA_Cat\Cat_Pig_UMM\Cat_uro_kidney\Cat_uro_kidney_sel_reperfusion30_6m\data\P188_OP152_2023_10_22_Experiment1\2023_10_22_12_41_12\_hypergui_2\spectrum_fromCSV5_(500.0-995.0)_masked_data_0_derivative.csv,kidney_sel_reperfusion,P188,2023_10_22_12_41_12,P188#2023_10_22_12_41_12#CSV5,csv_spectrum,3,train
\\ces-tp3\OE0645-data-uro\TIVITA_Cat\Cat_Pig_UMM\Cat_uro_kidney\Cat_uro_kidney_sel_reperfusion30_6m\data\P188_OP152_2023_10_22_Experiment1\2023_10_22_12_42_12\_hypergui_1\spectrum_fromCSV1_(500.0-995.0)_masked_data_0_derivative.csv,kidney_sel_reperfusion,P188,2023_10_22_12_42_12,P188#2023_10_22_12_42_12#CSV1,csv_spectrum,3,train
\\ces-tp3\OE0645-data-uro\TIVITA_Cat\Cat_Pig_UMM\Cat_uro_kidney\Cat_uro_kidney_sel_reperfusion30_6m\data\P188_OP152_2023_10_22_Experiment1\2023_10_22_12_42_12\_hypergui_1\spectrum_fromCSV5_(500.0-995.0)_masked_data_0_derivative.csv,kidney_sel_reperfusion,P188,2023_10_22_12_42_12,P188#2023_10_22_12_42_12#CSV5,csv_spectrum,3,train
\\ces-tp3\OE0645-data-uro\TIVITA_Cat\Cat_Pig_UMM\Cat_uro_kidney\Cat_uro_kidney_sel_reperfusion30_6m\data\P188_OP152_2023_10_22_Experiment1\2023_10_22_12_42_12\_hypergui_2\spectrum_fromCSV1_(500.0-995.0)_masked_data_0_derivative.csv,kidney_sel_reperfusion,P188,2023_10_22_12_42_12,P188#2023_10_22_12_42_12#CSV1,csv_spectrum,3,train
\\ces-tp3\OE0645-data-uro\TIVITA_Cat\Cat_Pig_UMM\Cat_uro_kidney\Cat_uro_kidney_sel_reperfusion30_6m\data\P188_OP152_2023_10_22_Experiment1\2023_10_22_12_42_12\_hypergui_2\spectrum_fromCSV5_(500.0-995.0)_masked_data_0_derivative.csv,kidney_sel_reperfusion,P188,2023_10_22_12_42_12,P188#2023_10_22_12_42_12#CSV5,csv_spectrum,3,train
\\ces-tp3\OE0645-data-uro\TIVITA_Cat\Cat_Pig_UMM\Cat_uro_kidney\Cat_uro_kidney_sel_reperfusion30_6m\data\P191_OP155_2023_10_28_Experiment1\2023_10_28_12_03_58\_hypergui_1\spectrum_fromCSV1_(500.0-995.0)_masked_data_0_derivative.csv,kidney_sel_reperfusion,P191,2023_10_28_12_03_58,P191#2023_10_28_12_03_58#CSV1,csv_spectrum,3,train
\\ces-tp3\OE0645-data-uro\TIVITA_Cat\Cat_Pig_UMM\Cat_uro_kidney\Cat_uro_kidney_sel_reperfusion30_6m\data\P191_OP155_2023_10_28_Experiment1\2023_10_28_12_03_58\_hypergui_1\spectrum_fromCSV5_(500.0-995.0)_masked_data_0_derivative.csv,kidney_sel_reperfusion,P191,2023_10_28_12_03_58,P191#2023_10_28_12_03_58#CSV5,csv_spectrum,3,train
\\ces-tp3\OE0645-data-uro\TIVITA_Cat\Cat_Pig_UMM\Cat_uro_kidney\Cat_uro_kidney_sel_reperfusion30_6m\data\P191_OP155_2023_10_28_Experiment1\2023_10_28_12_03_58\_hypergui_2\spectrum_fromCSV1_(500.0-995.0)_masked_data_0_derivative.csv,kidney_sel_reperfusion,P191,2023_10_28_12_03_58,P191#2023_10_28_12_03_58#CSV1,csv_spectrum,3,train
\\ces-tp3\OE0645-data-uro\TIVITA_Cat\Cat_Pig_UMM\Cat_uro_kidney\Cat_uro_kidney_sel_reperfusion30_6m\data\P191_OP155_2023_10_28_Experiment1\2023_10_28_12_03_58\_hypergui_2\spectrum_fromCSV5_(500.0-995.0)_masked_data_0_derivative.csv,kidney_sel_reperfusion,P191,2023_10_28_12_03_58,P191#2023_10_28_12_03_58#CSV5,csv_spectrum,3,train
\\ces-tp3\OE0645-data-uro\TIVITA_Cat\Cat_Pig_UMM\Cat_uro_kidney\Cat_uro_kidney_sel_reperfusion30_6m\data\P191_OP155_2023_10_28_Experiment1\2023_10_28_12_04_58\_hypergui_1\spectrum_fromCSV1_(500.0-995.0)_masked_data_0_derivative.csv,kidney_sel_reperfusion,P191,2023_10_28_12_04_58,P191#2023_10_28_12_04_58#CSV1,csv_spectrum,3,train
\\ces-tp3\OE0645-data-uro\TIVITA_Cat\Cat_Pig_UMM\Cat_uro_kidney\Cat_uro_kidney_sel_reperfusion30_6m\data\P191_OP155_2023_10_28_Experiment1\2023_10_28_12_04_58\_hypergui_1\spectrum_fromCSV5_(500.0-995.0)_masked_data_0_derivative.csv,kidney_sel_reperfusion,P191,2023_10_28_12_04_58,P191#2023_10_28_12_04_58#CSV5,csv_spectrum,3,train
\\ces-tp3\OE0645-data-uro\TIVITA_Cat\Cat_Pig_UMM\Cat_uro_kidney\Cat_uro_kidney_sel_reperfusion30_6m\data\P191_OP155_2023_10_28_Experiment1\2023_10_28_12_04_58\_hypergui_2\spectrum_fromCSV1_(500.0-995.0)_masked_data_0_derivative.csv,kidney_sel_reperfusion,P191,2023_10_28_12_04_58,P191#2023_10_28_12_04_58#CSV1,csv_spectrum,3,train
\\ces-tp3\OE0645-data-uro\TIVITA_Cat\Cat_Pig_UMM\Cat_uro_kidney\Cat_uro_kidney_sel_reperfusion30_6m\data\P191_OP155_2023_10_28_Experiment1\2023_10_28_12_04_58\_hypergui_2\spectrum_fromCSV5_(500.0-995.0)_masked_data_0_derivative.csv,kidney_sel_reperfusion,P191,2023_10_28_12_04_58,P191#2023_10_28_12_04_58#CSV5,csv_spectrum,3,train
\\ces-tp3\OE0645-data-uro\TIVITA_Cat\Cat_Pig_UMM\Cat_uro_kidney\Cat_uro_kidney_sel_reperfusion30_6m\data\P192_OP156_2023_10_29_Experiment1\2023_10_29_12_32_14\_hypergui_1\spectrum_fromCSV1_(500.0-995.0)_masked_data_0_derivative.csv,kidney_sel_reperfusion,P192,2023_10_29_12_32_14,P192#2023_10_29_12_32_14#CSV1,csv_spectrum,3,train
\\ces-tp3\OE0645-data-uro\TIVITA_Cat\Cat_Pig_UMM\Cat_uro_kidney\Cat_uro_kidney_sel_reperfusion30_6m\data\P192_OP156_2023_10_29_Experiment1\2023_10_29_12_32_14\_hypergui_1\spectrum_fromCSV5_(500.0-995.0)_masked_data_0_derivative.csv,kidney_sel_reperfusion,P192,2023_10_29_12_32_14,P192#2023_10_29_12_32_14#CSV5,csv_spectrum,3,train
\\ces-tp3\OE0645-data-uro\TIVITA_Cat\Cat_Pig_UMM\Cat_uro_kidney\Cat_uro_kidney_sel_reperfusion30_6m\data\P192_OP156_2023_10_29_Experiment1\2023_10_29_12_32_14\_hypergui_2\spectrum_fromCSV1_(500.0-995.0)_masked_data_0_derivative.csv,kidney_sel_reperfusion,P192,2023_10_29_12_32_14,P192#2023_10_29_12_32_14#CSV1,csv_spectrum,3,train
\\ces-tp3\OE0645-data-uro\TIVITA_Cat\Cat_Pig_UMM\Cat_uro_kidney\Cat_uro_kidney_sel_reperfusion30_6m\data\P192_OP156_2023_10_29_Experiment1\2023_10_29_12_32_14\_hypergui_2\spectrum_fromCSV5_(500.0-995.0)_masked_data_0_derivative.csv,kidney_sel_reperfusion,P192,2023_10_29_12_32_14,P192#2023_10_29_12_32_14#CSV5,csv_spectrum,3,train
\\ces-tp3\OE0645-data-uro\TIVITA_Cat\Cat_Pig_UMM\Cat_uro_kidney\Cat_uro_kidney_sel_reperfusion30_6m\data\P192_OP156_2023_10_29_Experiment1\2023_10_29_12_33_14\_hypergui_1\spectrum_fromCSV1_(500.0-995.0)_masked_data_0_derivative.csv,kidney_sel_reperfusion,P192,2023_10_29_12_33_14,P192#2023_10_29_12_33_14#CSV1,csv_spectrum,3,train
\\ces-tp3\OE0645-data-uro\TIVITA_Cat\Cat_Pig_UMM\Cat_uro_kidney\Cat_uro_kidney_sel_reperfusion30_6m\data\P192_OP156_2023_10_29_Experiment1\2023_10_29_12_33_14\_hypergui_1\spectrum_fromCSV5_(500.0-995.0)_masked_data_0_derivative.csv,kidney_sel_reperfusion,P192,2023_10_29_12_33_14,P192#2023_10_29_12_33_14#CSV5,csv_spectrum,3,train
\\ces-tp3\OE0645-data-uro\TIVITA_Cat\Cat_Pig_UMM\Cat_uro_kidney\Cat_uro_kidney_sel_reperfusion30_6m\data\P192_OP156_2023_10_29_Experiment1\2023_10_29_12_33_14\_hypergui_2\spectrum_fromCSV1_(500.0-995.0)_masked_data_0_derivative.csv,kidney_sel_reperfusion,P192,2023_10_29_12_33_14,P192#2023_10_29_12_33_14#CSV1,csv_spectrum,3,train
\\ces-tp3\OE0645-data-uro\TIVITA_Cat\Cat_Pig_UMM\Cat_uro_kidney\Cat_uro_kidney_sel_reperfusion30_6m\data\P192_OP156_2023_10_29_Experiment1\2023_10_29_12_33_14\_hypergui_2\spectrum_fromCSV5_(500.0-995.0)_masked_data_0_derivative.csv,kidney_sel_reperfusion,P192,2023_10_29_12_33_14,P192#2023_10_29_12_33_14#CSV5,csv_spectrum,3,train
\\ces-tp3\OE0645-data-uro\TIVITA_Cat\Cat_Pig_UMM\Cat_uro_kidney\Cat_uro_kidney_sel_reperfusion30_6m\data\P193_OP157_2023_10_30_Experiment1\2023_10_30_11_57_40\_hypergui_1\spectrum_fromCSV1_(500.0-995.0)_masked_data_0_derivative.csv,kidney_sel_reperfusion,P193,2023_10_30_11_57_40,P193#2023_10_30_11_57_40#CSV1,csv_spectrum,3,train
\\ces-tp3\OE0645-data-uro\TIVITA_Cat\Cat_Pig_UMM\Cat_uro_kidney\Cat_uro_kidney_sel_reperfusion30_6m\data\P193_OP157_2023_10_30_Experiment1\2023_10_30_11_57_40\_hypergui_1\spectrum_fromCSV5_(500.0-995.0)_masked_data_0_derivative.csv,kidney_sel_reperfusion,P193,2023_10_30_11_57_40,P193#2023_10_30_11_57_40#CSV5,csv_spectrum,3,train
\\ces-tp3\OE0645-data-uro\TIVITA_Cat\Cat_Pig_UMM\Cat_uro_kidney\Cat_uro_kidney_sel_reperfusion30_6m\data\P193_OP157_2023_10_30_Experiment1\2023_10_30_11_57_40\_hypergui_2\spectrum_fromCSV1_(500.0-995.0)_masked_data_0_derivative.csv,kidney_sel_reperfusion,P193,2023_10_30_11_57_40,P193#2023_10_30_11_57_40#CSV1,csv_spectrum,3,train
\\ces-tp3\OE0645-data-uro\TIVITA_Cat\Cat_Pig_UMM\Cat_uro_kidney\Cat_uro_kidney_sel_reperfusion30_6m\data\P193_OP157_2023_10_30_Experiment1\2023_10_30_11_57_40\_hypergui_2\spectrum_fromCSV5_(500.0-995.0)_masked_data_0_derivative.csv,kidney_sel_reperfusion,P193,2023_10_30_11_57_40,P193#2023_10_30_11_57_40#CSV5,csv_spectrum,3,train
\\ces-tp3\OE0645-data-uro\TIVITA_Cat\Cat_Pig_UMM\Cat_uro_kidney\Cat_uro_kidney_sel_reperfusion30_6m\data\P193_OP157_2023_10_30_Experiment1\2023_10_30_11_58_40\_hypergui_1\spectrum_fromCSV1_(500.0-995.0)_masked_data_0_derivative.csv,kidney_sel_reperfusion,P193,2023_10_30_11_58_40,P193#2023_10_30_11_58_40#CSV1,csv_spectrum,3,train
\\ces-tp3\OE0645-data-uro\TIVITA_Cat\Cat_Pig_UMM\Cat_uro_kidney\Cat_uro_kidney_sel_reperfusion30_6m\data\P193_OP157_2023_10_30_Experiment1\2023_10_30_11_58_40\_hypergui_1\spectrum_fromCSV5_(500.0-995.0)_masked_data_0_derivative.csv,kidney_sel_reperfusion,P193,2023_10_30_11_58_40,P193#2023_10_30_11_58_40#CSV5,csv_spectrum,3,train
\\ces-tp3\OE0645-data-uro\TIVITA_Cat\Cat_Pig_UMM\Cat_uro_kidney\Cat_uro_kidney_sel_reperfusion30_6m\data\P193_OP157_2023_10_30_Experiment1\2023_10_30_11_58_40\_hypergui_2\spectrum_fromCSV1_(500.0-995.0)_masked_data_0_derivative.csv,kidney_sel_reperfusion,P193,2023_10_30_11_58_40,P193#2023_10_30_11_58_40#CSV1,csv_spectrum,3,train
\\ces-tp3\OE0645-data-uro\TIVITA_Cat\Cat_Pig_UMM\Cat_uro_kidney\Cat_uro_kidney_sel_reperfusion30_6m\data\P193_OP157_2023_10_30_Experiment1\2023_10_30_11_58_40\_hypergui_2\spectrum_fromCSV5_(500.0-995.0)_masked_data_0_derivative.csv,kidney_sel_reperfusion,P193,2023_10_30_11_58_40,P193#2023_10_30_11_58_40#CSV5,csv_spectrum,3,train
\\ces-tp3\OE0645-data-uro\TIVITA_Cat\Cat_Pig_UMM\Cat_uro_kidney\Cat_uro_kidney_sel_reperfusion30_8m\data\P188_OP152_2023_10_22_Experiment1\2023_10_22_12_43_12\_hypergui_1\spectrum_fromCSV1_(500.0-995.0)_masked_data_0_derivative.csv,kidney_sel_reperfusion,P188,2023_10_22_12_43_12,P188#2023_10_22_12_43_12#CSV1,csv_spectrum,3,train
\\ces-tp3\OE0645-data-uro\TIVITA_Cat\Cat_Pig_UMM\Cat_uro_kidney\Cat_uro_kidney_sel_reperfusion30_8m\data\P188_OP152_2023_10_22_Experiment1\2023_10_22_12_43_12\_hypergui_1\spectrum_fromCSV5_(500.0-995.0)_masked_data_0_derivative.csv,kidney_sel_reperfusion,P188,2023_10_22_12_43_12,P188#2023_10_22_12_43_12#CSV5,csv_spectrum,3,train
\\ces-tp3\OE0645-data-uro\TIVITA_Cat\Cat_Pig_UMM\Cat_uro_kidney\Cat_uro_kidney_sel_reperfusion30_8m\data\P188_OP152_2023_10_22_Experiment1\2023_10_22_12_43_12\_hypergui_2\spectrum_fromCSV1_(500.0-995.0)_masked_data_0_derivative.csv,kidney_sel_reperfusion,P188,2023_10_22_12_43_12,P188#2023_10_22_12_43_12#CSV1,csv_spectrum,3,train
\\ces-tp3\OE0645-data-uro\TIVITA_Cat\Cat_Pig_UMM\Cat_uro_kidney\Cat_uro_kidney_sel_reperfusion30_8m\data\P188_OP152_2023_10_22_Experiment1\2023_10_22_12_43_12\_hypergui_2\spectrum_fromCSV5_(500.0-995.0)_masked_data_0_derivative.csv,kidney_sel_reperfusion,P188,2023_10_22_12_43_12,P188#2023_10_22_12_43_12#CSV5,csv_spectrum,3,train
\\ces-tp3\OE0645-data-uro\TIVITA_Cat\Cat_Pig_UMM\Cat_uro_kidney\Cat_uro_kidney_sel_reperfusion30_8m\data\P188_OP152_2023_10_22_Experiment1\2023_10_22_12_44_12\_hypergui_1\spectrum_fromCSV1_(500.0-995.0)_masked_data_0_derivative.csv,kidney_sel_reperfusion,P188,2023_10_22_12_44_12,P188#2023_10_22_12_44_12#CSV1,csv_spectrum,3,train
\\ces-tp3\OE0645-data-uro\TIVITA_Cat\Cat_Pig_UMM\Cat_uro_kidney\Cat_uro_kidney_sel_reperfusion30_8m\data\P188_OP152_2023_10_22_Experiment1\2023_10_22_12_44_12\_hypergui_1\spectrum_fromCSV5_(500.0-995.0)_masked_data_0_derivative.csv,kidney_sel_reperfusion,P188,2023_10_22_12_44_12,P188#2023_10_22_12_44_12#CSV5,csv_spectrum,3,train
\\ces-tp3\OE0645-data-uro\TIVITA_Cat\Cat_Pig_UMM\Cat_uro_kidney\Cat_uro_kidney_sel_reperfusion30_8m\data\P188_OP152_2023_10_22_Experiment1\2023_10_22_12_44_12\_hypergui_2\spectrum_fromCSV1_(500.0-995.0)_masked_data_0_derivative.csv,kidney_sel_reperfusion,P188,2023_10_22_12_44_12,P188#2023_10_22_12_44_12#CSV1,csv_spectrum,3,train
\\ces-tp3\OE0645-data-uro\TIVITA_Cat\Cat_Pig_UMM\Cat_uro_kidney\Cat_uro_kidney_sel_reperfusion30_8m\data\P188_OP152_2023_10_22_Experiment1\2023_10_22_12_44_12\_hypergui_2\spectrum_fromCSV5_(500.0-995.0)_masked_data_0_derivative.csv,kidney_sel_reperfusion,P188,2023_10_22_12_44_12,P188#2023_10_22_12_44_12#CSV5,csv_spectrum,3,train
\\ces-tp3\OE0645-data-uro\TIVITA_Cat\Cat_Pig_UMM\Cat_uro_kidney\Cat_uro_kidney_sel_reperfusion30_8m\data\P191_OP155_2023_10_28_Experiment1\2023_10_28_12_05_58\_hypergui_1\spectrum_fromCSV1_(500.0-995.0)_masked_data_0_derivative.csv,kidney_sel_reperfusion,P191,2023_10_28_12_05_58,P191#2023_10_28_12_05_58#CSV1,csv_spectrum,3,train
\\ces-tp3\OE0645-data-uro\TIVITA_Cat\Cat_Pig_UMM\Cat_uro_kidney\Cat_uro_kidney_sel_reperfusion30_8m\data\P191_OP155_2023_10_28_Experiment1\2023_10_28_12_05_58\_hypergui_1\spectrum_fromCSV5_(500.0-995.0)_masked_data_0_derivative.csv,kidney_sel_reperfusion,P191,2023_10_28_12_05_58,P191#2023_10_28_12_05_58#CSV5,csv_spectrum,3,train
\\ces-tp3\OE0645-data-uro\TIVITA_Cat\Cat_Pig_UMM\Cat_uro_kidney\Cat_uro_kidney_sel_reperfusion30_8m\data\P191_OP155_2023_10_28_Experiment1\2023_10_28_12_05_58\_hypergui_2\spectrum_fromCSV1_(500.0-995.0)_masked_data_0_derivative.csv,kidney_sel_reperfusion,P191,2023_10_28_12_05_58,P191#2023_10_28_12_05_58#CSV1,csv_spectrum,3,train
\\ces-tp3\OE0645-data-uro\TIVITA_Cat\Cat_Pig_UMM\Cat_uro_kidney\Cat_uro_kidney_sel_reperfusion30_8m\data\P191_OP155_2023_10_28_Experiment1\2023_10_28_12_05_58\_hypergui_2\spectrum_fromCSV5_(500.0-995.0)_masked_data_0_derivative.csv,kidney_sel_reperfusion,P191,2023_10_28_12_05_58,P191#2023_10_28_12_05_58#CSV5,csv_spectrum,3,train
\\ces-tp3\OE0645-data-uro\TIVITA_Cat\Cat_Pig_UMM\Cat_uro_kidney\Cat_uro_kidney_sel_reperfusion30_8m\data\P191_OP155_2023_10_28_Experiment1\2023_10_28_12_06_58\_hypergui_1\spectrum_fromCSV1_(500.0-995.0)_masked_data_0_derivative.csv,kidney_sel_reperfusion,P191,2023_10_28_12_06_58,P191#2023_10_28_12_06_58#CSV1,csv_spectrum,3,train
\\ces-tp3\OE0645-data-uro\TIVITA_Cat\Cat_Pig_UMM\Cat_uro_kidney\Cat_uro_kidney_sel_reperfusion30_8m\data\P191_OP155_2023_10_28_Experiment1\2023_10_28_12_06_58\_hypergui_1\spectrum_fromCSV5_(500.0-995.0)_masked_data_0_derivative.csv,kidney_sel_reperfusion,P191,2023_10_28_12_06_58,P191#2023_10_28_12_06_58#CSV5,csv_spectrum,3,train
\\ces-tp3\OE0645-data-uro\TIVITA_Cat\Cat_Pig_UMM\Cat_uro_kidney\Cat_uro_kidney_sel_reperfusion30_8m\data\P191_OP155_2023_10_28_Experiment1\2023_10_28_12_06_58\_hypergui_2\spectrum_fromCSV1_(500.0-995.0)_masked_data_0_derivative.csv,kidney_sel_reperfusion,P191,2023_10_28_12_06_58,P191#2023_10_28_12_06_58#CSV1,csv_spectrum,3,train
\\ces-tp3\OE0645-data-uro\TIVITA_Cat\Cat_Pig_UMM\Cat_uro_kidney\Cat_uro_kidney_sel_reperfusion30_8m\data\P191_OP155_2023_10_28_Experiment1\2023_10_28_12_06_58\_hypergui_2\spectrum_fromCSV5_(500.0-995.0)_masked_data_0_derivative.csv,kidney_sel_reperfusion,P191,2023_10_28_12_06_58,P191#2023_10_28_12_06_58#CSV5,csv_spectrum,3,train
\\ces-tp3\OE0645-data-uro\TIVITA_Cat\Cat_Pig_UMM\Cat_uro_kidney\Cat_uro_kidney_sel_reperfusion30_8m\data\P192_OP156_2023_10_29_Experiment1\2023_10_29_12_34_14\_hypergui_1\spectrum_fromCSV1_(500.0-995.0)_masked_data_0_derivative.csv,kidney_sel_reperfusion,P192,2023_10_29_12_34_14,P192#2023_10_29_12_34_14#CSV1,csv_spectrum,3,train
\\ces-tp3\OE0645-data-uro\TIVITA_Cat\Cat_Pig_UMM\Cat_uro_kidney\Cat_uro_kidney_sel_reperfusion30_8m\data\P192_OP156_2023_10_29_Experiment1\2023_10_29_12_34_14\_hypergui_1\spectrum_fromCSV5_(500.0-995.0)_masked_data_0_derivative.csv,kidney_sel_reperfusion,P192,2023_10_29_12_34_14,P192#2023_10_29_12_34_14#CSV5,csv_spectrum,3,train
\\ces-tp3\OE0645-data-uro\TIVITA_Cat\Cat_Pig_UMM\Cat_uro_kidney\Cat_uro_kidney_sel_reperfusion30_8m\data\P192_OP156_2023_10_29_Experiment1\2023_10_29_12_34_14\_hypergui_2\spectrum_fromCSV1_(500.0-995.0)_masked_data_0_derivative.csv,kidney_sel_reperfusion,P192,2023_10_29_12_34_14,P192#2023_10_29_12_34_14#CSV1,csv_spectrum,3,train
\\ces-tp3\OE0645-data-uro\TIVITA_Cat\Cat_Pig_UMM\Cat_uro_kidney\Cat_uro_kidney_sel_reperfusion30_8m\data\P192_OP156_2023_10_29_Experiment1\2023_10_29_12_34_14\_hypergui_2\spectrum_fromCSV5_(500.0-995.0)_masked_data_0_derivative.csv,kidney_sel_reperfusion,P192,2023_10_29_12_34_14,P192#2023_10_29_12_34_14#CSV5,csv_spectrum,3,train
\\ces-tp3\OE0645-data-uro\TIVITA_Cat\Cat_Pig_UMM\Cat_uro_kidney\Cat_uro_kidney_sel_reperfusion30_8m\data\P192_OP156_2023_10_29_Experiment1\2023_10_29_12_35_14\_hypergui_1\spectrum_fromCSV1_(500.0-995.0)_masked_data_0_derivative.csv,kidney_sel_reperfusion,P192,2023_10_29_12_35_14,P192#2023_10_29_12_35_14#CSV1,csv_spectrum,3,train
\\ces-tp3\OE0645-data-uro\TIVITA_Cat\Cat_Pig_UMM\Cat_uro_kidney\Cat_uro_kidney_sel_reperfusion30_8m\data\P192_OP156_2023_10_29_Experiment1\2023_10_29_12_35_14\_hypergui_1\spectrum_fromCSV5_(500.0-995.0)_masked_data_0_derivative.csv,kidney_sel_reperfusion,P192,2023_10_29_12_35_14,P192#2023_10_29_12_35_14#CSV5,csv_spectrum,3,train
\\ces-tp3\OE0645-data-uro\TIVITA_Cat\Cat_Pig_UMM\Cat_uro_kidney\Cat_uro_kidney_sel_reperfusion30_8m\data\P192_OP156_2023_10_29_Experiment1\2023_10_29_12_35_14\_hypergui_2\spectrum_fromCSV1_(500.0-995.0)_masked_data_0_derivative.csv,kidney_sel_reperfusion,P192,2023_10_29_12_35_14,P192#2023_10_29_12_35_14#CSV1,csv_spectrum,3,train
\\ces-tp3\OE0645-data-uro\TIVITA_Cat\Cat_Pig_UMM\Cat_uro_kidney\Cat_uro_kidney_sel_reperfusion30_8m\data\P192_OP156_2023_10_29_Experiment1\2023_10_29_12_35_14\_hypergui_2\spectrum_fromCSV5_(500.0-995.0)_masked_data_0_derivative.csv,kidney_sel_reperfusion,P192,2023_10_29_12_35_14,P192#2023_10_29_12_35_14#CSV5,csv_spectrum,3,train
\\ces-tp3\OE0645-data-uro\TIVITA_Cat\Cat_Pig_UMM\Cat_uro_kidney\Cat_uro_kidney_sel_reperfusion30_8m\data\P193_OP157_2023_10_30_Experiment1\2023_10_30_11_59_40\_hypergui_1\spectrum_fromCSV1_(500.0-995.0)_masked_data_0_derivative.csv,kidney_sel_reperfusion,P193,2023_10_30_11_59_40,P193#2023_10_30_11_59_40#CSV1,csv_spectrum,3,train
\\ces-tp3\OE0645-data-uro\TIVITA_Cat\Cat_Pig_UMM\Cat_uro_kidney\Cat_uro_kidney_sel_reperfusion30_8m\data\P193_OP157_2023_10_30_Experiment1\2023_10_30_11_59_40\_hypergui_1\spectrum_fromCSV5_(500.0-995.0)_masked_data_0_derivative.csv,kidney_sel_reperfusion,P193,2023_10_30_11_59_40,P193#2023_10_30_11_59_40#CSV5,csv_spectrum,3,train
\\ces-tp3\OE0645-data-uro\TIVITA_Cat\Cat_Pig_UMM\Cat_uro_kidney\Cat_uro_kidney_sel_reperfusion30_8m\data\P193_OP157_2023_10_30_Experiment1\2023_10_30_11_59_40\_hypergui_2\spectrum_fromCSV1_(500.0-995.0)_masked_data_0_derivative.csv,kidney_sel_reperfusion,P193,2023_10_30_11_59_40,P193#2023_10_30_11_59_40#CSV1,csv_spectrum,3,train
\\ces-tp3\OE0645-data-uro\TIVITA_Cat\Cat_Pig_UMM\Cat_uro_kidney\Cat_uro_kidney_sel_reperfusion30_8m\data\P193_OP157_2023_10_30_Experiment1\2023_10_30_11_59_40\_hypergui_2\spectrum_fromCSV5_(500.0-995.0)_masked_data_0_derivative.csv,kidney_sel_reperfusion,P193,2023_10_30_11_59_40,P193#2023_10_30_11_59_40#CSV5,csv_spectrum,3,train
\\ces-tp3\OE0645-data-uro\TIVITA_Cat\Cat_Pig_UMM\Cat_uro_kidney\Cat_uro_kidney_sel_reperfusion30_8m\data\P193_OP157_2023_10_30_Experiment1\2023_10_30_12_00_40\_hypergui_1\spectrum_fromCSV1_(500.0-995.0)_masked_data_0_derivative.csv,kidney_sel_reperfusion,P193,2023_10_30_12_00_40,P193#2023_10_30_12_00_40#CSV1,csv_spectrum,3,train
\\ces-tp3\OE0645-data-uro\TIVITA_Cat\Cat_Pig_UMM\Cat_uro_kidney\Cat_uro_kidney_sel_reperfusion30_8m\data\P193_OP157_2023_10_30_Experiment1\2023_10_30_12_00_40\_hypergui_1\spectrum_fromCSV5_(500.0-995.0)_masked_data_0_derivative.csv,kidney_sel_reperfusion,P193,2023_10_30_12_00_40,P193#2023_10_30_12_00_40#CSV5,csv_spectrum,3,train
\\ces-tp3\OE0645-data-uro\TIVITA_Cat\Cat_Pig_UMM\Cat_uro_kidney\Cat_uro_kidney_sel_reperfusion30_8m\data\P193_OP157_2023_10_30_Experiment1\2023_10_30_12_00_40\_hypergui_2\spectrum_fromCSV1_(500.0-995.0)_masked_data_0_derivative.csv,kidney_sel_reperfusion,P193,2023_10_30_12_00_40,P193#2023_10_30_12_00_40#CSV1,csv_spectrum,3,train
\\ces-tp3\OE0645-data-uro\TIVITA_Cat\Cat_Pig_UMM\Cat_uro_kidney\Cat_uro_kidney_sel_reperfusion30_8m\data\P193_OP157_2023_10_30_Experiment1\2023_10_30_12_00_40\_hypergui_2\spectrum_fromCSV5_(500.0-995.0)_masked_data_0_derivative.csv,kidney_sel_reperfusion,P193,2023_10_30_12_00_40,P193#2023_10_30_12_00_40#CSV5,csv_spectrum,3,train
\\ces-tp3\OE0645-data-uro\TIVITA_Cat\Cat_Pig_UMM\Cat_uro_kidney\Cat_uro_kidney_sel_reperfusion_0m\data\P165_OP129_2023_08_16_Experiment1\2023_08_16_14_15_49\_hypergui_1\spectrum_fromCSV1_(500.0-995.0)_masked_data_0_derivative.csv,kidney_sel_reperfusion,P165,2023_08_16_14_15_49,P165#2023_08_16_14_15_49#CSV1,csv_spectrum,3,train
\\ces-tp3\OE0645-data-uro\TIVITA_Cat\Cat_Pig_UMM\Cat_uro_kidney\Cat_uro_kidney_sel_reperfusion_0m\data\P165_OP129_2023_08_16_Experiment1\2023_08_16_14_15_49\_hypergui_1\spectrum_fromCSV5_(500.0-995.0)_masked_data_0_derivative.csv,kidney_sel_reperfusion,P165,2023_08_16_14_15_49,P165#2023_08_16_14_15_49#CSV5,csv_spectrum,3,train
\\ces-tp3\OE0645-data-uro\TIVITA_Cat\Cat_Pig_UMM\Cat_uro_kidney\Cat_uro_kidney_sel_reperfusion_0m\data\P165_OP129_2023_08_16_Experiment1\2023_08_16_14_15_49\_hypergui_2\spectrum_fromCSV1_(500.0-995.0)_masked_data_0_derivative.csv,kidney_sel_reperfusion,P165,2023_08_16_14_15_49,P165#2023_08_16_14_15_49#CSV1,csv_spectrum,3,train
\\ces-tp3\OE0645-data-uro\TIVITA_Cat\Cat_Pig_UMM\Cat_uro_kidney\Cat_uro_kidney_sel_reperfusion_0m\data\P165_OP129_2023_08_16_Experiment1\2023_08_16_14_15_49\_hypergui_2\spectrum_fromCSV5_(500.0-995.0)_masked_data_0_derivative.csv,kidney_sel_reperfusion,P165,2023_08_16_14_15_49,P165#2023_08_16_14_15_49#CSV5,csv_spectrum,3,train
\\ces-tp3\OE0645-data-uro\TIVITA_Cat\Cat_Pig_UMM\Cat_uro_kidney\Cat_uro_kidney_sel_reperfusion_0m\data\P166_OP130_2023_08_17_Experiment1\2023_08_17_13_40_52\_hypergui_1\spectrum_fromCSV1_(500.0-995.0)_masked_data_0_derivative.csv,kidney_sel_reperfusion,P166,2023_08_17_13_40_52,P166#2023_08_17_13_40_52#CSV1,csv_spectrum,3,train
\\ces-tp3\OE0645-data-uro\TIVITA_Cat\Cat_Pig_UMM\Cat_uro_kidney\Cat_uro_kidney_sel_reperfusion_0m\data\P166_OP130_2023_08_17_Experiment1\2023_08_17_13_40_52\_hypergui_1\spectrum_fromCSV5_(500.0-995.0)_masked_data_0_derivative.csv,kidney_sel_reperfusion,P166,2023_08_17_13_40_52,P166#2023_08_17_13_40_52#CSV5,csv_spectrum,3,train
\\ces-tp3\OE0645-data-uro\TIVITA_Cat\Cat_Pig_UMM\Cat_uro_kidney\Cat_uro_kidney_sel_reperfusion_0m\data\P166_OP130_2023_08_17_Experiment1\2023_08_17_13_40_52\_hypergui_2\spectrum_fromCSV1_(500.0-995.0)_masked_data_0_derivative.csv,kidney_sel_reperfusion,P166,2023_08_17_13_40_52,P166#2023_08_17_13_40_52#CSV1,csv_spectrum,3,train
\\ces-tp3\OE0645-data-uro\TIVITA_Cat\Cat_Pig_UMM\Cat_uro_kidney\Cat_uro_kidney_sel_reperfusion_0m\data\P166_OP130_2023_08_17_Experiment1\2023_08_17_13_40_52\_hypergui_2\spectrum_fromCSV5_(500.0-995.0)_masked_data_0_derivative.csv,kidney_sel_reperfusion,P166,2023_08_17_13_40_52,P166#2023_08_17_13_40_52#CSV5,csv_spectrum,3,train
\\ces-tp3\OE0645-data-uro\TIVITA_Cat\Cat_Pig_UMM\Cat_uro_kidney\Cat_uro_kidney_sel_reperfusion_0m\data\P168_OP132_2023_08_23_Experiment1\2023_08_23_15_00_44\_hypergui_1\spectrum_fromCSV1_(500.0-995.0)_masked_data_0_derivative.csv,kidney_sel_reperfusion,P168,2023_08_23_15_00_44,P168#2023_08_23_15_00_44#CSV1,csv_spectrum,3,train
\\ces-tp3\OE0645-data-uro\TIVITA_Cat\Cat_Pig_UMM\Cat_uro_kidney\Cat_uro_kidney_sel_reperfusion_0m\data\P168_OP132_2023_08_23_Experiment1\2023_08_23_15_00_44\_hypergui_1\spectrum_fromCSV5_(500.0-995.0)_masked_data_0_derivative.csv,kidney_sel_reperfusion,P168,2023_08_23_15_00_44,P168#2023_08_23_15_00_44#CSV5,csv_spectrum,3,train
\\ces-tp3\OE0645-data-uro\TIVITA_Cat\Cat_Pig_UMM\Cat_uro_kidney\Cat_uro_kidney_sel_reperfusion_0m\data\P168_OP132_2023_08_23_Experiment1\2023_08_23_15_00_44\_hypergui_2\spectrum_fromCSV1_(500.0-995.0)_masked_data_0_derivative.csv,kidney_sel_reperfusion,P168,2023_08_23_15_00_44,P168#2023_08_23_15_00_44#CSV1,csv_spectrum,3,train
\\ces-tp3\OE0645-data-uro\TIVITA_Cat\Cat_Pig_UMM\Cat_uro_kidney\Cat_uro_kidney_sel_reperfusion_0m\data\P168_OP132_2023_08_23_Experiment1\2023_08_23_15_00_44\_hypergui_2\spectrum_fromCSV5_(500.0-995.0)_masked_data_0_derivative.csv,kidney_sel_reperfusion,P168,2023_08_23_15_00_44,P168#2023_08_23_15_00_44#CSV5,csv_spectrum,3,train
\\ces-tp3\OE0645-data-uro\TIVITA_Cat\Cat_Pig_UMM\Cat_uro_kidney\Cat_uro_kidney_sel_reperfusion_0m\data\P174_OP138_2023_09_21_Experiment1\2023_09_21_15_35_43\_hypergui_1\spectrum_fromCSV1_(500.0-995.0)_masked_data_0_derivative.csv,kidney_sel_reperfusion,P174,2023_09_21_15_35_43,P174#2023_09_21_15_35_43#CSV1,csv_spectrum,3,train
\\ces-tp3\OE0645-data-uro\TIVITA_Cat\Cat_Pig_UMM\Cat_uro_kidney\Cat_uro_kidney_sel_reperfusion_0m\data\P174_OP138_2023_09_21_Experiment1\2023_09_21_15_35_43\_hypergui_1\spectrum_fromCSV5_(500.0-995.0)_masked_data_0_derivative.csv,kidney_sel_reperfusion,P174,2023_09_21_15_35_43,P174#2023_09_21_15_35_43#CSV5,csv_spectrum,3,train
\\ces-tp3\OE0645-data-uro\TIVITA_Cat\Cat_Pig_UMM\Cat_uro_kidney\Cat_uro_kidney_sel_reperfusion_0m\data\P174_OP138_2023_09_21_Experiment1\2023_09_21_15_35_43\_hypergui_2\spectrum_fromCSV1_(500.0-995.0)_masked_data_0_derivative.csv,kidney_sel_reperfusion,P174,2023_09_21_15_35_43,P174#2023_09_21_15_35_43#CSV1,csv_spectrum,3,train
\\ces-tp3\OE0645-data-uro\TIVITA_Cat\Cat_Pig_UMM\Cat_uro_kidney\Cat_uro_kidney_sel_reperfusion_0m\data\P174_OP138_2023_09_21_Experiment1\2023_09_21_15_35_43\_hypergui_2\spectrum_fromCSV5_(500.0-995.0)_masked_data_0_derivative.csv,kidney_sel_reperfusion,P174,2023_09_21_15_35_43,P174#2023_09_21_15_35_43#CSV5,csv_spectrum,3,train
\\ces-tp3\OE0645-data-uro\TIVITA_Cat\Cat_Pig_UMM\Cat_uro_kidney\Cat_uro_kidney_sel_reperfusion_0m\data\P175_OP139_2023_09_22_Experiment1\2023_09_22_13_21_58\_hypergui_1\spectrum_fromCSV1_(500.0-995.0)_masked_data_0_derivative.csv,kidney_sel_reperfusion,P175,2023_09_22_13_21_58,P175#2023_09_22_13_21_58#CSV1,csv_spectrum,3,train
\\ces-tp3\OE0645-data-uro\TIVITA_Cat\Cat_Pig_UMM\Cat_uro_kidney\Cat_uro_kidney_sel_reperfusion_0m\data\P175_OP139_2023_09_22_Experiment1\2023_09_22_13_21_58\_hypergui_1\spectrum_fromCSV5_(500.0-995.0)_masked_data_0_derivative.csv,kidney_sel_reperfusion,P175,2023_09_22_13_21_58,P175#2023_09_22_13_21_58#CSV5,csv_spectrum,3,train
\\ces-tp3\OE0645-data-uro\TIVITA_Cat\Cat_Pig_UMM\Cat_uro_kidney\Cat_uro_kidney_sel_reperfusion_0m\data\P175_OP139_2023_09_22_Experiment1\2023_09_22_13_21_58\_hypergui_2\spectrum_fromCSV1_(500.0-995.0)_masked_data_0_derivative.csv,kidney_sel_reperfusion,P175,2023_09_22_13_21_58,P175#2023_09_22_13_21_58#CSV1,csv_spectrum,3,train
\\ces-tp3\OE0645-data-uro\TIVITA_Cat\Cat_Pig_UMM\Cat_uro_kidney\Cat_uro_kidney_sel_reperfusion_0m\data\P175_OP139_2023_09_22_Experiment1\2023_09_22_13_21_58\_hypergui_2\spectrum_fromCSV5_(500.0-995.0)_masked_data_0_derivative.csv,kidney_sel_reperfusion,P175,2023_09_22_13_21_58,P175#2023_09_22_13_21_58#CSV5,csv_spectrum,3,train
\\ces-tp3\OE0645-data-uro\TIVITA_Cat\Cat_Pig_UMM\Cat_uro_kidney\Cat_uro_kidney_sel_reperfusion_0m\data\P175_OP139_2023_09_22_Experiment1\2023_09_22_15_41_40\_hypergui_1\spectrum_fromCSV1_(500.0-995.0)_masked_data_0_derivative.csv,kidney_sel_reperfusion,P175,2023_09_22_15_41_40,P175#2023_09_22_15_41_40#CSV1,csv_spectrum,3,train
\\ces-tp3\OE0645-data-uro\TIVITA_Cat\Cat_Pig_UMM\Cat_uro_kidney\Cat_uro_kidney_sel_reperfusion_0m\data\P175_OP139_2023_09_22_Experiment1\2023_09_22_15_41_40\_hypergui_1\spectrum_fromCSV5_(500.0-995.0)_masked_data_0_derivative.csv,kidney_sel_reperfusion,P175,2023_09_22_15_41_40,P175#2023_09_22_15_41_40#CSV5,csv_spectrum,3,train
\\ces-tp3\OE0645-data-uro\TIVITA_Cat\Cat_Pig_UMM\Cat_uro_kidney\Cat_uro_kidney_sel_reperfusion_0m\data\P175_OP139_2023_09_22_Experiment1\2023_09_22_15_41_40\_hypergui_2\spectrum_fromCSV1_(500.0-995.0)_masked_data_0_derivative.csv,kidney_sel_reperfusion,P175,2023_09_22_15_41_40,P175#2023_09_22_15_41_40#CSV1,csv_spectrum,3,train
\\ces-tp3\OE0645-data-uro\TIVITA_Cat\Cat_Pig_UMM\Cat_uro_kidney\Cat_uro_kidney_sel_reperfusion_0m\data\P175_OP139_2023_09_22_Experiment1\2023_09_22_15_41_40\_hypergui_2\spectrum_fromCSV5_(500.0-995.0)_masked_data_0_derivative.csv,kidney_sel_reperfusion,P175,2023_09_22_15_41_40,P175#2023_09_22_15_41_40#CSV5,csv_spectrum,3,train
\\ces-tp3\OE0645-data-uro\TIVITA_Cat\Cat_Pig_UMM\Cat_uro_kidney\Cat_uro_kidney_sel_reperfusion_1m\data\P165_OP129_2023_08_16_Experiment1\2023_08_16_14_16_49\_hypergui_1\spectrum_fromCSV1_(500.0-995.0)_masked_data_0_derivative.csv,kidney_sel_reperfusion,P165,2023_08_16_14_16_49,P165#2023_08_16_14_16_49#CSV1,csv_spectrum,3,train
\\ces-tp3\OE0645-data-uro\TIVITA_Cat\Cat_Pig_UMM\Cat_uro_kidney\Cat_uro_kidney_sel_reperfusion_1m\data\P165_OP129_2023_08_16_Experiment1\2023_08_16_14_16_49\_hypergui_1\spectrum_fromCSV5_(500.0-995.0)_masked_data_0_derivative.csv,kidney_sel_reperfusion,P165,2023_08_16_14_16_49,P165#2023_08_16_14_16_49#CSV5,csv_spectrum,3,train
\\ces-tp3\OE0645-data-uro\TIVITA_Cat\Cat_Pig_UMM\Cat_uro_kidney\Cat_uro_kidney_sel_reperfusion_1m\data\P165_OP129_2023_08_16_Experiment1\2023_08_16_14_16_49\_hypergui_2\spectrum_fromCSV1_(500.0-995.0)_masked_data_0_derivative.csv,kidney_sel_reperfusion,P165,2023_08_16_14_16_49,P165#2023_08_16_14_16_49#CSV1,csv_spectrum,3,train
\\ces-tp3\OE0645-data-uro\TIVITA_Cat\Cat_Pig_UMM\Cat_uro_kidney\Cat_uro_kidney_sel_reperfusion_1m\data\P165_OP129_2023_08_16_Experiment1\2023_08_16_14_16_49\_hypergui_2\spectrum_fromCSV5_(500.0-995.0)_masked_data_0_derivative.csv,kidney_sel_reperfusion,P165,2023_08_16_14_16_49,P165#2023_08_16_14_16_49#CSV5,csv_spectrum,3,train
\\ces-tp3\OE0645-data-uro\TIVITA_Cat\Cat_Pig_UMM\Cat_uro_kidney\Cat_uro_kidney_sel_reperfusion_1m\data\P166_OP130_2023_08_17_Experiment1\2023_08_17_13_41_57\_hypergui_1\spectrum_fromCSV1_(500.0-995.0)_masked_data_0_derivative.csv,kidney_sel_reperfusion,P166,2023_08_17_13_41_57,P166#2023_08_17_13_41_57#CSV1,csv_spectrum,3,train
\\ces-tp3\OE0645-data-uro\TIVITA_Cat\Cat_Pig_UMM\Cat_uro_kidney\Cat_uro_kidney_sel_reperfusion_1m\data\P166_OP130_2023_08_17_Experiment1\2023_08_17_13_41_57\_hypergui_1\spectrum_fromCSV5_(500.0-995.0)_masked_data_0_derivative.csv,kidney_sel_reperfusion,P166,2023_08_17_13_41_57,P166#2023_08_17_13_41_57#CSV5,csv_spectrum,3,train
\\ces-tp3\OE0645-data-uro\TIVITA_Cat\Cat_Pig_UMM\Cat_uro_kidney\Cat_uro_kidney_sel_reperfusion_1m\data\P166_OP130_2023_08_17_Experiment1\2023_08_17_13_41_57\_hypergui_2\spectrum_fromCSV1_(500.0-995.0)_masked_data_0_derivative.csv,kidney_sel_reperfusion,P166,2023_08_17_13_41_57,P166#2023_08_17_13_41_57#CSV1,csv_spectrum,3,train
\\ces-tp3\OE0645-data-uro\TIVITA_Cat\Cat_Pig_UMM\Cat_uro_kidney\Cat_uro_kidney_sel_reperfusion_1m\data\P166_OP130_2023_08_17_Experiment1\2023_08_17_13_41_57\_hypergui_2\spectrum_fromCSV5_(500.0-995.0)_masked_data_0_derivative.csv,kidney_sel_reperfusion,P166,2023_08_17_13_41_57,P166#2023_08_17_13_41_57#CSV5,csv_spectrum,3,train
\\ces-tp3\OE0645-data-uro\TIVITA_Cat\Cat_Pig_UMM\Cat_uro_kidney\Cat_uro_kidney_sel_reperfusion_1m\data\P168_OP132_2023_08_23_Experiment1\2023_08_23_15_01_44\_hypergui_1\spectrum_fromCSV1_(500.0-995.0)_masked_data_0_derivative.csv,kidney_sel_reperfusion,P168,2023_08_23_15_01_44,P168#2023_08_23_15_01_44#CSV1,csv_spectrum,3,train
\\ces-tp3\OE0645-data-uro\TIVITA_Cat\Cat_Pig_UMM\Cat_uro_kidney\Cat_uro_kidney_sel_reperfusion_1m\data\P168_OP132_2023_08_23_Experiment1\2023_08_23_15_01_44\_hypergui_1\spectrum_fromCSV5_(500.0-995.0)_masked_data_0_derivative.csv,kidney_sel_reperfusion,P168,2023_08_23_15_01_44,P168#2023_08_23_15_01_44#CSV5,csv_spectrum,3,train
\\ces-tp3\OE0645-data-uro\TIVITA_Cat\Cat_Pig_UMM\Cat_uro_kidney\Cat_uro_kidney_sel_reperfusion_1m\data\P168_OP132_2023_08_23_Experiment1\2023_08_23_15_01_44\_hypergui_2\spectrum_fromCSV1_(500.0-995.0)_masked_data_0_derivative.csv,kidney_sel_reperfusion,P168,2023_08_23_15_01_44,P168#2023_08_23_15_01_44#CSV1,csv_spectrum,3,train
\\ces-tp3\OE0645-data-uro\TIVITA_Cat\Cat_Pig_UMM\Cat_uro_kidney\Cat_uro_kidney_sel_reperfusion_1m\data\P168_OP132_2023_08_23_Experiment1\2023_08_23_15_01_44\_hypergui_2\spectrum_fromCSV5_(500.0-995.0)_masked_data_0_derivative.csv,kidney_sel_reperfusion,P168,2023_08_23_15_01_44,P168#2023_08_23_15_01_44#CSV5,csv_spectrum,3,train
\\ces-tp3\OE0645-data-uro\TIVITA_Cat\Cat_Pig_UMM\Cat_uro_kidney\Cat_uro_kidney_sel_reperfusion_1m\data\P174_OP138_2023_09_21_Experiment1\2023_09_21_15_36_44\_hypergui_1\spectrum_fromCSV1_(500.0-995.0)_masked_data_0_derivative.csv,kidney_sel_reperfusion,P174,2023_09_21_15_36_44,P174#2023_09_21_15_36_44#CSV1,csv_spectrum,3,train
\\ces-tp3\OE0645-data-uro\TIVITA_Cat\Cat_Pig_UMM\Cat_uro_kidney\Cat_uro_kidney_sel_reperfusion_1m\data\P174_OP138_2023_09_21_Experiment1\2023_09_21_15_36_44\_hypergui_1\spectrum_fromCSV5_(500.0-995.0)_masked_data_0_derivative.csv,kidney_sel_reperfusion,P174,2023_09_21_15_36_44,P174#2023_09_21_15_36_44#CSV5,csv_spectrum,3,train
\\ces-tp3\OE0645-data-uro\TIVITA_Cat\Cat_Pig_UMM\Cat_uro_kidney\Cat_uro_kidney_sel_reperfusion_1m\data\P174_OP138_2023_09_21_Experiment1\2023_09_21_15_36_44\_hypergui_2\spectrum_fromCSV1_(500.0-995.0)_masked_data_0_derivative.csv,kidney_sel_reperfusion,P174,2023_09_21_15_36_44,P174#2023_09_21_15_36_44#CSV1,csv_spectrum,3,train
\\ces-tp3\OE0645-data-uro\TIVITA_Cat\Cat_Pig_UMM\Cat_uro_kidney\Cat_uro_kidney_sel_reperfusion_1m\data\P174_OP138_2023_09_21_Experiment1\2023_09_21_15_36_44\_hypergui_2\spectrum_fromCSV5_(500.0-995.0)_masked_data_0_derivative.csv,kidney_sel_reperfusion,P174,2023_09_21_15_36_44,P174#2023_09_21_15_36_44#CSV5,csv_spectrum,3,train
\\ces-tp3\OE0645-data-uro\TIVITA_Cat\Cat_Pig_UMM\Cat_uro_kidney\Cat_uro_kidney_sel_reperfusion_1m\data\P175_OP139_2023_09_22_Experiment1\2023_09_22_13_22_58\_hypergui_1\spectrum_fromCSV1_(500.0-995.0)_masked_data_0_derivative.csv,kidney_sel_reperfusion,P175,2023_09_22_13_22_58,P175#2023_09_22_13_22_58#CSV1,csv_spectrum,3,train
\\ces-tp3\OE0645-data-uro\TIVITA_Cat\Cat_Pig_UMM\Cat_uro_kidney\Cat_uro_kidney_sel_reperfusion_1m\data\P175_OP139_2023_09_22_Experiment1\2023_09_22_13_22_58\_hypergui_1\spectrum_fromCSV5_(500.0-995.0)_masked_data_0_derivative.csv,kidney_sel_reperfusion,P175,2023_09_22_13_22_58,P175#2023_09_22_13_22_58#CSV5,csv_spectrum,3,train
\\ces-tp3\OE0645-data-uro\TIVITA_Cat\Cat_Pig_UMM\Cat_uro_kidney\Cat_uro_kidney_sel_reperfusion_1m\data\P175_OP139_2023_09_22_Experiment1\2023_09_22_13_22_58\_hypergui_2\spectrum_fromCSV1_(500.0-995.0)_masked_data_0_derivative.csv,kidney_sel_reperfusion,P175,2023_09_22_13_22_58,P175#2023_09_22_13_22_58#CSV1,csv_spectrum,3,train
\\ces-tp3\OE0645-data-uro\TIVITA_Cat\Cat_Pig_UMM\Cat_uro_kidney\Cat_uro_kidney_sel_reperfusion_1m\data\P175_OP139_2023_09_22_Experiment1\2023_09_22_13_22_58\_hypergui_2\spectrum_fromCSV5_(500.0-995.0)_masked_data_0_derivative.csv,kidney_sel_reperfusion,P175,2023_09_22_13_22_58,P175#2023_09_22_13_22_58#CSV5,csv_spectrum,3,train
\\ces-tp3\OE0645-data-uro\TIVITA_Cat\Cat_Pig_UMM\Cat_uro_kidney\Cat_uro_kidney_sel_reperfusion_1m\data\P175_OP139_2023_09_22_Experiment1\2023_09_22_15_42_40\_hypergui_1\spectrum_fromCSV1_(500.0-995.0)_masked_data_0_derivative.csv,kidney_sel_reperfusion,P175,2023_09_22_15_42_40,P175#2023_09_22_15_42_40#CSV1,csv_spectrum,3,train
\\ces-tp3\OE0645-data-uro\TIVITA_Cat\Cat_Pig_UMM\Cat_uro_kidney\Cat_uro_kidney_sel_reperfusion_1m\data\P175_OP139_2023_09_22_Experiment1\2023_09_22_15_42_40\_hypergui_1\spectrum_fromCSV5_(500.0-995.0)_masked_data_0_derivative.csv,kidney_sel_reperfusion,P175,2023_09_22_15_42_40,P175#2023_09_22_15_42_40#CSV5,csv_spectrum,3,train
\\ces-tp3\OE0645-data-uro\TIVITA_Cat\Cat_Pig_UMM\Cat_uro_kidney\Cat_uro_kidney_sel_reperfusion_1m\data\P175_OP139_2023_09_22_Experiment1\2023_09_22_15_42_40\_hypergui_2\spectrum_fromCSV1_(500.0-995.0)_masked_data_0_derivative.csv,kidney_sel_reperfusion,P175,2023_09_22_15_42_40,P175#2023_09_22_15_42_40#CSV1,csv_spectrum,3,train
\\ces-tp3\OE0645-data-uro\TIVITA_Cat\Cat_Pig_UMM\Cat_uro_kidney\Cat_uro_kidney_sel_reperfusion_1m\data\P175_OP139_2023_09_22_Experiment1\2023_09_22_15_42_40\_hypergui_2\spectrum_fromCSV5_(500.0-995.0)_masked_data_0_derivative.csv,kidney_sel_reperfusion,P175,2023_09_22_15_42_40,P175#2023_09_22_15_42_40#CSV5,csv_spectrum,3,train
\\ces-tp3\OE0645-data-uro\TIVITA_Cat\Cat_Pig_UMM\Cat_uro_kidney\Cat_uro_kidney_sel_reperfusion_2m\data\P165_OP129_2023_08_16_Experiment1\2023_08_16_14_17_49\_hypergui_1\spectrum_fromCSV1_(500.0-995.0)_masked_data_0_derivative.csv,kidney_sel_reperfusion,P165,2023_08_16_14_17_49,P165#2023_08_16_14_17_49#CSV1,csv_spectrum,3,train
\\ces-tp3\OE0645-data-uro\TIVITA_Cat\Cat_Pig_UMM\Cat_uro_kidney\Cat_uro_kidney_sel_reperfusion_2m\data\P165_OP129_2023_08_16_Experiment1\2023_08_16_14_17_49\_hypergui_1\spectrum_fromCSV5_(500.0-995.0)_masked_data_0_derivative.csv,kidney_sel_reperfusion,P165,2023_08_16_14_17_49,P165#2023_08_16_14_17_49#CSV5,csv_spectrum,3,train
\\ces-tp3\OE0645-data-uro\TIVITA_Cat\Cat_Pig_UMM\Cat_uro_kidney\Cat_uro_kidney_sel_reperfusion_2m\data\P165_OP129_2023_08_16_Experiment1\2023_08_16_14_17_49\_hypergui_2\spectrum_fromCSV1_(500.0-995.0)_masked_data_0_derivative.csv,kidney_sel_reperfusion,P165,2023_08_16_14_17_49,P165#2023_08_16_14_17_49#CSV1,csv_spectrum,3,train
\\ces-tp3\OE0645-data-uro\TIVITA_Cat\Cat_Pig_UMM\Cat_uro_kidney\Cat_uro_kidney_sel_reperfusion_2m\data\P165_OP129_2023_08_16_Experiment1\2023_08_16_14_17_49\_hypergui_2\spectrum_fromCSV5_(500.0-995.0)_masked_data_0_derivative.csv,kidney_sel_reperfusion,P165,2023_08_16_14_17_49,P165#2023_08_16_14_17_49#CSV5,csv_spectrum,3,train
\\ces-tp3\OE0645-data-uro\TIVITA_Cat\Cat_Pig_UMM\Cat_uro_kidney\Cat_uro_kidney_sel_reperfusion_2m\data\P165_OP129_2023_08_16_Experiment1\2023_08_16_14_18_49\_hypergui_1\spectrum_fromCSV1_(500.0-995.0)_masked_data_0_derivative.csv,kidney_sel_reperfusion,P165,2023_08_16_14_18_49,P165#2023_08_16_14_18_49#CSV1,csv_spectrum,3,train
\\ces-tp3\OE0645-data-uro\TIVITA_Cat\Cat_Pig_UMM\Cat_uro_kidney\Cat_uro_kidney_sel_reperfusion_2m\data\P165_OP129_2023_08_16_Experiment1\2023_08_16_14_18_49\_hypergui_1\spectrum_fromCSV5_(500.0-995.0)_masked_data_0_derivative.csv,kidney_sel_reperfusion,P165,2023_08_16_14_18_49,P165#2023_08_16_14_18_49#CSV5,csv_spectrum,3,train
\\ces-tp3\OE0645-data-uro\TIVITA_Cat\Cat_Pig_UMM\Cat_uro_kidney\Cat_uro_kidney_sel_reperfusion_2m\data\P165_OP129_2023_08_16_Experiment1\2023_08_16_14_18_49\_hypergui_2\spectrum_fromCSV1_(500.0-995.0)_masked_data_0_derivative.csv,kidney_sel_reperfusion,P165,2023_08_16_14_18_49,P165#2023_08_16_14_18_49#CSV1,csv_spectrum,3,train
\\ces-tp3\OE0645-data-uro\TIVITA_Cat\Cat_Pig_UMM\Cat_uro_kidney\Cat_uro_kidney_sel_reperfusion_2m\data\P165_OP129_2023_08_16_Experiment1\2023_08_16_14_18_49\_hypergui_2\spectrum_fromCSV5_(500.0-995.0)_masked_data_0_derivative.csv,kidney_sel_reperfusion,P165,2023_08_16_14_18_49,P165#2023_08_16_14_18_49#CSV5,csv_spectrum,3,train
\\ces-tp3\OE0645-data-uro\TIVITA_Cat\Cat_Pig_UMM\Cat_uro_kidney\Cat_uro_kidney_sel_reperfusion_2m\data\P166_OP130_2023_08_17_Experiment1\2023_08_17_13_42_57\_hypergui_1\spectrum_fromCSV1_(500.0-995.0)_masked_data_0_derivative.csv,kidney_sel_reperfusion,P166,2023_08_17_13_42_57,P166#2023_08_17_13_42_57#CSV1,csv_spectrum,3,train
\\ces-tp3\OE0645-data-uro\TIVITA_Cat\Cat_Pig_UMM\Cat_uro_kidney\Cat_uro_kidney_sel_reperfusion_2m\data\P166_OP130_2023_08_17_Experiment1\2023_08_17_13_42_57\_hypergui_1\spectrum_fromCSV5_(500.0-995.0)_masked_data_0_derivative.csv,kidney_sel_reperfusion,P166,2023_08_17_13_42_57,P166#2023_08_17_13_42_57#CSV5,csv_spectrum,3,train
\\ces-tp3\OE0645-data-uro\TIVITA_Cat\Cat_Pig_UMM\Cat_uro_kidney\Cat_uro_kidney_sel_reperfusion_2m\data\P166_OP130_2023_08_17_Experiment1\2023_08_17_13_42_57\_hypergui_2\spectrum_fromCSV1_(500.0-995.0)_masked_data_0_derivative.csv,kidney_sel_reperfusion,P166,2023_08_17_13_42_57,P166#2023_08_17_13_42_57#CSV1,csv_spectrum,3,train
\\ces-tp3\OE0645-data-uro\TIVITA_Cat\Cat_Pig_UMM\Cat_uro_kidney\Cat_uro_kidney_sel_reperfusion_2m\data\P166_OP130_2023_08_17_Experiment1\2023_08_17_13_42_57\_hypergui_2\spectrum_fromCSV5_(500.0-995.0)_masked_data_0_derivative.csv,kidney_sel_reperfusion,P166,2023_08_17_13_42_57,P166#2023_08_17_13_42_57#CSV5,csv_spectrum,3,train
\\ces-tp3\OE0645-data-uro\TIVITA_Cat\Cat_Pig_UMM\Cat_uro_kidney\Cat_uro_kidney_sel_reperfusion_2m\data\P166_OP130_2023_08_17_Experiment1\2023_08_17_13_43_57\_hypergui_1\spectrum_fromCSV1_(500.0-995.0)_masked_data_0_derivative.csv,kidney_sel_reperfusion,P166,2023_08_17_13_43_57,P166#2023_08_17_13_43_57#CSV1,csv_spectrum,3,train
\\ces-tp3\OE0645-data-uro\TIVITA_Cat\Cat_Pig_UMM\Cat_uro_kidney\Cat_uro_kidney_sel_reperfusion_2m\data\P166_OP130_2023_08_17_Experiment1\2023_08_17_13_43_57\_hypergui_1\spectrum_fromCSV5_(500.0-995.0)_masked_data_0_derivative.csv,kidney_sel_reperfusion,P166,2023_08_17_13_43_57,P166#2023_08_17_13_43_57#CSV5,csv_spectrum,3,train
\\ces-tp3\OE0645-data-uro\TIVITA_Cat\Cat_Pig_UMM\Cat_uro_kidney\Cat_uro_kidney_sel_reperfusion_2m\data\P166_OP130_2023_08_17_Experiment1\2023_08_17_13_43_57\_hypergui_2\spectrum_fromCSV1_(500.0-995.0)_masked_data_0_derivative.csv,kidney_sel_reperfusion,P166,2023_08_17_13_43_57,P166#2023_08_17_13_43_57#CSV1,csv_spectrum,3,train
\\ces-tp3\OE0645-data-uro\TIVITA_Cat\Cat_Pig_UMM\Cat_uro_kidney\Cat_uro_kidney_sel_reperfusion_2m\data\P166_OP130_2023_08_17_Experiment1\2023_08_17_13_43_57\_hypergui_2\spectrum_fromCSV5_(500.0-995.0)_masked_data_0_derivative.csv,kidney_sel_reperfusion,P166,2023_08_17_13_43_57,P166#2023_08_17_13_43_57#CSV5,csv_spectrum,3,train
\\ces-tp3\OE0645-data-uro\TIVITA_Cat\Cat_Pig_UMM\Cat_uro_kidney\Cat_uro_kidney_sel_reperfusion_2m\data\P168_OP132_2023_08_23_Experiment1\2023_08_23_15_02_44\_hypergui_1\spectrum_fromCSV1_(500.0-995.0)_masked_data_0_derivative.csv,kidney_sel_reperfusion,P168,2023_08_23_15_02_44,P168#2023_08_23_15_02_44#CSV1,csv_spectrum,3,train
\\ces-tp3\OE0645-data-uro\TIVITA_Cat\Cat_Pig_UMM\Cat_uro_kidney\Cat_uro_kidney_sel_reperfusion_2m\data\P168_OP132_2023_08_23_Experiment1\2023_08_23_15_02_44\_hypergui_1\spectrum_fromCSV5_(500.0-995.0)_masked_data_0_derivative.csv,kidney_sel_reperfusion,P168,2023_08_23_15_02_44,P168#2023_08_23_15_02_44#CSV5,csv_spectrum,3,train
\\ces-tp3\OE0645-data-uro\TIVITA_Cat\Cat_Pig_UMM\Cat_uro_kidney\Cat_uro_kidney_sel_reperfusion_2m\data\P168_OP132_2023_08_23_Experiment1\2023_08_23_15_02_44\_hypergui_2\spectrum_fromCSV1_(500.0-995.0)_masked_data_0_derivative.csv,kidney_sel_reperfusion,P168,2023_08_23_15_02_44,P168#2023_08_23_15_02_44#CSV1,csv_spectrum,3,train
\\ces-tp3\OE0645-data-uro\TIVITA_Cat\Cat_Pig_UMM\Cat_uro_kidney\Cat_uro_kidney_sel_reperfusion_2m\data\P168_OP132_2023_08_23_Experiment1\2023_08_23_15_02_44\_hypergui_2\spectrum_fromCSV5_(500.0-995.0)_masked_data_0_derivative.csv,kidney_sel_reperfusion,P168,2023_08_23_15_02_44,P168#2023_08_23_15_02_44#CSV5,csv_spectrum,3,train
\\ces-tp3\OE0645-data-uro\TIVITA_Cat\Cat_Pig_UMM\Cat_uro_kidney\Cat_uro_kidney_sel_reperfusion_2m\data\P168_OP132_2023_08_23_Experiment1\2023_08_23_15_03_44\_hypergui_1\spectrum_fromCSV1_(500.0-995.0)_masked_data_0_derivative.csv,kidney_sel_reperfusion,P168,2023_08_23_15_03_44,P168#2023_08_23_15_03_44#CSV1,csv_spectrum,3,train
\\ces-tp3\OE0645-data-uro\TIVITA_Cat\Cat_Pig_UMM\Cat_uro_kidney\Cat_uro_kidney_sel_reperfusion_2m\data\P168_OP132_2023_08_23_Experiment1\2023_08_23_15_03_44\_hypergui_1\spectrum_fromCSV5_(500.0-995.0)_masked_data_0_derivative.csv,kidney_sel_reperfusion,P168,2023_08_23_15_03_44,P168#2023_08_23_15_03_44#CSV5,csv_spectrum,3,train
\\ces-tp3\OE0645-data-uro\TIVITA_Cat\Cat_Pig_UMM\Cat_uro_kidney\Cat_uro_kidney_sel_reperfusion_2m\data\P168_OP132_2023_08_23_Experiment1\2023_08_23_15_03_44\_hypergui_2\spectrum_fromCSV1_(500.0-995.0)_masked_data_0_derivative.csv,kidney_sel_reperfusion,P168,2023_08_23_15_03_44,P168#2023_08_23_15_03_44#CSV1,csv_spectrum,3,train
\\ces-tp3\OE0645-data-uro\TIVITA_Cat\Cat_Pig_UMM\Cat_uro_kidney\Cat_uro_kidney_sel_reperfusion_2m\data\P168_OP132_2023_08_23_Experiment1\2023_08_23_15_03_44\_hypergui_2\spectrum_fromCSV5_(500.0-995.0)_masked_data_0_derivative.csv,kidney_sel_reperfusion,P168,2023_08_23_15_03_44,P168#2023_08_23_15_03_44#CSV5,csv_spectrum,3,train
\\ces-tp3\OE0645-data-uro\TIVITA_Cat\Cat_Pig_UMM\Cat_uro_kidney\Cat_uro_kidney_sel_reperfusion_2m\data\P174_OP138_2023_09_21_Experiment1\2023_09_21_15_37_43\_hypergui_1\spectrum_fromCSV1_(500.0-995.0)_masked_data_0_derivative.csv,kidney_sel_reperfusion,P174,2023_09_21_15_37_43,P174#2023_09_21_15_37_43#CSV1,csv_spectrum,3,train
\\ces-tp3\OE0645-data-uro\TIVITA_Cat\Cat_Pig_UMM\Cat_uro_kidney\Cat_uro_kidney_sel_reperfusion_2m\data\P174_OP138_2023_09_21_Experiment1\2023_09_21_15_37_43\_hypergui_1\spectrum_fromCSV5_(500.0-995.0)_masked_data_0_derivative.csv,kidney_sel_reperfusion,P174,2023_09_21_15_37_43,P174#2023_09_21_15_37_43#CSV5,csv_spectrum,3,train
\\ces-tp3\OE0645-data-uro\TIVITA_Cat\Cat_Pig_UMM\Cat_uro_kidney\Cat_uro_kidney_sel_reperfusion_2m\data\P174_OP138_2023_09_21_Experiment1\2023_09_21_15_37_43\_hypergui_2\spectrum_fromCSV1_(500.0-995.0)_masked_data_0_derivative.csv,kidney_sel_reperfusion,P174,2023_09_21_15_37_43,P174#2023_09_21_15_37_43#CSV1,csv_spectrum,3,train
\\ces-tp3\OE0645-data-uro\TIVITA_Cat\Cat_Pig_UMM\Cat_uro_kidney\Cat_uro_kidney_sel_reperfusion_2m\data\P174_OP138_2023_09_21_Experiment1\2023_09_21_15_37_43\_hypergui_2\spectrum_fromCSV5_(500.0-995.0)_masked_data_0_derivative.csv,kidney_sel_reperfusion,P174,2023_09_21_15_37_43,P174#2023_09_21_15_37_43#CSV5,csv_spectrum,3,train
\\ces-tp3\OE0645-data-uro\TIVITA_Cat\Cat_Pig_UMM\Cat_uro_kidney\Cat_uro_kidney_sel_reperfusion_2m\data\P174_OP138_2023_09_21_Experiment1\2023_09_21_15_38_44\_hypergui_1\spectrum_fromCSV1_(500.0-995.0)_masked_data_0_derivative.csv,kidney_sel_reperfusion,P174,2023_09_21_15_38_44,P174#2023_09_21_15_38_44#CSV1,csv_spectrum,3,train
\\ces-tp3\OE0645-data-uro\TIVITA_Cat\Cat_Pig_UMM\Cat_uro_kidney\Cat_uro_kidney_sel_reperfusion_2m\data\P174_OP138_2023_09_21_Experiment1\2023_09_21_15_38_44\_hypergui_1\spectrum_fromCSV5_(500.0-995.0)_masked_data_0_derivative.csv,kidney_sel_reperfusion,P174,2023_09_21_15_38_44,P174#2023_09_21_15_38_44#CSV5,csv_spectrum,3,train
\\ces-tp3\OE0645-data-uro\TIVITA_Cat\Cat_Pig_UMM\Cat_uro_kidney\Cat_uro_kidney_sel_reperfusion_2m\data\P174_OP138_2023_09_21_Experiment1\2023_09_21_15_38_44\_hypergui_2\spectrum_fromCSV1_(500.0-995.0)_masked_data_0_derivative.csv,kidney_sel_reperfusion,P174,2023_09_21_15_38_44,P174#2023_09_21_15_38_44#CSV1,csv_spectrum,3,train
\\ces-tp3\OE0645-data-uro\TIVITA_Cat\Cat_Pig_UMM\Cat_uro_kidney\Cat_uro_kidney_sel_reperfusion_2m\data\P174_OP138_2023_09_21_Experiment1\2023_09_21_15_38_44\_hypergui_2\spectrum_fromCSV5_(500.0-995.0)_masked_data_0_derivative.csv,kidney_sel_reperfusion,P174,2023_09_21_15_38_44,P174#2023_09_21_15_38_44#CSV5,csv_spectrum,3,train
\\ces-tp3\OE0645-data-uro\TIVITA_Cat\Cat_Pig_UMM\Cat_uro_kidney\Cat_uro_kidney_sel_reperfusion_2m\data\P175_OP139_2023_09_22_Experiment1\2023_09_22_13_23_58\_hypergui_1\spectrum_fromCSV1_(500.0-995.0)_masked_data_0_derivative.csv,kidney_sel_reperfusion,P175,2023_09_22_13_23_58,P175#2023_09_22_13_23_58#CSV1,csv_spectrum,3,train
\\ces-tp3\OE0645-data-uro\TIVITA_Cat\Cat_Pig_UMM\Cat_uro_kidney\Cat_uro_kidney_sel_reperfusion_2m\data\P175_OP139_2023_09_22_Experiment1\2023_09_22_13_23_58\_hypergui_1\spectrum_fromCSV5_(500.0-995.0)_masked_data_0_derivative.csv,kidney_sel_reperfusion,P175,2023_09_22_13_23_58,P175#2023_09_22_13_23_58#CSV5,csv_spectrum,3,train
\\ces-tp3\OE0645-data-uro\TIVITA_Cat\Cat_Pig_UMM\Cat_uro_kidney\Cat_uro_kidney_sel_reperfusion_2m\data\P175_OP139_2023_09_22_Experiment1\2023_09_22_13_23_58\_hypergui_2\spectrum_fromCSV1_(500.0-995.0)_masked_data_0_derivative.csv,kidney_sel_reperfusion,P175,2023_09_22_13_23_58,P175#2023_09_22_13_23_58#CSV1,csv_spectrum,3,train
\\ces-tp3\OE0645-data-uro\TIVITA_Cat\Cat_Pig_UMM\Cat_uro_kidney\Cat_uro_kidney_sel_reperfusion_2m\data\P175_OP139_2023_09_22_Experiment1\2023_09_22_13_23_58\_hypergui_2\spectrum_fromCSV5_(500.0-995.0)_masked_data_0_derivative.csv,kidney_sel_reperfusion,P175,2023_09_22_13_23_58,P175#2023_09_22_13_23_58#CSV5,csv_spectrum,3,train
\\ces-tp3\OE0645-data-uro\TIVITA_Cat\Cat_Pig_UMM\Cat_uro_kidney\Cat_uro_kidney_sel_reperfusion_2m\data\P175_OP139_2023_09_22_Experiment1\2023_09_22_13_24_58\_hypergui_1\spectrum_fromCSV1_(500.0-995.0)_masked_data_0_derivative.csv,kidney_sel_reperfusion,P175,2023_09_22_13_24_58,P175#2023_09_22_13_24_58#CSV1,csv_spectrum,3,train
\\ces-tp3\OE0645-data-uro\TIVITA_Cat\Cat_Pig_UMM\Cat_uro_kidney\Cat_uro_kidney_sel_reperfusion_2m\data\P175_OP139_2023_09_22_Experiment1\2023_09_22_13_24_58\_hypergui_1\spectrum_fromCSV5_(500.0-995.0)_masked_data_0_derivative.csv,kidney_sel_reperfusion,P175,2023_09_22_13_24_58,P175#2023_09_22_13_24_58#CSV5,csv_spectrum,3,train
\\ces-tp3\OE0645-data-uro\TIVITA_Cat\Cat_Pig_UMM\Cat_uro_kidney\Cat_uro_kidney_sel_reperfusion_2m\data\P175_OP139_2023_09_22_Experiment1\2023_09_22_13_24_58\_hypergui_2\spectrum_fromCSV1_(500.0-995.0)_masked_data_0_derivative.csv,kidney_sel_reperfusion,P175,2023_09_22_13_24_58,P175#2023_09_22_13_24_58#CSV1,csv_spectrum,3,train
\\ces-tp3\OE0645-data-uro\TIVITA_Cat\Cat_Pig_UMM\Cat_uro_kidney\Cat_uro_kidney_sel_reperfusion_2m\data\P175_OP139_2023_09_22_Experiment1\2023_09_22_13_24_58\_hypergui_2\spectrum_fromCSV5_(500.0-995.0)_masked_data_0_derivative.csv,kidney_sel_reperfusion,P175,2023_09_22_13_24_58,P175#2023_09_22_13_24_58#CSV5,csv_spectrum,3,train
\\ces-tp3\OE0645-data-uro\TIVITA_Cat\Cat_Pig_UMM\Cat_uro_kidney\Cat_uro_kidney_sel_reperfusion_2m\data\P175_OP139_2023_09_22_Experiment1\2023_09_22_15_43_40\_hypergui_1\spectrum_fromCSV1_(500.0-995.0)_masked_data_0_derivative.csv,kidney_sel_reperfusion,P175,2023_09_22_15_43_40,P175#2023_09_22_15_43_40#CSV1,csv_spectrum,3,train
\\ces-tp3\OE0645-data-uro\TIVITA_Cat\Cat_Pig_UMM\Cat_uro_kidney\Cat_uro_kidney_sel_reperfusion_2m\data\P175_OP139_2023_09_22_Experiment1\2023_09_22_15_43_40\_hypergui_1\spectrum_fromCSV5_(500.0-995.0)_masked_data_0_derivative.csv,kidney_sel_reperfusion,P175,2023_09_22_15_43_40,P175#2023_09_22_15_43_40#CSV5,csv_spectrum,3,train
\\ces-tp3\OE0645-data-uro\TIVITA_Cat\Cat_Pig_UMM\Cat_uro_kidney\Cat_uro_kidney_sel_reperfusion_2m\data\P175_OP139_2023_09_22_Experiment1\2023_09_22_15_43_40\_hypergui_2\spectrum_fromCSV1_(500.0-995.0)_masked_data_0_derivative.csv,kidney_sel_reperfusion,P175,2023_09_22_15_43_40,P175#2023_09_22_15_43_40#CSV1,csv_spectrum,3,train
\\ces-tp3\OE0645-data-uro\TIVITA_Cat\Cat_Pig_UMM\Cat_uro_kidney\Cat_uro_kidney_sel_reperfusion_2m\data\P175_OP139_2023_09_22_Experiment1\2023_09_22_15_43_40\_hypergui_2\spectrum_fromCSV5_(500.0-995.0)_masked_data_0_derivative.csv,kidney_sel_reperfusion,P175,2023_09_22_15_43_40,P175#2023_09_22_15_43_40#CSV5,csv_spectrum,3,train
\\ces-tp3\OE0645-data-uro\TIVITA_Cat\Cat_Pig_UMM\Cat_uro_kidney\Cat_uro_kidney_sel_reperfusion_2m\data\P175_OP139_2023_09_22_Experiment1\2023_09_22_15_44_40\_hypergui_1\spectrum_fromCSV1_(500.0-995.0)_masked_data_0_derivative.csv,kidney_sel_reperfusion,P175,2023_09_22_15_44_40,P175#2023_09_22_15_44_40#CSV1,csv_spectrum,3,train
\\ces-tp3\OE0645-data-uro\TIVITA_Cat\Cat_Pig_UMM\Cat_uro_kidney\Cat_uro_kidney_sel_reperfusion_2m\data\P175_OP139_2023_09_22_Experiment1\2023_09_22_15_44_40\_hypergui_1\spectrum_fromCSV5_(500.0-995.0)_masked_data_0_derivative.csv,kidney_sel_reperfusion,P175,2023_09_22_15_44_40,P175#2023_09_22_15_44_40#CSV5,csv_spectrum,3,train
\\ces-tp3\OE0645-data-uro\TIVITA_Cat\Cat_Pig_UMM\Cat_uro_kidney\Cat_uro_kidney_sel_reperfusion_2m\data\P175_OP139_2023_09_22_Experiment1\2023_09_22_15_44_40\_hypergui_2\spectrum_fromCSV1_(500.0-995.0)_masked_data_0_derivative.csv,kidney_sel_reperfusion,P175,2023_09_22_15_44_40,P175#2023_09_22_15_44_40#CSV1,csv_spectrum,3,train
\\ces-tp3\OE0645-data-uro\TIVITA_Cat\Cat_Pig_UMM\Cat_uro_kidney\Cat_uro_kidney_sel_reperfusion_2m\data\P175_OP139_2023_09_22_Experiment1\2023_09_22_15_44_40\_hypergui_2\spectrum_fromCSV5_(500.0-995.0)_masked_data_0_derivative.csv,kidney_sel_reperfusion,P175,2023_09_22_15_44_40,P175#2023_09_22_15_44_40#CSV5,csv_spectrum,3,train
\\ces-tp3\OE0645-data-uro\TIVITA_Cat\Cat_Pig_UMM\Cat_uro_kidney\Cat_uro_kidney_sel_reperfusion_30m\data\P165_OP129_2023_08_16_Experiment1\2023_08_16_14_47_52\_hypergui_1\spectrum_fromCSV1_(500.0-995.0)_masked_data_0_derivative.csv,kidney_sel_reperfusion,P165,2023_08_16_14_47_52,P165#2023_08_16_14_47_52#CSV1,csv_spectrum,3,train
\\ces-tp3\OE0645-data-uro\TIVITA_Cat\Cat_Pig_UMM\Cat_uro_kidney\Cat_uro_kidney_sel_reperfusion_30m\data\P165_OP129_2023_08_16_Experiment1\2023_08_16_14_47_52\_hypergui_1\spectrum_fromCSV5_(500.0-995.0)_masked_data_0_derivative.csv,kidney_sel_reperfusion,P165,2023_08_16_14_47_52,P165#2023_08_16_14_47_52#CSV5,csv_spectrum,3,train
\\ces-tp3\OE0645-data-uro\TIVITA_Cat\Cat_Pig_UMM\Cat_uro_kidney\Cat_uro_kidney_sel_reperfusion_30m\data\P165_OP129_2023_08_16_Experiment1\2023_08_16_14_47_52\_hypergui_2\spectrum_fromCSV1_(500.0-995.0)_masked_data_0_derivative.csv,kidney_sel_reperfusion,P165,2023_08_16_14_47_52,P165#2023_08_16_14_47_52#CSV1,csv_spectrum,3,train
\\ces-tp3\OE0645-data-uro\TIVITA_Cat\Cat_Pig_UMM\Cat_uro_kidney\Cat_uro_kidney_sel_reperfusion_30m\data\P165_OP129_2023_08_16_Experiment1\2023_08_16_14_47_52\_hypergui_2\spectrum_fromCSV5_(500.0-995.0)_masked_data_0_derivative.csv,kidney_sel_reperfusion,P165,2023_08_16_14_47_52,P165#2023_08_16_14_47_52#CSV5,csv_spectrum,3,train
\\ces-tp3\OE0645-data-uro\TIVITA_Cat\Cat_Pig_UMM\Cat_uro_kidney\Cat_uro_kidney_sel_reperfusion_30m\data\P165_OP129_2023_08_16_Experiment1\2023_08_16_14_48_22\_hypergui_1\spectrum_fromCSV1_(500.0-995.0)_masked_data_0_derivative.csv,kidney_sel_reperfusion,P165,2023_08_16_14_48_22,P165#2023_08_16_14_48_22#CSV1,csv_spectrum,3,train
\\ces-tp3\OE0645-data-uro\TIVITA_Cat\Cat_Pig_UMM\Cat_uro_kidney\Cat_uro_kidney_sel_reperfusion_30m\data\P165_OP129_2023_08_16_Experiment1\2023_08_16_14_48_22\_hypergui_1\spectrum_fromCSV5_(500.0-995.0)_masked_data_0_derivative.csv,kidney_sel_reperfusion,P165,2023_08_16_14_48_22,P165#2023_08_16_14_48_22#CSV5,csv_spectrum,3,train
\\ces-tp3\OE0645-data-uro\TIVITA_Cat\Cat_Pig_UMM\Cat_uro_kidney\Cat_uro_kidney_sel_reperfusion_30m\data\P165_OP129_2023_08_16_Experiment1\2023_08_16_14_48_22\_hypergui_2\spectrum_fromCSV1_(500.0-995.0)_masked_data_0_derivative.csv,kidney_sel_reperfusion,P165,2023_08_16_14_48_22,P165#2023_08_16_14_48_22#CSV1,csv_spectrum,3,train
\\ces-tp3\OE0645-data-uro\TIVITA_Cat\Cat_Pig_UMM\Cat_uro_kidney\Cat_uro_kidney_sel_reperfusion_30m\data\P165_OP129_2023_08_16_Experiment1\2023_08_16_14_48_22\_hypergui_2\spectrum_fromCSV5_(500.0-995.0)_masked_data_0_derivative.csv,kidney_sel_reperfusion,P165,2023_08_16_14_48_22,P165#2023_08_16_14_48_22#CSV5,csv_spectrum,3,train
\\ces-tp3\OE0645-data-uro\TIVITA_Cat\Cat_Pig_UMM\Cat_uro_kidney\Cat_uro_kidney_sel_reperfusion_30m\data\P165_OP129_2023_08_16_Experiment1\2023_08_16_14_48_52\_hypergui_1\spectrum_fromCSV1_(500.0-995.0)_masked_data_0_derivative.csv,kidney_sel_reperfusion,P165,2023_08_16_14_48_52,P165#2023_08_16_14_48_52#CSV1,csv_spectrum,3,train
\\ces-tp3\OE0645-data-uro\TIVITA_Cat\Cat_Pig_UMM\Cat_uro_kidney\Cat_uro_kidney_sel_reperfusion_30m\data\P165_OP129_2023_08_16_Experiment1\2023_08_16_14_48_52\_hypergui_1\spectrum_fromCSV5_(500.0-995.0)_masked_data_0_derivative.csv,kidney_sel_reperfusion,P165,2023_08_16_14_48_52,P165#2023_08_16_14_48_52#CSV5,csv_spectrum,3,train
\\ces-tp3\OE0645-data-uro\TIVITA_Cat\Cat_Pig_UMM\Cat_uro_kidney\Cat_uro_kidney_sel_reperfusion_30m\data\P165_OP129_2023_08_16_Experiment1\2023_08_16_14_48_52\_hypergui_2\spectrum_fromCSV1_(500.0-995.0)_masked_data_0_derivative.csv,kidney_sel_reperfusion,P165,2023_08_16_14_48_52,P165#2023_08_16_14_48_52#CSV1,csv_spectrum,3,train
\\ces-tp3\OE0645-data-uro\TIVITA_Cat\Cat_Pig_UMM\Cat_uro_kidney\Cat_uro_kidney_sel_reperfusion_30m\data\P165_OP129_2023_08_16_Experiment1\2023_08_16_14_48_52\_hypergui_2\spectrum_fromCSV5_(500.0-995.0)_masked_data_0_derivative.csv,kidney_sel_reperfusion,P165,2023_08_16_14_48_52,P165#2023_08_16_14_48_52#CSV5,csv_spectrum,3,train
\\ces-tp3\OE0645-data-uro\TIVITA_Cat\Cat_Pig_UMM\Cat_uro_kidney\Cat_uro_kidney_sel_reperfusion_30m\data\P166_OP130_2023_08_17_Experiment1\2023_08_17_14_15_49\_hypergui_1\spectrum_fromCSV1_(500.0-995.0)_masked_data_0_derivative.csv,kidney_sel_reperfusion,P166,2023_08_17_14_15_49,P166#2023_08_17_14_15_49#CSV1,csv_spectrum,3,train
\\ces-tp3\OE0645-data-uro\TIVITA_Cat\Cat_Pig_UMM\Cat_uro_kidney\Cat_uro_kidney_sel_reperfusion_30m\data\P166_OP130_2023_08_17_Experiment1\2023_08_17_14_15_49\_hypergui_1\spectrum_fromCSV5_(500.0-995.0)_masked_data_0_derivative.csv,kidney_sel_reperfusion,P166,2023_08_17_14_15_49,P166#2023_08_17_14_15_49#CSV5,csv_spectrum,3,train
\\ces-tp3\OE0645-data-uro\TIVITA_Cat\Cat_Pig_UMM\Cat_uro_kidney\Cat_uro_kidney_sel_reperfusion_30m\data\P166_OP130_2023_08_17_Experiment1\2023_08_17_14_15_49\_hypergui_2\spectrum_fromCSV1_(500.0-995.0)_masked_data_0_derivative.csv,kidney_sel_reperfusion,P166,2023_08_17_14_15_49,P166#2023_08_17_14_15_49#CSV1,csv_spectrum,3,train
\\ces-tp3\OE0645-data-uro\TIVITA_Cat\Cat_Pig_UMM\Cat_uro_kidney\Cat_uro_kidney_sel_reperfusion_30m\data\P166_OP130_2023_08_17_Experiment1\2023_08_17_14_15_49\_hypergui_2\spectrum_fromCSV5_(500.0-995.0)_masked_data_0_derivative.csv,kidney_sel_reperfusion,P166,2023_08_17_14_15_49,P166#2023_08_17_14_15_49#CSV5,csv_spectrum,3,train
\\ces-tp3\OE0645-data-uro\TIVITA_Cat\Cat_Pig_UMM\Cat_uro_kidney\Cat_uro_kidney_sel_reperfusion_30m\data\P166_OP130_2023_08_17_Experiment1\2023_08_17_14_16_20\_hypergui_1\spectrum_fromCSV1_(500.0-995.0)_masked_data_0_derivative.csv,kidney_sel_reperfusion,P166,2023_08_17_14_16_20,P166#2023_08_17_14_16_20#CSV1,csv_spectrum,3,train
\\ces-tp3\OE0645-data-uro\TIVITA_Cat\Cat_Pig_UMM\Cat_uro_kidney\Cat_uro_kidney_sel_reperfusion_30m\data\P166_OP130_2023_08_17_Experiment1\2023_08_17_14_16_20\_hypergui_1\spectrum_fromCSV5_(500.0-995.0)_masked_data_0_derivative.csv,kidney_sel_reperfusion,P166,2023_08_17_14_16_20,P166#2023_08_17_14_16_20#CSV5,csv_spectrum,3,train
\\ces-tp3\OE0645-data-uro\TIVITA_Cat\Cat_Pig_UMM\Cat_uro_kidney\Cat_uro_kidney_sel_reperfusion_30m\data\P166_OP130_2023_08_17_Experiment1\2023_08_17_14_16_20\_hypergui_2\spectrum_fromCSV1_(500.0-995.0)_masked_data_0_derivative.csv,kidney_sel_reperfusion,P166,2023_08_17_14_16_20,P166#2023_08_17_14_16_20#CSV1,csv_spectrum,3,train
\\ces-tp3\OE0645-data-uro\TIVITA_Cat\Cat_Pig_UMM\Cat_uro_kidney\Cat_uro_kidney_sel_reperfusion_30m\data\P166_OP130_2023_08_17_Experiment1\2023_08_17_14_16_20\_hypergui_2\spectrum_fromCSV5_(500.0-995.0)_masked_data_0_derivative.csv,kidney_sel_reperfusion,P166,2023_08_17_14_16_20,P166#2023_08_17_14_16_20#CSV5,csv_spectrum,3,train
\\ces-tp3\OE0645-data-uro\TIVITA_Cat\Cat_Pig_UMM\Cat_uro_kidney\Cat_uro_kidney_sel_reperfusion_30m\data\P166_OP130_2023_08_17_Experiment1\2023_08_17_14_16_50\_hypergui_1\spectrum_fromCSV1_(500.0-995.0)_masked_data_0_derivative.csv,kidney_sel_reperfusion,P166,2023_08_17_14_16_50,P166#2023_08_17_14_16_50#CSV1,csv_spectrum,3,train
\\ces-tp3\OE0645-data-uro\TIVITA_Cat\Cat_Pig_UMM\Cat_uro_kidney\Cat_uro_kidney_sel_reperfusion_30m\data\P166_OP130_2023_08_17_Experiment1\2023_08_17_14_16_50\_hypergui_1\spectrum_fromCSV5_(500.0-995.0)_masked_data_0_derivative.csv,kidney_sel_reperfusion,P166,2023_08_17_14_16_50,P166#2023_08_17_14_16_50#CSV5,csv_spectrum,3,train
\\ces-tp3\OE0645-data-uro\TIVITA_Cat\Cat_Pig_UMM\Cat_uro_kidney\Cat_uro_kidney_sel_reperfusion_30m\data\P166_OP130_2023_08_17_Experiment1\2023_08_17_14_16_50\_hypergui_2\spectrum_fromCSV1_(500.0-995.0)_masked_data_0_derivative.csv,kidney_sel_reperfusion,P166,2023_08_17_14_16_50,P166#2023_08_17_14_16_50#CSV1,csv_spectrum,3,train
\\ces-tp3\OE0645-data-uro\TIVITA_Cat\Cat_Pig_UMM\Cat_uro_kidney\Cat_uro_kidney_sel_reperfusion_30m\data\P166_OP130_2023_08_17_Experiment1\2023_08_17_14_16_50\_hypergui_2\spectrum_fromCSV5_(500.0-995.0)_masked_data_0_derivative.csv,kidney_sel_reperfusion,P166,2023_08_17_14_16_50,P166#2023_08_17_14_16_50#CSV5,csv_spectrum,3,train
\\ces-tp3\OE0645-data-uro\TIVITA_Cat\Cat_Pig_UMM\Cat_uro_kidney\Cat_uro_kidney_sel_reperfusion_30m\data\P166_OP130_2023_08_17_Experiment1\2023_08_17_14_17_20\_hypergui_1\spectrum_fromCSV1_(500.0-995.0)_masked_data_0_derivative.csv,kidney_sel_reperfusion,P166,2023_08_17_14_17_20,P166#2023_08_17_14_17_20#CSV1,csv_spectrum,3,train
\\ces-tp3\OE0645-data-uro\TIVITA_Cat\Cat_Pig_UMM\Cat_uro_kidney\Cat_uro_kidney_sel_reperfusion_30m\data\P166_OP130_2023_08_17_Experiment1\2023_08_17_14_17_20\_hypergui_1\spectrum_fromCSV5_(500.0-995.0)_masked_data_0_derivative.csv,kidney_sel_reperfusion,P166,2023_08_17_14_17_20,P166#2023_08_17_14_17_20#CSV5,csv_spectrum,3,train
\\ces-tp3\OE0645-data-uro\TIVITA_Cat\Cat_Pig_UMM\Cat_uro_kidney\Cat_uro_kidney_sel_reperfusion_30m\data\P166_OP130_2023_08_17_Experiment1\2023_08_17_14_17_20\_hypergui_2\spectrum_fromCSV1_(500.0-995.0)_masked_data_0_derivative.csv,kidney_sel_reperfusion,P166,2023_08_17_14_17_20,P166#2023_08_17_14_17_20#CSV1,csv_spectrum,3,train
\\ces-tp3\OE0645-data-uro\TIVITA_Cat\Cat_Pig_UMM\Cat_uro_kidney\Cat_uro_kidney_sel_reperfusion_30m\data\P166_OP130_2023_08_17_Experiment1\2023_08_17_14_17_20\_hypergui_2\spectrum_fromCSV5_(500.0-995.0)_masked_data_0_derivative.csv,kidney_sel_reperfusion,P166,2023_08_17_14_17_20,P166#2023_08_17_14_17_20#CSV5,csv_spectrum,3,train
\\ces-tp3\OE0645-data-uro\TIVITA_Cat\Cat_Pig_UMM\Cat_uro_kidney\Cat_uro_kidney_sel_reperfusion_30m\data\P168_OP132_2023_08_23_Experiment1\2023_08_23_15_30_08\_hypergui_1\spectrum_fromCSV1_(500.0-995.0)_masked_data_0_derivative.csv,kidney_sel_reperfusion,P168,2023_08_23_15_30_08,P168#2023_08_23_15_30_08#CSV1,csv_spectrum,3,train
\\ces-tp3\OE0645-data-uro\TIVITA_Cat\Cat_Pig_UMM\Cat_uro_kidney\Cat_uro_kidney_sel_reperfusion_30m\data\P168_OP132_2023_08_23_Experiment1\2023_08_23_15_30_08\_hypergui_1\spectrum_fromCSV5_(500.0-995.0)_masked_data_0_derivative.csv,kidney_sel_reperfusion,P168,2023_08_23_15_30_08,P168#2023_08_23_15_30_08#CSV5,csv_spectrum,3,train
\\ces-tp3\OE0645-data-uro\TIVITA_Cat\Cat_Pig_UMM\Cat_uro_kidney\Cat_uro_kidney_sel_reperfusion_30m\data\P168_OP132_2023_08_23_Experiment1\2023_08_23_15_30_08\_hypergui_2\spectrum_fromCSV1_(500.0-995.0)_masked_data_0_derivative.csv,kidney_sel_reperfusion,P168,2023_08_23_15_30_08,P168#2023_08_23_15_30_08#CSV1,csv_spectrum,3,train
\\ces-tp3\OE0645-data-uro\TIVITA_Cat\Cat_Pig_UMM\Cat_uro_kidney\Cat_uro_kidney_sel_reperfusion_30m\data\P168_OP132_2023_08_23_Experiment1\2023_08_23_15_30_08\_hypergui_2\spectrum_fromCSV5_(500.0-995.0)_masked_data_0_derivative.csv,kidney_sel_reperfusion,P168,2023_08_23_15_30_08,P168#2023_08_23_15_30_08#CSV5,csv_spectrum,3,train
\\ces-tp3\OE0645-data-uro\TIVITA_Cat\Cat_Pig_UMM\Cat_uro_kidney\Cat_uro_kidney_sel_reperfusion_30m\data\P168_OP132_2023_08_23_Experiment1\2023_08_23_15_30_27\_hypergui_1\spectrum_fromCSV1_(500.0-995.0)_masked_data_0_derivative.csv,kidney_sel_reperfusion,P168,2023_08_23_15_30_27,P168#2023_08_23_15_30_27#CSV1,csv_spectrum,3,train
\\ces-tp3\OE0645-data-uro\TIVITA_Cat\Cat_Pig_UMM\Cat_uro_kidney\Cat_uro_kidney_sel_reperfusion_30m\data\P168_OP132_2023_08_23_Experiment1\2023_08_23_15_30_27\_hypergui_1\spectrum_fromCSV5_(500.0-995.0)_masked_data_0_derivative.csv,kidney_sel_reperfusion,P168,2023_08_23_15_30_27,P168#2023_08_23_15_30_27#CSV5,csv_spectrum,3,train
\\ces-tp3\OE0645-data-uro\TIVITA_Cat\Cat_Pig_UMM\Cat_uro_kidney\Cat_uro_kidney_sel_reperfusion_30m\data\P168_OP132_2023_08_23_Experiment1\2023_08_23_15_30_27\_hypergui_2\spectrum_fromCSV1_(500.0-995.0)_masked_data_0_derivative.csv,kidney_sel_reperfusion,P168,2023_08_23_15_30_27,P168#2023_08_23_15_30_27#CSV1,csv_spectrum,3,train
\\ces-tp3\OE0645-data-uro\TIVITA_Cat\Cat_Pig_UMM\Cat_uro_kidney\Cat_uro_kidney_sel_reperfusion_30m\data\P168_OP132_2023_08_23_Experiment1\2023_08_23_15_30_27\_hypergui_2\spectrum_fromCSV5_(500.0-995.0)_masked_data_0_derivative.csv,kidney_sel_reperfusion,P168,2023_08_23_15_30_27,P168#2023_08_23_15_30_27#CSV5,csv_spectrum,3,train
\\ces-tp3\OE0645-data-uro\TIVITA_Cat\Cat_Pig_UMM\Cat_uro_kidney\Cat_uro_kidney_sel_reperfusion_30m\data\P168_OP132_2023_08_23_Experiment1\2023_08_23_15_30_45\_hypergui_1\spectrum_fromCSV1_(500.0-995.0)_masked_data_0_derivative.csv,kidney_sel_reperfusion,P168,2023_08_23_15_30_45,P168#2023_08_23_15_30_45#CSV1,csv_spectrum,3,train
\\ces-tp3\OE0645-data-uro\TIVITA_Cat\Cat_Pig_UMM\Cat_uro_kidney\Cat_uro_kidney_sel_reperfusion_30m\data\P168_OP132_2023_08_23_Experiment1\2023_08_23_15_30_45\_hypergui_1\spectrum_fromCSV5_(500.0-995.0)_masked_data_0_derivative.csv,kidney_sel_reperfusion,P168,2023_08_23_15_30_45,P168#2023_08_23_15_30_45#CSV5,csv_spectrum,3,train
\\ces-tp3\OE0645-data-uro\TIVITA_Cat\Cat_Pig_UMM\Cat_uro_kidney\Cat_uro_kidney_sel_reperfusion_30m\data\P168_OP132_2023_08_23_Experiment1\2023_08_23_15_30_45\_hypergui_2\spectrum_fromCSV1_(500.0-995.0)_masked_data_0_derivative.csv,kidney_sel_reperfusion,P168,2023_08_23_15_30_45,P168#2023_08_23_15_30_45#CSV1,csv_spectrum,3,train
\\ces-tp3\OE0645-data-uro\TIVITA_Cat\Cat_Pig_UMM\Cat_uro_kidney\Cat_uro_kidney_sel_reperfusion_30m\data\P168_OP132_2023_08_23_Experiment1\2023_08_23_15_30_45\_hypergui_2\spectrum_fromCSV5_(500.0-995.0)_masked_data_0_derivative.csv,kidney_sel_reperfusion,P168,2023_08_23_15_30_45,P168#2023_08_23_15_30_45#CSV5,csv_spectrum,3,train
\\ces-tp3\OE0645-data-uro\TIVITA_Cat\Cat_Pig_UMM\Cat_uro_kidney\Cat_uro_kidney_sel_reperfusion_30m\data\P174_OP138_2023_09_21_Experiment1\2023_09_21_16_05_41\_hypergui_1\spectrum_fromCSV1_(500.0-995.0)_masked_data_0_derivative.csv,kidney_sel_reperfusion,P174,2023_09_21_16_05_41,P174#2023_09_21_16_05_41#CSV1,csv_spectrum,3,train
\\ces-tp3\OE0645-data-uro\TIVITA_Cat\Cat_Pig_UMM\Cat_uro_kidney\Cat_uro_kidney_sel_reperfusion_30m\data\P174_OP138_2023_09_21_Experiment1\2023_09_21_16_05_41\_hypergui_1\spectrum_fromCSV5_(500.0-995.0)_masked_data_0_derivative.csv,kidney_sel_reperfusion,P174,2023_09_21_16_05_41,P174#2023_09_21_16_05_41#CSV5,csv_spectrum,3,train
\\ces-tp3\OE0645-data-uro\TIVITA_Cat\Cat_Pig_UMM\Cat_uro_kidney\Cat_uro_kidney_sel_reperfusion_30m\data\P174_OP138_2023_09_21_Experiment1\2023_09_21_16_05_41\_hypergui_2\spectrum_fromCSV1_(500.0-995.0)_masked_data_0_derivative.csv,kidney_sel_reperfusion,P174,2023_09_21_16_05_41,P174#2023_09_21_16_05_41#CSV1,csv_spectrum,3,train
\\ces-tp3\OE0645-data-uro\TIVITA_Cat\Cat_Pig_UMM\Cat_uro_kidney\Cat_uro_kidney_sel_reperfusion_30m\data\P174_OP138_2023_09_21_Experiment1\2023_09_21_16_05_41\_hypergui_2\spectrum_fromCSV5_(500.0-995.0)_masked_data_0_derivative.csv,kidney_sel_reperfusion,P174,2023_09_21_16_05_41,P174#2023_09_21_16_05_41#CSV5,csv_spectrum,3,train
\\ces-tp3\OE0645-data-uro\TIVITA_Cat\Cat_Pig_UMM\Cat_uro_kidney\Cat_uro_kidney_sel_reperfusion_30m\data\P174_OP138_2023_09_21_Experiment1\2023_09_21_16_06_11\_hypergui_1\spectrum_fromCSV1_(500.0-995.0)_masked_data_0_derivative.csv,kidney_sel_reperfusion,P174,2023_09_21_16_06_11,P174#2023_09_21_16_06_11#CSV1,csv_spectrum,3,train
\\ces-tp3\OE0645-data-uro\TIVITA_Cat\Cat_Pig_UMM\Cat_uro_kidney\Cat_uro_kidney_sel_reperfusion_30m\data\P174_OP138_2023_09_21_Experiment1\2023_09_21_16_06_11\_hypergui_1\spectrum_fromCSV5_(500.0-995.0)_masked_data_0_derivative.csv,kidney_sel_reperfusion,P174,2023_09_21_16_06_11,P174#2023_09_21_16_06_11#CSV5,csv_spectrum,3,train
\\ces-tp3\OE0645-data-uro\TIVITA_Cat\Cat_Pig_UMM\Cat_uro_kidney\Cat_uro_kidney_sel_reperfusion_30m\data\P174_OP138_2023_09_21_Experiment1\2023_09_21_16_06_11\_hypergui_2\spectrum_fromCSV1_(500.0-995.0)_masked_data_0_derivative.csv,kidney_sel_reperfusion,P174,2023_09_21_16_06_11,P174#2023_09_21_16_06_11#CSV1,csv_spectrum,3,train
\\ces-tp3\OE0645-data-uro\TIVITA_Cat\Cat_Pig_UMM\Cat_uro_kidney\Cat_uro_kidney_sel_reperfusion_30m\data\P174_OP138_2023_09_21_Experiment1\2023_09_21_16_06_11\_hypergui_2\spectrum_fromCSV5_(500.0-995.0)_masked_data_0_derivative.csv,kidney_sel_reperfusion,P174,2023_09_21_16_06_11,P174#2023_09_21_16_06_11#CSV5,csv_spectrum,3,train
\\ces-tp3\OE0645-data-uro\TIVITA_Cat\Cat_Pig_UMM\Cat_uro_kidney\Cat_uro_kidney_sel_reperfusion_30m\data\P174_OP138_2023_09_21_Experiment1\2023_09_21_16_06_41\_hypergui_1\spectrum_fromCSV1_(500.0-995.0)_masked_data_0_derivative.csv,kidney_sel_reperfusion,P174,2023_09_21_16_06_41,P174#2023_09_21_16_06_41#CSV1,csv_spectrum,3,train
\\ces-tp3\OE0645-data-uro\TIVITA_Cat\Cat_Pig_UMM\Cat_uro_kidney\Cat_uro_kidney_sel_reperfusion_30m\data\P174_OP138_2023_09_21_Experiment1\2023_09_21_16_06_41\_hypergui_1\spectrum_fromCSV5_(500.0-995.0)_masked_data_0_derivative.csv,kidney_sel_reperfusion,P174,2023_09_21_16_06_41,P174#2023_09_21_16_06_41#CSV5,csv_spectrum,3,train
\\ces-tp3\OE0645-data-uro\TIVITA_Cat\Cat_Pig_UMM\Cat_uro_kidney\Cat_uro_kidney_sel_reperfusion_30m\data\P174_OP138_2023_09_21_Experiment1\2023_09_21_16_06_41\_hypergui_2\spectrum_fromCSV1_(500.0-995.0)_masked_data_0_derivative.csv,kidney_sel_reperfusion,P174,2023_09_21_16_06_41,P174#2023_09_21_16_06_41#CSV1,csv_spectrum,3,train
\\ces-tp3\OE0645-data-uro\TIVITA_Cat\Cat_Pig_UMM\Cat_uro_kidney\Cat_uro_kidney_sel_reperfusion_30m\data\P174_OP138_2023_09_21_Experiment1\2023_09_21_16_06_41\_hypergui_2\spectrum_fromCSV5_(500.0-995.0)_masked_data_0_derivative.csv,kidney_sel_reperfusion,P174,2023_09_21_16_06_41,P174#2023_09_21_16_06_41#CSV5,csv_spectrum,3,train
\\ces-tp3\OE0645-data-uro\TIVITA_Cat\Cat_Pig_UMM\Cat_uro_kidney\Cat_uro_kidney_sel_reperfusion_30m\data\P175_OP139_2023_09_22_Experiment1\2023_09_22_13_51_19\_hypergui_1\spectrum_fromCSV1_(500.0-995.0)_masked_data_0_derivative.csv,kidney_sel_reperfusion,P175,2023_09_22_13_51_19,P175#2023_09_22_13_51_19#CSV1,csv_spectrum,3,train
\\ces-tp3\OE0645-data-uro\TIVITA_Cat\Cat_Pig_UMM\Cat_uro_kidney\Cat_uro_kidney_sel_reperfusion_30m\data\P175_OP139_2023_09_22_Experiment1\2023_09_22_13_51_19\_hypergui_1\spectrum_fromCSV5_(500.0-995.0)_masked_data_0_derivative.csv,kidney_sel_reperfusion,P175,2023_09_22_13_51_19,P175#2023_09_22_13_51_19#CSV5,csv_spectrum,3,train
\\ces-tp3\OE0645-data-uro\TIVITA_Cat\Cat_Pig_UMM\Cat_uro_kidney\Cat_uro_kidney_sel_reperfusion_30m\data\P175_OP139_2023_09_22_Experiment1\2023_09_22_13_51_19\_hypergui_2\spectrum_fromCSV1_(500.0-995.0)_masked_data_0_derivative.csv,kidney_sel_reperfusion,P175,2023_09_22_13_51_19,P175#2023_09_22_13_51_19#CSV1,csv_spectrum,3,train
\\ces-tp3\OE0645-data-uro\TIVITA_Cat\Cat_Pig_UMM\Cat_uro_kidney\Cat_uro_kidney_sel_reperfusion_30m\data\P175_OP139_2023_09_22_Experiment1\2023_09_22_13_51_19\_hypergui_2\spectrum_fromCSV5_(500.0-995.0)_masked_data_0_derivative.csv,kidney_sel_reperfusion,P175,2023_09_22_13_51_19,P175#2023_09_22_13_51_19#CSV5,csv_spectrum,3,train
\\ces-tp3\OE0645-data-uro\TIVITA_Cat\Cat_Pig_UMM\Cat_uro_kidney\Cat_uro_kidney_sel_reperfusion_30m\data\P175_OP139_2023_09_22_Experiment1\2023_09_22_13_51_49\_hypergui_1\spectrum_fromCSV1_(500.0-995.0)_masked_data_0_derivative.csv,kidney_sel_reperfusion,P175,2023_09_22_13_51_49,P175#2023_09_22_13_51_49#CSV1,csv_spectrum,3,train
\\ces-tp3\OE0645-data-uro\TIVITA_Cat\Cat_Pig_UMM\Cat_uro_kidney\Cat_uro_kidney_sel_reperfusion_30m\data\P175_OP139_2023_09_22_Experiment1\2023_09_22_13_51_49\_hypergui_1\spectrum_fromCSV5_(500.0-995.0)_masked_data_0_derivative.csv,kidney_sel_reperfusion,P175,2023_09_22_13_51_49,P175#2023_09_22_13_51_49#CSV5,csv_spectrum,3,train
\\ces-tp3\OE0645-data-uro\TIVITA_Cat\Cat_Pig_UMM\Cat_uro_kidney\Cat_uro_kidney_sel_reperfusion_30m\data\P175_OP139_2023_09_22_Experiment1\2023_09_22_13_51_49\_hypergui_2\spectrum_fromCSV1_(500.0-995.0)_masked_data_0_derivative.csv,kidney_sel_reperfusion,P175,2023_09_22_13_51_49,P175#2023_09_22_13_51_49#CSV1,csv_spectrum,3,train
\\ces-tp3\OE0645-data-uro\TIVITA_Cat\Cat_Pig_UMM\Cat_uro_kidney\Cat_uro_kidney_sel_reperfusion_30m\data\P175_OP139_2023_09_22_Experiment1\2023_09_22_13_51_49\_hypergui_2\spectrum_fromCSV5_(500.0-995.0)_masked_data_0_derivative.csv,kidney_sel_reperfusion,P175,2023_09_22_13_51_49,P175#2023_09_22_13_51_49#CSV5,csv_spectrum,3,train
\\ces-tp3\OE0645-data-uro\TIVITA_Cat\Cat_Pig_UMM\Cat_uro_kidney\Cat_uro_kidney_sel_reperfusion_30m\data\P175_OP139_2023_09_22_Experiment1\2023_09_22_13_52_19\_hypergui_1\spectrum_fromCSV1_(500.0-995.0)_masked_data_0_derivative.csv,kidney_sel_reperfusion,P175,2023_09_22_13_52_19,P175#2023_09_22_13_52_19#CSV1,csv_spectrum,3,train
\\ces-tp3\OE0645-data-uro\TIVITA_Cat\Cat_Pig_UMM\Cat_uro_kidney\Cat_uro_kidney_sel_reperfusion_30m\data\P175_OP139_2023_09_22_Experiment1\2023_09_22_13_52_19\_hypergui_1\spectrum_fromCSV5_(500.0-995.0)_masked_data_0_derivative.csv,kidney_sel_reperfusion,P175,2023_09_22_13_52_19,P175#2023_09_22_13_52_19#CSV5,csv_spectrum,3,train
\\ces-tp3\OE0645-data-uro\TIVITA_Cat\Cat_Pig_UMM\Cat_uro_kidney\Cat_uro_kidney_sel_reperfusion_30m\data\P175_OP139_2023_09_22_Experiment1\2023_09_22_13_52_19\_hypergui_2\spectrum_fromCSV1_(500.0-995.0)_masked_data_0_derivative.csv,kidney_sel_reperfusion,P175,2023_09_22_13_52_19,P175#2023_09_22_13_52_19#CSV1,csv_spectrum,3,train
\\ces-tp3\OE0645-data-uro\TIVITA_Cat\Cat_Pig_UMM\Cat_uro_kidney\Cat_uro_kidney_sel_reperfusion_30m\data\P175_OP139_2023_09_22_Experiment1\2023_09_22_13_52_19\_hypergui_2\spectrum_fromCSV5_(500.0-995.0)_masked_data_0_derivative.csv,kidney_sel_reperfusion,P175,2023_09_22_13_52_19,P175#2023_09_22_13_52_19#CSV5,csv_spectrum,3,train
\\ces-tp3\OE0645-data-uro\TIVITA_Cat\Cat_Pig_UMM\Cat_uro_kidney\Cat_uro_kidney_sel_reperfusion_30m\data\P175_OP139_2023_09_22_Experiment1\2023_09_22_16_12_01\_hypergui_1\spectrum_fromCSV1_(500.0-995.0)_masked_data_0_derivative.csv,kidney_sel_reperfusion,P175,2023_09_22_16_12_01,P175#2023_09_22_16_12_01#CSV1,csv_spectrum,3,train
\\ces-tp3\OE0645-data-uro\TIVITA_Cat\Cat_Pig_UMM\Cat_uro_kidney\Cat_uro_kidney_sel_reperfusion_30m\data\P175_OP139_2023_09_22_Experiment1\2023_09_22_16_12_01\_hypergui_1\spectrum_fromCSV5_(500.0-995.0)_masked_data_0_derivative.csv,kidney_sel_reperfusion,P175,2023_09_22_16_12_01,P175#2023_09_22_16_12_01#CSV5,csv_spectrum,3,train
\\ces-tp3\OE0645-data-uro\TIVITA_Cat\Cat_Pig_UMM\Cat_uro_kidney\Cat_uro_kidney_sel_reperfusion_30m\data\P175_OP139_2023_09_22_Experiment1\2023_09_22_16_12_01\_hypergui_2\spectrum_fromCSV1_(500.0-995.0)_masked_data_0_derivative.csv,kidney_sel_reperfusion,P175,2023_09_22_16_12_01,P175#2023_09_22_16_12_01#CSV1,csv_spectrum,3,train
\\ces-tp3\OE0645-data-uro\TIVITA_Cat\Cat_Pig_UMM\Cat_uro_kidney\Cat_uro_kidney_sel_reperfusion_30m\data\P175_OP139_2023_09_22_Experiment1\2023_09_22_16_12_01\_hypergui_2\spectrum_fromCSV5_(500.0-995.0)_masked_data_0_derivative.csv,kidney_sel_reperfusion,P175,2023_09_22_16_12_01,P175#2023_09_22_16_12_01#CSV5,csv_spectrum,3,train
\\ces-tp3\OE0645-data-uro\TIVITA_Cat\Cat_Pig_UMM\Cat_uro_kidney\Cat_uro_kidney_sel_reperfusion_30m\data\P175_OP139_2023_09_22_Experiment1\2023_09_22_16_12_31\_hypergui_1\spectrum_fromCSV1_(500.0-995.0)_masked_data_0_derivative.csv,kidney_sel_reperfusion,P175,2023_09_22_16_12_31,P175#2023_09_22_16_12_31#CSV1,csv_spectrum,3,train
\\ces-tp3\OE0645-data-uro\TIVITA_Cat\Cat_Pig_UMM\Cat_uro_kidney\Cat_uro_kidney_sel_reperfusion_30m\data\P175_OP139_2023_09_22_Experiment1\2023_09_22_16_12_31\_hypergui_1\spectrum_fromCSV5_(500.0-995.0)_masked_data_0_derivative.csv,kidney_sel_reperfusion,P175,2023_09_22_16_12_31,P175#2023_09_22_16_12_31#CSV5,csv_spectrum,3,train
\\ces-tp3\OE0645-data-uro\TIVITA_Cat\Cat_Pig_UMM\Cat_uro_kidney\Cat_uro_kidney_sel_reperfusion_30m\data\P175_OP139_2023_09_22_Experiment1\2023_09_22_16_12_31\_hypergui_2\spectrum_fromCSV1_(500.0-995.0)_masked_data_0_derivative.csv,kidney_sel_reperfusion,P175,2023_09_22_16_12_31,P175#2023_09_22_16_12_31#CSV1,csv_spectrum,3,train
\\ces-tp3\OE0645-data-uro\TIVITA_Cat\Cat_Pig_UMM\Cat_uro_kidney\Cat_uro_kidney_sel_reperfusion_30m\data\P175_OP139_2023_09_22_Experiment1\2023_09_22_16_12_31\_hypergui_2\spectrum_fromCSV5_(500.0-995.0)_masked_data_0_derivative.csv,kidney_sel_reperfusion,P175,2023_09_22_16_12_31,P175#2023_09_22_16_12_31#CSV5,csv_spectrum,3,train
\\ces-tp3\OE0645-data-uro\TIVITA_Cat\Cat_Pig_UMM\Cat_uro_kidney\Cat_uro_kidney_sel_reperfusion_30m\data\P175_OP139_2023_09_22_Experiment1\2023_09_22_16_13_01\_hypergui_1\spectrum_fromCSV1_(500.0-995.0)_masked_data_0_derivative.csv,kidney_sel_reperfusion,P175,2023_09_22_16_13_01,P175#2023_09_22_16_13_01#CSV1,csv_spectrum,3,train
\\ces-tp3\OE0645-data-uro\TIVITA_Cat\Cat_Pig_UMM\Cat_uro_kidney\Cat_uro_kidney_sel_reperfusion_30m\data\P175_OP139_2023_09_22_Experiment1\2023_09_22_16_13_01\_hypergui_1\spectrum_fromCSV5_(500.0-995.0)_masked_data_0_derivative.csv,kidney_sel_reperfusion,P175,2023_09_22_16_13_01,P175#2023_09_22_16_13_01#CSV5,csv_spectrum,3,train
\\ces-tp3\OE0645-data-uro\TIVITA_Cat\Cat_Pig_UMM\Cat_uro_kidney\Cat_uro_kidney_sel_reperfusion_30m\data\P175_OP139_2023_09_22_Experiment1\2023_09_22_16_13_01\_hypergui_2\spectrum_fromCSV1_(500.0-995.0)_masked_data_0_derivative.csv,kidney_sel_reperfusion,P175,2023_09_22_16_13_01,P175#2023_09_22_16_13_01#CSV1,csv_spectrum,3,train
\\ces-tp3\OE0645-data-uro\TIVITA_Cat\Cat_Pig_UMM\Cat_uro_kidney\Cat_uro_kidney_sel_reperfusion_30m\data\P175_OP139_2023_09_22_Experiment1\2023_09_22_16_13_01\_hypergui_2\spectrum_fromCSV5_(500.0-995.0)_masked_data_0_derivative.csv,kidney_sel_reperfusion,P175,2023_09_22_16_13_01,P175#2023_09_22_16_13_01#CSV5,csv_spectrum,3,train
\\ces-tp3\OE0645-data-uro\TIVITA_Cat\Cat_Pig_UMM\Cat_uro_kidney\Cat_uro_kidney_sel_reperfusion_4m\data\P165_OP129_2023_08_16_Experiment1\2023_08_16_14_19_49\_hypergui_1\spectrum_fromCSV1_(500.0-995.0)_masked_data_0_derivative.csv,kidney_sel_reperfusion,P165,2023_08_16_14_19_49,P165#2023_08_16_14_19_49#CSV1,csv_spectrum,3,train
\\ces-tp3\OE0645-data-uro\TIVITA_Cat\Cat_Pig_UMM\Cat_uro_kidney\Cat_uro_kidney_sel_reperfusion_4m\data\P165_OP129_2023_08_16_Experiment1\2023_08_16_14_19_49\_hypergui_1\spectrum_fromCSV5_(500.0-995.0)_masked_data_0_derivative.csv,kidney_sel_reperfusion,P165,2023_08_16_14_19_49,P165#2023_08_16_14_19_49#CSV5,csv_spectrum,3,train
\\ces-tp3\OE0645-data-uro\TIVITA_Cat\Cat_Pig_UMM\Cat_uro_kidney\Cat_uro_kidney_sel_reperfusion_4m\data\P165_OP129_2023_08_16_Experiment1\2023_08_16_14_19_49\_hypergui_2\spectrum_fromCSV1_(500.0-995.0)_masked_data_0_derivative.csv,kidney_sel_reperfusion,P165,2023_08_16_14_19_49,P165#2023_08_16_14_19_49#CSV1,csv_spectrum,3,train
\\ces-tp3\OE0645-data-uro\TIVITA_Cat\Cat_Pig_UMM\Cat_uro_kidney\Cat_uro_kidney_sel_reperfusion_4m\data\P165_OP129_2023_08_16_Experiment1\2023_08_16_14_19_49\_hypergui_2\spectrum_fromCSV5_(500.0-995.0)_masked_data_0_derivative.csv,kidney_sel_reperfusion,P165,2023_08_16_14_19_49,P165#2023_08_16_14_19_49#CSV5,csv_spectrum,3,train
\\ces-tp3\OE0645-data-uro\TIVITA_Cat\Cat_Pig_UMM\Cat_uro_kidney\Cat_uro_kidney_sel_reperfusion_4m\data\P165_OP129_2023_08_16_Experiment1\2023_08_16_14_20_49\_hypergui_1\spectrum_fromCSV1_(500.0-995.0)_masked_data_0_derivative.csv,kidney_sel_reperfusion,P165,2023_08_16_14_20_49,P165#2023_08_16_14_20_49#CSV1,csv_spectrum,3,train
\\ces-tp3\OE0645-data-uro\TIVITA_Cat\Cat_Pig_UMM\Cat_uro_kidney\Cat_uro_kidney_sel_reperfusion_4m\data\P165_OP129_2023_08_16_Experiment1\2023_08_16_14_20_49\_hypergui_1\spectrum_fromCSV5_(500.0-995.0)_masked_data_0_derivative.csv,kidney_sel_reperfusion,P165,2023_08_16_14_20_49,P165#2023_08_16_14_20_49#CSV5,csv_spectrum,3,train
\\ces-tp3\OE0645-data-uro\TIVITA_Cat\Cat_Pig_UMM\Cat_uro_kidney\Cat_uro_kidney_sel_reperfusion_4m\data\P165_OP129_2023_08_16_Experiment1\2023_08_16_14_20_49\_hypergui_2\spectrum_fromCSV1_(500.0-995.0)_masked_data_0_derivative.csv,kidney_sel_reperfusion,P165,2023_08_16_14_20_49,P165#2023_08_16_14_20_49#CSV1,csv_spectrum,3,train
\\ces-tp3\OE0645-data-uro\TIVITA_Cat\Cat_Pig_UMM\Cat_uro_kidney\Cat_uro_kidney_sel_reperfusion_4m\data\P165_OP129_2023_08_16_Experiment1\2023_08_16_14_20_49\_hypergui_2\spectrum_fromCSV5_(500.0-995.0)_masked_data_0_derivative.csv,kidney_sel_reperfusion,P165,2023_08_16_14_20_49,P165#2023_08_16_14_20_49#CSV5,csv_spectrum,3,train
\\ces-tp3\OE0645-data-uro\TIVITA_Cat\Cat_Pig_UMM\Cat_uro_kidney\Cat_uro_kidney_sel_reperfusion_4m\data\P166_OP130_2023_08_17_Experiment1\2023_08_17_13_44_57\_hypergui_1\spectrum_fromCSV1_(500.0-995.0)_masked_data_0_derivative.csv,kidney_sel_reperfusion,P166,2023_08_17_13_44_57,P166#2023_08_17_13_44_57#CSV1,csv_spectrum,3,train
\\ces-tp3\OE0645-data-uro\TIVITA_Cat\Cat_Pig_UMM\Cat_uro_kidney\Cat_uro_kidney_sel_reperfusion_4m\data\P166_OP130_2023_08_17_Experiment1\2023_08_17_13_44_57\_hypergui_1\spectrum_fromCSV5_(500.0-995.0)_masked_data_0_derivative.csv,kidney_sel_reperfusion,P166,2023_08_17_13_44_57,P166#2023_08_17_13_44_57#CSV5,csv_spectrum,3,train
\\ces-tp3\OE0645-data-uro\TIVITA_Cat\Cat_Pig_UMM\Cat_uro_kidney\Cat_uro_kidney_sel_reperfusion_4m\data\P166_OP130_2023_08_17_Experiment1\2023_08_17_13_44_57\_hypergui_2\spectrum_fromCSV1_(500.0-995.0)_masked_data_0_derivative.csv,kidney_sel_reperfusion,P166,2023_08_17_13_44_57,P166#2023_08_17_13_44_57#CSV1,csv_spectrum,3,train
\\ces-tp3\OE0645-data-uro\TIVITA_Cat\Cat_Pig_UMM\Cat_uro_kidney\Cat_uro_kidney_sel_reperfusion_4m\data\P166_OP130_2023_08_17_Experiment1\2023_08_17_13_44_57\_hypergui_2\spectrum_fromCSV5_(500.0-995.0)_masked_data_0_derivative.csv,kidney_sel_reperfusion,P166,2023_08_17_13_44_57,P166#2023_08_17_13_44_57#CSV5,csv_spectrum,3,train
\\ces-tp3\OE0645-data-uro\TIVITA_Cat\Cat_Pig_UMM\Cat_uro_kidney\Cat_uro_kidney_sel_reperfusion_4m\data\P166_OP130_2023_08_17_Experiment1\2023_08_17_13_45_57\_hypergui_1\spectrum_fromCSV1_(500.0-995.0)_masked_data_0_derivative.csv,kidney_sel_reperfusion,P166,2023_08_17_13_45_57,P166#2023_08_17_13_45_57#CSV1,csv_spectrum,3,train
\\ces-tp3\OE0645-data-uro\TIVITA_Cat\Cat_Pig_UMM\Cat_uro_kidney\Cat_uro_kidney_sel_reperfusion_4m\data\P166_OP130_2023_08_17_Experiment1\2023_08_17_13_45_57\_hypergui_1\spectrum_fromCSV5_(500.0-995.0)_masked_data_0_derivative.csv,kidney_sel_reperfusion,P166,2023_08_17_13_45_57,P166#2023_08_17_13_45_57#CSV5,csv_spectrum,3,train
\\ces-tp3\OE0645-data-uro\TIVITA_Cat\Cat_Pig_UMM\Cat_uro_kidney\Cat_uro_kidney_sel_reperfusion_4m\data\P166_OP130_2023_08_17_Experiment1\2023_08_17_13_45_57\_hypergui_2\spectrum_fromCSV1_(500.0-995.0)_masked_data_0_derivative.csv,kidney_sel_reperfusion,P166,2023_08_17_13_45_57,P166#2023_08_17_13_45_57#CSV1,csv_spectrum,3,train
\\ces-tp3\OE0645-data-uro\TIVITA_Cat\Cat_Pig_UMM\Cat_uro_kidney\Cat_uro_kidney_sel_reperfusion_4m\data\P166_OP130_2023_08_17_Experiment1\2023_08_17_13_45_57\_hypergui_2\spectrum_fromCSV5_(500.0-995.0)_masked_data_0_derivative.csv,kidney_sel_reperfusion,P166,2023_08_17_13_45_57,P166#2023_08_17_13_45_57#CSV5,csv_spectrum,3,train
\\ces-tp3\OE0645-data-uro\TIVITA_Cat\Cat_Pig_UMM\Cat_uro_kidney\Cat_uro_kidney_sel_reperfusion_4m\data\P168_OP132_2023_08_23_Experiment1\2023_08_23_15_04_44\_hypergui_1\spectrum_fromCSV1_(500.0-995.0)_masked_data_0_derivative.csv,kidney_sel_reperfusion,P168,2023_08_23_15_04_44,P168#2023_08_23_15_04_44#CSV1,csv_spectrum,3,train
\\ces-tp3\OE0645-data-uro\TIVITA_Cat\Cat_Pig_UMM\Cat_uro_kidney\Cat_uro_kidney_sel_reperfusion_4m\data\P168_OP132_2023_08_23_Experiment1\2023_08_23_15_04_44\_hypergui_1\spectrum_fromCSV5_(500.0-995.0)_masked_data_0_derivative.csv,kidney_sel_reperfusion,P168,2023_08_23_15_04_44,P168#2023_08_23_15_04_44#CSV5,csv_spectrum,3,train
\\ces-tp3\OE0645-data-uro\TIVITA_Cat\Cat_Pig_UMM\Cat_uro_kidney\Cat_uro_kidney_sel_reperfusion_4m\data\P168_OP132_2023_08_23_Experiment1\2023_08_23_15_04_44\_hypergui_2\spectrum_fromCSV1_(500.0-995.0)_masked_data_0_derivative.csv,kidney_sel_reperfusion,P168,2023_08_23_15_04_44,P168#2023_08_23_15_04_44#CSV1,csv_spectrum,3,train
\\ces-tp3\OE0645-data-uro\TIVITA_Cat\Cat_Pig_UMM\Cat_uro_kidney\Cat_uro_kidney_sel_reperfusion_4m\data\P168_OP132_2023_08_23_Experiment1\2023_08_23_15_04_44\_hypergui_2\spectrum_fromCSV5_(500.0-995.0)_masked_data_0_derivative.csv,kidney_sel_reperfusion,P168,2023_08_23_15_04_44,P168#2023_08_23_15_04_44#CSV5,csv_spectrum,3,train
\\ces-tp3\OE0645-data-uro\TIVITA_Cat\Cat_Pig_UMM\Cat_uro_kidney\Cat_uro_kidney_sel_reperfusion_4m\data\P168_OP132_2023_08_23_Experiment1\2023_08_23_15_05_44\_hypergui_1\spectrum_fromCSV1_(500.0-995.0)_masked_data_0_derivative.csv,kidney_sel_reperfusion,P168,2023_08_23_15_05_44,P168#2023_08_23_15_05_44#CSV1,csv_spectrum,3,train
\\ces-tp3\OE0645-data-uro\TIVITA_Cat\Cat_Pig_UMM\Cat_uro_kidney\Cat_uro_kidney_sel_reperfusion_4m\data\P168_OP132_2023_08_23_Experiment1\2023_08_23_15_05_44\_hypergui_1\spectrum_fromCSV5_(500.0-995.0)_masked_data_0_derivative.csv,kidney_sel_reperfusion,P168,2023_08_23_15_05_44,P168#2023_08_23_15_05_44#CSV5,csv_spectrum,3,train
\\ces-tp3\OE0645-data-uro\TIVITA_Cat\Cat_Pig_UMM\Cat_uro_kidney\Cat_uro_kidney_sel_reperfusion_4m\data\P168_OP132_2023_08_23_Experiment1\2023_08_23_15_05_44\_hypergui_2\spectrum_fromCSV1_(500.0-995.0)_masked_data_0_derivative.csv,kidney_sel_reperfusion,P168,2023_08_23_15_05_44,P168#2023_08_23_15_05_44#CSV1,csv_spectrum,3,train
\\ces-tp3\OE0645-data-uro\TIVITA_Cat\Cat_Pig_UMM\Cat_uro_kidney\Cat_uro_kidney_sel_reperfusion_4m\data\P168_OP132_2023_08_23_Experiment1\2023_08_23_15_05_44\_hypergui_2\spectrum_fromCSV5_(500.0-995.0)_masked_data_0_derivative.csv,kidney_sel_reperfusion,P168,2023_08_23_15_05_44,P168#2023_08_23_15_05_44#CSV5,csv_spectrum,3,train
\\ces-tp3\OE0645-data-uro\TIVITA_Cat\Cat_Pig_UMM\Cat_uro_kidney\Cat_uro_kidney_sel_reperfusion_4m\data\P174_OP138_2023_09_21_Experiment1\2023_09_21_15_39_44\_hypergui_1\spectrum_fromCSV1_(500.0-995.0)_masked_data_0_derivative.csv,kidney_sel_reperfusion,P174,2023_09_21_15_39_44,P174#2023_09_21_15_39_44#CSV1,csv_spectrum,3,train
\\ces-tp3\OE0645-data-uro\TIVITA_Cat\Cat_Pig_UMM\Cat_uro_kidney\Cat_uro_kidney_sel_reperfusion_4m\data\P174_OP138_2023_09_21_Experiment1\2023_09_21_15_39_44\_hypergui_1\spectrum_fromCSV5_(500.0-995.0)_masked_data_0_derivative.csv,kidney_sel_reperfusion,P174,2023_09_21_15_39_44,P174#2023_09_21_15_39_44#CSV5,csv_spectrum,3,train
\\ces-tp3\OE0645-data-uro\TIVITA_Cat\Cat_Pig_UMM\Cat_uro_kidney\Cat_uro_kidney_sel_reperfusion_4m\data\P174_OP138_2023_09_21_Experiment1\2023_09_21_15_39_44\_hypergui_2\spectrum_fromCSV1_(500.0-995.0)_masked_data_0_derivative.csv,kidney_sel_reperfusion,P174,2023_09_21_15_39_44,P174#2023_09_21_15_39_44#CSV1,csv_spectrum,3,train
\\ces-tp3\OE0645-data-uro\TIVITA_Cat\Cat_Pig_UMM\Cat_uro_kidney\Cat_uro_kidney_sel_reperfusion_4m\data\P174_OP138_2023_09_21_Experiment1\2023_09_21_15_39_44\_hypergui_2\spectrum_fromCSV5_(500.0-995.0)_masked_data_0_derivative.csv,kidney_sel_reperfusion,P174,2023_09_21_15_39_44,P174#2023_09_21_15_39_44#CSV5,csv_spectrum,3,train
\\ces-tp3\OE0645-data-uro\TIVITA_Cat\Cat_Pig_UMM\Cat_uro_kidney\Cat_uro_kidney_sel_reperfusion_4m\data\P174_OP138_2023_09_21_Experiment1\2023_09_21_15_40_44\_hypergui_1\spectrum_fromCSV1_(500.0-995.0)_masked_data_0_derivative.csv,kidney_sel_reperfusion,P174,2023_09_21_15_40_44,P174#2023_09_21_15_40_44#CSV1,csv_spectrum,3,train
\\ces-tp3\OE0645-data-uro\TIVITA_Cat\Cat_Pig_UMM\Cat_uro_kidney\Cat_uro_kidney_sel_reperfusion_4m\data\P174_OP138_2023_09_21_Experiment1\2023_09_21_15_40_44\_hypergui_1\spectrum_fromCSV5_(500.0-995.0)_masked_data_0_derivative.csv,kidney_sel_reperfusion,P174,2023_09_21_15_40_44,P174#2023_09_21_15_40_44#CSV5,csv_spectrum,3,train
\\ces-tp3\OE0645-data-uro\TIVITA_Cat\Cat_Pig_UMM\Cat_uro_kidney\Cat_uro_kidney_sel_reperfusion_4m\data\P174_OP138_2023_09_21_Experiment1\2023_09_21_15_40_44\_hypergui_2\spectrum_fromCSV1_(500.0-995.0)_masked_data_0_derivative.csv,kidney_sel_reperfusion,P174,2023_09_21_15_40_44,P174#2023_09_21_15_40_44#CSV1,csv_spectrum,3,train
\\ces-tp3\OE0645-data-uro\TIVITA_Cat\Cat_Pig_UMM\Cat_uro_kidney\Cat_uro_kidney_sel_reperfusion_4m\data\P174_OP138_2023_09_21_Experiment1\2023_09_21_15_40_44\_hypergui_2\spectrum_fromCSV5_(500.0-995.0)_masked_data_0_derivative.csv,kidney_sel_reperfusion,P174,2023_09_21_15_40_44,P174#2023_09_21_15_40_44#CSV5,csv_spectrum,3,train
\\ces-tp3\OE0645-data-uro\TIVITA_Cat\Cat_Pig_UMM\Cat_uro_kidney\Cat_uro_kidney_sel_reperfusion_4m\data\P175_OP139_2023_09_22_Experiment1\2023_09_22_13_25_58\_hypergui_1\spectrum_fromCSV1_(500.0-995.0)_masked_data_0_derivative.csv,kidney_sel_reperfusion,P175,2023_09_22_13_25_58,P175#2023_09_22_13_25_58#CSV1,csv_spectrum,3,train
\\ces-tp3\OE0645-data-uro\TIVITA_Cat\Cat_Pig_UMM\Cat_uro_kidney\Cat_uro_kidney_sel_reperfusion_4m\data\P175_OP139_2023_09_22_Experiment1\2023_09_22_13_25_58\_hypergui_1\spectrum_fromCSV5_(500.0-995.0)_masked_data_0_derivative.csv,kidney_sel_reperfusion,P175,2023_09_22_13_25_58,P175#2023_09_22_13_25_58#CSV5,csv_spectrum,3,train
\\ces-tp3\OE0645-data-uro\TIVITA_Cat\Cat_Pig_UMM\Cat_uro_kidney\Cat_uro_kidney_sel_reperfusion_4m\data\P175_OP139_2023_09_22_Experiment1\2023_09_22_13_25_58\_hypergui_2\spectrum_fromCSV1_(500.0-995.0)_masked_data_0_derivative.csv,kidney_sel_reperfusion,P175,2023_09_22_13_25_58,P175#2023_09_22_13_25_58#CSV1,csv_spectrum,3,train
\\ces-tp3\OE0645-data-uro\TIVITA_Cat\Cat_Pig_UMM\Cat_uro_kidney\Cat_uro_kidney_sel_reperfusion_4m\data\P175_OP139_2023_09_22_Experiment1\2023_09_22_13_25_58\_hypergui_2\spectrum_fromCSV5_(500.0-995.0)_masked_data_0_derivative.csv,kidney_sel_reperfusion,P175,2023_09_22_13_25_58,P175#2023_09_22_13_25_58#CSV5,csv_spectrum,3,train
\\ces-tp3\OE0645-data-uro\TIVITA_Cat\Cat_Pig_UMM\Cat_uro_kidney\Cat_uro_kidney_sel_reperfusion_4m\data\P175_OP139_2023_09_22_Experiment1\2023_09_22_13_26_58\_hypergui_1\spectrum_fromCSV1_(500.0-995.0)_masked_data_0_derivative.csv,kidney_sel_reperfusion,P175,2023_09_22_13_26_58,P175#2023_09_22_13_26_58#CSV1,csv_spectrum,3,train
\\ces-tp3\OE0645-data-uro\TIVITA_Cat\Cat_Pig_UMM\Cat_uro_kidney\Cat_uro_kidney_sel_reperfusion_4m\data\P175_OP139_2023_09_22_Experiment1\2023_09_22_13_26_58\_hypergui_1\spectrum_fromCSV5_(500.0-995.0)_masked_data_0_derivative.csv,kidney_sel_reperfusion,P175,2023_09_22_13_26_58,P175#2023_09_22_13_26_58#CSV5,csv_spectrum,3,train
\\ces-tp3\OE0645-data-uro\TIVITA_Cat\Cat_Pig_UMM\Cat_uro_kidney\Cat_uro_kidney_sel_reperfusion_4m\data\P175_OP139_2023_09_22_Experiment1\2023_09_22_13_26_58\_hypergui_2\spectrum_fromCSV1_(500.0-995.0)_masked_data_0_derivative.csv,kidney_sel_reperfusion,P175,2023_09_22_13_26_58,P175#2023_09_22_13_26_58#CSV1,csv_spectrum,3,train
\\ces-tp3\OE0645-data-uro\TIVITA_Cat\Cat_Pig_UMM\Cat_uro_kidney\Cat_uro_kidney_sel_reperfusion_4m\data\P175_OP139_2023_09_22_Experiment1\2023_09_22_13_26_58\_hypergui_2\spectrum_fromCSV5_(500.0-995.0)_masked_data_0_derivative.csv,kidney_sel_reperfusion,P175,2023_09_22_13_26_58,P175#2023_09_22_13_26_58#CSV5,csv_spectrum,3,train
\\ces-tp3\OE0645-data-uro\TIVITA_Cat\Cat_Pig_UMM\Cat_uro_kidney\Cat_uro_kidney_sel_reperfusion_4m\data\P175_OP139_2023_09_22_Experiment1\2023_09_22_15_45_40\_hypergui_1\spectrum_fromCSV1_(500.0-995.0)_masked_data_0_derivative.csv,kidney_sel_reperfusion,P175,2023_09_22_15_45_40,P175#2023_09_22_15_45_40#CSV1,csv_spectrum,3,train
\\ces-tp3\OE0645-data-uro\TIVITA_Cat\Cat_Pig_UMM\Cat_uro_kidney\Cat_uro_kidney_sel_reperfusion_4m\data\P175_OP139_2023_09_22_Experiment1\2023_09_22_15_45_40\_hypergui_1\spectrum_fromCSV5_(500.0-995.0)_masked_data_0_derivative.csv,kidney_sel_reperfusion,P175,2023_09_22_15_45_40,P175#2023_09_22_15_45_40#CSV5,csv_spectrum,3,train
\\ces-tp3\OE0645-data-uro\TIVITA_Cat\Cat_Pig_UMM\Cat_uro_kidney\Cat_uro_kidney_sel_reperfusion_4m\data\P175_OP139_2023_09_22_Experiment1\2023_09_22_15_45_40\_hypergui_2\spectrum_fromCSV1_(500.0-995.0)_masked_data_0_derivative.csv,kidney_sel_reperfusion,P175,2023_09_22_15_45_40,P175#2023_09_22_15_45_40#CSV1,csv_spectrum,3,train
\\ces-tp3\OE0645-data-uro\TIVITA_Cat\Cat_Pig_UMM\Cat_uro_kidney\Cat_uro_kidney_sel_reperfusion_4m\data\P175_OP139_2023_09_22_Experiment1\2023_09_22_15_45_40\_hypergui_2\spectrum_fromCSV5_(500.0-995.0)_masked_data_0_derivative.csv,kidney_sel_reperfusion,P175,2023_09_22_15_45_40,P175#2023_09_22_15_45_40#CSV5,csv_spectrum,3,train
\\ces-tp3\OE0645-data-uro\TIVITA_Cat\Cat_Pig_UMM\Cat_uro_kidney\Cat_uro_kidney_sel_reperfusion_4m\data\P175_OP139_2023_09_22_Experiment1\2023_09_22_15_46_40\_hypergui_1\spectrum_fromCSV1_(500.0-995.0)_masked_data_0_derivative.csv,kidney_sel_reperfusion,P175,2023_09_22_15_46_40,P175#2023_09_22_15_46_40#CSV1,csv_spectrum,3,train
\\ces-tp3\OE0645-data-uro\TIVITA_Cat\Cat_Pig_UMM\Cat_uro_kidney\Cat_uro_kidney_sel_reperfusion_4m\data\P175_OP139_2023_09_22_Experiment1\2023_09_22_15_46_40\_hypergui_1\spectrum_fromCSV5_(500.0-995.0)_masked_data_0_derivative.csv,kidney_sel_reperfusion,P175,2023_09_22_15_46_40,P175#2023_09_22_15_46_40#CSV5,csv_spectrum,3,train
\\ces-tp3\OE0645-data-uro\TIVITA_Cat\Cat_Pig_UMM\Cat_uro_kidney\Cat_uro_kidney_sel_reperfusion_4m\data\P175_OP139_2023_09_22_Experiment1\2023_09_22_15_46_40\_hypergui_2\spectrum_fromCSV1_(500.0-995.0)_masked_data_0_derivative.csv,kidney_sel_reperfusion,P175,2023_09_22_15_46_40,P175#2023_09_22_15_46_40#CSV1,csv_spectrum,3,train
\\ces-tp3\OE0645-data-uro\TIVITA_Cat\Cat_Pig_UMM\Cat_uro_kidney\Cat_uro_kidney_sel_reperfusion_4m\data\P175_OP139_2023_09_22_Experiment1\2023_09_22_15_46_40\_hypergui_2\spectrum_fromCSV5_(500.0-995.0)_masked_data_0_derivative.csv,kidney_sel_reperfusion,P175,2023_09_22_15_46_40,P175#2023_09_22_15_46_40#CSV5,csv_spectrum,3,train
\\ces-tp3\OE0645-data-uro\TIVITA_Cat\Cat_Pig_UMM\Cat_uro_kidney\Cat_uro_kidney_sel_reperfusion_6m\data\P165_OP129_2023_08_16_Experiment1\2023_08_16_14_21_49\_hypergui_1\spectrum_fromCSV1_(500.0-995.0)_masked_data_0_derivative.csv,kidney_sel_reperfusion,P165,2023_08_16_14_21_49,P165#2023_08_16_14_21_49#CSV1,csv_spectrum,3,train
\\ces-tp3\OE0645-data-uro\TIVITA_Cat\Cat_Pig_UMM\Cat_uro_kidney\Cat_uro_kidney_sel_reperfusion_6m\data\P165_OP129_2023_08_16_Experiment1\2023_08_16_14_21_49\_hypergui_1\spectrum_fromCSV5_(500.0-995.0)_masked_data_0_derivative.csv,kidney_sel_reperfusion,P165,2023_08_16_14_21_49,P165#2023_08_16_14_21_49#CSV5,csv_spectrum,3,train
\\ces-tp3\OE0645-data-uro\TIVITA_Cat\Cat_Pig_UMM\Cat_uro_kidney\Cat_uro_kidney_sel_reperfusion_6m\data\P165_OP129_2023_08_16_Experiment1\2023_08_16_14_21_49\_hypergui_2\spectrum_fromCSV1_(500.0-995.0)_masked_data_0_derivative.csv,kidney_sel_reperfusion,P165,2023_08_16_14_21_49,P165#2023_08_16_14_21_49#CSV1,csv_spectrum,3,train
\\ces-tp3\OE0645-data-uro\TIVITA_Cat\Cat_Pig_UMM\Cat_uro_kidney\Cat_uro_kidney_sel_reperfusion_6m\data\P165_OP129_2023_08_16_Experiment1\2023_08_16_14_21_49\_hypergui_2\spectrum_fromCSV5_(500.0-995.0)_masked_data_0_derivative.csv,kidney_sel_reperfusion,P165,2023_08_16_14_21_49,P165#2023_08_16_14_21_49#CSV5,csv_spectrum,3,train
\\ces-tp3\OE0645-data-uro\TIVITA_Cat\Cat_Pig_UMM\Cat_uro_kidney\Cat_uro_kidney_sel_reperfusion_6m\data\P165_OP129_2023_08_16_Experiment1\2023_08_16_14_22_49\_hypergui_1\spectrum_fromCSV1_(500.0-995.0)_masked_data_0_derivative.csv,kidney_sel_reperfusion,P165,2023_08_16_14_22_49,P165#2023_08_16_14_22_49#CSV1,csv_spectrum,3,train
\\ces-tp3\OE0645-data-uro\TIVITA_Cat\Cat_Pig_UMM\Cat_uro_kidney\Cat_uro_kidney_sel_reperfusion_6m\data\P165_OP129_2023_08_16_Experiment1\2023_08_16_14_22_49\_hypergui_1\spectrum_fromCSV5_(500.0-995.0)_masked_data_0_derivative.csv,kidney_sel_reperfusion,P165,2023_08_16_14_22_49,P165#2023_08_16_14_22_49#CSV5,csv_spectrum,3,train
\\ces-tp3\OE0645-data-uro\TIVITA_Cat\Cat_Pig_UMM\Cat_uro_kidney\Cat_uro_kidney_sel_reperfusion_6m\data\P165_OP129_2023_08_16_Experiment1\2023_08_16_14_22_49\_hypergui_2\spectrum_fromCSV1_(500.0-995.0)_masked_data_0_derivative.csv,kidney_sel_reperfusion,P165,2023_08_16_14_22_49,P165#2023_08_16_14_22_49#CSV1,csv_spectrum,3,train
\\ces-tp3\OE0645-data-uro\TIVITA_Cat\Cat_Pig_UMM\Cat_uro_kidney\Cat_uro_kidney_sel_reperfusion_6m\data\P165_OP129_2023_08_16_Experiment1\2023_08_16_14_22_49\_hypergui_2\spectrum_fromCSV5_(500.0-995.0)_masked_data_0_derivative.csv,kidney_sel_reperfusion,P165,2023_08_16_14_22_49,P165#2023_08_16_14_22_49#CSV5,csv_spectrum,3,train
\\ces-tp3\OE0645-data-uro\TIVITA_Cat\Cat_Pig_UMM\Cat_uro_kidney\Cat_uro_kidney_sel_reperfusion_6m\data\P166_OP130_2023_08_17_Experiment1\2023_08_17_13_46_57\_hypergui_1\spectrum_fromCSV1_(500.0-995.0)_masked_data_0_derivative.csv,kidney_sel_reperfusion,P166,2023_08_17_13_46_57,P166#2023_08_17_13_46_57#CSV1,csv_spectrum,3,train
\\ces-tp3\OE0645-data-uro\TIVITA_Cat\Cat_Pig_UMM\Cat_uro_kidney\Cat_uro_kidney_sel_reperfusion_6m\data\P166_OP130_2023_08_17_Experiment1\2023_08_17_13_46_57\_hypergui_1\spectrum_fromCSV5_(500.0-995.0)_masked_data_0_derivative.csv,kidney_sel_reperfusion,P166,2023_08_17_13_46_57,P166#2023_08_17_13_46_57#CSV5,csv_spectrum,3,train
\\ces-tp3\OE0645-data-uro\TIVITA_Cat\Cat_Pig_UMM\Cat_uro_kidney\Cat_uro_kidney_sel_reperfusion_6m\data\P166_OP130_2023_08_17_Experiment1\2023_08_17_13_46_57\_hypergui_2\spectrum_fromCSV1_(500.0-995.0)_masked_data_0_derivative.csv,kidney_sel_reperfusion,P166,2023_08_17_13_46_57,P166#2023_08_17_13_46_57#CSV1,csv_spectrum,3,train
\\ces-tp3\OE0645-data-uro\TIVITA_Cat\Cat_Pig_UMM\Cat_uro_kidney\Cat_uro_kidney_sel_reperfusion_6m\data\P166_OP130_2023_08_17_Experiment1\2023_08_17_13_46_57\_hypergui_2\spectrum_fromCSV5_(500.0-995.0)_masked_data_0_derivative.csv,kidney_sel_reperfusion,P166,2023_08_17_13_46_57,P166#2023_08_17_13_46_57#CSV5,csv_spectrum,3,train
\\ces-tp3\OE0645-data-uro\TIVITA_Cat\Cat_Pig_UMM\Cat_uro_kidney\Cat_uro_kidney_sel_reperfusion_6m\data\P166_OP130_2023_08_17_Experiment1\2023_08_17_13_47_57\_hypergui_1\spectrum_fromCSV1_(500.0-995.0)_masked_data_0_derivative.csv,kidney_sel_reperfusion,P166,2023_08_17_13_47_57,P166#2023_08_17_13_47_57#CSV1,csv_spectrum,3,train
\\ces-tp3\OE0645-data-uro\TIVITA_Cat\Cat_Pig_UMM\Cat_uro_kidney\Cat_uro_kidney_sel_reperfusion_6m\data\P166_OP130_2023_08_17_Experiment1\2023_08_17_13_47_57\_hypergui_1\spectrum_fromCSV5_(500.0-995.0)_masked_data_0_derivative.csv,kidney_sel_reperfusion,P166,2023_08_17_13_47_57,P166#2023_08_17_13_47_57#CSV5,csv_spectrum,3,train
\\ces-tp3\OE0645-data-uro\TIVITA_Cat\Cat_Pig_UMM\Cat_uro_kidney\Cat_uro_kidney_sel_reperfusion_6m\data\P166_OP130_2023_08_17_Experiment1\2023_08_17_13_47_57\_hypergui_2\spectrum_fromCSV1_(500.0-995.0)_masked_data_0_derivative.csv,kidney_sel_reperfusion,P166,2023_08_17_13_47_57,P166#2023_08_17_13_47_57#CSV1,csv_spectrum,3,train
\\ces-tp3\OE0645-data-uro\TIVITA_Cat\Cat_Pig_UMM\Cat_uro_kidney\Cat_uro_kidney_sel_reperfusion_6m\data\P166_OP130_2023_08_17_Experiment1\2023_08_17_13_47_57\_hypergui_2\spectrum_fromCSV5_(500.0-995.0)_masked_data_0_derivative.csv,kidney_sel_reperfusion,P166,2023_08_17_13_47_57,P166#2023_08_17_13_47_57#CSV5,csv_spectrum,3,train
\\ces-tp3\OE0645-data-uro\TIVITA_Cat\Cat_Pig_UMM\Cat_uro_kidney\Cat_uro_kidney_sel_reperfusion_6m\data\P168_OP132_2023_08_23_Experiment1\2023_08_23_15_06_44\_hypergui_1\spectrum_fromCSV1_(500.0-995.0)_masked_data_0_derivative.csv,kidney_sel_reperfusion,P168,2023_08_23_15_06_44,P168#2023_08_23_15_06_44#CSV1,csv_spectrum,3,train
\\ces-tp3\OE0645-data-uro\TIVITA_Cat\Cat_Pig_UMM\Cat_uro_kidney\Cat_uro_kidney_sel_reperfusion_6m\data\P168_OP132_2023_08_23_Experiment1\2023_08_23_15_06_44\_hypergui_1\spectrum_fromCSV5_(500.0-995.0)_masked_data_0_derivative.csv,kidney_sel_reperfusion,P168,2023_08_23_15_06_44,P168#2023_08_23_15_06_44#CSV5,csv_spectrum,3,train
\\ces-tp3\OE0645-data-uro\TIVITA_Cat\Cat_Pig_UMM\Cat_uro_kidney\Cat_uro_kidney_sel_reperfusion_6m\data\P168_OP132_2023_08_23_Experiment1\2023_08_23_15_06_44\_hypergui_2\spectrum_fromCSV1_(500.0-995.0)_masked_data_0_derivative.csv,kidney_sel_reperfusion,P168,2023_08_23_15_06_44,P168#2023_08_23_15_06_44#CSV1,csv_spectrum,3,train
\\ces-tp3\OE0645-data-uro\TIVITA_Cat\Cat_Pig_UMM\Cat_uro_kidney\Cat_uro_kidney_sel_reperfusion_6m\data\P168_OP132_2023_08_23_Experiment1\2023_08_23_15_06_44\_hypergui_2\spectrum_fromCSV5_(500.0-995.0)_masked_data_0_derivative.csv,kidney_sel_reperfusion,P168,2023_08_23_15_06_44,P168#2023_08_23_15_06_44#CSV5,csv_spectrum,3,train
\\ces-tp3\OE0645-data-uro\TIVITA_Cat\Cat_Pig_UMM\Cat_uro_kidney\Cat_uro_kidney_sel_reperfusion_6m\data\P168_OP132_2023_08_23_Experiment1\2023_08_23_15_07_45\_hypergui_1\spectrum_fromCSV1_(500.0-995.0)_masked_data_0_derivative.csv,kidney_sel_reperfusion,P168,2023_08_23_15_07_45,P168#2023_08_23_15_07_45#CSV1,csv_spectrum,3,train
\\ces-tp3\OE0645-data-uro\TIVITA_Cat\Cat_Pig_UMM\Cat_uro_kidney\Cat_uro_kidney_sel_reperfusion_6m\data\P168_OP132_2023_08_23_Experiment1\2023_08_23_15_07_45\_hypergui_1\spectrum_fromCSV5_(500.0-995.0)_masked_data_0_derivative.csv,kidney_sel_reperfusion,P168,2023_08_23_15_07_45,P168#2023_08_23_15_07_45#CSV5,csv_spectrum,3,train
\\ces-tp3\OE0645-data-uro\TIVITA_Cat\Cat_Pig_UMM\Cat_uro_kidney\Cat_uro_kidney_sel_reperfusion_6m\data\P168_OP132_2023_08_23_Experiment1\2023_08_23_15_07_45\_hypergui_2\spectrum_fromCSV1_(500.0-995.0)_masked_data_0_derivative.csv,kidney_sel_reperfusion,P168,2023_08_23_15_07_45,P168#2023_08_23_15_07_45#CSV1,csv_spectrum,3,train
\\ces-tp3\OE0645-data-uro\TIVITA_Cat\Cat_Pig_UMM\Cat_uro_kidney\Cat_uro_kidney_sel_reperfusion_6m\data\P168_OP132_2023_08_23_Experiment1\2023_08_23_15_07_45\_hypergui_2\spectrum_fromCSV5_(500.0-995.0)_masked_data_0_derivative.csv,kidney_sel_reperfusion,P168,2023_08_23_15_07_45,P168#2023_08_23_15_07_45#CSV5,csv_spectrum,3,train
\\ces-tp3\OE0645-data-uro\TIVITA_Cat\Cat_Pig_UMM\Cat_uro_kidney\Cat_uro_kidney_sel_reperfusion_6m\data\P174_OP138_2023_09_21_Experiment1\2023_09_21_15_41_44\_hypergui_1\spectrum_fromCSV1_(500.0-995.0)_masked_data_0_derivative.csv,kidney_sel_reperfusion,P174,2023_09_21_15_41_44,P174#2023_09_21_15_41_44#CSV1,csv_spectrum,3,train
\\ces-tp3\OE0645-data-uro\TIVITA_Cat\Cat_Pig_UMM\Cat_uro_kidney\Cat_uro_kidney_sel_reperfusion_6m\data\P174_OP138_2023_09_21_Experiment1\2023_09_21_15_41_44\_hypergui_1\spectrum_fromCSV5_(500.0-995.0)_masked_data_0_derivative.csv,kidney_sel_reperfusion,P174,2023_09_21_15_41_44,P174#2023_09_21_15_41_44#CSV5,csv_spectrum,3,train
\\ces-tp3\OE0645-data-uro\TIVITA_Cat\Cat_Pig_UMM\Cat_uro_kidney\Cat_uro_kidney_sel_reperfusion_6m\data\P174_OP138_2023_09_21_Experiment1\2023_09_21_15_41_44\_hypergui_2\spectrum_fromCSV1_(500.0-995.0)_masked_data_0_derivative.csv,kidney_sel_reperfusion,P174,2023_09_21_15_41_44,P174#2023_09_21_15_41_44#CSV1,csv_spectrum,3,train
\\ces-tp3\OE0645-data-uro\TIVITA_Cat\Cat_Pig_UMM\Cat_uro_kidney\Cat_uro_kidney_sel_reperfusion_6m\data\P174_OP138_2023_09_21_Experiment1\2023_09_21_15_41_44\_hypergui_2\spectrum_fromCSV5_(500.0-995.0)_masked_data_0_derivative.csv,kidney_sel_reperfusion,P174,2023_09_21_15_41_44,P174#2023_09_21_15_41_44#CSV5,csv_spectrum,3,train
\\ces-tp3\OE0645-data-uro\TIVITA_Cat\Cat_Pig_UMM\Cat_uro_kidney\Cat_uro_kidney_sel_reperfusion_6m\data\P174_OP138_2023_09_21_Experiment1\2023_09_21_15_42_44\_hypergui_1\spectrum_fromCSV1_(500.0-995.0)_masked_data_0_derivative.csv,kidney_sel_reperfusion,P174,2023_09_21_15_42_44,P174#2023_09_21_15_42_44#CSV1,csv_spectrum,3,train
\\ces-tp3\OE0645-data-uro\TIVITA_Cat\Cat_Pig_UMM\Cat_uro_kidney\Cat_uro_kidney_sel_reperfusion_6m\data\P174_OP138_2023_09_21_Experiment1\2023_09_21_15_42_44\_hypergui_1\spectrum_fromCSV5_(500.0-995.0)_masked_data_0_derivative.csv,kidney_sel_reperfusion,P174,2023_09_21_15_42_44,P174#2023_09_21_15_42_44#CSV5,csv_spectrum,3,train
\\ces-tp3\OE0645-data-uro\TIVITA_Cat\Cat_Pig_UMM\Cat_uro_kidney\Cat_uro_kidney_sel_reperfusion_6m\data\P174_OP138_2023_09_21_Experiment1\2023_09_21_15_42_44\_hypergui_2\spectrum_fromCSV1_(500.0-995.0)_masked_data_0_derivative.csv,kidney_sel_reperfusion,P174,2023_09_21_15_42_44,P174#2023_09_21_15_42_44#CSV1,csv_spectrum,3,train
\\ces-tp3\OE0645-data-uro\TIVITA_Cat\Cat_Pig_UMM\Cat_uro_kidney\Cat_uro_kidney_sel_reperfusion_6m\data\P174_OP138_2023_09_21_Experiment1\2023_09_21_15_42_44\_hypergui_2\spectrum_fromCSV5_(500.0-995.0)_masked_data_0_derivative.csv,kidney_sel_reperfusion,P174,2023_09_21_15_42_44,P174#2023_09_21_15_42_44#CSV5,csv_spectrum,3,train
\\ces-tp3\OE0645-data-uro\TIVITA_Cat\Cat_Pig_UMM\Cat_uro_kidney\Cat_uro_kidney_sel_reperfusion_6m\data\P175_OP139_2023_09_22_Experiment1\2023_09_22_13_27_58\_hypergui_1\spectrum_fromCSV1_(500.0-995.0)_masked_data_0_derivative.csv,kidney_sel_reperfusion,P175,2023_09_22_13_27_58,P175#2023_09_22_13_27_58#CSV1,csv_spectrum,3,train
\\ces-tp3\OE0645-data-uro\TIVITA_Cat\Cat_Pig_UMM\Cat_uro_kidney\Cat_uro_kidney_sel_reperfusion_6m\data\P175_OP139_2023_09_22_Experiment1\2023_09_22_13_27_58\_hypergui_1\spectrum_fromCSV5_(500.0-995.0)_masked_data_0_derivative.csv,kidney_sel_reperfusion,P175,2023_09_22_13_27_58,P175#2023_09_22_13_27_58#CSV5,csv_spectrum,3,train
\\ces-tp3\OE0645-data-uro\TIVITA_Cat\Cat_Pig_UMM\Cat_uro_kidney\Cat_uro_kidney_sel_reperfusion_6m\data\P175_OP139_2023_09_22_Experiment1\2023_09_22_13_27_58\_hypergui_2\spectrum_fromCSV1_(500.0-995.0)_masked_data_0_derivative.csv,kidney_sel_reperfusion,P175,2023_09_22_13_27_58,P175#2023_09_22_13_27_58#CSV1,csv_spectrum,3,train
\\ces-tp3\OE0645-data-uro\TIVITA_Cat\Cat_Pig_UMM\Cat_uro_kidney\Cat_uro_kidney_sel_reperfusion_6m\data\P175_OP139_2023_09_22_Experiment1\2023_09_22_13_27_58\_hypergui_2\spectrum_fromCSV5_(500.0-995.0)_masked_data_0_derivative.csv,kidney_sel_reperfusion,P175,2023_09_22_13_27_58,P175#2023_09_22_13_27_58#CSV5,csv_spectrum,3,train
\\ces-tp3\OE0645-data-uro\TIVITA_Cat\Cat_Pig_UMM\Cat_uro_kidney\Cat_uro_kidney_sel_reperfusion_6m\data\P175_OP139_2023_09_22_Experiment1\2023_09_22_13_28_58\_hypergui_1\spectrum_fromCSV1_(500.0-995.0)_masked_data_0_derivative.csv,kidney_sel_reperfusion,P175,2023_09_22_13_28_58,P175#2023_09_22_13_28_58#CSV1,csv_spectrum,3,train
\\ces-tp3\OE0645-data-uro\TIVITA_Cat\Cat_Pig_UMM\Cat_uro_kidney\Cat_uro_kidney_sel_reperfusion_6m\data\P175_OP139_2023_09_22_Experiment1\2023_09_22_13_28_58\_hypergui_1\spectrum_fromCSV5_(500.0-995.0)_masked_data_0_derivative.csv,kidney_sel_reperfusion,P175,2023_09_22_13_28_58,P175#2023_09_22_13_28_58#CSV5,csv_spectrum,3,train
\\ces-tp3\OE0645-data-uro\TIVITA_Cat\Cat_Pig_UMM\Cat_uro_kidney\Cat_uro_kidney_sel_reperfusion_6m\data\P175_OP139_2023_09_22_Experiment1\2023_09_22_13_28_58\_hypergui_2\spectrum_fromCSV1_(500.0-995.0)_masked_data_0_derivative.csv,kidney_sel_reperfusion,P175,2023_09_22_13_28_58,P175#2023_09_22_13_28_58#CSV1,csv_spectrum,3,train
\\ces-tp3\OE0645-data-uro\TIVITA_Cat\Cat_Pig_UMM\Cat_uro_kidney\Cat_uro_kidney_sel_reperfusion_6m\data\P175_OP139_2023_09_22_Experiment1\2023_09_22_13_28_58\_hypergui_2\spectrum_fromCSV5_(500.0-995.0)_masked_data_0_derivative.csv,kidney_sel_reperfusion,P175,2023_09_22_13_28_58,P175#2023_09_22_13_28_58#CSV5,csv_spectrum,3,train
\\ces-tp3\OE0645-data-uro\TIVITA_Cat\Cat_Pig_UMM\Cat_uro_kidney\Cat_uro_kidney_sel_reperfusion_6m\data\P175_OP139_2023_09_22_Experiment1\2023_09_22_15_47_40\_hypergui_1\spectrum_fromCSV1_(500.0-995.0)_masked_data_0_derivative.csv,kidney_sel_reperfusion,P175,2023_09_22_15_47_40,P175#2023_09_22_15_47_40#CSV1,csv_spectrum,3,train
\\ces-tp3\OE0645-data-uro\TIVITA_Cat\Cat_Pig_UMM\Cat_uro_kidney\Cat_uro_kidney_sel_reperfusion_6m\data\P175_OP139_2023_09_22_Experiment1\2023_09_22_15_47_40\_hypergui_1\spectrum_fromCSV5_(500.0-995.0)_masked_data_0_derivative.csv,kidney_sel_reperfusion,P175,2023_09_22_15_47_40,P175#2023_09_22_15_47_40#CSV5,csv_spectrum,3,train
\\ces-tp3\OE0645-data-uro\TIVITA_Cat\Cat_Pig_UMM\Cat_uro_kidney\Cat_uro_kidney_sel_reperfusion_6m\data\P175_OP139_2023_09_22_Experiment1\2023_09_22_15_47_40\_hypergui_2\spectrum_fromCSV1_(500.0-995.0)_masked_data_0_derivative.csv,kidney_sel_reperfusion,P175,2023_09_22_15_47_40,P175#2023_09_22_15_47_40#CSV1,csv_spectrum,3,train
\\ces-tp3\OE0645-data-uro\TIVITA_Cat\Cat_Pig_UMM\Cat_uro_kidney\Cat_uro_kidney_sel_reperfusion_6m\data\P175_OP139_2023_09_22_Experiment1\2023_09_22_15_47_40\_hypergui_2\spectrum_fromCSV5_(500.0-995.0)_masked_data_0_derivative.csv,kidney_sel_reperfusion,P175,2023_09_22_15_47_40,P175#2023_09_22_15_47_40#CSV5,csv_spectrum,3,train
\\ces-tp3\OE0645-data-uro\TIVITA_Cat\Cat_Pig_UMM\Cat_uro_kidney\Cat_uro_kidney_sel_reperfusion_6m\data\P175_OP139_2023_09_22_Experiment1\2023_09_22_15_48_41\_hypergui_1\spectrum_fromCSV1_(500.0-995.0)_masked_data_0_derivative.csv,kidney_sel_reperfusion,P175,2023_09_22_15_48_41,P175#2023_09_22_15_48_41#CSV1,csv_spectrum,3,train
\\ces-tp3\OE0645-data-uro\TIVITA_Cat\Cat_Pig_UMM\Cat_uro_kidney\Cat_uro_kidney_sel_reperfusion_6m\data\P175_OP139_2023_09_22_Experiment1\2023_09_22_15_48_41\_hypergui_1\spectrum_fromCSV5_(500.0-995.0)_masked_data_0_derivative.csv,kidney_sel_reperfusion,P175,2023_09_22_15_48_41,P175#2023_09_22_15_48_41#CSV5,csv_spectrum,3,train
\\ces-tp3\OE0645-data-uro\TIVITA_Cat\Cat_Pig_UMM\Cat_uro_kidney\Cat_uro_kidney_sel_reperfusion_6m\data\P175_OP139_2023_09_22_Experiment1\2023_09_22_15_48_41\_hypergui_2\spectrum_fromCSV1_(500.0-995.0)_masked_data_0_derivative.csv,kidney_sel_reperfusion,P175,2023_09_22_15_48_41,P175#2023_09_22_15_48_41#CSV1,csv_spectrum,3,train
\\ces-tp3\OE0645-data-uro\TIVITA_Cat\Cat_Pig_UMM\Cat_uro_kidney\Cat_uro_kidney_sel_reperfusion_6m\data\P175_OP139_2023_09_22_Experiment1\2023_09_22_15_48_41\_hypergui_2\spectrum_fromCSV5_(500.0-995.0)_masked_data_0_derivative.csv,kidney_sel_reperfusion,P175,2023_09_22_15_48_41,P175#2023_09_22_15_48_41#CSV5,csv_spectrum,3,train
\\ces-tp3\OE0645-data-uro\TIVITA_Cat\Cat_Pig_UMM\Cat_uro_kidney\Cat_uro_kidney_sel_reperfusion_8m\data\P166_OP130_2023_08_17_Experiment1\2023_08_17_13_48_57\_hypergui_1\spectrum_fromCSV1_(500.0-995.0)_masked_data_0_derivative.csv,kidney_sel_reperfusion,P166,2023_08_17_13_48_57,P166#2023_08_17_13_48_57#CSV1,csv_spectrum,3,train
\\ces-tp3\OE0645-data-uro\TIVITA_Cat\Cat_Pig_UMM\Cat_uro_kidney\Cat_uro_kidney_sel_reperfusion_8m\data\P166_OP130_2023_08_17_Experiment1\2023_08_17_13_48_57\_hypergui_1\spectrum_fromCSV5_(500.0-995.0)_masked_data_0_derivative.csv,kidney_sel_reperfusion,P166,2023_08_17_13_48_57,P166#2023_08_17_13_48_57#CSV5,csv_spectrum,3,train
\\ces-tp3\OE0645-data-uro\TIVITA_Cat\Cat_Pig_UMM\Cat_uro_kidney\Cat_uro_kidney_sel_reperfusion_8m\data\P166_OP130_2023_08_17_Experiment1\2023_08_17_13_48_57\_hypergui_2\spectrum_fromCSV1_(500.0-995.0)_masked_data_0_derivative.csv,kidney_sel_reperfusion,P166,2023_08_17_13_48_57,P166#2023_08_17_13_48_57#CSV1,csv_spectrum,3,train
\\ces-tp3\OE0645-data-uro\TIVITA_Cat\Cat_Pig_UMM\Cat_uro_kidney\Cat_uro_kidney_sel_reperfusion_8m\data\P166_OP130_2023_08_17_Experiment1\2023_08_17_13_48_57\_hypergui_2\spectrum_fromCSV5_(500.0-995.0)_masked_data_0_derivative.csv,kidney_sel_reperfusion,P166,2023_08_17_13_48_57,P166#2023_08_17_13_48_57#CSV5,csv_spectrum,3,train
\\ces-tp3\OE0645-data-uro\TIVITA_Cat\Cat_Pig_UMM\Cat_uro_kidney\Cat_uro_kidney_sel_reperfusion_8m\data\P166_OP130_2023_08_17_Experiment1\2023_08_17_13_49_57\_hypergui_1\spectrum_fromCSV1_(500.0-995.0)_masked_data_0_derivative.csv,kidney_sel_reperfusion,P166,2023_08_17_13_49_57,P166#2023_08_17_13_49_57#CSV1,csv_spectrum,3,train
\\ces-tp3\OE0645-data-uro\TIVITA_Cat\Cat_Pig_UMM\Cat_uro_kidney\Cat_uro_kidney_sel_reperfusion_8m\data\P166_OP130_2023_08_17_Experiment1\2023_08_17_13_49_57\_hypergui_1\spectrum_fromCSV5_(500.0-995.0)_masked_data_0_derivative.csv,kidney_sel_reperfusion,P166,2023_08_17_13_49_57,P166#2023_08_17_13_49_57#CSV5,csv_spectrum,3,train
\\ces-tp3\OE0645-data-uro\TIVITA_Cat\Cat_Pig_UMM\Cat_uro_kidney\Cat_uro_kidney_sel_reperfusion_8m\data\P166_OP130_2023_08_17_Experiment1\2023_08_17_13_49_57\_hypergui_2\spectrum_fromCSV1_(500.0-995.0)_masked_data_0_derivative.csv,kidney_sel_reperfusion,P166,2023_08_17_13_49_57,P166#2023_08_17_13_49_57#CSV1,csv_spectrum,3,train
\\ces-tp3\OE0645-data-uro\TIVITA_Cat\Cat_Pig_UMM\Cat_uro_kidney\Cat_uro_kidney_sel_reperfusion_8m\data\P166_OP130_2023_08_17_Experiment1\2023_08_17_13_49_57\_hypergui_2\spectrum_fromCSV5_(500.0-995.0)_masked_data_0_derivative.csv,kidney_sel_reperfusion,P166,2023_08_17_13_49_57,P166#2023_08_17_13_49_57#CSV5,csv_spectrum,3,train
\\ces-tp3\OE0645-data-uro\TIVITA_Cat\Cat_Pig_UMM\Cat_uro_kidney\Cat_uro_kidney_sel_reperfusion_8m\data\P168_OP132_2023_08_23_Experiment1\2023_08_23_15_08_45\_hypergui_1\spectrum_fromCSV1_(500.0-995.0)_masked_data_0_derivative.csv,kidney_sel_reperfusion,P168,2023_08_23_15_08_45,P168#2023_08_23_15_08_45#CSV1,csv_spectrum,3,train
\\ces-tp3\OE0645-data-uro\TIVITA_Cat\Cat_Pig_UMM\Cat_uro_kidney\Cat_uro_kidney_sel_reperfusion_8m\data\P168_OP132_2023_08_23_Experiment1\2023_08_23_15_08_45\_hypergui_1\spectrum_fromCSV5_(500.0-995.0)_masked_data_0_derivative.csv,kidney_sel_reperfusion,P168,2023_08_23_15_08_45,P168#2023_08_23_15_08_45#CSV5,csv_spectrum,3,train
\\ces-tp3\OE0645-data-uro\TIVITA_Cat\Cat_Pig_UMM\Cat_uro_kidney\Cat_uro_kidney_sel_reperfusion_8m\data\P168_OP132_2023_08_23_Experiment1\2023_08_23_15_08_45\_hypergui_2\spectrum_fromCSV1_(500.0-995.0)_masked_data_0_derivative.csv,kidney_sel_reperfusion,P168,2023_08_23_15_08_45,P168#2023_08_23_15_08_45#CSV1,csv_spectrum,3,train
\\ces-tp3\OE0645-data-uro\TIVITA_Cat\Cat_Pig_UMM\Cat_uro_kidney\Cat_uro_kidney_sel_reperfusion_8m\data\P168_OP132_2023_08_23_Experiment1\2023_08_23_15_08_45\_hypergui_2\spectrum_fromCSV5_(500.0-995.0)_masked_data_0_derivative.csv,kidney_sel_reperfusion,P168,2023_08_23_15_08_45,P168#2023_08_23_15_08_45#CSV5,csv_spectrum,3,train
